:020000040800F2
:10000000000003205D060008F1210008F32100082C
:10001000F5210008F7210008F92100080000000080
:10002000000000000000000000000000515C00081B
:10003000FB21000800000000E15C00087555000885
:10004000AD060008AD060008AD060008AD060008C4
:10005000AD060008AD060008AD060008AD060008B4
:10006000AD060008AD060008AD060008AD060008A4
:10007000AD060008AD060008AD060008AD06000894
:10008000AD060008AD060008AD060008AD06000884
:10009000AD060008AD060008AD060008AD06000874
:1000A000AD060008AD060008AD060008AD06000864
:1000B000AD060008AD060008AD060008AD06000854
:1000C000AD060008AD060008AD060008AD06000844
:1000D000AD060008AD060008AD060008AD06000834
:1000E000AD060008AD060008AD060008AD06000824
:1000F000AD060008AD060008AD060008AD06000814
:10010000AD060008AD060008AD060008AD06000803
:10011000AD060008AD060008FD210008AD06000888
:10012000AD060008AD060008AD060008AD060008E3
:10013000AD060008AD060008AD060008AD060008D3
:10014000AD060008AD060008AD060008AD060008C3
:10015000AD060008AD060008AD060008AD060008B3
:10016000AD060008AD060008AD060008AD060008A3
:10017000AD060008AD060008AD060008000000004E
:10018000AD060008AD060008AD060008AD06000883
:10019000AD060008AD060008AD060008AD06000873
:0C01A00009220008AD0600081522000826
:1001B00010B5054C237833B9044B13B10448AFF3A1
:1001C00000800123237010BD800300200000000088
:1001D0007407020808B5034B1BB103490348AFF38A
:1001E000008008BD0000000084030020740702089E
:1001F00001F0FF01102A2BDB10F0070F08D010F8D8
:10020000013B013A8B422DD010F0070F42B3F6D1DB
:10021000F0B441EA012141EA014122F007047FF0F4
:1002200000070023F0E80256083C85EA010586EA4B
:10023000010685FA47F5A3FA87F586FA47F6A5FA87
:1002400087F68EB9EED1F0BC01F0FF0102F0070293
:1002500032B110F8013B013A83EA010313B1F8D13E
:100260000020704701387047002D06BF354603381F
:10027000073815F0010F07D1013015F4807F02BF58
:10028000013015F4C03F0130F0BC0138704700BFA9
:100290007BB972B90029BEBF00204FF0004106E0D3
:1002A00008BF00281CBF6FF000414FF0FF3000F086
:1002B000D3B9ADF1080C6DE904CE002909DB002BA0
:1002C0001ADB00F04DF8DDF804E0DDE9022304B0AC
:1002D0007047404261EB4101002B1BDB00F040F80E
:1002E000DDF804E0DDE9022304B0404261EB4101A6
:1002F000524263EB43037047524263EB430300F007
:100300002FF8DDF804E0DDE9022304B0404261EBA0
:1003100041017047524263EB430300F021F8DDF8DE
:1003200004E0DDE9022304B0524263EB430370476B
:1003300053B94AB9002908BF00281CBF4FF0FF314C
:100340004FF0FF3000F088B9ADF1080C6DE904CE34
:1003500000F006F8DDF804E0DDE9022304B07047A0
:100360002DE9F047089D8E4604468846002B4AD169
:100370008A42174662D9B2FA82F64EB1C6F120031C
:1003800001FA06F820FA03F3B74043EA0808B4403C
:100390004FEA174E1FFA87FCB8FBFEF1230C0EFB49
:1003A000118843EA084301FB0CF29A4209D9FB1871
:1003B00001F1FF3080F0EA809A4240F2E780023992
:1003C0003B449A1AA3B2B2FBFEF00EFB102243EAA2
:1003D000024300FB0CFC9C4509D9FB1800F1FF32DD
:1003E00080F0D6809C4540F2D3803B44023840EAFE
:1003F0000140A3EB0C0300211DB1F3400022C5E92D
:100400000032BDE8F0878B4205D90DB1C5E9000186
:1004100000210846F5E7B3FA83F1002946D1734578
:1004200002D3824200F20581841A6EEB030201209E
:100430009046002DE5D0C5E90048E2E7002A00F02B
:100440009080B2FA82F6002E40F0A4808A1A030C43
:100450004FEA174E80B2BCB20121B2FBFEFC0EFB8C
:100460001C2243EA024304FB0CF29A4207D9FB1810
:100470000CF1FF3802D29A4200F2E080C4469B1A87
:10048000B3FBFEF20EFB123340EA034302FB04F41B
:100490009C4207D9FB1802F1FF3002D29C4200F2C5
:1004A000CA8002461B1B42EA0C40A5E7C1F12006A8
:1004B0008B4022FA06F71F430EFA01F420FA06F3E6
:1004C0002EFA06FE4FEA1749234300FA01F81FFAF5
:1004D00087FCBEFBF9F01C0C09FB10EE44EA0E444D
:1004E00000FB0CFEA64502FA01F209D93C1900F105
:1004F000FF3A80F09C80A64540F2998002383C4447
:10050000A4EB0E041FFA83FEB4FBF9F309FB1344BA
:100510004EEA044403FB0CFCA44508D93C1903F142
:10052000FF3E80F08280A4457FD9023B3C4443EAF1
:100530000040A4EB0C04A0FB02EC64457346E146CA
:1005400062D35FD05DB1B8EB030264EB090404FA37
:1005500006F622FA01F31E43CC40C5E900640021EF
:100560004FE7B1FBF2FC010C41EA0E4180B240EAD8
:1005700001423B4638463C46B846BE462026B1FBC3
:10058000F7F1A2EB080241EA0C4166E7014618E7E1
:1005900010462CE7C6F120022EFA02F3B740B14014
:1005A00020FA02F24FEA174E0A43B3FBFEF8BCB240
:1005B0000EFB1833110C41EA034108FB04F9B0406B
:1005C00089454FEA104380B23ED9791808F1FF3CC3
:1005D00001D289451FD8A1EB0901B1FBFEF909FB46
:1005E00004F80EFB191192B242EA0142424529D2A7
:1005F000BA1809F1FF31C4D24245C2D2A9F10201B1
:100600003A44BEE7F0459DD2BEEB02036CEB070C0B
:100610000138E14696E7A7EB09094944A8F1020C25
:10062000B1FBFEF909FB04F8DBE773467FE75046B0
:1006300066E70846FDE63B44023A33E7ACF1020CBC
:100640003B441CE749469CE7A1EB0901C446B1FBCA
:10065000FEF909FB04F8C4E7704700BFDFF834D0A7
:10066000002103E00C4B5B58435004310B480C4B0A
:1006700042189A42F6D30B4A02E0002342F8043BA8
:10068000094B9A42F9D302F01BFD1FF005FB01F064
:100690005FF8704700000320A87C040800000020D9
:1006A0006401002080030020BC330120FEE7704776
:1006B00008B500F0B7FDBDE8084000F03BBD00F014
:1006C000B3BD704710B5042104461EF09AF82046C9
:1006D00010BD000038B50C4B0C4C18800C4B822020
:1006E00019806368984740F6110398420AD1094D72
:1006F00023682C60822098472B688220DB6898470B
:10070000002038BD0120FCE7A60300204C0000209B
:10071000A4030020A80300204FF4A071F020FFF7ED
:10072000D9BF0000F7B5394D2B6804461B698220FC
:100730009847208000284ED02B680DF106025B6997
:1007400001A982209847324B1B78002B4BD0BDF873
:10075000062040F674639A423FD9ADF80630BDF8E2
:1007600006209B1A9BB20A2B42D90B22B3FBF2F351
:10077000284A1288934201D9013A93B2BDF8042065
:10078000254840F6B8318A4234D8C2F571620E323B
:10079000016892B20F25B2FBF5F2204D2D88AA42D6
:1007A00084BF05F1FF35AAB28A4215468EB22AD916
:1007B000921B91B21A4E3768BB42BAB28CBF9A1ADA
:1007C000D21A92B211440529C4BF05603360036890
:1007D00063803368A38003B0F0BDB32A9CBFB4220A
:1007E000ADF80620BBE7BDF80630A3F5B473B9E752
:1007F0000023C3E7C2F56D62083292B20E2A016887
:10080000C8D800252A46891A89B2D3E7A803002050
:10081000A4150020A4030020A0030020A6030020AC
:100820009C03002037B568460D461446FFF77AFF53
:10083000BDF8000030B1BDF802302B60BDF80430C7
:100840002360012003B030BD032821D8DFE800F089
:10085000020B12190F4B1A68B2FA82F252090421E4
:100860000D4802F0C1BE0B4B5A68B2FA82F252092F
:100870000821F5E7074B9A68B2FA82F25209102173
:10088000EEE7044BDA68B2FA82F252092021E7E778
:10089000704700BFAC03002000100240032821D89D
:1008A000DFE800F0020B12190F4B1A68003A18BF6C
:1008B000012204210D4802F097BE0B4B5A68003A02
:1008C00018BF01220821F5E7074B9A68003A18BFC4
:1008D00001221021EEE7044BDA68003A18BF01222A
:1008E0002021E7E7704700BFAC0300200010024062
:1008F00003280DD8DFE800F00206080A04210548A5
:1009000002F077BE0821FAE71021F8E72021F6E788
:10091000704700BF0010024008B5032811D8DFE877
:1009200000F0020A0C0E0421074802F057FE431E95
:100930005842584108BD0821F6E71021F4E720216C
:10094000F2E70020F3E700BF0010024070B5084D49
:1009500000240126E0B2FFF7DFFF18B12B68012B5E
:1009600018BF2E600134052C05F10405F2D170BDCD
:10097000AC030020012380F8781080F879307047AC
:100980007047002070470000034B4164003918BFD6
:1009900001211970704700BF7B260120704700209D
:1009A0007047836B0BB10846184770474FF6FF70CE
:1009B0007047406803689B691847704770477047E5
:1009C0007047704710B5044600F044FD23680349A2
:1009D000D3F890302046BDE810401847000000D002
:1009E00008B503680446D3F8843098472368204646
:1009F000DB6F984700F0ECF8236820465B6F984760
:100A0000292001F015F900F0E3F8236820465B6F18
:100A10009847F8E710B5044607F034FF23682046EE
:100A2000D3F8BC30BDE81040184700F0F7BC00F028
:100A3000FBBC00F02DBD00F0CDBC00F03DBD00F0D2
:100A400045BD00F0D1BC07F04BB910B58421044678
:100A50001DF0D7FE204610BD10B590F8341090F868
:100A600078400C4B8C421A7809D03AB90A4A0B49A3
:100A70001488088810800C8001221A7010BD002A8A
:100A8000FCD0054A05491488088810800C80002293
:100A9000F3E700BF74260120702601207226012092
:100AA00070B50D46194635B9094B0A4A0A4840F255
:100AB000FF211EF0E3FDC0E90F52084B003A18BFBA
:100AC00001221A700368BDE87040D3F890301847CF
:100AD000E40702081C0802086A0802087A260120B6
:100AE00008B5094B1B888B4203D8084B1B889342DF
:100AF00005D9074B074A0848A3211EF0BFFD074B45
:100B00001980074B1A8008BD70260120722601202B
:100B1000AF080208120902086A08020876260120B6
:100B200078260120034690F87A0018B158680368C7
:100B30001B68184770470000012108B500220846CD
:100B400004F0A2FD0A4B186028B90A4B0A4A282172
:100B50000A481EF093FD00220421012004F033FE18
:100B6000074B186018B9074B034A2C21F0E708BD62
:100B7000C0030020550902089E090208CD09020899
:100B8000BC030020230A0208024B4FF0FF31186813
:100B900004F0C4BDC0030020014B186804F0EABD96
:100BA000C0030020024B0021186804F0B7BD00BF4D
:100BB000C0030020FFF7F0BF03480449006800238A
:100BC0001A4604F03BBE00BFBC0300200400002016
:100BD00013B5084C00231A4601A9206804F05FFEF3
:100BE00020684FF0FF33002201A904F058FE02B044
:100BF00010BD00BFBC03002003685B6C18470120D8
:100C0000704703689B6A1847FEE740F2EF30704771
:100C1000054B0360054B4FF08062C3F88820BFF39B
:100C20004F8FBFF36F8F70471013020800E100E091
:100C300010B504464FF45A61FFF7EAFF20461DF055
:100C4000E0FD204610BD000082B0002301930E4B52
:100C50001A6B42F400021A631A6B02F4000201924A
:100C6000019A1A6942F400021A611A6922F4000218
:100C70001A61064B064A1A61064A5A61064B4FF042
:100C800080629A6002B07047003802403817002036
:100C9000E90E0008090C000800E100E008B50A2888
:100CA00009D8DFE800F006100E0808080810101038
:100CB0001000022008BD054B054A064890211EF091
:100CC000DDFC0020F6E70120F4E700BF650A02081A
:100CD000800A0208CB0A020838B50C46887FFFF765
:100CE000DDFFA58AE28A164B2169586342EA054274
:100CF0005A64628BD963521B1A642568082D0ED181
:100D00009A611A615862207F0E4A42EA0062DA61F3
:100D1000E2681A620C4A5961D9601A6038BD002233
:100D2000D8611A61E1680A0A480902F4784200F4BD
:100D3000FC600243C1F3C4010A439A63034AECE72F
:100D400000B002400900010001230200012303005A
:100D500008B50B280BD8DFE800F00612100A0A0AC3
:100D60000A0808080808022008BD0520FCE7054B12
:100D7000054A06486F211EF081FC0020F4E701209F
:100D8000F2E700BF650A02081F0B0208CB0A02083F
:100D90002DE9F04191F81D800C464046FFF7D8FF41
:100DA000A77F05463846FFF7D3FF06463846FFF7CC
:100DB00075FFA18A628B444B521A1A649A61228B86
:100DC000521A1A61E28A586342EA01425A6421695E
:100DD0006268D963DA602068802828D0227F0FD823
:100DE000202867D0402865D004281AD0364B45EA21
:100DF000026545F40035B845DD6161D0334A44E011
:100E0000B0F5807F04D0B0F5007FEFD1304800E02E
:100E1000304840EA0262DA61E2681A625E62596151
:100E200032E045EA026242F40032DA61F6E7A06895
:100E3000021DDA62227F45EA026545F40035DD6174
:100E40005E625961017841B1012921D0224B234AC8
:100E500023484FF48D711EF011FCDA69418822F4A9
:100E60007F42013922F0100242EA0122DA610121B7
:100E7000154BDA6942F02002DA61DA699206FCD495
:100E800010229A600029B9D0164A1A60BDE8F08194
:100E9000B2F1FF01DA69408822F47F4200F1FF30AD
:100EA00022F0100242EA002242F0100218BF012193
:100EB000DA61DDE745EA0262034B42F40032B4E74F
:100EC00042F20132E1E700BF00B00240012301001D
:100ED000090002000A000200690B0208830B0208E5
:100EE000CB0A020801230200024B1B685868036802
:100EF0005B6918477C26012070B5044625460A4BDD
:100F00000C30002660602672667245F8203B602235
:100F1000294607F00DFE04F55A63EE6024359D4224
:100F2000FBD1204670BD00BF10130208034B1A68A6
:100F3000D207FCD423229A60704700BF00B0024061
:100F40007047000030B50F4C2568ED07FCD4232511
:100F50000904A56041F001010225FF2B656361646E
:100F6000E0630AD00849656241EA0363E361074B25
:100F700022626061E060236030BDE561039BA36392
:100F8000034BF8E700B00240090001000100020035
:100F90000100030030B50E4C2568ED07FCD4232575
:100FA0001204A56042F001020225FF2B6563626412
:100FB000E063E16008D01B0643F00213E361054BD8
:100FC00065626061236030BD034BE3610123F9E793
:100FD00000B0024001000200020002FF30B50B4CDD
:100FE0002568ED07FCD4232512041B06A56043F4F5
:100FF0000033022542F0010265636264E063E16050
:10100000E361034B65626061236030BD00B0024064
:1010100001000200012070470C2070470C2303FBE5
:101020000100083070470C2303FB010008307047B3
:101030000120704798207047982303FB0100083077
:101040007047982303FB0100083070470120704768
:101050001020704700EB01100830704700EB0110C2
:1010600008307047084601F0C5BA000010B5034BC0
:101070000360044606F089FB204610BDC813020831
:1010800010B50446FFF7F2FF204614211DF0B9FB0E
:10109000204610BD10B5034B0360044606F075FBF7
:1010A000204610BD9413020810B50446FFF7F2FF66
:1010B0002046A0211DF0A5FB204610BD10B5034B16
:1010C0000360044606F061FB204610BD6013020871
:1010D00010B50446FFF7F2FF204618211DF091FBE2
:1010E000204610BD10B5084B044640F8CC3BFFF736
:1010F000BDFF04F12C00FFF7CDFF04F11400FFF752
:10110000DDFF204610BD00BFFC13020808B50248F1
:10111000FFF7E8FF08BD00BF9C12002010B5044691
:10112000FFF7E0FF20464FF410711DF06AFB2046E8
:1011300010BD00002DE9F34101F0E0F8054601F093
:10114000E1F80024014623462846224600940EF08A
:10115000C5FA274B274A1A60204601F05DFC264D50
:10116000264B274A27489A600EF020FA2B68BFF3D7
:101170005B8FDB0735D428461DF045FB88B3224C36
:10118000224B236004F1E40604F1140004F12C085E
:1011900004F1CC076060C4F80880E760266106F0BF
:1011A000F5FA1B4B6361404606F0F0FA194BE36217
:1011B000384606F0EBFA184BC4F8CC3004F1E000E6
:1011C00001F0A0FC224604F1E001304601F090FC61
:1011D000304601F00FFA11481EF06EFA28461DF055
:1011E0001EFB0F4802B0BDE8F041FFF7EBBB00BFAC
:1011F000E026012048040020981200206804002006
:101200004C040020080000209C120020FC1302085F
:101210006013020894130208C81302080D11000895
:10122000C4030020704700000148FFF7D9BB00BF8E
:10123000C403002070B5264E264C274D274B236053
:101240003046FFF759FE284613F04EFB24480CF0B9
:1012500037FB244B2448DC6000224FF48071C3E943
:10126000121222491A86C3E91A12214983F858201A
:10127000C3E91E011F49C3F880101F491F480B60B6
:10128000F021C3E90422C3E90622C3E90822C3E925
:101290000A22C3E90E22C3E91022C3E91422C3E9DA
:1012A00017225A6683F870205A67C3E901650180E6
:1012B0001348018013484FF4A07101801248018047
:1012C00012490A70012283F83420114A1A6070BD55
:1012D000F40400209412002068040020D4070208BF
:1012E0004C040020C40300200000010101000001A3
:1012F000000450001A0014007C26012070260120F2
:1013000076260120722601207826012074260120ED
:10131000241202080148FFF77BBC00BFF404002040
:101320000020704781807047C180704701817047FD
:10133000418170477047704770477047704710B4DD
:10134000C4880368121B84885B6D091B12B25DF8A8
:10135000044B09B218474FF6FF7383814FF0FF33F8
:1013600003621368C36110607047002070478B8868
:10137000838001207047704780F82610704790F8EE
:101380002600704710B50022B1F90840B1F90A10E3
:10139000028042808480C18010BD00220280428091
:1013A0008280C28070470177704780ED080A7047DD
:1013B00080F82410704780F825107047012070478E
:1013C000983070478C307047843070477047704752
:1013D00070470000034B902283F85A2383F8582368
:1013E000704700BF00E100E0094A0A49D3680A4893
:1013F000C3F30A03013B9BB20B801169C1F30A01DD
:10140000013901801364536B43F001035363704748
:1014100000680140DE140020DC140020014BD3F8EA
:10142000AC00704700680140024B0122C3F8AC10C9
:101430005A6270470068014010B52C2104461DF027
:10144000E0F9204610BD10B5BC2104461DF0D9F9C5
:10145000204610BD70B5044606F097FC23689D6ECB
:101460000AF0C6FF01462046A8472368054AD3F87C
:101470008C502046AC460023BDE87040A2F51631E2
:10148000604700BF00B004D006F066BC06F070BC38
:1014900006F02CBC06F09BBD90F8252012B1036825
:1014A0005B691847704790F825201AB190F82420FE
:1014B00002B1186070470000034B4FF080629A60E1
:1014C0004FF080729A60704700E100E0084B4FF0E7
:1014D0008062C3F88820BFF34F8FBFF36F8F4FF048
:1014E0008072C3F88820BFF34F8FBFF36F8F7047B0
:1014F00000E100E070B50023124E8380124B0360C0
:10150000336893F8582005460AB1D86C00B998683A
:101510000368DB6A98473368B0FA80F4D86C6409D2
:1015200030B10368DB6A9847002808BF44F0010423
:101530002CB9064B064A07482C211EF09FF8284676
:1015400070BD00BF7C26012010140208C10B0208E8
:101550001F0C0208580C020870B5254E3568BFF301
:101560005B8F15F0010540D130461DF04CF9002885
:101570003BD0204C204B256104F13400C4E90035F8
:10158000C4E90255E584A562A5850CF07EFC04F152
:10159000580008F081FF194BA3652046184B40F80E
:1015A000843BFFF7A7FF174BC4F884302433C4F8FB
:1015B0008C304FF4C803C4E928350023C4F8AC309C
:1015C000C4F8B030C4F8B430C4F8B8300E480F4B8B
:1015D000C4F89050C4F89C50C4F8A850C4F898308F
:1015E0001EF06AF830461DF01AF9024870BD00BFBF
:1015F000E0140020E4140020C0180208301402088F
:10160000A814020874180208D1130008541802081C
:1016100038B5184C23685BB3174B184A1B6C1188FC
:101620008B4216D1164B198802F0C8FD236893F837
:101630006A200025013283F86A2083F87C50FFF786
:10164000BBFA206807F01EF92846BDE83840FFF7CE
:10165000FBB802F0B3FD2468236820461B6A984754
:10166000012384F87C300020BDE83840FFF716B92C
:1016700038BD00BF7C26012000680140DE14002038
:10168000DC14002007B5064BADF806001B680548C2
:1016900001220DF1060103F031FB03B05DF804FBFC
:1016A0000C000020E415002008B5642003F0E0FFE2
:1016B000FBE7000030B595B0102200210AA81EF00B
:1016C000E4F91422002103A81EF0DFF900241E4BC8
:1016D00001941A6C42F080521A641B6C03F0805320
:1016E0000193019B194B02941A6842F440421A601C
:1016F0001B6803F4404302930122029B4FF48033A2
:10170000CDE9082302254FF480030821CDE90E53CB
:101710004FF4B473CDE9101308A804231393129562
:1017200002F0A4FD02F068FD0F23CDE903354FF46C
:10173000A0504FF48053CDE90603052103A805947A
:1017400002F070FF15B030BD00380240007000405C
:1017500080B59AB001F0C2FCFFF7ACFF1422002163
:101760000DA81EF092F90024C74B00941A6BC748CD
:10177000C74DDFF8588342F010021A631A6B02F06B
:1017800010020092009A01941A6B42F020021A6330
:101790001A6B02F020020192019A02941A6B42F035
:1017A00080021A631A6B02F080020292029A03947A
:1017B0001A6B42F004021A631A6B02F004020392DD
:1017C000039A04941A6B42F001021A631A6B02F036
:1017D00001020492049A05941A6B42F002021A6301
:1017E0001A6B02F002020592059A06941A6B42F0F7
:1017F00040021A631A6B02F040020692069A07949E
:101800001A6B42F008021A631B6B03F008032246AE
:1018100007933C21079B01F0E7FE9E48012202212D
:1018200001F0E2FE22469B48042101F0DDFE224643
:1018300099484FF4405101F0D7FE01263C23CDE9F1
:101840000D3692480F9403230DA90227109301F03F
:10185000E1FD90480DA9CDE90D76CDE90F4401F0E9
:10186000D9FD04238B480DA9CDE90D36CDE90F47ED
:1018700001F0D0FD0DA94FF440538748CDE90D3656
:10188000CDE90F4701F0C6FD8448854B036001F0A8
:10189000B7FCDFF83CE2834B2C62C5E900E3284645
:1018A0004FF48043C5E90434C5E90244C5E9064460
:1018B00002F0A8F81021284602F0ECFA214628464A
:1018C000794D02F006FB4FF48273C5E900834FF4B3
:1018D00000791823C5E9069328460A23C5E902447E
:1018E000C5E90444C5E90844AC62EB6203F0AAF917
:1018F0008F232246394667488DF824308DF83440CE
:1019000001F072FE32464FF47A7309A9284603F0BB
:10191000F5F94FF47A7332460DA9284603F09AFB85
:10192000324639465B48614D01F05EFE9DF8343029
:10193000D32B04BF5E4B1E705E4B0126C5E90036FB
:10194000102240230024C5E904234FF4C073C5E9E5
:1019500006344FF40063C5E908344FF400530227FE
:101960004FF00409AB624FF0030A07230DA9284684
:10197000CDE90D73CDE90F934FF00808C5E9024991
:10198000CDE911A7139703F041F84FF6FF7209A9AB
:101990002846CDE90A86089409960C9403F056F877
:1019A000304601F0C7FB4FF6FF7209A92846CDE982
:1019B0000978CDE90B6403F049F84FF6FF7209A9E5
:1019C0002846CDE909A8CDE90B9403F03FF84FF480
:1019D0000C730893089B0C934FF6FF7209A92846D5
:1019E000CDE909980B9603F031F840F26A51284688
:1019F00003F04AF834220DEB020021461EF045F8B0
:101A00002D4D2E4B2C61C5E900340923C5E905365F
:101A10001D23C5E9073A40F20D1140F24313C5E911
:101A2000091340F2171040F24713C5E90B0328468B
:101A3000C5E90244AC8685F8364002F0DDFAFF21A4
:101A40004FF4806CF022CDE912140521CDE914C1C8
:101A50004FF4A0730DA9CDE90E24CDE91642284616
:101A60002246174D1893CDE910370D94ADF8644018
:101A70008DF8664002F074FB124B2B601B68984790
:101A80002B68114DDB6825E0003802400010024051
:101A9000E416002000080240000C024078170020E5
:101AA00000300240A0860100E4150020B01500209F
:101AB000A4150020400100A03C1600200068014051
:101AC000A01500201400002038170020005001400D
:101AD000005C00409847134B2846C5E90034C5E92F
:101AE0000274C5E90A47C5E90C4401F099FB314687
:101AF000284601F04BFCFEF7DBFDFEF7D8FD03F0B6
:101B000047FD094A0948214603F06EFD084B094A82
:101B100018602146084803F067FD084B186003F081
:101B200049FDFEE700B0024010150208A9160008A2
:101B3000AC150020EC140208BF060008A815002010
:101B4000704770477FB5094B8DF817201B680293CB
:101B50000DF117020123009201930A460146044841
:101B600001F0F8FF07B05DF804FB00BF1000002093
:101B7000E41600207FB500238DF81730084B1B6852
:101B800002930A4601230DF11701009101930146CA
:101B9000044802F06FF89DF8170007B05DF804FBE9
:101BA00010000020E41600201FB5084C24680092A5
:101BB000CDE901340A4601230146054802F05AF8EE
:101BC000003818BF012004B010BD00BF1000002075
:101BD000E416002001F0AEBA10B5064C00222046F3
:101BE000042101F001FD20460122BDE8104004213E
:101BF00001F0FABC0008024038B50B4D0446012242
:101C00000A484FF4005101F0EFFC0022042128465D
:101C100001F0EAFC2046FFF735FD28460122BDE829
:101C20003840042101F0E0BC00080240000C0240F2
:101C300038B50B4D044600220A484FF4005101F01C
:101C4000D3FC00220421284601F0CEFC2046FFF7F9
:101C500019FD28460122BDE83840042101F0C4BC2A
:101C600000080240000C0240F7B5144E144F054620
:101C70000C4630460022042101F0B6FC00224FF44D
:101C80000051384601F0B0FC2846FFF7FBFC0D4B35
:101C90000D481B68224601A903F0DCF938460122F1
:101CA0004FF40051019C01F09FFC304601220421B9
:101CB00001F09AFC204603B0F0BD00BF00080240CE
:101CC000000C02400C000020E415002001F032BAA4
:101CD0000268034B9A4201D101F01ABA704700BF63
:101CE000001000407047000082B00E4B00220092AE
:101CF000596C41F480415964596C01F48041009160
:101D000000990192196C41F0805119641B6C03F029
:101D100080530193019B0F216FF0010002B001F08D
:101D20002FBA00BF003802400268094B9A4282B0C5
:101D30000BD100230193074B1A6B42F480521A63B4
:101D40001B6B03F480530193019B02B0704700BFEB
:101D5000003002400038024007B50F4B02689A423B
:101D600016D10022A3F5F0430192196B41F4000152
:101D700019631B6B03F40003019305215A20019B97
:101D800001F0FEF95A2003B05DF804EB01F02ABA25
:101D900003B05DF804FB00BF00B002402DE9F04342
:101DA000044689B01422002103A81DF06EFE2268AB
:101DB000244B9A4243D1244C244800250095236BA0
:101DC00043F004032363236B03F004030093009B9D
:101DD0000195236B43F001032363236B03F001039D
:101DE0000193019B4FF012094FF400734FF001086B
:101DF0000327042603A9CDE90339CDE90587079612
:101E000001F008FB4FF480731148079603A9CDE950
:101E10000339CDE9058701F0FDFA0295236C43F4FF
:101E200000032364236C03F400030293029B236AE0
:101E300043F400032362236A23F40003236209B0FE
:101E4000BDE8F083005C004000380240000802401A
:101E500000000240F0B599B004461422002107A802
:101E60001DF013FE30220DEB020000211DF00DFECF
:101E700022685E4B9A4240F0B78008230C93C0233F
:101E80001093042312930CA84FF40033159302F01F
:101E900091FC08B1FFF726FF554B564800240094EB
:101EA0005A6C42F080625A645A6C02F0806200926E
:101EB000009A01941A6B42F020021A631A6B02F026
:101EC00020020192019A02941A6B42F001021A63F5
:101ED0001A6B02F001020292029A03941A6B42F00A
:101EE00002021A631A6B02F002020392039A04942C
:101EF0001A6B42F040021A631A6B02F0400204921D
:101F0000049A05941A6B42F004021A631A6B02F0E9
:101F100004020592059A06941A6B42F008021A63AD
:101F20001B6B03F00803069302250E26069B0B96F7
:101F30004FF4806307A9CDE90735CDE9094501F0E4
:101F400069FA41F658032C480B9607A9CDE90735E5
:101F50000927CDE9094501F05DFA032327480B97CE
:101F600007A9CDE90735CDE9094501F053FA4FF44A
:101F7000706322480B9607A9CDE90735CDE90945DD
:101F800001F048FA4FF40C631D480B9607A9CDE900
:101F90000735CDE9094501F03DFAC02319480B96F4
:101FA00007A9CDE90735CDE9094501F033FA082342
:101FB00015480B9607A9CDE90735CDE9094501F08C
:101FC00029FA4FF4A0530E480B9707A9CDE907351E
:101FD000CDE9094501F01EFA58202246052101F0FD
:101FE000CFF8582001F0FEF819B0F0BD00680140AC
:101FF0000038024000140240000002400004024089
:102000000018024000080240000C024010B50446CF
:1020100088B01422002103A81DF037FD2268144B5C
:102020009A4223D103F56843002101915A6C11486B
:1020300042F480125A645A6C02F480120192019A9E
:1020400002911A6B42F020021A631B6B03F020030B
:102050000293029B4FF4607202230321CDE9032314
:102060000523CDE9061303A901F0D4F908B010BD8A
:1020700000500140001402402DE9F04186B00023D9
:1020800003932B4B1C68002C4FD14FF00108C3F871
:102090000080284B00949A6B274842EA08029A6312
:1020A0009B6B03EA08030093022703260C25009B81
:1020B00001A94FF63F03CDE90137CDE9046501F0F1
:1020C000A9F91E48059501A9CDE90187CDE9034687
:1020D00001F0A0F948F233131948059501A9CDE99B
:1020E0000137CDE9034601F095F94FF683731548A2
:1020F000059501A9CDE90137CDE9034601F08AF93B
:102100004CF203731048059501A9CDE90137CDE9DB
:10211000034601F07FF960230C48059501A9CDE93C
:102120000137CDE9034601F075F906B0BDE8F0814D
:1021300080170020003802400014024000080240CE
:102140000018024000100240000C0240000402404F
:1021500070B588B000230293204B1A6C42F0100235
:102160001A641B6C03F010030293054601A903A82F
:10217000029B02F001FB069B4BBB02F0EDFA184EEE
:10218000184B336040F2E733F360174BB0FBF3F3C7
:10219000013B7360304600233361B360B36103F0E9
:1021A00023F9044680B9304602F0F8FF044658B9D6
:1021B000362001F017F80F2D0DD82246294636207B
:1021C00000F0DEFF094B1D60204608B070BD02F034
:1021D000C3FA4000D3E70124F6E700BF003802400D
:1021E000841700200010004040420F007C000020B7
:1021F0007047FEE7FEE7FEE7FEE77047014803F0A1
:102200000BB800BF84170020014801F04CBF00BF8D
:102210003C160020014801F02FB800BF38170020FD
:102220000120704708B51DF031FD162303604FF003
:10223000FF3008BD08B51DF029FD16230360FEE739
:1022400070B50D4614460E46731B9C4201DC2046B9
:1022500070BDAFF3008006F8010BF5E770B50D46D1
:1022600014460E46731B9C4201DC204670BD16F8D6
:10227000010BAFF30080F5E74FF0FF3070474FF4EC
:1022800000534B60002070470120704700207047CA
:102290000A4A116808B5034609B90949116010686E
:1022A000694603448B4206D91DF0F0FC0C23036001
:1022B0004FF0FF3008BD1360FCE700BFCC170020D3
:1022C000C0330120704710B5042104461CF099FA70
:1022D000204610BD012908B506D0022908D059B9F9
:1022E00000F0D8FB006808BD00F0D4FB4068FAE7B6
:1022F00000F0D0FB8068F6E70020F4E70048704764
:10230000481502080120704713B5002451B1036835
:1023100001948DF8034001AA9C680DF10303A047C6
:1023200002B010BD0846FBE7C0897047008A7047BD
:10233000C088704780887047807A00F07F007047BF
:10234000807AC00970470020704700009FED010AA5
:10235000704700BF000000007047704700F5987399
:102360000868496803C37047704770474160704709
:1023700070477047064BC0F84C310023C0F850310D
:1023800000F5A273C0F84801C0F84031704700BFA3
:1023900035240008012303727047704710B4C268E7
:1023A00041685410034601EB6200D20748BF0A5946
:1023B0009B685DF8044B48BFD358184703464068F4
:1023C00030B19A681AB9D86800F00100704701204E
:1023D000704710B50C2104461CF013FA204610BDBE
:1023E00010B5102104461CF00CFA204610BD10B5A3
:1023F0004FF4AE7104461CF004FA204610BD10B52F
:1024000009F0F6FF0368BDE81040DB6B184710B514
:102410000446D0F8400158B10368DB68984738B1EA
:10242000D4F8400103689B6898470023C4F8403102
:1024300010BD00002DE9F14FD0E9556A0746B0689C
:1024400003681B6A9847972805D8444B444AA32140
:1024500044481DF013F9706803681B6A98470F28F9
:1024600003D8414B3E4AA421F2E7F06803681B6A97
:1024700098470B2803D83D4B394AA521E8E709F0D6
:10248000B7FFDFF8F090043009F0D7FFD9F800006B
:1024900010B10368DB689847D9F8000010B10368F1
:1024A0001B689847DFF8D080D8F8000010B10368A7
:1024B0005B699847D7F83C0110B103685B6898479F
:1024C000D8F8000010B103681B689847D7F83C01A2
:1024D00010B103689B689847F068036800215B6A45
:1024E00098474FF0000B224BC0F804B0044680F828
:1024F00008B00360B068036859465B6A98470546B0
:1025000000F032FB7068036859465B6A98472946B9
:10251000064600F009FB331DC7F83C61C9F80040CE
:10252000C8F80050CAF800302B68C6F808A0284642
:10253000DB68EE639847336830461B68984721464E
:1025400028460CF005F9236820461B699847236844
:102550005B69204601B0BDE8F04F1847CF0C020878
:102560005D0D02082F0E0208760E0208190F0208F0
:10257000D0150208C4260120C0260120044B1B6888
:1025800093F858200AB1D86C00B99868704700BF1A
:102590007C26012070B504460D46164609F0EAFF78
:1025A000104A1460104A2260104A0023C4E95123E3
:1025B000C4E95333C4E94F330D4B18680368012154
:1025C0009B68C4E955659847FFF7D8FF14F035F8C4
:1025D000FFF7D4FF14F0ACF8FFF7D0FF14F0B4F815
:1025E000204670BDD02601207C1502086415020823
:1025F0007C260120064BC0F84C310023C0F8503136
:1026000000F5A273C0F84801C0F84031704700BF20
:1026100035240008406A7047806A704770478A888E
:102620000B8810B5D20A4C88C1699BB251F82200C0
:1026300043EA0443184410BD10B50446BAB1107BF8
:1026400068B1537BD27A1B0203F4E0631A43236A16
:1026500003EB82031A888A4202D193F9020010BD6B
:1026600005D8013880B204330028F3D1F7E7002001
:10267000F5E710B52C2104461CF0C3F8204610BD28
:1026800030B58BB00446BDF860500895BDF85C507D
:1026900007959DF8505006959DF84C5005959DF86E
:1026A000485004959DF8445003959DF8405002957C
:1026B0009DF83C500195BDF8385000950BF0A2FCF8
:1026C000064B2360159BE361169B2362199B636293
:1026D0001A9BA36220460BB030BD00BFF415020860
:1026E000704770477047704770477047704710B524
:1026F000982104461CF085F8204610BD70B503688B
:1027000004461B6B154698472368294620465B6B99
:10271000BDE87040184700002DE9F34104460BF076
:102720006BFE2E4B23602E4B0025C4E910354FF471
:102730008072FF2304F16C06A4F8642084F86630EC
:10274000A4F890204FF6FF73264AA4F8923084F83C
:10275000943004F14007E26601A93046C4E91255FD
:10276000C4E91455C4E91655C4E91C55C4E91E55FD
:10277000C4E92055C4E92255E5632566A566ADF890
:10278000043007F0E4FE2A4629463846FFF7B6FF34
:102790003846F021FEF7CAFD38464FF4A071FEF727
:1027A000C7FD04F104084FF07F43A3663946404655
:1027B00005F000F82A4629463046FFF79FFF01A999
:1027C0003046ADF8045007F0C2FE4046314604F0F2
:1027D000F1FF204602B0BDE8F08100BF5C160208A0
:1027E00084190208EC1902087047000030B5164D34
:1027F0002C6814F001048FB0BFF35B8F20D1284602
:102800001CF001F8E0B13F230993104B0893104BE3
:10281000104911480A940122CDE906430423CDE969
:1028200003320A230093CDE90B44CDE9014405941A
:10283000FFF726FF09481CF03FFF28461BF0EFFF7B
:1028400005480FB030BD00BFD01700205C2402083F
:10285000682402082C240208D4170020E927000865
:102860007047000030B5164D2C6814F001048FB08D
:10287000BFF35B8F20D128461BF0C5FFE0B13F239B
:102880000993104B0893104B104911480A940122E8
:10289000CDE906430423CDE9033214230093CDE9A7
:1028A0000B44CDE901440594FFF7EAFE09481CF00A
:1028B00003FF28461BF0B3FF05480FB030BD00BF33
:1028C00000180020602402086C2402083C2402083E
:1028D00004180020612800087047000030B5164D2C
:1028E0002C6814F001048FB0BFF35B8F20D1284611
:1028F0001BF089FFE0B13F230993104B0893104B65
:10290000104911480A940122CDE906430423CDE978
:10291000033228230093CDE90B44CDE9014405940B
:10292000FFF7AEFE09481CF0C7FE28461BF077FFF4
:1029300005480FB030BD00BF3018002064240208E5
:10294000702402084C24020834180020D9280008FA
:1029500000207047002070470EB403B503AB002180
:1029600053F8042B01930AF0CBFD02B05DF804EBA1
:1029700003B070470CB407B504AB53F8042B0193B4
:102980000AF0BEFD03B05DF804EB02B07047000032
:10299000436C10B5044673B3038F2BB9184B194A17
:1029A000C52119481CF06AFEC38E00EB43035B8C03
:1029B0000BB30CF0C0FB238F012B03D8134B144A2D
:1029C000CB21EEE7E28E531C9BB2092B194688BF40
:1029D000A3F10A0104EB410140F63F10498C81420A
:1029E00009D10A2B04EB420228BF002304EB430366
:1029F000508C588451842046BDE810400CF09EBA9B
:102A0000BC0F0208C50F020870100208BA100208B5
:102A1000C81002080CF059BA38B518BB124B13484D
:102A20001C681349B4B122682244026062682244DF
:102A30000A60A26814440F4B00221A8000F02AF8A2
:102A4000054600F025F80C4B1C600C4B1D600C4B30
:102A5000188007E00B4B03600B4B0B600B4B1C68A3
:102A6000002CE8D138BD00BF6C180020641800208D
:102A70006018002068180020D4260120DC260120E0
:102A8000D826012078240208742402087C24020835
:102A900000207047004870477018002010B5FFF7FD
:102AA000E1FE044C2060FFF719FF6060FFF79EFE17
:102AB000A06010BD7018002010B5002404600C60E8
:102AC00014601C6010BD704710B54FF4AE71044621
:102AD0001BF097FE204610BD10B50446D0F85801F3
:102AE00000F013F82046BDE8104009F003BD0000D7
:102AF00010B50446FFF74EFD014B2360204610BD84
:102B00009016020800220260704770477047043830
:102B10007047704710B5102104461BF072FE204626
:102B200010BDA0F10400F5E700228260024A0260B5
:102B300018324260C1607047E41602087047000016
:102B400010B5034B03600446FFF7CFFD204610BDD0
:102B50000C17020810B50446FFF7F2FF2046982133
:102B60001BF04FFE204610BD10B50446FFF7D4FD04
:102B7000014B2360204610BD0C170208FFF7B6BDBD
:102B8000F02070474FF4A07070472920FFF750B82D
:102B90002820FFF74DB808B5FFF71EF8CA20FFF749
:102BA00047F8C320FFF728F80820FFF725F8502042
:102BB000FFF722F8CF20FFF73BF80020FFF71CF8C3
:102BC000C120FFF719F83020FFF716F8ED20FFF7C6
:102BD0002FF86420FFF710F80320FFF70DF81220FC
:102BE000FFF70AF88120FFF707F8E820FFF720F841
:102BF0008520FFF701F80020FEF7FEFF7820FEF7A2
:102C0000FBFFCB20FFF714F83920FEF7F5FF2C204F
:102C1000FEF7F2FF0020FEF7EFFF3420FEF7ECFF97
:102C20000220FEF7E9FFF720FFF702F82020FEF769
:102C3000E3FFEA20FEF7FCFF0020FEF7DDFF0020A7
:102C4000FEF7DAFFB120FEF7F3FF0020FEF7D4FF16
:102C50001B20FEF7D1FFB620FEF7EAFF0A20FEF7A1
:102C6000CBFFA220FEF7C8FFC020FEF7E1FF102037
:102C7000FEF7C2FFC120FEF7DBFF1020FEF7BCFF0E
:102C8000C520FEF7D5FF4520FEF7B6FF1520FEF75D
:102C9000B3FFC720FEF7CCFF9020FEF7ADFF362034
:102CA000FEF7C6FFC820FEF7A7FFF220FEF7C0FF21
:102CB0000020FEF7A1FFB020FEF7BAFFC220FEF70A
:102CC0009BFFB620FEF7B4FF0A20FEF795FFA72072
:102CD000FEF792FF2720FEF78FFF0420FEF78CFF00
:102CE0002A20FEF7A5FF0020FEF786FF0020FEF752
:102CF00083FF0020FEF780FFEF20FEF77DFF2B20F3
:102D0000FEF796FF0020FEF777FF0020FEF774FF26
:102D10000120FEF771FF3F20FEF76EFFF620FEF761
:102D200087FF0120FEF768FF0020FEF765FF062001
:102D3000FEF762FF2C20FEF77BFFC820FEF7C6FFE0
:102D40002620FEF775FF0120FEF756FFE020FEF774
:102D50006FFF0F20FEF750FF2920FEF74DFF2420C4
:102D6000FEF74AFF0C20FEF747FF0E20FEF744FF58
:102D70000920FEF741FF4E20FEF73EFF7820FEF7C8
:102D80003BFF3C20FEF738FF0920FEF735FF1320FC
:102D9000FEF732FF0520FEF72FFF1720FEF72CFF6E
:102DA0001120FEF729FF0020FEF726FFE120FEF7A5
:102DB0003FFF0020FEF720FF1620FEF71DFF1B201F
:102DC000FEF71AFF0420FEF717FF1120FEF714FF8D
:102DD0000720FEF711FF3120FEF70EFF3320FEF72C
:102DE0000BFF4220FEF708FF0520FEF705FF0C2031
:102DF000FEF702FF0A20FEF7FFFE2820FEF7FCFE8A
:102E00002F20FEF7F9FE0F20FEF7F6FE1120FEF749
:102E10000FFFC820FEF75AFF2920FEF709FFBDE883
:102E200008402C20FEF704BF08B5FEF7D5FE0321AD
:102E3000D320FEF719FF80B208BD10B5C4B202223C
:102E400003212046FEF77EFE0A20FEF7C3FE204641
:102E500000220321FEF776FEBDE810400220FEF7B7
:102E6000B9BE38B50446E4B2FEF76AFE002120463A
:102E7000FEF780FE012105462046FEF77BFE40EA74
:102E8000052080B238BD10B5C4B240212046FEF7FF
:102E900071FE030607D54C212046FEF76BFE003875
:102EA00018BF012010BD01224B212046FEF74AFE2B
:102EB000204600224B21FEF745FE0020F2E773B5C5
:102EC0000423C4B20E461546D7210DEB030220465B
:102ED000FEF76AFE019B1BBA1A0DC3F30B23328067
:102EE00020462B8001224B21FEF72CFE00224B2195
:102EF0002046FEF727FE02B070BD000010B50A4A5A
:102F00001378984204460DD0517888420AD00BB10C
:102F100041B90123D454FEF713FE2046BDE810400A
:102F2000FFF78BBF10BD00BF7C18002010B5C4B2E6
:102F300009212046FEF71EFE40F00102D2B22046D3
:102F40000921BDE81040FEF7FDBD10B5C4B209214E
:102F50002046FEF70FFE092100F0FE022046BDE8E4
:102F60001040FEF7EFBD38B5C4B20D4620460A2129
:102F7000FEF700FE40EA0502D2B220460A21BDE873
:102F80003840FEF7DFBD10B50446FEF7DAFD2046F7
:102F90001F21FFF7E8FF2046BDE81040FFF7C6BF3E
:102FA00038B5C4B20D4620460A21FEF7E3FD20EAFB
:102FB0000502D2B220460A21BDE83840FEF7C2BD64
:102FC00010B50446FFF7C1FF20461F21BDE81040A1
:102FD000FFF7E6BF10B5C0B20C460B21FEF7CAFDE5
:102FE000204010BD1F21FFF7F5BF0A46C0B20B21DC
:102FF000FEF7A8BD1F21FFF7F8BF38B5C4B20D46D4
:1030000020461721FEF7B6FD20EA0502D2B220467F
:103010001721BDE83840FEF795BD70B5C4B206462D
:1030200004212046FEF7A6FD042100F0FB02054620
:103030002046FEF787FD3046F021FFF7DEFF05F062
:10304000F80220460421FEF77DFD4922202120467A
:10305000FEF778FD0220FEF7BDFD2046012221216A
:10306000FEF770FD20469A224121FEF76BFD2046B7
:1030700001224A21FEF766FD204601224B21FEF780
:1030800061FD204600224B21FEF75CFD2046012217
:103090005621FEF757FD204601225821FEF752FD2A
:1030A000204601224021FEF74DFD2046FF220B2144
:1030B000FEF748FDBDE870400220FEF78BBD000022
:1030C000054BD3F8882042F47002C3F888204FF0F3
:1030D00000629A60704700BF00ED00E008B50B4B3E
:1030E0001A6842F400721A601A6842F480621A6028
:1030F0001A6842F480721A60032000F02FF8002052
:10310000FFF726F8FEF7F0FD002008BD003C024066
:10311000034A044B11681B780B441360704700BFCF
:103120008018002078000020014B1868704700BF0D
:103130008018002038B50446FFF7F6FF631C1CBF5B
:10314000054B1B78054618BFE418FFF7EDFF431B3E
:10315000A342FAD338BD00BF780000200749CA68EF
:1031600022F4E0620302120403F4E063120C13433E
:1031700043F0BF6343F40033CB60704700ED00E0E1
:10318000164B30B5DC68C4F30224C4F10703251DD7
:10319000042B28BF0423062D4FF0FF358CBF033CC2
:1031A000002405FA03F321EA0303A54022EA0502FD
:1031B000A340002843EA0203ACBF00F16040084A84
:1031C0004FEA0313B8BF00F00F00DBB2AABF00F54F
:1031D0006140135480F8003330BD00BF00ED00E0C3
:1031E00014ED00E0002807DB044A4109012300F048
:1031F0001F00834042F82130704700BF00E100E02B
:1032000010B5044650B1437903F0FF0213B90271BF
:10321000FEF78AFD01236371002010BD0120FCE749
:1032200010B5044620B390F8393003F0FF021BB903
:1032300080F83820FEF790FD022384F839302368A7
:1032400061681A6822F440320A431A605A6BA16816
:1032500022F007020A435A631A6CE1686FF30D0209
:103260000A431A6400200123E06384F8393010BD5A
:103270000120FCE770477047036870B55E681D6801
:10328000F207044614D5E90512D51A6822F48072B3
:103290001A60C26B42F00102C26301229A600423E9
:1032A00080F83930002380F83830436903B19847FB
:1032B000B20616D5AB0414D523681A6822F400525E
:1032C0001A6020229A60E36B43F00203E363042355
:1032D00084F83930002384F8383063690BB1204614
:1032E0009847300716D5290514D523681A6822F4A3
:1032F00000621A6008229A60E36B43F00403E36300
:10330000042384F83930002384F8383063690BB122
:103310002046984772070BD56B0509D523681A68B4
:1033200022F480621A6004229A602046FFF7A2FF0E
:10333000B00714D5A90512D523681A6822F40072C3
:103340001A6002229A60E36BE363012384F8393048
:10335000002384F8383023690BB120469847F206E1
:1033600013D5EB0411D523681A6822F480521A6031
:1033700010229A60E36BE363012384F83930002361
:1033800084F838302046FFF776FF70BDF0B590F82E
:103390003820012A03464FF002002BD0012283F887
:1033A000382083F8390003EB0112D2E90740556A4F
:1033B000174F44EA0040093C012C9CBF05F07F42B6
:1033C00010434FEA01161A6888BF40EA056091B9B8
:1033D000516A394001435162012C9969916103D8C6
:1033E000596A21F07F4191620122002083F839203F
:1033F00083F83800F0BDD16939400143D161991992
:10340000012C896911619CBF25F07F451562EBE7AE
:10341000F0FFFC002DE9F74FDFF8BC916C4A002368
:103420000D6801249C4004EA0506AC4340F0B780D7
:103430004D68032705F003044FEA430807FA08FC28
:10344000671E012F6FEA0C0C34D8876807EA0C0E50
:10345000CF6807FA08F747EA0E078760476827EA48
:10346000060EC5F300179F4047EA0E074760C7687E
:1034700007EA0C0E8F6807FA08F747EA0E07022CD6
:10348000C76019D14FEAD30A00EB8A0A03F0070B91
:10349000DAF820704FEA8B0B4FF00F0E0EFA0BFE8E
:1034A00027EA0E0E0F6907FA0BF747EA0E07CAF86C
:1034B000207001E0032CDAD1076804FA08F407EA67
:1034C0000C073C4315F4403F046068D0002401948D
:1034D000D9F8444044F48044C9F84440D9F8444001
:1034E00023F0030707F1804704F4804407F59C3775
:1034F000019403F0030C019CD7F808E04FEA8C0C10
:103500000F2404FA0CF42EEA040E324CA0424DD0E3
:1035100004F58064A0424BD004F58064A04249D0F9
:1035200004F58064A04247D004F58064A04245D0F1
:1035300004F58064A04243D004F58064A04241D0E9
:1035400004F58064A0423FD004F58064A0423DD0E1
:1035500004F58064A04214BF0A24092404FA0CF480
:1035600044EA0E04BC609468F74315F4801F0CBF56
:103570003C4034439460D46815F4001F0CBF3C40B9
:103580003443D460546815F4003F0CBF3C403443CE
:1035900054601468ED0354BF3C403443146001335D
:1035A000102B7FF43DAF03B0BDE8F08F0024D5E7CA
:1035B0000124D3E70224D1E70324CFE70424CDE795
:1035C0000524CBE70624C9E70724C7E70824C5E795
:1035D000003C0140000002400038024003691942EB
:1035E00014BF0120002070470AB1816170470904AF
:1035F000FBE7436901EA030221EA030141EA0241D0
:103600008161704701684B6913F480634FF00002D9
:1036100010D06FF480634B612023026380F83D304B
:1036200080F83E20036C80F83C2043F004030364E0
:1036300001207047184670472DE9F84606460F46A8
:1036400091461D464FEA114A3368BAF1010F0CBF8B
:103650005C699C6927EA0404A4B2B4FA84F464099E
:10366000A14501D0002025E06A1CEED0FFF75CFDEB
:10367000089BC01AA84201D8002DE5D13368BAF1E1
:10368000010F0CBF5B699B6927EA03039BB2B3FA86
:1036900083F35B099945D7D100232022336386F851
:1036A0003D2086F83E30326C86F83C3042F02002F5
:1036B00032640120BDE8F8862DE9F04104460F464A
:1036C000164698462568686927EA000080B2C0B1AE
:1036D0006B695A0517D52B6843F400732B606FF4A0
:1036E00080636B6120220023236384F83D2084F8EB
:1036F0003E30236C43F004032364002384F83C3001
:103700000120BDE8F081731CDDD0FFF70DFDA0EBBB
:103710000800B04201D8002ED4D123685A6927EAA4
:10372000020292B2002ACDD000232022236384F823
:103730003D2084F83E30236C1343DDE770B504462A
:103740000D46164623685B691B0601D500201EE066
:103750002046FFF757FFC8B96A1CF3D0FFF7E4FC17
:10376000801BA84201D8002DECD123685B6913F0BF
:103770008003E7D12022236384F83D2084F83E3083
:10378000226C84F83C3042F020022264012070BD9B
:103790002DE9F0431546026885B0DDE90C789946BD
:1037A000136843F4807313600E463B46CDF80080E7
:1037B00000224FF001110446FFF73EFF236838B1A5
:1037C0001B68DB0502D54FF400732364032620E059
:1037D00006F0FE061E611A4943463A462046FFF7A8
:1037E0006BFFA8B9236803905A6903929B690393FE
:1037F000424639462046039BFFF7A0FF064660B1CC
:10380000236C042B01BF2268136843F40073136018
:103810000126304605B0BDE8F083B9F1010F2368F9
:1038200002D1EDB21D61F4E72A0A1A613946424617
:103830002046FFF783FF0028E2D12368F1E700BFAD
:10384000020001002DE9FF479A46036815461A68F1
:1038500042F480621A601A68DDE90C7842F48072E2
:103860001A600E463B46CDF8008000224FF0011151
:103870000446FFF7E1FE236838B11B68DB0544BF4F
:103880004FF400732364032021E05FFA86F906F009
:10389000FE061E612B4943463A462046FFF70CFFC1
:1038A000A0B9236803905A6903929B690393424627
:1038B00039462046039BFFF741FF58B1236C042B88
:1038C00001BF2268136843F400731360012004B041
:1038D000BDE8F087BAF1010F23681AD1EDB2424674
:1038E0001D6139462046FFF729FF02460028E5D131
:1038F00021680B6843F480730B602046CDF800808C
:103900003B464FF00111FFF797FE226860B1136844
:10391000B4E72A0A1A61394642462046FFF70EFFED
:103920000028CBD12368D9E749F001031361054989
:1039300043463A462046FFF7BFFE003818BF012035
:10394000C5E700BF0200010070B504460D461646EB
:1039500023685B695B0701D500201EE02046FFF766
:1039600051FEC8B96A1CF3D0FFF7DEFB801BA842EA
:1039700001D8002DECD123685B6913F00403E7D173
:103980002022236384F83D2084F83E30226C84F8A2
:103990003C3042F020022264012070BD70B5044624
:1039A0000D46164621684B6913F0400301D00020F4
:1039B00011E04A69D2060FD56FF010024A61202249
:1039C000236384F83D2084F83E30236C2364002375
:1039D00084F83C30012070BDFFF7A6FB801BA84295
:1039E00001D8002DDED123685B6913F04003D9D1E3
:1039F0002022236384F83D2084F83E30236C134357
:103A0000E4E7000070B5044608B9012070BD90F8E5
:103A10003D3003F0FF021BB980F83C20FEF7BEF9F1
:103A2000242384F83D3023681A6822F001021A60CA
:103A30001A6842F400421A601A6822F400421A60BE
:103A400000F08AFE3F4B65689D4294BF3E4B3F4B62
:103A500098428CBF00230123002BD6D12268394E17
:103A600051683B4BB0FBF3F321F03F011943B542E2
:103A7000516088BF4FF49676116A88BF734321F076
:103A80003F0184BF4FF47A76B3FBF6F301330B4367
:103A90001362D169431E2B4821F44F41854221F026
:103AA000FF0132D86D0040F6FC70B3FBF5F3013333
:103AB000034242D0C3F30B031943D161D4E9073069
:103AC0001168034321F0C0010B4313609168D4E9EE
:103AD000030321F40341034321F0FF010B439360EF
:103AE000D4E90530D168034321F0FF010B43D360D3
:103AF000136843F00103136000202023206484F83E
:103B00003D30206384F83E0080E7A06850B905EBA3
:103B10004505B3FBF5F30133C3F30B037BB143F46A
:103B20000043C9E719206843B3FBF0F30133C3F343
:103B30000B0323B143F44043BEE70423BCE7012356
:103B4000BAE700BFA08601007F841E00FF083D0089
:103B500040420F002DE9F743044699460C9E0F465C
:103B60009046FFF7E1FA94F83D30202B054603D04C
:103B7000022003B0BDE8F08300903C4919230122E4
:103B80002046FFF759FD0028F2D194F83C30012B74
:103B9000EED02068012384F83C300368D9075EBF6B
:103BA000036843F001030360036823F400630360C8
:103BB000212384F83D30402384F83E3000232364E1
:103BC0000A9B6362BDF82C306385638D2385284B87
:103BD000E3624246CDE900654B4639462046FFF791
:103BE000D7FD00282AD00120C3E7FFF7A7FD40B189
:103BF000236C042B01BF2268136843F40073136025
:103C0000F1E7636A27681A4612F8011B396162629C
:103C1000628D218D013A92B262857A69481E80B226
:103C2000520720850AD548B15A783A610233636257
:103C3000638D013B02399BB221856385238D2A4622
:103C400031462046002BD0D1FFF77EFE0028CFD191
:103C50002268136843F400731360202384F83D3016
:103C600084F83C0084F83E0083E700BF02001000A7
:103C70000000FFFF2DE9F043044687B09946109FEE
:103C80000D469046FFF750FA94F83D30202B06463B
:103C900004D00225284607B0BDE8F08300907A4999
:103CA000192301222046FFF7C7FC0028F1D194F820
:103CB0003C30012BEDD02068012384F83C300368B0
:103CC000DB075EBF036843F001030360036823F46E
:103CD00000630360222384F83D30402384F83E30A3
:103CE000002323640E9B6362BDF83C306385638DC3
:103CF0002385664BE3622946CDE900764B46424672
:103D00002046FFF79FFD054608B10125C2E7228D39
:103D10002368B2B902905A6902929A690292029A91
:103D20001A6842F400721A60DFF86481238D002B58
:103D30002CD1202284F83D2084F83C3084F83E3099
:103D4000A8E7012A0AD11A6822F480621A60039057
:103D50005A6903929A690392039AE1E7022A0ED103
:103D60001A6822F480621A601A6842F400621A60CB
:103D700004905A6904929B690493049BD4E70590CC
:103D80005A6905929B690593059BCDE7032B56D88D
:103D9000012B15D1324639462046FFF7FFFD00289A
:103DA000B3D123681A69636A1A70636A0133636264
:103DB000238D013B2385638D013B9BB26385B5E772
:103DC000022B00963B464FF000024146204619D197
:103DD000FFF732FC002898D123681A6842F4007279
:103DE0001A601A69636A1A70626A531C6362238DCF
:103DF000013B2385638D013B9BB2638523681B696F
:103E00005370D2E7FFF718FC024600287FF47DAF1D
:103E10002368196821F4806119601969636A19704F
:103E2000636A01336362238D013B2385638D013B0C
:103E30009BB26385414600963B462046C8E7324622
:103E400039462046FFF7AAFD00287FF45EAF2368BD
:103E50001A69636A1A70628D616A013A92B24B1CE8
:103E6000628522686362238D5069013B9BB24007E3
:103E700023857FF55BAF032B02BF136823F48063B8
:103E8000136013694B7090E7020010000000FFFF01
:103E90000400010010B590F83D30202BDCB216D1A3
:103EA000242380F83D3003681A6822F001021A606A
:103EB0005A6A22F010025A625A6A114359621A6809
:103EC00042F001021A6080F83D40002010BD02203F
:103ED000FCE730B590F83D30202BDCB216D10268FB
:103EE000242380F83D30136823F001031360556AE2
:103EF0004FF6F0732B400B439BB25362136843F0B1
:103F00000103136080F83D40002030BD0220FCE733
:103F10000068D20184328318F0B5C7685D684C68C8
:103F20000E6805F470455D60C56806F1010CC5F3C7
:103F30000B45C7F30B472744654445EA07455D60D9
:103F4000C768CD68C7F30A072F449D6805F470451C
:103F50009D60D0F80CC08D68CCF30A0C0135654427
:103F600045EA07459D601D69D1F810C08F6925F0AD
:103F700007051D61C3F810C091F8305045EA076588
:103F800091F8317045EA072591F8327045EA074506
:103F90009D615D6925F0FF055D614D695D61DD69CC
:103FA00025F4E06525F00705DD61D1E907573D43BC
:103FB000DD61BCF1070F4D6A9D629CBF0D4D15F888
:103FC0000C70DD6A05F0E025DD6288BF01278D6A8F
:103FD000C96AA41B7C437D43033444EA0544DC6284
:103FE0001C6B6FF30A041C631963835843F00103CD
:103FF0008350F0BD5017020838B5044600284ED053
:1040000090F8A13003F0FF021BB980F8A020FDF763
:1040100021FF022384F8A13023689A6922F07042BC
:104020009A61D4E901200243E0689969024320695A
:1040300002430A439A61D4E9051242EA01429A60B6
:10404000D4E9071242EA0142DA60D4E9091242EAED
:1040500001421A61D4E90B1242EA01425A61DA6A5A
:1040600094F8350094F8361002F07F42DA62DD6A87
:1040700094F834202A4342EA002242EA0142DA62FA
:104080005A6B42F006025A639A6942F001029A6141
:1040900000200123C4F8A40084F8A13038BD012019
:1040A000FCE770477047036870B59E6B5D6B7207E5
:1040B000044614D5690712D55A6B22F004025A63DC
:1040C0000422DA63D0F8A43043F00103C0F8A4302E
:1040D000002380F8A12080F8A030FFF7E2FFB207AC
:1040E00016D5AB0714D523685A6B22F002025A6327
:1040F0000222DA63D4F8A4301343C4F8A4300423B2
:1041000084F8A130002384F8A0302046FFF7C9FFCF
:10411000F00710D5E9070ED523685A6B22F001028B
:104120005A630122DA63002384F8A12084F8A030C6
:104130002046FDF76DFA320711D52B070FD52368FE
:104140005A6B22F008025A630822DA63012384F8CA
:10415000A130002384F8A0302046FFF7A3FF70BDF4
:104160002DE9F04190F8A030012B06460F46944609
:104170004FF002001FD04FF0010886F8A08086F8AB
:10418000A10034240D4604FB02640FCD38340FC463
:104190000FCD0FC40FCD0FC42B682360304662468D
:1041A0003946FFF7B5FE33680020C3F8248086F84F
:1041B000A18086F8A000BDE8F081000090F8A02062
:1041C000012A03464FF0020012D01A6883F8A100BA
:1041D000506B20F00100506306480164516B41F0C0
:1041E000010151630020012283F8A12083F8A0007F
:1041F000704700BF0068014037B500230193184B9A
:10420000184D1A6C42F080521A641B6C03F08053F4
:104210000193019B144B01221A64FEF785FF0446AB
:104220006B68DA030BD5104B0E4D01225A64FEF772
:104230007BFF04466B689B030AD5002006E0FEF76F
:1042400073FF001BB0F57A7FEAD9032003B030BDBD
:10425000FEF76AFF001BB0F57A7FEBD9F5E700BFE8
:10426000003802400070004000000E422DE9F3418A
:10427000044640B30368DE0710D423689D075BD46F
:104280002368190700F19D8023685A0700F1BD805B
:10429000A369002B40F0248100202CE08D4B9A680C
:1042A00002F00C02042A07D09A6802F00C02082AD5
:1042B0000BD15B68590208D5864B1B689A03DCD585
:1042C0006368002BD9D1012015E06368814DB3F5F7
:1042D000803F13D12B6843F480332B60FEF724FF1B
:1042E0007C4E054633689B03C7D4FEF71DFF401B79
:1042F0006428F7D9032002B0BDE8F081B3F5A02F00
:1043000004D12B6843F480232B60E3E72A6822F46E
:1043100080322A602A6822F480222A60002BDDD1B4
:10432000FEF702FF06462B689F03A6D5FEF7FCFEAC
:10433000801B6428F7D9DDE7664B9A6812F00C0FF2
:1043400007D09A6802F00C02082A11D15B685D025E
:104350000ED4604A1368990702D5E368012BB2D1E5
:104360001368216923F0F80343EAC103136087E768
:10437000E268594BB2B101221A60FEF7D5FE554DE5
:1043800006462B689B0707D52B68226923F0F803A4
:1043900043EAC2032B6073E7FEF7C6FE801B0228C8
:1043A000EFD9A7E71A60FEF7BFFE4A4E054633680D
:1043B0009F077FF565AFFEF7B7FE401B0228F6D9D1
:1043C00098E76269444B82B10122C3F8802EFEF760
:1043D000ABFE404E0546736F9B073FF555AFFEF7AA
:1043E000A3FE401B0228F6D984E7C3F8802EFEF70F
:1043F0009BFE384E0546736F9F077FF545AFFEF76E
:1044000093FE401B0228F6D974E7324B1A6C12F067
:10441000805228D101921A6C42F080521A641B6CAF
:1044200003F080530193019B01272C4D2B68D80585
:104430001BD5A368274D012B27D12B6F43F0010318
:104440002B67FEF771FE234E054641F28838336F25
:104450009A0739D5002F3FF41BAF1E4A136C23F087
:104460008053136414E70027DFE72B6843F480735D
:104470002B60FEF759FE06462B68D905D9D4FEF706
:1044800053FE801B0228F7D934E7052B04D12B6F8C
:1044900043F004032B67D0E72A6F22F001022A675A
:1044A0002A6F22F004022A67002BCAD1FEF73CFED5
:1044B00041F2883806462B6F9B07CBD5FEF734FEBA
:1044C000801B4045F7D915E7FEF72EFE401B4045FF
:1044D000BDD90FE70038024000004742007000409D
:1044E000374DAA6802F00C02082A3ED0022B354B49
:1044F0004FF000021A662BD1FEF716FE06462B6817
:1045000099011FD4D4E907321343626A43EA821344
:10451000E26A43EA0263A26A5208013A43EA0243AA
:104520006B60284B264D01221A66FEF7FDFD0446FE
:104530002B689A013FF5B0AEFEF7F6FD001B02288E
:10454000F6D9D7E6FEF7F0FD801B0228D7D9D1E6D1
:10455000FEF7EAFD04462B689B017FF59DAEFEF752
:10456000E3FD001B0228F6D9C4E6012B3FF4ABAEF5
:104570006B68E26903F4800191427FF4A4AE216A82
:1045800003F03F028A427FF49EAE616A47F6C07232
:104590001A40B2EB811F7FF496AEA26A520803F470
:1045A0004031013AB1EB024F7FF48DAEE26A03F085
:1045B0007063B3EB026F14BF012000209BE600BFC5
:1045C0000038024000004742134908B58B6803F0E9
:1045D0000C03042B1CD0082B1CD14A684B6849687B
:1045E00013F4800314BF0D480D48C1F3881118BFA0
:1045F000002302F03F02A1FB0001FBF799FE064BEE
:104600005B68C3F3014301335B00B0FBF3F008BD0B
:104610000248FCE70248FAE70038024000127A003C
:104620000024F4002DE9F0410D46044610B90120A4
:10463000BDE8F081434B1A6802F00F028A4228D38A
:1046400021688F072DD4C80740D43E4B1A6802F06A
:104650000F02AA4265D8226851076BD4130707D509
:10466000394A2169936823F4604343EAC1039360A4
:10467000FFF7AAFF344B354A9B68C3F30313D35C9F
:10468000D840334B1860334B1868FDF761FD0020AC
:10469000CEE7CAB21A701B6803F00F038B42C6D173
:1046A000CEE7294B11F0040F1EBF9A6842F4E05286
:1046B0009A600E0742BF9A6842F460429A609A6814
:1046C000A06822F0F00202439A60BCE762681E4BC9
:1046D000012A1CD11B6813F4003FA8D01A4EB368FE
:1046E00023F003031343B360FEF71EFD41F2883845
:1046F0000746B368626803F00C03B3EB820FA4D0E3
:10470000FEF712FDC01B4045F3D9032090E7911E30
:1047100001291B6802D813F0007FDEE713F0020FB7
:10472000DBE7EAB21A701B6803F00F03AB427FF4B9
:104730007EAF90E70449E0688B6823F4E0530343BD
:104740008B608BE7003C02400038024040170208B3
:10475000740000207C000020044B054A9B68C3F3D2
:104760008223D35C034A1068D84070470038024067
:1047700038170208740000200F2303600B4B9A685F
:1047800002F0030242609A6802F0F00282609A68C6
:1047900002F4E052C2609B68DB0803F4E05303615B
:1047A000034B1B6803F00F030B6070470038024097
:1047B000003C0240036813F0430FF7B5044640F095
:1047C0008880236813F00C0F45D08C4B8C4D002251
:1047D0001A67FEF7A9FC06462B68990000F1CB800A
:1047E00021684A0715D5D4E90403D5F888201B06AB
:1047F00002F0E04243EA80131343C5F88830D5F84D
:104800008C30226A23F4F853013A43EA0223C5F8B4
:104810008C300B0714D57A4AA369D2F88810206926
:104820001B0701F0706143EA80130B43C2F8883024
:10483000D2F88C30616A23F440330B43C2F88C30D9
:104840006E4B6F4E01221A67FEF76EFC0546336809
:104850009F0040F197802368980634D50023019388
:10486000674B684D1A6C42F080521A641B6C03F05F
:1048700080530193019B2B6843F480732B60FEF7F8
:1048800053FC06462B68D80540F183805C4DA26A34
:104890002B6F13F4407340F08380A36A03F44072DB
:1048A000B2F5407F564A40F09E80916823F07040F8
:1048B00021F4F81120F4407001439160116FC3F3AB
:1048C0000B030B4313672368DB0600F19080002085
:1048D0004FE04A4B4A4E00229A66FEF725FC0546F9
:1048E00033681F013FD42168C80741BFD4E90123C1
:1048F0001B0743EA8213C6F884308A0715D5404A5D
:10490000E368D2F8840065681B0600F0E04043EAE3
:1049100085130343C2F88430D2F88C00E36920F099
:104920001F00013B0343C2F88C304B060AD5E368F5
:1049300062681B0643EA8213A26843EA0273304AA4
:10494000C2F884302D4B2E4E01229A66FEF7ECFB06
:10495000054633681F013FF534AFFEF7E5FB401B0A
:104960000228F6D904E0FEF7DFFB401B0228B7D986
:10497000032003B0F0BDFEF7D7FB801B02287FF6B3
:104980002BAFF5E7FEF7D0FB401B02287FF65FAFA9
:10499000EEE7FEF7C9FB801B02287FF673AFE7E75F
:1049A00002F4407293423FF478AF2B6F134A012117
:1049B000C2F8401E23F440730021C2F8401E2B674A
:1049C0002B6FD9077FF569AFFEF7AEFB41F2883751
:1049D00006462B6F9A073FF560AFFEF7A5FB801BDD
:1049E000B842F6D9C4E7916821F4F81165E7064B9F
:1049F00094F82C20C3F8E02169E700BF000047428B
:104A000000380240007000400010474238B50D46A3
:104A10000446C8B190F82C3003F0FF021BB980F8AF
:104A20002D20FDF729FB022384F82C30211D20685E
:104A300000F008FD62682068294600F039FD012376
:104A400084F82C30002038BD0120FCE770B590F8C8
:104A50002C30022B05460E46D8B212D000F0FB04D3
:104A6000012C0FD1022385F82C30286800F056FD68
:104A70003368022B06BF052385F82C3085F82C40BF
:104A8000002070BD0120FCE738B590F82C30022BD7
:104A90000446D8B20DD094F82C30012BDDB209D1E8
:104AA0000223206884F82C3000F05CFD84F82C5040
:104AB000002038BD0120FCE72DE9F3471F46894659
:104AC00090460446FEF730FB0A9D3D442D1AFEF742
:104AD0002BFB264B1E68C6F3CB366E4382460196EF
:104AE0002268936839EA03030CBF0123002343457E
:104AF00001D100202EE07B1CF3D0FEF715FBA0EBCC
:104B00000A00A84229D323685A6822F0E0025A60BA
:104B10006268B2F5827F0AD1A268B2F5004F02D076
:104B2000B2F5806F03D11A6822F040021A60A26ABF
:104B3000B2F5005F07D11A6822F400521A601A68B1
:104B400042F400521A60012384F85130002384F8A3
:104B50005030032002B0BDE8F087019B1BB1019BE0
:104B6000013B0193BCE71D46BAE700BF740000207B
:104B7000F0B585B00B4600920E4617460221012281
:104B80000446FFF799FF054628B1636D43F0200303
:104B90006365032515E0124B1868124BB0FBF3F068
:104BA0004FF47A73584363680390B3F5827F0BD157
:104BB000009733462A4680212046FFF77DFF0028D4
:104BC000E3D1284605B0F0BD039B002BF9D0039B31
:104BD000013B039323689B681B06F5D4F1E700BFF4
:104BE0007400002000366E0137B50B464168B1F500
:104BF000827F044608D0009201210022FFF75CFF6B
:104C0000D0B9002003B030BD8168B1F5004F02D0AB
:104C1000B1F5806F07D125682868B1F5806F20F065
:104C20004000286004D00092802100222046E5E761
:104C3000009201210022F9E7636D43F020036365D0
:104C40000320DFE710B50446002855D0436A002B47
:104C50004ED14268B2F5827F00D0C3610023A362C7
:104C600094F8513003F0FF0223B984F85020204615
:104C7000FDF7CCF92168A068A269022384F85130BD
:104C80000B6823F040030B60636800F4044003F4F6
:104C900082730343E06800F400600343206900F07E
:104CA00002000343606900F00100034302F4007056
:104CB0000343E06900F038000343206A00F08000FD
:104CC0000343A06A00F4005003430B60636A120CB4
:104CD00003F0100302F004021A434A60CB6923F484
:104CE0000063CB6100200123606584F8513010BD62
:104CF0000023C0E90433B1E70120F8E72DE9F743C9
:104D000004461F460D469046FEF70EFA94F85130C1
:104D1000012B8146D8B240F09F80002D74D0B8F1AD
:104D2000000F71D094F85030012B00F095800323D0
:104D300084F8513000236365C4E91033A4F8368049
:104D4000A363A387E387A368266884F85000B3F5BC
:104D5000004F2563A4F8348007D1336823F0400363
:104D60003360336843F4804333603368E2685B0642
:104D70005EBF336843F040033360B2F5006F636891
:104D800045D113B1B8F1010F07D135F8023BF360FB
:104D90002563E38E013B9BB2E386E38E9BB2D3B9DE
:104DA0004A4639462046FFF7E3FE002851D1A36862
:104DB00033B901932368DA6801929B680193019BE0
:104DC000012384F85130606D0023C01A84F85030FC
:104DD00018BF012018E022689368980705D5236B57
:104DE00033F8021BD1602363D3E7FEF79DF9A0EBF4
:104DF0000900B842D1D3791CCFD0012384F85130B7
:104E0000002384F85030032003B0BDE8F08313B1D1
:104E1000B8F1010F08D12B783373236B013323636F
:104E2000E38E013B9BB2E386E38E9BB2002BB7D0AF
:104E300023689A68920703D5226B12781A73ECE7FD
:104E4000FEF772F9A0EB0900B842EDD37B1CEBD062
:104E5000D3E720236365AAE70220D5E72DE9F743CE
:104E600004460D4691461E46DDF82880FEF75CF9A3
:104E700094F851306268012B0746D9B20AD0B2F5D6
:104E8000827F40F0E580A368002B40F0E180042998
:104E900040F0DE80002D4BD0B9F1000F48D0002E3D
:104EA00046D094F85030012B00F0D280012384F8D2
:104EB000503094F85130C4F83890042B1CBF0523AF
:104EC00084F8513000236365C4E910332368E68712
:104ED000E6861968A687490658BF1968256358BF32
:104EE00041F04001A68658BF1960E168B1F5006F36
:104EF00055D10AB1012E07D135F8022BDA60E38EC5
:104F00002563013B9BB2E3860125E38E9BB28BB9FF
:104F1000E38F9BB273B93A4641462046FFF728FE1D
:104F2000002800F0818020236365002384F850303E
:104F3000012031E021688B689A070DD5E38E9BB282
:104F400053B145B1236B33F8022BCA602363E38E60
:104F5000013B9BB2E38600258A6812F001020CD067
:104F6000E38F9BB24BB1A36BC96823F8021BA36309
:104F7000E38F013B9BB2E3871546FEF7D5F8C01BD4
:104F80004045C2D3B8F1FF3FBFD0012384F8513070
:104F9000002384F85030032003B0BDE8F0830AB149
:104FA000012E08D12A781A73236B01332363E38E11
:104FB000013B9BB2E38601252DE0226893689B07A5
:104FC0000ED5E38E9BB25BB14DB1236B1B7813738F
:104FD000236B01332363E38E013B9BB2E386002501
:104FE0002268916811F001010DD0E38F9BB253B19B
:104FF000A36BD2681A70A36B0133A363E38F013BE9
:105000009BB2E3870D46FEF78FF8C01B404502D3E5
:10501000B8F1FF3FB9D1E38E9BB2002BCDD1E38F26
:105020009BB2002BC9D176E7A36833B901932368FB
:10503000DA6801929B680193019B012384F8513047
:10504000606D0023C01A84F8503018BF0120A3E718
:105050000220A1E72DE9F7431E4690F85130012BBD
:10506000044689461746DDB204D00225284603B01F
:10507000BDE8F0830029F9D0002AF7D04368B3F5E2
:10508000827F0BD183684BB9042380F851301346DB
:1050900000960A46FFF7E2FE0546E7E7FEF744F80A
:1050A00094F85030012B8046DFD0A268C4F83890C5
:1050B0000123002584F85030B2F5004F4FF004036F
:1050C00084F85130C4E9105565652368E787A787E0
:1050D0002563A586E58607D11A6822F040021A608A
:1050E0001A6822F480421A601A6855065EBF1A6870
:1050F00042F040021A60E368F3B1E38F9BB2FBB168
:1051000023689A68D2073CD5DA68A36B23F8022B90
:10511000A363E38F013B9BB2E387EEE723689A68C2
:10512000D0071ED5A26B1B7B1370A36B0133A36347
:10513000E38F013B9BB2E387E38F9BB2002BEDD162
:10514000424631462046FFF74FFD18BB012384F845
:105150005130656D0023ED1A84F8503018BF0125D9
:1051600084E7FDF7E1FFA0EB0800B042E4D3711C37
:10517000E2D0012384F85130002384F85030032515
:1051800074E7FDF7D1FFA0EB0800B042B5D3731C64
:10519000B3D0EEE720236365D8E7704790F83D3041
:1051A000012B30D1022380F83D300368DA6842F0E9
:1051B0000102DA60154A93421AD0B3F1804F17D03A
:1051C000A2F57C42934213D002F5806293420FD045
:1051D00002F5806293420BD002F57842934207D0E9
:1051E00002F57052934203D0A2F59432934204D157
:1051F0009A6802F00702062A03D01A6842F00102F8
:105200001A60002070470120704700BF0000014075
:105210007047704770477047036870B5DD681E6956
:10522000B10704460DD5AA070BD56FF002021A612B
:10523000012202779B699B0769D0FFF7EAFF0023F1
:105240002377710710D56A070ED523686FF0040223
:105250001A61022222779B6913F4407F20465CD0BA
:10526000FFF7D7FF0023237733070FD528070DD586
:1052700023686FF008021A6104222277DB6999071C
:10528000204650D0FFF7C5FF00232377F20610D544
:10529000EB060ED523686FF010021A610822227700
:1052A000DB6913F4407F204643D0FFF7B2FF0023B1
:1052B0002377F00708D5E90706D523686FF00102C8
:1052C0001A612046FCF704FD320608D52B0606D5E8
:1052D00023686FF080021A61204600F0B2F8700671
:1052E00008D5690606D523686FF040021A6120468A
:1052F000FFF791FFB20622D5AB0620D523686FF0E9
:10530000200220461A61BDE8704000F099B8FFF70E
:105310007FFF2046FFF77EFF91E7FFF779FF2046EA
:10532000FFF778FF9EE7FFF773FF2046FFF772FF56
:10533000AAE7FFF76DFF2046FFF76CFFB7E770BDE8
:10534000274A0368904212D0B0F1804F0FD0A2F5E7
:105350007C4290420BD002F58062904207D002F569
:105360008062904203D002F57842904208D14A68A8
:1053700023F070031343CA6823F44073134316E009
:10538000184A9042F7D002F580629042F3D002F5BD
:1053900080629042EFD0A2F598329042EBD002F5B5
:1053A00080629042E7D002F580629042E3D04A6981
:1053B00023F0800313438A68C2620A688262084A43
:1053C000904203D002F58062904201D10A690263E3
:1053D000026842F0040202600122426103607047E9
:1053E000000001400040014010B5044630B390F881
:1053F0003D3003F0FF021BB980F83C20FFF7CDFEE3
:105400000223206884F83D30211DFFF799FF012316
:1054100084F84630002084F83E3084F83F3084F829
:10542000403084F8413084F8423084F8433084F8C6
:10543000443084F8453084F83D3010BD0120FCE74D
:10544000704770472DE9F041D1E90738D1E9012CC7
:10545000D1E90376D1E90554D1F824E0096843EA9B
:10546000080381B943EA0E03134343EA0C033B43A9
:10547000016833432B4323436FF30E010B43036057
:105480000020BDE8F081016843EA0E0321F4F841F1
:105490000B43036042EA0C0341683B4333432B4315
:1054A00021F4FF42234322F07F0213434360E7E7E6
:1054B000CB6803F1FF3C4B69F0B54C688F680E690F
:1054C0008D690968013B1B05013C013F013E013D1F
:1054D00024013F0236042D06013943EA0C335AB940
:1054E0000B43234382683B4333432B4302F0704218
:1054F000134383600020F0BD826822F4700222F41E
:1055000070421343836044EA0703C2680B4333438A
:105510002B4302F070421343C360EBE770B50446BF
:1055200015460269D1E900300343C8686FF31502DC
:1055300043EA402313438A68013A43EA4213236152
:10554000FDF7F2FD0646A06910F0200003D06B1CA9
:10555000F9D00DB9032070BDFDF7E6FD801BA84210
:10556000F1D9F7E743696FF34D0343EA4103436120
:105570000020704708B54FF0E0231B6901F010FED2
:10558000012803D0BDE8084000F0DCBB08BD0000E6
:10559000EFF305832BB9064B186828B901221A606E
:1055A00070476FF0050070474FF0FF30704700BF45
:1055B000DC1F002010B5EFF305845CB9084B1A68B6
:1055C000012A0AD1074AD47702221A6001F056FB59
:1055D000204610BD6FF00500FBE74FF0FF30F8E705
:1055E000DC1F002000ED00E0F0B587B0144600227B
:1055F0000B460592EFF30582FAB9F0B154B3A569F1
:1056000025B1691E372902D9002017E018256268E4
:10561000D207F9D466699EB1B208D4E9027C216848
:1056200087B1BCF1AB0F08D9246934B12EB1CDE9F3
:105630000147009501F0BCFA0590059807B0F0BD50
:105640008022EAE7BCF1000FF7D12469002CF4D1E5
:105650000C4601E01825802205A9CDE9005192B23F
:10566000214601F0DDFA01281CBF00230593E4E781
:1056700008B5EFF3058222B908B101F067FC0020FC
:1056800008BD6FF00500FBE7F7B504460E4615466A
:10569000EFF3058242B938B1884205D355B1D5E957
:1056A00002372BB14F2F22D80024204603B0F0BD83
:1056B000002FF9D1012C0CD02046314600F07AFDA4
:1056C00004460028F0D085B92946204601F098F814
:1056D000EBE703220021012000F023FD0EE01A4633
:1056E00000F046FD04460028DED02D68ECE70128D6
:1056F000F5D103210091114600F0C5FC04460028B5
:10570000D2D0002EDFD000231A46194600F070FDDB
:105710000128D8D0204601F09DF8C5E713B50C4606
:1057200028B3EFF30583CBB109BB01AA019101F0C6
:105730001AF8012803D06FF0020002B010BD019BDF
:105740000BB90020F9E74FF0E0234FF08052C3F887
:10575000042DBFF34F8FBFF36F8FF2E700F046FFCA
:105760000128EED0002CE6D06FF00100E5E76FF0E5
:105770000300E2E707B518B3EFF30583CBB10023CD
:1057800001A9019300F043FE012804D06FF002004C
:1057900003B05DF804FB019B4BB14FF0E0234FF0E9
:1057A0008052C3F8042DBFF34F8FBFF36F8F0020DB
:1057B000EEE71A46194600F01BFD0128F7D0E5E791
:1057C0006FF00300E4E7F7B505460E461446EFF325
:1057D00005871FB10025284603B0F0BD0028F9D089
:1057E0000029F7D0DAB1D2E9023283B14F2AF1D9D8
:1057F0002269002AEED066694D43AE42EAD3009793
:1058000000F041FC05460028E4D0246811E0002A9D
:10581000E0D12369002BDDD16369002BDAD1284662
:105820000022314600F07DFC05460028D2D0002C35
:10583000EBD12146284600F0E3FFCCE773B51C46C8
:10584000EFF30586DEB138B331B32BBB01AA019368
:1058500000F080FD012803D06FF0020002B070BD9F
:10586000019B0BB90020F9E74FF0E0234FF0805285
:10587000C3F8042DBFF34F8FBFF36F8FF2E758B11A
:1058800051B13346224600F0B3FC0128EAD0002C87
:10589000E2D06FF00100E1E76FF00300DEE737B51B
:1058A0001C46EFF30583DBB130B329B324BB01AA57
:1058B000019400F058FF012803D06FF0020003B0FC
:1058C00030BD019B0BB90020F9E74FF0E0234FF00A
:1058D0008052C3F8042DBFF34F8FBFF36F8FF2E7F1
:1058E00050B149B1224600F0E3FD0128EBD0002C75
:1058F000E3D06FF00100E2E76FF00300DFE70000A4
:10590000034B0360034B0B6080231360704700BFA1
:10591000301F0020301D0020034B0360034B0B6041
:105920004FF4807313607047841C0020841800209B
:1059300010B5104B1A461B688342FBD354681119EB
:10594000884201BF41681046091951604468011935
:105950008B420CD1084909688B4203D05968214415
:10596000416019680160904218BF106010BD19466F
:10597000F8E700BFF81F0020F41F00202DE9F041D8
:10598000044601F0CBF94249424D0B680BBB424A39
:1059900056071FBFD01D20F0070002F58032131AF2
:1059A0000CBF4FF48033024613443C4E083B23F0B7
:1059B0000703002070603260C3E90000981AC2E952
:1059C00000300B60364B1860364B18604FF00043C8
:1059D0002B602E68264255D1002C46D004F10803D6
:1059E00060071CBF23F007030833002B4AD02D4F5C
:1059F0003C689C4246D3294A15686868984204D29C
:105A0000D5F800C0BCF1000F15D10968A94239D002
:105A10002968D2F800801160C21A102A12D9E81839
:105A200041070BD04FF0500383F31188BFF36F8F02
:105A3000BFF34F8FFEE72A466546DEE742606B60A4
:105A4000FFF776FF6A681649A41A1643164A0868D3
:105A50003C6000232B6013686E60844203F10103F5
:105A600038BF0C60136008F1080401F0FBF963070C
:105A70000AD04FF0500383F31188BFF36F8FBFF349
:105A80004F8FFEE70024F0E72046BDE8F08100BF1D
:105A9000F41F0020E01F002000200020F81F00203D
:105AA000EC1F0020F01F0020E81F002010B5044666
:105AB00090B31A4A50F8043C1268134208D14FF0D0
:105AC000500383F31188BFF36F8FBFF34F8FFEE74F
:105AD00050F8081C41B14FF0500383F31188BFF315
:105AE0006F8FBFF34F8FFEE723EA020340F8043CB9
:105AF00001F014F90A4A54F8043C1168A4F10800B2
:105B00000B441360FFF714FF064A1368BDE810400A
:105B10000133136001F0A6B910BD00BFE01F0020E3
:105B2000F01F0020E41F002000F108034FF0FF32B7
:105B3000C0E9022343600361002303607047002330
:105B40000361704743684B609A688A60516099604E
:105B50000368086101330360704730B50C68631C4B
:105B60000AD103695A684A6091608B605960036882
:105B700008610133036030BD00F10802134652682A
:105B80001568A542FAD9EDE7D0E9011203698A60E8
:105B900051605968814208BF5A60002202611A6848
:105BA000013A1A601868704708480068006880F376
:105BB00008884FF0000080F3148862B661B6BFF326
:105BC0004F8FBFF36F8F00DF00BF000008ED00E0D4
:105BD000DFF80C00016841F47001016070470000BB
:105BE00088ED00E082B0002301930D4B1B68013368
:105BF00008D04FF0500383F31188BFF36F8FBFF3CA
:105C00004F8FFEE74FF0500383F31188BFF36F8F80
:105C1000BFF34F8F019B002BFCD002B0704700BF39
:105C2000800000204FF0807340F8043C074B40F8A0
:105C30000C3C21F001016FF0020340F8081C40F811
:105C4000202C40F8243C4438704700BFE55B000836
:105C5000074B19680868B0E8F04F80F30988BFF374
:105C60006F8F4FF0000080F311887047AFF3008012
:105C7000402501204FF0500383F31188BFF36F8F4D
:105C8000BFF34F8F0A4A13680133012B13600ED103
:105C90004FF0E023D3F8043DDBB243B14FF05003A3
:105CA00083F31188BFF36F8FBFF34F8FFEE7704709
:105CB00080000020084A136843B94FF0500383F373
:105CC0001188BFF36F8FBFF34F8FFEE7013B136067
:105CD0000BB983F31188704780000020000000009A
:105CE000EFF30980BFF36F8F154B1A681EF0100F8A
:105CF00008BF20ED108A20E9F04F10602DE909005F
:105D00004FF0500080F31188BFF34F8FBFF36F8FB8
:105D100001F040F94FF0000080F3118809BC1968C8
:105D20000868B0E8F04F1EF0100F08BFB0EC108A02
:105D300080F30988BFF36F8F704700BFAFF3008017
:105D40004025012008B54FF0500383F31188BFF3BD
:105D50006F8FBFF34F8F00F0EFFF28B14FF0E023BC
:105D60004FF08052C3F8042D002383F3118808BD3F
:105D70004FF0E022002313619361054B4FF47A71D9
:105D80001B68B3FBF1F3013B5361072313617047B9
:105D9000740000204FF0E02337B5D3F8001D384AD7
:105DA000914208D14FF0500383F31188BFF36F8FF6
:105DB000BFF34F8FFEE7D3F8002D324B9A4208D144
:105DC0004FF0500383F31188BFF36F8FBFF34F8FF2
:105DD000FEE72D4B1A78D2B20192FF221A701B787F
:105DE0002A4ADBB28DF803309DF8033003F05003EC
:105DF0001370274A072313609DF8031013680906E0
:105E00000AD4032B11D04FF0500383F31188BFF352
:105E10006F8FBFF34F8FFEE7013B13609DF8033098
:105E20005B00DBB28DF80330E6E74FF4407313609C
:105E3000019B154A4FF0E024DBB21370D4F8203DEB
:105E400043F47003C4F8203DD4F8203D43F0704380
:105E5000C4F8203DFFF78CFF0E4B00251D60FFF7B7
:105E6000B7FED4F8343F43F04043C4F8343FFFF763
:105E70009BFE01F08FF8FFF7B5FE284603B030BD5A
:105E800071C20F4170C20F4100E400E00420012004
:105E90000020012080000020EFF305830F2B0ED996
:105EA000114A9B5C114A12789A4208D94FF050036C
:105EB00083F31188BFF36F8FBFF34F8FFEE74FF06F
:105EC000E0230B4AD3F80C3D126803F4E0639342DD
:105ED00008D94FF0500383F31188BFF36F8FBFF3DE
:105EE0004F8FFEE7704700BFF0E300E00420012081
:105EF0000020012010B50446FFF7BCFEA46BFFF79D
:105F0000D9FEB4FA84F0400910BD70B51646026C93
:105F1000856B044642B906689EB9806801F08EF927
:105F2000A6600135A56370BD6EB9406819F0DBFE4F
:105F30006368226C1344A2686360934224BF2368A1
:105F400063600020EDE7C06819F0CDFE226CE368C5
:105F500051429B1A2268E36093423EBFA3685B18DC
:105F6000E360022EEDD10DB1013DEAE72846D8E706
:105F7000034610B41A6C08466AB1DC689968144488
:105F80008C4228BF1968DC6028BFD960D9685DF8E9
:105F9000044B19F0A8BE5DF8044B704770B5044679
:105FA000FFF768FE94F8455004F124066DB2002D09
:105FB00001DD636AB3B9FF2384F84530FFF77AFE49
:105FC000FFF758FE94F8445004F110066DB2002D0E
:105FD00001DD23697BB9FF2384F84430BDE87040BC
:105FE000FFF768BE304601F04DF808B101F0D2F875
:105FF000013D6DB2DBE7304601F044F808B101F035
:10600000C9F8013D6DB2E2E738B50D46044640B926
:106010004FF0500383F31188BFF36F8FBFF34F8F9F
:10602000FEE7FFF727FED4E90F31226862604B4399
:10603000D0185B1A1A44A060FF230020A063E2601E
:1060400084F8443084F84530A5B9236973B104F16C
:10605000100001F017F848B14FF0E0234FF08052E4
:10606000C3F8042DBFF34F8FBFF36F8FFFF722FEEE
:10607000012038BD04F11000FFF756FD04F12400A3
:10608000FFF752FDF2E737B50D461C4640B94FF019
:10609000500383F31188BFF36F8FBFF34F8FFEE779
:1060A00043B94FF0500383F31188BFF36F8FBFF3F1
:1060B0004F8FFEE74AB191B94FF0500383F3118837
:1060C000BFF36F8FBFF34F8FFEE741B14FF0500327
:1060D00083F31188BFF36F8FBFF34F8FFEE7502319
:1060E0000193019B502B08D04FF0500383F311888C
:1060F000BFF36F8FBFF34F8FFEE70121002D08BF65
:106100002246C4E90F0584F8461022602046019B10
:10611000FFF77AFF9DF8183084F84C30204603B022
:1061200030BDF8B50D461746064640B94FF050034E
:1061300083F31188BFF36F8FBFF34F8FFEE74843A0
:106140005030FFF71BFC044670B1002380F8463046
:1061500065B100F15003C4E90F65236001212046B9
:10616000FFF752FF84F84C702046F8BD0346F2E773
:1061700013B513460C4640B94FF0500383F3118812
:10618000BFF36F8FBFF34F8FFEE7884208D24FF007
:10619000500383F31188BFF36F8FBFF34F8FFEE778
:1061A0000222009200221146FFF76DFF00B18463C6
:1061B00002B010BD10B50C4640B94FF0500383F348
:1061C0001188BFF36F8FBFF34F8FFEE7884208D26D
:1061D0004FF0500383F31188BFF36F8FBFF34F8FDE
:1061E000FEE702220021FFF79CFF00B1846310BD8F
:1061F0002DE9FF410F4601921E46044640B94FF07B
:10620000500383F31188BFF36F8FBFF34F8FFEE707
:1062100051B9036C43B14FF0500383F31188BFF3BE
:106220006F8FBFF34F8FFEE7022E0BD1E36B012B75
:1062300008D04FF0500383F31188BFF36F8FBFF383
:106240004F8FFEE700F0ACFF054620B300254FF06E
:106250000008FFF70FFDA26BE36B9A4227D232468C
:1062600039462046FFF751FE636A1BB104F1240052
:1062700000F008FF48B14FF0E0234FF08052C3F820
:10628000042DBFF34F8FBFF36F8FFFF713FD012076
:1062900004B0BDE8F081019B002BD8D04FF0500333
:1062A00083F31188BFF36F8FBFF34F8FFEE7022E8A
:1062B000D5D0019B1BB9FFF7FDFC0020E8E715B91D
:1062C00002A800F01FFFFFF7F5FC00F027FDFFF725
:1062D000D1FC94F84430FF2B08BF84F8448094F834
:1062E0004530FF2B08BF84F84580FFF7E3FC01A988
:1062F00002A800F013FF38BBFFF7BCFCA26BE36BF6
:106300009A420ED1FFF7D6FC019904F1100000F07B
:1063100081FE2046FFF742FE00F0A4FD48B10125B2
:1063200097E7FFF7C7FC2046FFF738FE00F09AFD1D
:10633000F5E74FF0E0234FF08052C3F8042DBFF390
:106340004F8FBFF36F8FEAE72046FFF727FE00F07D
:1063500089FDB2E72DE9F843894617461E460446F3
:1063600040B94FF0500383F31188BFF36F8FBFF331
:106370004F8FFEE751B9036C43B14FF0500383F3E5
:106380001188BFF36F8FBFF34F8FFEE7022E0BD143
:10639000E36B012B08D04FF0500383F31188BFF358
:1063A0006F8FBFF34F8FFEE7FFF776FDEFF3118896
:1063B0004FF0500383F31188BFF36F8FBFF34F8FFC
:1063C000A26BE36B9A4201D3022E1ED194F8455082
:1063D000A36B6DB2324649462046FFF796FD6B1C13
:1063E0000ED1636A3BB104F1240000F04BFE10B102
:1063F0000FB101233B60012088F31188BDE8F883C9
:1064000001356DB284F84550F5E70020F4E770B52A
:106410000D46044640B94FF0500383F31188BFF393
:106420006F8FBFF34F8FFEE7036C43B14FF0500304
:1064300083F31188BFF36F8FBFF34F8FFEE70368BD
:1064400053B9836843B14FF0500383F31188BFF30E
:106450006F8FBFF34F8FFEE7FFF71EFDEFF311863F
:106460004FF0500383F31188BFF36F8FBFF34F8F4B
:10647000A26BE36B934219D994F845100132FF29BE
:106480004BB2A2630DD1636A3BB104F1240000F06A
:10649000F9FD10B10DB101232B60012086F31188A5
:1064A00070BD01335BB284F84530F6E70020F5E7B4
:1064B0002DE9FF410E460192044640B94FF05003CA
:1064C00083F31188BFF36F8FBFF34F8FFEE751B98E
:1064D000036C43B14FF0500383F31188BFF36F8F08
:1064E000BFF34F8FFEE700F05BFE054618B30025B3
:1064F0004FF00008FFF7BEFBA76B47B331462046BD
:10650000013FFFF735FDA763236973B104F1100064
:1065100000F0B8FD48B14FF0E0234FF08052C3F8CF
:10652000042DBFF34F8FBFF36F8FFFF7C3FB012025
:1065300004B0BDE8F081019B002BD9D04FF050038F
:1065400083F31188BFF36F8FBFF34F8FFEE7019B7B
:106550001BB9FFF7AFFB0020EAE715B902A800F06E
:10656000D1FDFFF7A7FB00F0D9FBFFF783FB94F801
:106570004430FF2B08BF84F8448094F84530FF2B4B
:1065800008BF84F84580FFF795FB01A902A800F039
:10659000C5FD00BB2046FFF7ADFCB0B1019904F189
:1065A000240000F037FD2046FFF7F8FC00F05AFC0D
:1065B00048B94FF0E0234FF08052C3F8042DBFF3E9
:1065C0004F8FBFF36F8F012594E72046FFF7E6FC5E
:1065D00000F048FCF7E72046FFF7E0FC00F042FC43
:1065E0002046FFF787FC0028EDD0B4E7F0B585B072
:1065F0000446019140B94FF0500383F31188BFF373
:106600006F8FBFF34F8FFEE7056C45B14FF050031E
:1066100083F31188BFF36F8FBFF34F8FFEE700F056
:10662000BFFD064620B32E460027FFF723FBA36BD2
:1066300053B3013BA363236813B900F08FFEA0603E
:10664000236973B104F1100000F01CFD48B14FF054
:10665000E0234FF08052C3F8042DBFF34F8FBFF3F8
:106660006F8FFFF727FB012005B0F0BD3546DBE754
:10667000019B002BFAD04FF0500383F31188BFF336
:106680006F8FBFF34F8FFEE7019B53B9002D66D08C
:106690004FF0500383F31188BFF36F8FBFF34F8F19
:1066A000FEE716B902A800F02DFDFFF703FB00F08E
:1066B00035FBFFF7DFFA94F84430FF2B08BF84F86E
:1066C000447094F84530FF2B08BF84F84570FFF7FD
:1066D000F1FA01A902A800F021FD50BB2046FFF706
:1066E00009FC00B323683BB9FFF7C4FAA06800F0C7
:1066F00067FD0546FFF7DEFA019904F1240000F07A
:1067000089FC2046FFF74AFC00F0ACFB48B94FF08B
:10671000E0234FF08052C3F8042DBFF34F8FBFF337
:106720006F8F012681E72046FFF738FC00F09AFBC7
:10673000F7E72046FFF732FC00F094FB2046FFF716
:10674000D9FB0028EDD065B1FFF794FA616A19B161
:10675000236B1968C1F13801A06800F0B1FDFFF7A3
:10676000A9FA002080E72DE9F843894690460446BF
:1067700040B94FF0500383F31188BFF36F8FBFF31D
:106780004F8FFEE751B9036C43B14FF0500383F3D1
:106790001188BFF36F8FBFF34F8FFEE7FFF77CFBCE
:1067A000EFF311874FF0500383F31188BFF36F8F1E
:1067B000BFF34F8FA56B0DB394F84460494676B292
:1067C0002046FFF7D5FB013D731CA56311D123695A
:1067D00053B104F1100000F055FC28B1B8F1000FDE
:1067E00002D00123C8F80030012087F31188BDE8EA
:1067F000F883013676B284F84460F5E72846F4E77A
:1068000030B5074A002352F8335002EBC3041DB9D8
:1068100042F83310606030BD0133082BF3D1FAE742
:106820000820012010B5094A002352F83310814294
:106830004FEAC30406D1064A002142F8331022442D
:10684000516010BD0133082BEFD1FAE70C20012075
:106850000820012010B540B94FF0500383F3118890
:10686000BFF36F8FBFF34F8FFEE7FFF7DBFF90F8AB
:1068700046301BB9BDE81040FFF718B910BD70B520
:1068800004460D461646FFF7F5F994F84430FF2B01
:1068900004BF002384F8443094F84530FF2B04BF34
:1068A000002384F84530FFF705FAA36B2BB9324675
:1068B000294604F1240000F0C7FB2046BDE87040E3
:1068C000FFF76CBB2DE9F0410446FFF7D3F9304BDD
:1068D000304E1A68304F01321A603568002D4BD1A6
:1068E00034601B68012B1FD1B84640460135FFF7C5
:1068F0001BF9382D08F11408F7D1DFF8C480274DB3
:106900004046FFF711F92846FFF70EF92448FFF734
:106910000BF92448FFF708F92348FFF705F9234B43
:10692000C3F80080224B1D60224A136801331360B4
:10693000214A63641168E36A14208B4200FB0370F0
:1069400004F1040188BF1360FFF7FCF8FFF7B2F908
:106950001A4B1B6873B13368DA6AE36A9A4209D248
:106960004FF0E0234FF08052C3F8042DBFF34F8F58
:10697000BFF36F8FBDE8F081104B1A68E36A002AFD
:10698000D2D13268D26A9A4298BF3460CCE700BF55
:106990006C20012040250120E0200120B8200120AA
:1069A0009C2001208820012070200120B42001209B
:1069B000B02001205020012064200120602001200F
:1069C000CC200120F8B5154B154D1C6806462868EB
:1069D00004300F46FFF7D8F8731C07D137B1296888
:1069E0001048BDE8F8400431FFF7ACB82B68A41993
:1069F0005C6007D30C4B18682968BDE8F840043187
:106A0000FFF7ABB8094B186829680431FFF7A5F800
:106A1000074B1A68A24288BF1C60F8BD682001209D
:106A20004025012070200120B0200120B420012049
:106A30004C200120064A13681968064B19B94FF01B
:106A4000FF321A6070471268D268D2685268F8E75D
:106A5000B42001204C20012010B50446583019F014
:106A60005DF894F8A9303BB9206BFFF71FF820467A
:106A7000BDE81040FFF71AB8012BF8D0022B08D060
:106A80004FF0500383F31188BFF36F8FBFF34F8F25
:106A9000FEE710BD80B5134C134F144D236873B936
:106AA000134B1B68012BF8D94FF0E0234FF08052B5
:106AB000C3F8042DBFF34F8FBFF36F8FEDE7FFF7E0
:106AC000D9F8FB68DE68301DFFF75EF82B68013BE4
:106AD0002B602368013B2360FFF7ECF83046FFF79B
:106AE000BBFFDBE784200120882001206C200120EF
:106AF000E02001202DE9F047DDE9099496003246B7
:106B000007460D46206BA521984618F0BEFF236B63
:106B1000043E1E4426F00706002D43D06B1E04F1F0
:106B200033020F3513F8011F02F8011F09B1AB4200
:106B3000F8D1002384F84330089D372D28BF37252E
:106B40004FF0000AE562E564201DC4F850A0FEF78E
:106B5000F6FFC5F1380504F11800FEF7F0FFC4F8A0
:106B6000A4A04C2251462461A5616462C4F854A0DB
:106B700084F8A8A004F1580018F087FF0B4BE365D8
:106B800003F16802D03322666366424639463046D6
:106B9000FFF748F82060B9F1000F01D0C9F80040B4
:106BA000BDE8F08784F83450C6E700BFE03001202C
:106BB00070B586B0DDE90B5445B94FF0500383F34F
:106BC0001188BFF36F8FBFF34F8FFEE744B94FF0CB
:106BD000500383F31188BFF36F8FBFF34F8FFEE72E
:106BE000AC260596059EAC2E08D04FF0500383F3DB
:106BF0001188BFF36F8FBFF34F8FFEE72563022528
:106C000084F8A95004AD01950A9D02940095059E53
:106C1000FFF770FF2046FFF755FE049806B070BDE1
:106C20002DE9F043074685B0900088461646994600
:106C3000FEF7A4FE054620B94FF0FF3005B0BDE8D1
:106C4000F083AC20FEF79AFE044698B1002380F84A
:106C5000A9300D9B056301930C9B02900093324673
:106C60004B4641463846FFF745FF2046FFF72AFED0
:106C70000120E3E72846FEF719FFDDE710B588B0ED
:106C8000002407AA06A905A8CDE90544FEF738FEA9
:106C9000059B0293069B079A19491A48CDE90043C0
:106CA0002346FFF785FF40B300F0B6FB012819D15A
:106CB0004FF0500383F31188BFF36F8FBFF34F8FF3
:106CC000114B124A1B6858331360114B4FF0FF32BF
:106CD0001A60104B1860104B1C6008B0BDE81040E3
:106CE000FFF758B8013008D14FF0500383F31188F3
:106CF000BFF36F8FBFF34F8FFEE708B010BD00BF2B
:106D00009A110208956A0008402501201001002010
:106D10004C2001206020012068200120024A1368D5
:106D200001331360704700BF48200120014B1868F1
:106D3000704700BF682001203F4B1B682DE9F74FCB
:106D4000002B72D13D4B1C6801341C60BCB93C4B1C
:106D50001A68126842B14FF0500383F31188BFF3F1
:106D60006F8FBFF34F8FFEE7364A196810681860BF
:106D70001160354A136801331360FFF75BFE334D32
:106D8000334E2B68334F9C424FF0000B12D23A68BF
:106D9000D26A14214A43B258022A2F4A126828BFE5
:106DA0004FF0010B002A18BF4FF0010B584603B0FB
:106DB000BDE8F08FDFF88890DFF8A4A0D9F80020B4
:106DC00012681AB94FF0FF322A60E0E7D9F80020C4
:106DD000D268D2F80C80D8F804108C4201D2296015
:106DE000D5E708F1040318460193FEF7CDFED8F865
:106DF000281019B108F11800FEF7C6FED8F82C00CB
:106E0000DAF800101423884288BFCAF800000199FC
:106E100003FB0060FEF796FE3868D8F82C10C26AB3
:106E2000914228BF4FF0010BC8E70C4A13680133A9
:106E300013604FF0000BB9E74820012068200120C3
:106E4000B4200120B0200120542001204C2001203A
:106E5000E020012040250120582001205C20012055
:106E6000642001202DE9F041304C236843B94FF0F4
:106E7000500383F31188BFF36F8FBFF34F8FFEE78B
:106E8000FEF7F8FE2368013B236024682CB1002440
:106E9000FEF710FF2046BDE8F081254B1B68002B54
:106EA000F5D0244D244EDFF8A0801DE0EB68DC68AF
:106EB000271D04F11800FEF767FE3846FEF764FE52
:106EC000E36A32681420934200FB0380394688BF8E
:106ED0003360FEF737FE194BE26A1B68DB6A9A42A1
:106EE00002D3174B01221A602B68002BDED10CB1A4
:106EF000FFF7A0FD134D2C6844B1114E0127FFF799
:106F00001BFF00B13760013CF9D12C600C4B1B68B2
:106F1000002BBCD04FF0E0234FF08052C3F8042D7B
:106F2000BFF34F8FBFF36F8F0124B1E748200120DB
:106F30006C2001209C20012064200120402501209C
:106F4000582001205C200120E020012008B550B924
:106F50004FF0E0234FF08052C3F8042DBFF34F8F62
:106F6000BFF36F8F08BD0A4B196841B14FF0500352
:106F700083F31188BFF36F8FBFF34F8FFEE7FFF7E7
:106F8000CDFEFFF71FFDFFF76DFF0028E0D0E9E71A
:106F900048200120194B1A68194B70B512B1012213
:106FA0001A6070BD174D1A602A681749142606FB2F
:106FB00002F3C818CC58ACB1446808336468446024
:106FC0000B449C4204BF63684360142303FB02111B
:106FD0004B68D9680D4B19602A601B680C4A5833FE
:106FE0001360DEE742B94FF0500383F31188BFF31B
:106FF0006F8FBFF34F8FFEE7013AD8E7482001209B
:107000005820012064200120E0200120402501209B
:107010001001002010B50C4640B94FF0500383F327
:107020001188BFF36F8FBFF34F8FFEE7054B1968D1
:107030001831FEF792FD20460121BDE81040FFF710
:10704000C1BC00BF4025012038B50D46144640B9EB
:107050004FF0500383F31188BFF36F8FBFF34F8F4F
:10706000FEE7074B19681831FEF76CFD002C21462E
:107070000CBF28464FF0FF30BDE83840FFF7A2BCF8
:107080004025012038B5C368DC6844B94FF050038F
:1070900083F31188BFF36F8FBFF34F8FFEE704F1C7
:1070A00018052846FEF770FD104B1B68DBB9251D3F
:1070B0002846FEF769FD0E4AE36A11688B4288BFD5
:1070C00013600C4A1420294600FB0320FEF73AFD0A
:1070D000094BE26A1B68DB6A9A4283BF074B0120B7
:1070E0001860002038BD06482946EFE748200120F7
:1070F00064200120E02001204025012058200120AB
:107100009C200120034B1B680360034B1B684360FA
:10711000704700BF542001206820012070B50C4644
:10712000054640B94FF0500383F31188BFF36F8FCA
:10713000BFF34F8FFEE741B94FF0500383F311883F
:10714000BFF36F8FBFF34F8FFEE7FEF793FD0F4B3B
:10715000196823685A1C10D00D482E6800686A68A8
:10716000864201D08A420FD9881A83420AD95B1A13
:10717000134423602846FFF7C5FF0024FEF79AFD5D
:10718000204670BD002323600124F7E7682001201A
:1071900054200120014B01221A6070475820012021
:1071A000054B1B6833B1054B1868B0FA80F04009F5
:1071B00040007047012070476020012048200120D6
:1071C000F8B5044638B31A4DC36A2A68D26A9342A6
:1071D00026D28269174E002AA1BF2A68D26AC2F15C
:1071E00038028261142202FB036342699A4213D17E
:1071F000071D3846FEF7C8FC2B680F4ADB6A11688A
:10720000E36214208B4200FB0360394688BF1360A1
:10721000FEF798FC0120F8BD2B68DB6AC362F9E732
:107220002B68C06CDB6A98422CBF00200120F2E77B
:1072300040250120E02001206420012038B508B954
:10724000002038BD1B4B1C68844208D04FF050030F
:1072500083F31188BFF36F8FBFF34F8FFEE7236D6A
:1072600043B94FF0500383F31188BFF36F8FBFF31F
:107270004F8FFEE7E16AE26C013B91422365DFD06C
:10728000002BDDD1251D2846FEF77EFCE36CE36272
:10729000C3F13802A261084A11688B4288BF1360AB
:1072A000064A142000FB03202946FEF74BFC012070
:1072B000C7E700BF4025012064200120E020012015
:1072C00070B50446002841D0026D42B94FF050031A
:1072D00083F31188BFF36F8FBFF34F8FFEE7C36C4B
:1072E000994238BF1946C36A8B422FD0012A2DD14B
:1072F000174A1268824208D14FF0500383F3118875
:10730000BFF36F8FBFF34F8FFEE78269114DC162EC
:10731000002A4FF0140202FB03534269A4BFC1F1DB
:10732000380181619A4211D1061D3046FEF72CFCCE
:10733000094AE36A116814208B4200FB035031466E
:10734000BDE8704088BF1360FEF7FCBB70BD00BF96
:1073500040250120E020012064200120044B1A6810
:107360001AB119680A6D01320A651868704700BFC2
:1073700040250120914208B5416000610AD8D21A27
:1073800083699A420DD2084B011D1868FEF7E5FB90
:10739000002008BD9A4201D2994202D2034B011D3E
:1073A000F3E70120F5E700BF402601204426012035
:1073B000F7B5114CFEF75EFC2568BDB90F4F104EB6
:1073C0003846FEF7B1FB3046FEF7AEFB0D4B0E4ADA
:1073D0001F600E4B10211E600A200D4B0095FEF71A
:1073E00052FE206010B10B49FFF70AFA03B0BDE866
:1073F000F040FEF75FBC00BF3C2601205C26012068
:107400004826012044260120942501204026012001
:10741000442501209F11020810B588B0FFF7C8FF6E
:10742000124B1B68B3B1002407AA06A905A8CDE931
:107430000544FEF771FA059B0293069B0193022314
:107440000093079A0A490B482346FFF7B1FB0A4B02
:10745000186040B94FF0500383F31188BFF36F8F6A
:10746000BFF34F8FFEE7012008B010BD3C2601207E
:10747000A411020879750008382601207FB5164648
:1074800004461A4640B94FF0500383F31188BFF306
:107490006F8FBFF34F8FFEE70D4D286880B1052930
:1074A000CDE9001602940DDCFFF77AFE00230228D6
:1074B00008BF089A286818BF1A466946FEF798FE62
:1074C00004B070BD00236946FEF744FFF8E700BF33
:1074D0003C2601202DE9F347DFF898800646FFF7A8
:1074E00025FCD8F800308342054609D91F4F3B6878
:1074F0001A686AB91E4A116839601360012300E0F6
:10750000002328463360C8F8005002B0BDE8F08779
:10751000DB68DC68D3F8009004F1040A5046FEF7FB
:1075200033FB236A2046984794F828305B07DED562
:10753000A3694B44994506D238686360246151467B
:10754000FEF70BFBD3E7002300934A46194620467B
:10755000FFF794FF0028CAD14FF0500383F311883E
:10756000BFF36F8FBFF34F8FFEE700BF44260120AC
:1075700040260120342601202DE9F0436E4D6F4E48
:1075800089B02B68D3F80080B8F1000F35D0DB68E4
:10759000D3F800800024FFF7C1FB04A8FFF79AFF8F
:1075A000049B8146002B69D1002C4CD1404550D31F
:1075B000FFF758FC2B68DB68DF68381DFEF7E4FA3C
:1075C00097F8283058071AD5B96943464A464144C6
:1075D0003846FFF7CFFEB0B100942346424621461D
:1075E0003846FFF74BFF70B94FF0500383F3118813
:1075F000BFF36F8FBFF34F8FFEE70124CBE723F07C
:10760000010387F828303B6A3846984730680022E3
:1076100004A9FEF74DFF0028B3D0049B0698002B69
:107620002FDB069C6369002B32D103A8FFF752FFC2
:10763000049B0246092BE9D8DFE803F02E2E2E57D3
:107640005E762E2E575E3E4B1B681C68B4FA84F49F
:10765000640930682246A8EB0901FFF710F9FFF72B
:1076600001FC0028D2D14FF0E0234FF08052C3F844
:10767000042DBFF34F8FBFF36F8FC7E7FFF7F2FB08
:10768000C4E7059B07999847049B002BBEDBC8E71E
:10769000201DFEF779FAC8E794F82830A16943F075
:1076A000010384F82830059B20461944FFF762FE49
:1076B0000028ABD0236A2046984794F82830590711
:1076C000A4D5A269059900230A44009319462046CF
:1076D000FFF7D4FE002899D14FF0500383F31188AF
:1076E000BFF36F8FBFF34F8FFEE794F8283023F07E
:1076F000010384F8283089E794F8283043F0010327
:1077000084F828300599A16141B94FF0500383F303
:107710001188BFF36F8FBFF34F8FFEE7034601441D
:107720002046FFF727FE71E794F828309A07DED449
:107730002046FEF7BBF969E7442601203C260120DC
:10774000402601208088704770B5036805460C46C6
:107750005B6A002198472B6806461B6A28469847B3
:10776000A41BA4B2B4FBF0F070BD0023838070476B
:1077700010B5036881885B6A04469847A388013383
:10778000A38010BD03685B6A18477047024A026015
:1077900000228280704700BF60170208806A70472D
:1077A000836A00202BB120B95A1A504250419B697C
:1077B000F8E77047002348618B61836A13B98162DF
:1077C000704713469A69002AFBD1996170470022DD
:1077D000836A23B199698162C3E90522F8E770479A
:1077E0000023836270470022028042808280C28030
:1077F000704770B5846A0D4616463CB12368204632
:107800005B6D324629469847A469F6E770BD38B5E6
:10781000846A0D4634B12B6821469B6828469847F8
:10782000A469F7E738BD704710B52C21044616F05F
:10783000E8FF204610BD836A9BB18B4209D19A694B
:1078400000215961826202B97047996170471346FD
:107850003AB19A698A42FAD18A699A610023C1E9E8
:107860000533704710B4836A04462BB903685DF88A
:10787000044B1B6E1146184741B9936182625461F3
:107880005DF8044B704703460028F9D09942986987
:10789000F9D190618A61F2E72DE9F0411F4690F835
:1078A00024300D46164603B13860846A14B394F848
:1078B0002530EBB1B4F904108D4219DB238989B26C
:1078C0000B441BB29D4213DAB4F9062096420FDB3B
:1078D000638992B213441BB29E4209DA2368B21A3A
:1078E000691AD3F8248012B23B4609B22046C04739
:1078F000A469DBE7BDE8F0812DE9F04F6E4CA1B043
:1079000024682A9D94F84990039300242C802B9D91
:107910002C801C600646CDE90112FFF7BDFFB9F1CE
:10792000030F40F3C28031460CA805F0AFFFBDF94C
:1079300030300693BDF932300793039BD3F800A093
:10794000BAF1000F00F0B480514610A805F09EFF78
:10795000019B069ABDF944109D18BDF94030079A65
:10796000022091FBF0F119446D1A029BBDF94210FF
:107970001344BDF9462092FBF0F20A449B1A5B4384
:1079800005FB05354D4F0FCF10AC0FC40FCF0FC403
:107990000FCF0FC497E80F00B9F10C0F84E80F0068
:1079A0004FF00303C8BF9846CDF800904FF0000495
:1079B000DCBF09F1FF3292FBF3F8631C10AA04F05C
:1079C0000104089302EB4414009B93FBF8F39BB271
:1079D00004344FF0000B0493049A54F8043C13FB56
:1079E00002F3019A9BB299180593B6F9043009B2D3
:1079F00099424DDB328913441BB2994248DA049B09
:107A0000276817FB03F7029BBFB2FA18B6F90630D6
:107A100012B29A423CDB708903441BB29A4237DAB5
:107A200000230B9330460BABFFF736FF0B9A7AB36C
:107A300052452DD011460EA8099205F027FF069A4F
:107A4000BDF93800019BBDF93C10BDF93EC013449F
:107A50004FF0020E91FBFEF10144581A079A029B67
:107A6000BDF93A109CFBFEFC13448C44A3EB0C03C1
:107A70005B4300FB0033AB42099A08D203980B9991
:107A800001602A99059808802B991D460F8092461F
:107A90000BF1010BBBF1040F04F108049CD1009B16
:107AA000089C4B444445009387D121B0BDE8F08F3A
:107AB0004FF0FF3566E700BF7C2601208C070208E7
:107AC0002DE9F043B1F900708C88B0F900903C4486
:107AD000A4B20FFA84F8C1452FDA82884A4492B2E0
:107AE0000FFA82FE774528DAB1F90250CB88B0F957
:107AF00002602B441BB29E421FDAC38833449BB200
:107B00000FFA83FC654518DA4F45B8BF4F46B542BA
:107B1000B8BF3546F045D8BF2246D21B82804A887E
:107B2000C98807800A4492B211B28C45A8BF134697
:107B30005B1BC3804580BDE8F08300230380438046
:107B40008380C380F7E7B0F90430002B06DDB0F97D
:107B500006000028CCBF002001207047012070479C
:107B60002DE9F04100238D6A038004464380838021
:107B7000C380002D40D0281DFFF7E5FF88B92046BF
:107B8000FFF7E1FFB5F90420B5F90630B5F908E0D3
:107B9000B5F90AC038B122806380A4F804E0A4F8E3
:107BA00006C0AD69E5E7B4F90000B4F90210B4F815
:107BB000048090420746A8BF17467244B4F806E016
:107BC000278099420E464044A8BF1E467144634434
:107BD00000B212B209B21BB29042ACBFC7EB0002B6
:107BE000C7EB02029942ACBFC6EB0103C6EB03032D
:107BF0006680A280E380D4E72046BDE8F0812DE9CD
:107C0000F34190F8253083B3846A74B3B1F900501E
:107C1000B1F90260B1F90470B1F9068094F8253029
:107C200003B36846211DADF80050ADF80260ADF811
:107C30000470ADF80680FFF743FF6846FFF783FF47
:107C400080B9BDF80030A2889B1AADF80030E288F8
:107C5000BDF802309B1AADF80230236869469B6874
:107C600020469847A469002CD8D102B0BDE8F08125
:107C700073B590F825300D46164623B3846A14B3C5
:107C800094F82530EBB1286869686B4603C36846F1
:107C9000211DFFF715FF6846FFF755FF88B9BDF8AE
:107CA0000030A2889B1AADF80030E288BDF802309F
:107CB0009B1AADF8023023683246DB6D69462046D8
:107CC0009847A469DBE702B070BD13B50368D3F829
:107CD000B4400023CDE900336B46A04702B010BD8D
:107CE000012380F84B3080F86D307047012380F815
:107CF0004B3080F86D307047436801225A724068FB
:107D000003681B691847406803689B68184730B5CB
:107D10008BB004689DF8585009959DF8545008950B
:107D20009DF850500795BDF84C5006959DF8485069
:107D300005959DF844500495BDF840500395BDF855
:107D40003C500295BDF83850CDE900351346246CFF
:107D50000022A0470BB030BD044B1B7823B190F834
:107D60006E0080F001007047012070477A260120E4
:107D700010B50446406803689B68984794F86D30D6
:107D800013B1012384F86E3010BD10B50446F8F726
:107D9000D3FEF8F7DBFD60680368DB689847E068AE
:107DA00003689B689847236820469B6FBDE8104096
:107DB000184700007FB50368624DD3F8C030044611
:107DC0009847002800F09E8094F84830022B02D09B
:107DD0000120F8F739FD94F86A3084F86B3094F894
:107DE0007930002684F86A6084F84B6033B12368E8
:107DF0002046D3F8D430984784F8796094F84A3014
:107E0000626883F00103537201262E7004F0F0FAC9
:107E100003685B6B984794F86B300BB984F86B6020
:107E200004F0E6FA03685B699847E06D03681B6934
:107E3000984794F86B3094F86C20013BDBB284F8DF
:107E40006B300AB1002BEBD13F4A94F968101378DC
:107E500001335BB29942137010DCE06800231370A9
:107E6000036803AADB6802A998472368002859D051
:107E7000D3F8CC30DDE90212204698476069002330
:107E80008DF8073058B103680DF10701DB6898479A
:107E900028B1E06D9DF807100368DB68984704F18E
:107EA0001C0015F0ADFE94F870300BB32069036828
:107EB0001B699847636F064603B96067636F234A7F
:107EC000F31A934214D9206903689B699847636F3A
:107ED0006422F31AB3FBF2F3B0FBF3F0002826DCC4
:107EE00084F86920206903680021DB699847666788
:107EF00023682046D3F8E030984704F079FA036805
:107F00009B6B984723682046D3F8C430984794F871
:107F10004830022B02D00120F8F7C0FC00232B7060
:107F200004B070BDD3F8D03020469847A6E7632848
:107F3000CBBF0023C0F1640084F8693084F8690085
:107F4000D0E700BF802601208126012000E1F50551
:107F500010B50446F8F720FE636800229A7210BD3F
:107F6000C1651C3015F04ABE30B587B0044604A880
:107F7000CDE9041204F024F8049BADF80C3006A9F6
:107F8000059B21F80A3D03A804F06CF894F86F10E3
:107F9000BDF80C20BDF80E3004F11C0089B1B4F816
:107FA00064500093B4F8601013462A4615F036FE6C
:107FB00028B1BDF90C302366BDF90E30636607B0F9
:107FC00030BD15F06BFE012384F86F30F1E710B57A
:107FD000002B46D081EA0200C40708D50B44013AC1
:107FE0008B423ED912F8010F01F8010BF8E7D007D8
:107FF00042BF12F8010B01F8010B03F1FF33012B13
:1080000011D981EA0204A407104622D023F001040A
:108010000C448C42024604D9128821F8022B02300B
:10802000F7E703F0010323F00300084488421446F5
:1080300004D9246841F8044B0432F7E703F0030342
:108040000B44013A8B420CD912F8010F01F8010BD5
:10805000F8E79007E7D032F8020B21F8020B023B59
:10806000E1E7012010BD10B590F86F30044653B120
:10807000B0F86430B0F8602001211C3015F00EFE1D
:10808000002384F86F3010BD2DE9F04385B004ADB6
:108090000446002045F8040DA06906680195BDF866
:1080A00030500095356899460F469046A847104DC8
:1080B0000646A5F80090FAF761FA0368DB6A98476C
:1080C00028B101280BD0304605B0BDE8F0832B88DD
:1080D00008FB0372039BA3EB4203E363F3E72A88E5
:1080E000039B08FB027202EB42029A1AE263EAE780
:1080F00076260120F8B5154B90F87D401B88C56B9E
:1081000093FBF4F40F460646FAF738FA0368DB6A85
:10811000984701280BD003D3022810D0F563F8BD8F
:108120000B4B19887C434C43A5EB4405F6E7084B01
:1081300019887C434C4304EB44042D1BEEE7044BAD
:1081400019887C434C43A5EB8405E7E7782601209A
:1081500076260120F0B58BB0174604460E461D4624
:10816000FAF70CFA0368DB6A98479DF854300790D9
:10817000CDE908030D4B22681B8806939DF850300B
:1081800005939DF84C300493BDF848300393BDF837
:1081900044300293BDF84030CDE900533146156CB0
:1081A0003B4600222046A8470BB0F0BD76260120B2
:1081B0002DE9F043984603681D6C154B8BB01746AC
:1081C000B3F800900E460446FAF7D8F90368DB6A64
:1081D00098479DF85830CDE908030223CDE906936E
:1081E000012305939DF854300493BDF85030039358
:1081F000BDF84C300293BDF848300022CDE9008331
:1082000031463B462046A8470BB0BDE8F08300BF8F
:10821000762601202DE9F04398460368DD6D114B69
:1082200087B0B3F800900E4617460446FAF7A6F951
:108230000368DB6A98479DF84430CDF80C90CDE98F
:1082400004039DF840300293BDF83C300193BDF823
:10825000383000933A46434631462046A84707B097
:10826000BDE8F083762601202DE9F04F04468FB05B
:1082700010460D4691461E4607F0B0F9002800F062
:108280009D802368DFF898B1DB6ADFF898A1614F21
:1082900020469847236820461B6B9847BBF8003060
:1082A00001930DF13808BAF8003002933B8828F8A2
:1082B0001C9D0393584B05931A880492404607F07F
:1082C00021FA3880404607F051FA059B80B21880A9
:1082D000524B1B78002B74D13B88ABF80030AAF8C6
:1082E00000004846D4E90F8707F078F9C4E90F0089
:1082F000002211462846B5F90490B5F906A0FAF710
:10830000FDF9012395F825B085F82530B6F904303C
:10831000002B5CDDB6F90630002B58DD2A460AAB8F
:1083200052F8040F516803C331460AA8FFF7C8FB8F
:10833000384BB3F90020ADF8342000210AAA364B9F
:108340000C9192E80300B3F90030ADF8363008AB79
:1083500083E8030018460CA9FFF7B2FBE36C002B7F
:108360003CD1002084F8580000262A686B696E61B1
:108370000593926808A928469047059B6B61524671
:1083800084F858604946284685F825B0FAF7B6F9CA
:10839000234B019A1A80234B029A1A801D4B039A91
:1083A0001A801D4B049A1A80C4E90F87236820465F
:1083B000DB6A9847236820461B6B98470FB0BDE8DF
:1083C000F08F3B88ABF80000AAF8003089E72A4616
:1083D0000AAB52F8040F516803C3A9E707A807F0D6
:1083E00007FB0646E06C0368DB6A98478642B8D113
:1083F000FAF7C4F8036806465B6B059307A807F015
:10840000F7FA059B01463046984780F00100C0B25C
:10841000A8E700BF702601207226012074260120E3
:10842000762601207826012010B5074B1B780446DC
:108430003BB103685B6B9847E36B834201D1206CCF
:1084400010BDE06BFCE700BF7A2601202DE9F0416A
:108450008AB01D464FF48063CDE90131BDF840304C
:10846000ADF81830BDF84430ADF81A300024BDF82E
:108470004830BDF84C60ADF81C3090460746049477
:108480008DF82040FFF7D0FF06FB058500EB450582
:1084900078680595ADF81E608DF822408DF8214072
:1084A0008DF823408DF82440036801A95B68984744
:1084B0000AB0BDE8F0812DE9F0438BB000241D46E1
:1084C0004FF4006388469146BDF850600494074617
:1084D000CDE90134FFF7A8FF06FB0595BDF848304C
:1084E000ADF8183000EB4505BDF84C3078680595BF
:1084F000ADF81A30ADF81C40ADF81E60CDF8108014
:10850000ADF820408DF822408DF823408DF82440AE
:10851000036801A95B6898470BB0BDE8F0830000D1
:108520002DE9F0418AB098469DF85C509DF854C002
:10853000BDF858709DF8604000230B2D064604934B
:108540009DF8500038D18023CDE90131BDF8443089
:10855000ADF81830BDF84830ADF81A308DF820006D
:10856000BDF84C30ADF81C3030460392FFF75CFF8D
:108570000B2C98BF1B4BBDF8402098BF195DADF880
:108580001E7088BF002102FB0783C91001FB030096
:108590009DF8643005908DF8233070688DF8215077
:1085A00000238DF822408DF82430036801A95B6810
:1085B00098470AB0BDE8F081022D09D1FF2805D106
:1085C000BCF1000F14BF40232023BDE74023BBE7CD
:1085D000FF2805D1BCF1000F14BF04230123B3E72A
:1085E0000423B1E71C1802082DE9F04F8BB01D469B
:1085F0009DF858909DF86060BDF85CA0B9F1FF0F40
:1086000014BF082302230024CDE901348846934691
:1086100004940746FFF708FF0B2E98BF154B9DF8F3
:10862000642098BF9C5DBDF85030ADF8183005FB54
:108630000AB5BDF85430ADF81A30E41004FB050457
:10864000002378680594ADF81C30ADF81EA0CDF875
:1086500010808DF820908DF823208DF824308DF82F
:1086600021608DF82260036801A95B6898470BB010
:10867000BDE8F08F1C1802082DE9F0411E460A4B98
:108680000F461D889046F9F779FF0368DB6A984723
:108690000B289ABF054B1C5C002408FB0570E410F6
:1086A00004FB0060BDE8F081762601201C1802085A
:1086B000F0B58BB01F46BDF85430CDE90131BDF89F
:1086C0004030ADF81830BDF84430ADF81A30BDF880
:1086D0004830ADF81C3000259DF850308DF8203022
:1086E000044616460495FFF79FFE3A463146034678
:1086F0002046FFF7C1FF0E4B05901B88ADF81E30DA
:10870000F9F73CFF0368DB6A9847139B8DF822005A
:108710008DF82100049360689DF858308DF823305F
:108720008DF82450036801A95B6898470BB0F0BD31
:1087300076260120F0B58DB06B4683E80600002355
:1087400006930368BDF800605B6BBDF802700125FD
:108750000395044698473A46314603462046FFF7BC
:108760008BFF636C0793BDF80430ADF82030BDF883
:108770000630ADF822300F4B04901B88ADF8243042
:10878000ADF82630F9F7FAFE0368DB6A9847FF2355
:108790008DF829008DF82A0060688DF828308DF852
:1087A0002B508DF82C50036803A95B689847606CC8
:1087B0000DB0F0BD762601202DE9F0418CB01E46AB
:1087C0006D46002385E8060006930368BDF8007037
:1087D0005B6BBDF80280012503950446984742462D
:1087E000394603462046FFF747FFBDF80430ADF891
:1087F0002030BDF80630ADF82230114B04901B88B4
:10880000ADF82430129BADF826300796F9F7B6FE86
:108810000368DB6A9847FF238DF829008DF82A004A
:1088200060688DF828308DF82B508DF82C50036837
:1088300003A95B68984730460CB0BDE8F08100BFE3
:1088400076260120F0B585B002AC84E80600054626
:10885000BDF80860BDF80A70FFF7E6FD3A4603462A
:1088600031462846FFF708FF054A2B681288009218
:108870001E6F94E8060003462846B04705B0F0BDD9
:108880007626012070B590F86E3004469BB1022028
:10889000F8F72EF8002384F86E3084F86D302368E2
:1088A0002046D3F8C850FFF7BFFD2B4601462046AF
:1088B000BDE87040184770BD38B590F87B308B42EA
:1088C00004460D4606D0036829B9D3F8D830984736
:1088D00084F87B5038BDD3F8DC30F8E710B50C4B8A
:1088E0001B78044653B990F848303BB9406800F013
:1088F0002BF918B16268537A002BFCD0F8F744F9D1
:1089000020460021FFF7D8FF2046FFF78DFD10BD60
:108910007A26012070B50446036819B9DB6ABDE800
:1089200070401847002290F87B6080F87B20DB6A5B
:1089300098476368012105469972204684F87B6058
:10894000FFF7BAFF284670BDD0E90320131A58423A
:1089500058417047D0E903239B1A002BDCBF826883
:108960009B18012BCCBF002001207047026943688F
:10897000242000FB0230704703681B69184770B55C
:10898000012303720446406803689B6998470368A3
:10899000402B05460CD010D8042B1DD004D8012B39
:1089A00006D0022B2CD070BD082B1DD0202BFAD165
:1089B00023682046DB6B984713E0B3F5007FF7D0C0
:1089C00004D8802BF4D0B3F5807FF0E7B3F5806F47
:1089D000EED0B3F5006FE5E72368017F9B6B20467F
:1089E000984723681B6B06E02368017F9B6B20463A
:1089F000984723685B6B29462046BDE870401847BE
:108A000023682046DB6B9847F3E770477047704751
:108A1000D0E90332D21A002A10B5DCBF84681219DB
:108A2000012A16DD4268242404FB032301F12002FD
:108A300051F8044B43F8044B9142F9D10A781A706B
:108A4000C3688268BFF35B8F01339A42D8BF9B1A19
:108A5000C36010BD03698268BFF35B8F01339A4224
:108A6000D8BF9B1A0361704770B504460E46606814
:108A700003685B6898470028F9D10D4D28680368A2
:108A8000D3F880309847F8F78DF828680121FFF770
:108A900013FF6068036831469B6898472368204647
:108AA000DB6A984728680368BDE87040DB6F1847A9
:108AB0007C26012008B5F8F767F8BDE80840F8F70C
:108AC0006BB810B51421044615F09BFE204610BD6E
:108AD00010B50446406803681B68984748B9637A34
:108AE0003BB1237A2BB9236820465B6ABDE810406E
:108AF000184710BD70B50446406803681B68984766
:108B0000054630B9237A23B1606803685B699847EA
:108B10002572606803681B68984728B92368204657
:108B20005B6ABDE870401847BDE87040F8F742B88E
:108B300010B5044C82600022C0E90041C0E9032264
:108B400010BD00BF30180208406803681B68184752
:108B50002DE9F048204F9DF8185080FB0101A0FB43
:108B600007BC07FB01CC0BFB0CF7ABFB0B011C4656
:108B700001EB470100FB0CF30BFB0133A0FB0B01E6
:108B80001646194412A3D3E90023F7F781FBF72E09
:108B900090B29EBF02F00702B618F6B2FB2C9EBF41
:108BA000C0F3C103E418E4B2F72D9CBFC0F3421038
:108BB0002D180A484FEAC40400EA062004F4FC64B5
:108BC00098BFEDB2044344EAD50080B2BDE8F08816
:108BD000778D7A7900000000A74BEC0000F8FFFFCA
:108BE0002DE9F04F2DED028B01EB420487B0417C63
:108BF000BDF94890BDF94C609DF850A0054600298C
:108C000000F09A80B0F9082090ED087AC0684A45D3
:108C100025DBB5EEC07AF1EE10FA40F6FC72C8BF63
:108C20000022825800212D7C4FEA1228500908F4B6
:108C3000784E00F4FC60C2F3C40C04EB4607002D30
:108C400044D0BAF1FF0F41D161BB4EEA00004CEABB
:108C50000005BC4280F0178224F8025BF9E7B5F901
:108C60000A704F4508DCB5EEC07AF1EE10FA40F616
:108C7000FC72D8BF0022D4E7A9EB020207EE902ACB
:108C8000F8EEE77AB5EEC07A67EE877AF1EE10FA81
:108C9000FDEEE77A17EE902AD8BF02F2FF3292007B
:108CA0008258C0E7D5B25FFA88F8C2F3074A1E4679
:108CB000BC4280F0E8813046009543465246494622
:108CC000FFF746FF013624F8020BF1E7120E02FB14
:108CD0000AF2531C03EB2222121202FB0CF502FBD8
:108CE0000EF15043DFF8B0C3D24302F0FF02FF267B
:108CF000BC4280F0C881B4F800E00EEA0C030EF428
:108D0000FC6802FB031302FB080893FBF6F398FBD5
:108D1000F6F803EA0C0308F4FC680EF01F0E43EAB1
:108D2000080302FB0E5E9EFBF6FE0EF01F0E43EAEA
:108D30000E0324F8023BDBE7827C002A4FD0B0F917
:108D4000082007EE902AF8EEE77A07EE103AF8EEE0
:108D5000C76A1F46F4EEE76AF1EE10FA00F295805A
:108D6000B7EE007A37EE877A40F6FC7137EE667A16
:108D700006EE906AF8EEE66AEA6895F810C0B4EE7E
:108D8000E67AF1EE10FA4ABFBDEEC77A02968DED93
:108D9000027A95ED087AB5EEC07AF1EE10FAC8BF06
:108DA0000021525802994FEA122B04EB410150095D
:108DB00003910BF4784B00F4FC60C2F3C401BCF1E6
:108DC000000F24D0BAF1FF0F21D14BEA000B41EA8A
:108DD0000B01039A944255D224F8021BF9E707EEDF
:108DE000109AD0ED067AD0ED056AB8EEC77A37EE64
:108DF000677AC7EE267A90ED087AB5EEC07AF1EE82
:108E000010FA44BF90ED077A77EEC77A9DE7120E0D
:108E100002FB0AF202F1010C0CEB22221212504367
:108E2000514302FB0BFBDFF870820490D2430591A3
:108E300002F0FF024FF0FF0E03998C4222D22088ED
:108E400000F4FC610F46049900EA080C02FB0CBC1C
:108E500002FB07119CFBFEFC91FBFEF10CEA080CE7
:108E600001F4FC614CEA010100F01F0C059802FBC3
:108E70000C0C9CFBFEFC0CF01F0C41EA0C0124F8CE
:108E8000021BD9E7029A1A4417461E4436B2BE4264
:108E900040F3F98095ED077A06EE907A37EE877AFF
:108EA000F8EEE66AB4EEE67AF1EE10FA40F3B58039
:108EB00006EE106AB8EEC66A9FED758A2B7CB4EE9A
:108EC000C67AF1EE10FAD8BFBDEEC77A9FED716A8F
:108ED000D8BF17EE108A95ED087AB5EEC07AC8BFF4
:108EE000B04676EEE77AF1EE10FAA8EB0707D8BFA6
:108EF000B0EE468A04EB4707A7EE278ADBB1BAF14A
:108F0000FF0F18D1BC4262D2FDEEC87AEB6817EEB3
:108F1000900A53F82020D3B200934946C2F30723A6
:108F2000C2F30742FFF714FE24F8020BD5ED087ACE
:108F300038EE278AE6E7DFF860B14FF0FF09BC4260
:108F400045D2FDEEC87AEB68B4F800E017EE902A3F
:108F500053F82220130E03FB0AF3581C00EB2320C6
:108F600000126FEA000C5FFA8CFC0BEA12210EEA89
:108F70000B030CFB03F389B200FB013191FBF9F108
:108F800001EA0B030293530903F4FC6319460EF440
:108F9000FC630CFB03F300FB01330EF01F0E029980
:108FA00093FBF9F3C2F3C40203F4FC630CFB0EFC65
:108FB000194300FB02C090FBF9F000F01F000143D1
:108FC00024F8021BD5ED087A38EE278AB7E7464524
:108FD00059DDD5ED087AEA68297CF5EEC07AF1EE24
:108FE00010FA40F6FC73D8BF0023A6EB0806D2584F
:108FF000100A530904EB460600F4784003F4FC63BE
:10900000C2F3C40759B1BAF1FF0F08D1184338436E
:10901000B44238D224F8020BFAE7B846D9E7120E68
:1090200002FB0AF14A1C02EB2122121202FB07F595
:1090300050435343DFF860C0D24302F0FF02FF27E2
:10904000B44220D2B4F800E00EEA0C010EF4FC6841
:1090500002FB010102FB083891FBF7F198FBF7F8DE
:1090600001EA0C0108F4FC680EF01F0E41EA080149
:1090700002FB0E5E9EFBF7FE0EF01F0E41EA0E0194
:1090800024F8021BDCE707B0BDEC028BBDE8F08FD3
:1090900000000000FEFF7F4400F8FFFF70477047AC
:1090A00010B52421044615F0ACFB204610BD00008D
:1090B000064BC1604A0903EA112302F4FC62134320
:1090C000C1F3C40119430182704700BF00F8FFFFDC
:1090D000A0F10800ECE700BF08B5054B186803686D
:1090E000D3F8AC309847431E5842584108BD00BFE2
:1090F0007C26012070470838704730B401EB4204E9
:10910000BDF90C50028A02929DF81030C2682946BF
:10911000204630BCF7F716BFF7F708BF10B514218B
:10912000044615F06EFB204610BDA0F10800F5E7DF
:109130000023C384038543858385806910B1036858
:109140001B691847704780ED0C0A704738B50B0E45
:1091500083770368DB6B04460D469847036829460E
:109160009B689847236820461B6C9847A06138BDD0
:109170004177704730B50D4600F134040FCD0FC470
:109180000FCD0FC42B68236030BD38B50446031DD6
:109190000868496803C31368C4F826305368C4F8E4
:1091A0002A300025A56104F1340004F061FEFF239C
:1091B0006377A3774FF07E532363012384F8243031
:1091C00084F8255038BD00002DE9F0432DED0A8BC1
:1091D00070EE417A87B0F5EE407AF1EE10FA05466E
:1091E000F0EE409AB0EE60AAB0EE419AF0EE618ADD
:1091F000B0EE42CAF0EE62CA9DF86060199F026844
:1092000012D170EEE17AF5EE407AF1EE10FA0BD160
:1092100001F180410139926A53F8211007B0BDEC89
:109220000A8BBDE8F0431047FF23AB77936BDFF861
:10923000C4922846984705F13408B5F90830C38030
:10924000F0EE4A0AB0EE690A0446404604F0BFFE5A
:109250004046B0EE40BAF0EE60BA8DED000ACDEDBA
:10926000010AB0EE490AF0EE680A04F0B0FEB4EE6E
:1092700040BAF1EE10FAF4EE60BA0CBF01230023FD
:10928000F1EE10FAB4EE40BA63740CBF0123002370
:10929000F1EE10FAB0EE408AF0EE60AA8DED020A0F
:1092A000CDED030AA37430D0F4EE60BAF1EE10FAFB
:1092B0002BD039EE699A78EECA8A89EE0C7A40464C
:1092C000C8EEAC7AF0EE4A0AB0EE690AA7EECC0A14
:1092D000ECEE870A04F07BFE99F80030CDED050A2C
:1092E00070EEEB0A012B8DED040A30EE4B0A02BF43
:1092F000F1EE607AF0EE400AB0EE670AB5EE400A91
:10930000F1EE10FA34D10123A37499F80020637CA4
:10931000012A40F0A380002B72D03AEEEB7ADFED09
:10932000736AC6EE877AF4EEEABAC4ED087AFDEE07
:10933000EA7AF1EE10FA17EE903AFDEEEB7A1AB2F5
:1093400017EE903A1BB247BF23816281228163816D
:10935000B4F90A30B4F908209B1A07EE903AF8EEF7
:10936000E77A00236374C4ED077A0123A3743FE016
:1093700080EE807AB5EE407AF1EE10FA84ED057A4F
:1093800002D101236374C0E7012B03BFB4F90620A7
:1093900007EE902AF8EEE77AF0EE6B7A0ABF77EEE6
:1093A000CB7AEBEE477AEBEEC77A012B38EE4B8A9D
:1093B0007AEEEBAAC4ED067A02BFF1EE487AB0EE7F
:1093C0006A8AF0EE67AACAEE877A9FED497A38EE8C
:1093D000678AC7EE087AB5EEC08AF1EE10FA84ED1E
:1093E000078AC4ED087A03D5B1EE488A84ED078A6E
:1093F000E7602674AC6107B0BDEC0A8BBDE8F08372
:10940000A37C002BF4D0B4F90630DFED386A00EE0F
:10941000103AB8EEC00A30EE488A30EE4B0A38EE09
:10942000407AB4EEC08AC6EE877AF1EE10FAC4ED47
:10943000087AFDEEC87A17EE903AFDEEC07A1AB2BD
:1094400017EE903A1BB2CCBF238163814FF001032A
:109450006374CCBF62812281002387E7DBB13AEEDF
:10946000EB7ADFED226AC6EE877AF4EEEABAC4ED53
:10947000087AFDEEEA7AF1EE10FA17EE903AFDEE78
:10948000EB7A1AB217EE903A1BB247BF2381628182
:1094900022816381ACE7A37C002BA9D038EE4B7A04
:1094A000DFED126AC6EE877AB4EEC8BAC4ED087A68
:1094B000FDEEC87AF1EE10FA17EE903AFDEECB7A97
:1094C0001AB217EE903A1BB247BF23816281228104
:1094D0006381B4F90A30B4F908209B1A07EE903A78
:1094E000F8EEE77AC4ED077A82E700BFFEFF7F441B
:1094F000000080447426012010B500212DED028B60
:10950000F0EE628A0446B0EE428A14F009FFF0EEF3
:10951000687AFEEEED7A236817EE902AF0EE487A2C
:10952000BDEC028BFEEEED7A20469B6817EE901A9A
:10953000BDE81040184710B500212DED028BF0EE6C
:10954000638A0446B0EE438A14F0ACFFF0EE687A0A
:10955000FEEEED7A236817EE902AF0EE487ABDEC25
:10956000028BFEEEED7A20469B6817EE901ABDE85E
:109570001040184713B50446406F04F028FDF0EE84
:10958000607AFEEEED7A204617EE902AF0EE407AF1
:10959000FEEEED7A17EE901A02B0BDE8104014F01E
:1095A00019BE13B50446406F04F011FDF0EE607A69
:1095B000FEEEED7A204617EE902AF0EE407AFEEEAF
:1095C000ED7A17EE901A02B0BDE8104014F04FBECD
:1095D000F0B5DDE9050C0024079F634426464FF0F3
:1095E000010E63452DD013F8015D062DF9D80EFA52
:1095F00005F515F0660F0DD115F0100F17D12D07D9
:10960000EFD501381EB907EB80052D680D606CB9E8
:109610000126E6E726B907EB800353F8083C0B6008
:1096200024B907EB800050F8043C1360F0BD01380A
:109630001CB907EB800424681460002EF6D10124C5
:10964000CFE70EB900230B60002CEFD10023ECE72D
:1096500038B504462DED0A8B0D46F0EE40BAB0EE5B
:1096600060CAF0EE41AAB0EE61BAB0EE429AF0EEF6
:10967000629AB6EE00AA7BEE298A3AEE898A68EEF3
:109680008A8A28EE0A8A3CEE680A7BEEC87A20EEC7
:10969000000AA7EEA70A15F0DFF8B5EE400AF1EED2
:1096A00010FA2ED179EE6A7A39EECB7AB0EE6A8A68
:1096B000F0EE4B8AA7EE8A8AE7EE0A8AA7EE0A8ABC
:1096C000E7EECA8A022D2FDC0135F0EE4B1AB0EE20
:1096D0006A1A2946F0EE682AB0EE482AF0EE4C0AE3
:1096E000B0EE6B0A2046FFF7B3FFF0EE680AB0EE6B
:1096F000480A2046FFF755FFB0EE68BAF0EE48AAD8
:10970000B9E7D4ED1F7A38EE6B8A78EECC8A28EE72
:10971000277A68EEA77A87EE008AC7EE808A3BEE4A
:10972000888A7CEE288ACDE7F0EE680AB0EE480A17
:109730002046FFF736FFBDEC0A8B38BD10B52DED86
:109740000A8B90F88430022B0446B0EE40CAB0EE8B
:10975000609AF0EE419AF0EE618AB0EE42BAF0EE15
:1097600062BAB0EE43AAF0EE63AAB0EE448AF0EE1D
:1097700064CA2CD1F0EE620AB0EE420AFFF711FF84
:1097800079EECB9A7AEEECCA78EEEB8A3AEE488A1A
:1097900069EEAC9A28EE888AF4EEC89AF1EE10FAD7
:1097A0000FDB0121F0EE6A2AB0EE4A2AF0EE6B1AC6
:1097B000B0EE4B1AF0EE490AB0EE4C0A2046FFF725
:1097C00047FFF0EE6A0AB0EE4A0A204635E0012B68
:1097D00038D131EEE24A33EE486A71EE427A73EEE6
:1097E000E46A26EE447AA7EEA67AB5EE407AF1EE68
:1097F00010FA27D028EE638A61EEC28AA4EE838A2B
:10980000E1EE228A68EE677A28EE448AE6EE287A4C
:10981000A6EEA88A87EE870AC8EE070A3CEE40CA81
:1098200039EE609AD0ED207A29EE099AACEE0C9AC6
:10983000F4EEC97AF1EE10FA04DBFFF7B2FEBDECEC
:109840000A8B10BDF0EE6B0AB0EE4B0A2046FFF714
:10985000A8FEB6E710B52DED0C8B90F885300446C8
:10986000B0EE409AF0EE609AF0EE41AAB0EE61BA26
:1098700033B9FFF796FEF0EE4B0AB0EE6A0A15E038
:1098800071EE408A31EEE08AF6EE007A022B68EE45
:10989000A78A28EE278A0FD170EEE80A30EE080A70
:1098A000FFF77FFE7BEE680A3AEE880A2046FFF754
:1098B00078FEBDEC0C8B10BDFFF773FEDFED4D7A2B
:1098C000DFED4DBA9FED4DCADFED4DCA9FED4DDA8C
:1098D000F0EE690AB0EE490AE8EE270A2046A8EE43
:1098E000A70AB1EE68AAEAEE2B0AA8EE2B0AFFF748
:1098F00058FEDFED457AF0EE690AB0EE490AE8EE6F
:10990000270A2046A8EEA70AEAEE0C0AA8EE0C0ADF
:10991000FFF747FEDFED3D7AF0EE690AB0EE490A47
:10992000E8EE270A2046A8EEA70AEAEE2C0AA8EEDF
:109930002C0AFFF736FEDFED367AF0EE690AB0EE5C
:10994000490AE8EE270A2046A8EEA70AEAEE0D0A21
:10995000A8EE0D0AFFF725FE79EE880A39EE280AEF
:1099600070EEE80A30EE080A2046FFF71AFEDFED37
:10997000297AF0EE690AB0EE490AE8EE270A204695
:10998000A8EEA70AEAEE0D0AA8EE0D0AFFF709FEF7
:10999000DFED217AF0EE690AB0EE490AE8EE270A17
:1099A0002046A8EEA70AEAEE2C0AA8EE2C0AFFF73A
:1099B000F8FDDFED1A7AF0EE690AB0EE490AE8EE3A
:1099C000270A2046A8EEA70AEAEE0C0AA8EE0C0A1F
:1099D000FFF7E7FDDFED127AF0EE690AB0EE490A13
:1099E000E8EE270A2046A8EEA70AEAEE2B0AA8EE20
:1099F0002B0A3EE70AD7233D295C8F3E9A99193FEF
:109A0000CDCC4C3F8FC2753FCDCC4C3ECDCCCC3E67
:109A1000EC51383F0AD7A33FCDCCCC3F6666E63F3A
:109A200048E1FA3F70B52DED068B90ED238A90ED5D
:109A3000229A30EEC88A30EE499AF0EE40AA28EE1B
:109A4000080A0446A9EE090AB0EE60AA14F004FF61
:109A5000B5EEC00AF1EE10FA36DDD4ED1F7AD4ED82
:109A6000230A94F87850C0EE276A002684F87960BB
:109A700094ED220AC8EE268A89EE268A70EE289A8C
:109A800030EEC89A78EEAA8A3AEE488AFDB1C4ED63
:109A9000249A84ED259AC4ED268A84ED278AF0EE77
:109AA000490AB0EE690A2046FFF764FD84F8786041
:109AB000C4ED289A84ED299AC4ED2A8A84ED2B8A74
:109AC000C4ED22AA84ED23AABDEC068B70BD94F8E8
:109AD0007A3094ED2A2AD4ED2B2A6BB1F0EE491A94
:109AE000B0EE691AF0EE620AB0EE420A2046FFF7C5
:109AF000B1FE84F87A50DBE7F0EE484AB0EE684AEF
:109B0000F0EE493AB0EE693AD4ED291A94ED281AEC
:109B10002046FFF713FECBE707EE902A07EE101A58
:109B2000F8EEE70AB8EEC70ADFED037A60EEA70A9F
:109B300020EE270AFFF776BF0000003D38B52DED77
:109B4000028B90F8795004461DB3D0ED1F7A90ED4A
:109B5000238A90ED220A78EE678A38EE278AF0EEA3
:109B6000680AFFF707FD94ED221AF0EE481AB0EEEE
:109B7000410AF0EE680A2046FFF76CFE94ED221AC7
:109B8000F0EE681AF0EE480AB0EE410A2046FFF700
:109B900061FEBDEC028B284638BD10B52DED028B61
:109BA0000446B0EE408AF0EE608AFFF7C7FFD0B9F6
:109BB0002046D4ED274A94ED264AD4ED253A94ED7B
:109BC000243AD4ED2B2A94ED2A2AD4ED291A94EDC7
:109BD000281AF0EE680AB0EE480AFFF7AFFD012040
:109BE000BDEC028B10BD0020FAE7D0ED251A90EDF8
:109BF000241AD0ED2B0A90ED2A0AFFF72BBE0000A5
:109C00002DE9F04F89B01C460DF120089DF8503029
:109C10000493159E05910023DDE91297069348F8F9
:109C2000043D049B86F87A3082461546059B9D428A
:109C30006DD9013D19F80530062BF7D801A252F86D
:109C400023F000BF639C00082D9C0008619C000865
:109C5000859C0008859C0008899C0008C99C000818
:109C6000023C5046CDE9019700942B46424606A996
:109C7000FFF7AEFCDDED070A9DED060A3046FFF763
:109C8000D1FED3E7013CECE7A4F1040B023C07EB67
:109C900084045046CDE90197CDF800B02B464246EA
:109CA00006A9FFF795FCDDED072A9DED062A54ED88
:109CB000011A14ED021AD4ED010A94ED000A30469F
:109CC000FFF71AFC5C46B1E7A4F1060B023C07EB78
:109CD00084045046CDE90197CDF800B02B464246AA
:109CE00006A9FFF775FCDDED073A9DED063A54ED48
:109CF000032A14ED042A54ED011A14ED021AD4EDCE
:109D0000010A94ED000A3046FFF715FCDAE7049BE0
:109D100013B13046FFF769FF09B0BDE8F08F00BF0F
:109D2000F0EE607AFEEEED7A036817EE902AF0EE20
:109D3000407AFEEEED7A9B6817EE901A1847000005
:109D400010B5044B044640F8143B00F07DFC20465F
:109D500010BD00BF9C1E02082DE9F04F2DED048BB5
:109D6000D0ED0C7AB5B0F5EEC07AF1EE10FA0546FA
:109D70008B4606921E464FF0000440F24E81FF23B0
:109D80000093021D8169439B9FEDA59A08A814F0DA
:109D9000D5F8D5ED0C7AA34BD5ED086A0893F5EE0E
:109DA000C07AF1EE10FAB6EE007A48BFF1EE677AAB
:109DB00067EE877A05F1340301222593002326EE0E
:109DC000A77A8DF898308DF899208DF89A308DF813
:109DD00064306A7FAB7FCDED277A5A4327EE267A2F
:109DE000531C03EB122367EE277A4FF0000895F817
:109DF000240095F825102A94C3F307232B942C9460
:109E00002D942E942F943094319432943394CDED3C
:109E1000287A8DF8A4008DF8A5108DF8A630F0EE04
:109E2000499AB0EE498AF0EE498A4446C14608AFE5
:109E30004FF0010A069B4B4500F0CC8009F101036D
:109E400005931BF80930062B39D8DFE803F0043BF3
:109E5000606F7C81A000C1452BD9F0EE490AB0EEBD
:109E6000690A3846FFF7DEFD3846FFF767FE814690
:109E7000F8B9F0EE490AB0EE690A3846FFF78DFEF0
:109E80002846CDE90297CDE900B62346059ACDEDE7
:109E90002A9A41468DED2B9A8DF898A08DF899A0BD
:109EA000FFF7AEFEF0EE490AB0EE690A3846FFF75A
:109EB00074FEDDF81480B0EE498AF0EE698ADDF8B0
:109EC0001490B7E7C1450DD93846FFF737FE48B9BA
:109ED000CDE902A7CDE900B623464A4641462846C9
:109EE000FFF78EFE06EB8403D3ED008A93ED018A23
:109EF000CDED2A8A8DED2B8A8DF898A08DF899A04A
:109F00000234C846B0EE489AF0EE689AD7E706EBFE
:109F10008403D3ED008A93ED018AB0EE680AF0EE77
:109F2000480A3846FFF77EFD0234C8E706EB840393
:109F3000D3ED008AF0EE480AB0EE680A3846FFF723
:109F400071FD0134BBE706EB840393ED008AF1E772
:109F5000A30003F1080203F10C0932443344B14475
:109F600092ED002AD9ED002AD3ED011A93ED001AE3
:109F70000792F0EE480AB0EE680A3846FFF7BCFADE
:109F8000079A99ED008AD2ED008A043497E7A3007E
:109F900003F1100203F1140932443344B14492ED49
:109FA000003AD9ED003AD3ED032A93ED022AD3ED1E
:109FB000011A93ED001A0792F0EE480AB0EE680A13
:109FC0003846FFF7B8FA079A99ED008AD2ED008A71
:109FD000063474E7069B434508AF0FD93846FFF7B0
:109FE000ADFD58B90123CDE901630397CDF800B069
:109FF0002346069A41462846FFF702FE9DF8A61022
:10A00000384614F02FF804463846FFF799FE2046EC
:10A0100035B0BDEC048BBDE8F08F0124F7E700BF3D
:10A0200000000000AC18020810B50446FFF788FED7
:10A030002046B02114F0E5FB204610BD2DE9F04785
:10A040002DED068BAAB09846FF230746009389465C
:10A0500092468169399B9FED828A021D0DA813F0FB
:10A060006DFF3B7FDFED7E0A5A1E534207F1340538
:10A070005341B0EE600A28468DF8783003F0A7FF10
:10A08000CA44B0EE409AF0EE609AF0EE488A00249E
:10A09000CA4500F0CD8019F8013B062BF8D8DFE85F
:10A0A00003F004082A3F53588A000DA813F0B8FFA4
:10A0B000EEE708EB8403D3ED008A93ED018AB0EE5E
:10A0C000680AF0EE480A284603F081FFF0EE607A55
:10A0D000FEEEED7A0DA817EE902AF0EE407AFEEE35
:10A0E000ED7AB0EE409A17EE901AF0EE609A14F006
:10A0F00071F80234CCE708EB8403D3ED008A93EDCA
:10A10000018AB0EE680AF0EE480A284603F05FFFC5
:10A110000DA8B0EE409AF0EE609AFFF701FEE8E776
:10A1200008EB8403D3ED008AF0EE480AB0EE680A2B
:10A13000284603F04CFF0DA8B0EE409AF0EE609A6E
:10A140000134FFF7EDFDA3E708EB840393ED008AEC
:10A15000EAE7A31C08EB830353ED010A13ED020A9F
:10A16000D3ED008A93ED018A284603F030FF28469C
:10A170008DED090ACDED0A0AB0EE680AF0EE480A44
:10A1800003F025FFDDED0A1A9DED091AF0EE602AB5
:10A19000B0EE402AB0EE40AAF0EE60AAB0EE490A56
:10A1A000F0EE690A0DA8FFF7A7F90434F0EE6A9AF9
:10A1B000B0EE4A9A6CE7261D08EB860656ED030AB8
:10A1C00016ED040AD6ED008A96ED018A284603F0C2
:10A1D000FEFE28468DED070ACDED080A16ED020AAF
:10A1E00056ED010A03F0F3FE28468DED090ACDED88
:10A1F0000A0AB0EE680AF0EE480A03F0E8FEDDED68
:10A200000A2A9DED092ADDED081A9DED071AF0EEE8
:10A21000603AB0EE403AB0EE40AAF0EE60AAB0EE7E
:10A22000490AF0EE690A0DA8FFF785F90634BDE783
:10A230007B7FB97F59434B1C03EB1121C1F30721ED
:10A240000DA813F00FFF074B0D93044612A800F062
:10A25000FBF920462AB0BDEC068BBDE8F08700BFB5
:10A26000000000009C1E020810B4047F1CB15DF8C1
:10A27000044BFFF7E3BE5DF8044BFFF76DBD000034
:10A280002DE9F04F91460246054652F8260F85B05B
:10A2900088465168DDF838B09A4602AB03C3BDF971
:10A2A0000C30002B02AF08DDBDF90E40002C04DDA0
:10A2B0002E4A127822B1012A2DD005B0BDE8F08FC8
:10A2C000BDF80A301C44A4B226B2BDF90A30B3422C
:10A2D000F3DACDE900B753464A4641462846FFF730
:10A2E000C3FF40B9BDF90E30012B04D001335B1020
:10A2F000ADF80E30EDE7BDF80E20BDF80A3013447E
:10A300009BB21A4412B29642ADF80A30DDDAE31A73
:10A31000ADF80E30D9E7BDF808401C44A4B226B20F
:10A32000BDF90830B342C8DACDE900B753464A4612
:10A3300041462846FFF798FF40B9BDF90C30012B84
:10A3400004D001335B10ADF80C30EDE7BDF80C2004
:10A35000BDF8083013449BB21A4412B29642ADF8CD
:10A360000830DDDAE31AADF80C30D9E774260120A5
:10A370007FB503680D46044601469B6E02A89847C8
:10A38000286869686B4603C368461946FDF798FB61
:10A39000A06A88B10368211DDB68984760B1BDF9E8
:10A3A0000430002B08DDBDF90650002D04DD2B4ADA
:10A3B00012781AB1012A29D004B070BDBDF802305C
:10A3C0001D44ADB22EB2BDF90230B342F4DA2368B7
:10A3D0006946DB6E2046984740B9BDF90630012B2F
:10A3E00004D001335B10ADF80630F0E7BDF806206D
:10A3F000BDF8023013449BB21A4412B29642ADF833
:10A400000230E0DAEB1AADF80630DCE7BDF80050B8
:10A410001D44ADB22EB2BDF90030B342CCDA236890
:10A420006946DB6E2046984740B9BDF90430012BE0
:10A4300004D001335B10ADF80430F0E7BDF8042020
:10A44000BDF8003013449BB21A4412B29642ADF8E4
:10A450000030E0DAEB1AADF80430DCE774260120B6
:10A460001FB50368044601469B6E68469847002165
:10A47000B4F90820B4F90A300291684602A9ADF88F
:10A480000C20ADF80E30FDF71BFB236869461B69F5
:10A490002046984704B010BD012180F825100B49D3
:10A4A00001600022FF218280C2800281428182817C
:10A4B000C28102824282C0E90522C26102844284D2
:10A4C00080F8242080F82610826270470C19020858
:10A4D00000238380C3800380438091F82630FF2BC4
:10A4E00001BF0B8983804B89C380704737B5044611
:10A4F000086849686B4603C323686946DB6A2046DF
:10A500009847084B1B6893F858200AB1D86C00B9DB
:10A5100098680368A26A1D6A94F826306946A847BD
:10A5200003B030BD7C260120704710B52C210446B5
:10A5300014F067F9204610BD90F826202AB190F853
:10A54000252012B103685B6918477047704770B5E2
:10A550000B88C384044608460D4605F0D3F806462A
:10A56000284605F003F923680546314620469B6BD3
:10A570009847236829462046DB6BBDE870401847A2
:10A5800010B52C21044614F03CF9204610BD10B53E
:10A5900091F82830FF2B044606D000230380438027
:10A5A0008380C380204610BD263105F013F9F9E7FA
:10A5B00090F828202AB190F8252012B103685B6931
:10A5C000184770472DE9F041044688B054F8263BFF
:10A5D0000025DB6A0F46CDE9045504A906469847D5
:10A5E000204605F08FF88046204605F0BFF8069516
:10A5F00006ADADF81E0039462846ADF81C80FDF7C3
:10A600005FFABDF91C30002B19DDBDF91E30002B9F
:10A6100015DD0C4B1B6893F858200AB1D86C00B9B3
:10A6200098680168BDF91230BDF910200127029722
:10A6300096F82860CDE900568D682146A84708B0F5
:10A64000BDE8F0817C260120704710B5302104461A
:10A6500014F0D7F8204610BD10B5044600F082FE75
:10A66000E06000F085FEE3682361C008002247F641
:10A67000FF7101386060A260198059809A80DA8089
:10A68000636A23F0010343F00203636210BD00001C
:10A6900010B50A4B03600023C0E90133C0E903335E
:10A6A000C0E90533C0E9073343626FF00043044655
:10A6B000C0E90A33FFF7D0FF204610BD581A020840
:10A6C0002DE9F04F93B056111C9C059304F01F0523
:10A6D0005311049565110393AE424FEA6413069338
:10A6E00002F01F0340F0F880049C059AA3424FEA51
:10A6F000621E026925D1B2F900309E4503D1B2F93C
:10A7000002309E4235D0D18893880B4310D0B2F9E5
:10A710000230002B0CDBC16A8B4209DAD0E901134D
:10A720008B4238BF083203F1010338BF02618360F6
:10A730000369039AA3F800E05A8000229A80DA8025
:10A7400017E0059CB2F80480B2F806A004F01F04DC
:10A750004E110294049C764501F01F0CA4EB0304F7
:10A760000AD1029B9C44A04404FB0CA4A2F80480E0
:10A77000D48013B0BDE8F08F059D691A5BBFCCF1A2
:10A7800020056C430025202544BF04FB0CF44942FE
:10A790000195019F94FBF1F501FB154454BF4FF067
:10A7A00001094FF0FF39002CB8BF05F1FF35BC445B
:10A7B000A84405FB0CACA2F80480A2F806C0D0F8AF
:10A7C00010C0BCF80680BCF80420B8BF641858EA72
:10A7D00002024E4411D0BCF90280B8F1000F0CDB2C
:10A7E000C26A904509DAD0E9012890453CBF0CF1D6
:10A7F0000802026108F101028260D0F810C0BDF9C0
:10A800000C20ACF800600027B645ACF80220ACF88C
:10A810000470ACF806702B444DD0049FFF1A3D44E1
:10A820006D0195FBF1F801FB1855002DB8BF08F13B
:10A83000FF3808F10107B8BF6D18641A03974FF08D
:10A84000000AD0F810C0641958BF039FBCF804B0C8
:10A8500048BF4746BB44ACF804B0BCF806B00BEBAD
:10A86000471BACF806B0D0F810C03B44BCF806B0AB
:10A87000BCF8047058BF641A5BEA07074E4411D055
:10A88000BCF902B0BBF1000F0CDBC76ABB4509DAAB
:10A89000D0E9017BBB453CBF0CF1080707610BF118
:10A8A000010787600769B6453E807A80A7F804A053
:10A8B000A7F806A0C5D1049AD31A02699188D68850
:10A8C00019449180029901F1200C0199ACEB010C23
:10A8D00003FB0C63D3804CE7059DA21AA5EB010591
:10A8E0000895029240F12881039A002AFFF641AFB1
:10A8F000029A52420292069A42EAE2724FF0FF3402
:10A9000006922A460B945A430024029D0194029C0D
:10A9100092FBF4F405FB1422002A0792BCBF5219E3
:10A920000792019A0569B8BF04F1FF3404EB0109ED
:10A930009A424FEA691640F01281B5F900309E4202
:10A9400004D1B5F90230039A9A421BD0EA88AB8849
:10A95000134310D0B5F90220002A0CDBC36A9A42D7
:10A9600009DAD0E901329A4238BF083502F1010212
:10A9700038BF056182600369039A5A8000221E80F5
:10A980009A80DA800B9B039A01691A44B1F900306E
:10A99000B34203D1B1F902309A421AD0CC888B88E5
:10A9A000234310D0B1F90240002C0CDBC36A9C4257
:10A9B00009DAD0E901349C4238BF083104F10104BE
:10A9C00038BF01618460036900211E805A8099802C
:10A9D000D980069B934200F08280089B029C0299DA
:10A9E0005B0193FBF1F104FB1133002B03910893FE
:10A9F00004DA4B1E0393089B23440893079B029998
:10AA00005B1A0793019BC3F120030E930E99019BE0
:10AA10005B1A4F460A930026DDE907315B1858BFE1
:10AA2000029907935DBF5B1A0793039B039958BF75
:10AA3000591C8944002A4FEA691A2EDBC36A9342E3
:10AA40002BDD019C0569A0460E9CB5F904C0B5F943
:10AA500006E0A04540F04F81B5F90010514503D103
:10AA6000B5F90210914218D05CEA0E010FD0B5F989
:10AA7000021000290BDB8B4209DDD0E9013199423C
:10AA800038BF083501F1010138BF056181600369F4
:10AA9000A3F800A05A809E80DE800B9B01691A44B7
:10AAA000CC888B88234310D0B1F90240002C0CDBFA
:10AAB000C36A9C4209DAD0E901349C4238BF0831AC
:10AAC00004F1010438BF016184600369A3F800A0A8
:10AAD0005A809E80DE80069B93424F469CD1019B0C
:10AAE0000769C3F12006059B4FEA631E049B9E4243
:10AAF00040F0CC81B7F900309E4504D1B7F902305F
:10AB00009A423FF436AEF988BB880B4310D0B7F9B0
:10AB10000230002B0CDBC16A8B4209DAD0E9011349
:10AB20008B4238BF083703F1010338BF07618360E8
:10AB30000369A3F800E0FFE5C26A039CA242FFF6A6
:10AB400018AE069CA242B8BF0132089CB8BF06925C
:10AB5000C3F12002624301240B942024D5E609F0BE
:10AB60001F024FEA61180C92019AB5F804E0B5F89B
:10AB700006A0B04501F01F01A2EB030208D10C9B17
:10AB80001944964402FB01A1A5F804E0E980F9E626
:10AB9000002CC0F2A9800127C1F1200C0A9702FB0A
:10ABA0000CF22027099792FBF4FC099F04FB1C225E
:10ABB000002AB8BF0CF1FF3C39440CFB01A1E9802D
:10ABC000E6440A99A5F804E008EB01050169B1F82B
:10ABD0000680B1F804E0B8BF121958EA0E0710D089
:10ABE000B1F902E0BEF1000F0BDBC76ABE4508DA1F
:10ABF000D0E9017EBE453CBF083101610EF1010183
:10AC000081600169BDF90C800D804FF0000EAE42ED
:10AC1000A1F80280A1F804E0A1F806E0634454D052
:10AC20000199C91A6144490191FBF4FE04FB1E110C
:10AC30000029B8BF0EF1FF3E0EF10107B8BF091998
:10AC4000121B0D97D0F810A00A9FBAF804B0521842
:10AC500054BFDDF834C0F446E344AAF804B0BAF8AF
:10AC600006B00BEB4C1BAAF806B06344D0F810C03A
:10AC7000BCF806B0BCF804A058BF121B3D445BEA08
:10AC80000A0714D0BCF902A0BAF1000F0FDBC76AA3
:10AC9000BA450CDAD0E9017ABA4538BF0CF1080C94
:10ACA0000AF1010A38BFC0F810C0C0F808A0D0F8F7
:10ACB00010C04FF00007AE42ACF80050ACF8028074
:10ACC000ACF80470ACF80670BCD10469019A0C9918
:10ACD000D31AA2881A44A280099A2031891AE288DC
:10ACE00003FB0123E3804DE64FF0FF370A974A4309
:10ACF0006442002756E74FEA671809F01F03D04562
:10AD000007F01F070F931FFA8CFC1FFA8EFE0AD163
:10AD10000A9B9C440F9BA5F804C01F440A9B03FB9D
:10AD200007E7EF80B9E60029C0F2A8800A9CC7F1C6
:10AD30002003634301240D9420240C9493FBF1F42D
:10AD400001FB143B0C9BBBF1000FB8BF04F1FF34B7
:10AD50001F4404FB07E7A444A5F804C0EF80D0F823
:10AD600010C00D9BBCF806E0BCF80470B8BF8B4463
:10AD700008EB03055EEA070311D0BCF902E0BEF15F
:10AD8000000F0CDBC76ABE4509DAD0E9017EBE457B
:10AD90003CBF0CF1080707610EF1010787600769E6
:10ADA00013B210937B800E9B3D805545BE80FE8084
:10ADB00004EB030C51D0019BA3EB0C073C44640152
:10ADC00094FBF1F801FB1844002CB8BF08F1FF38E0
:10ADD000ABEB010308F10107B8BF641809931197A1
:10ADE000099BD0F810E01B1958BF119FBEF804B0A2
:10ADF000099348BF4746BB44AEF804B0BEF806B05E
:10AE00000BEB471BAEF806B0D0F810E0BC440D9F2A
:10AE1000BEF806B03D44BEF804705CBF5B1A0993EF
:10AE20005BEA070311D0BEF902B0BBF1000F0CDBE7
:10AE3000C76ABB4509DAD0E9017BBB453CBF0EF1CF
:10AE4000080707610BF1010787600769109B3D80C8
:10AE500055457B80BE80FE80C2D1019B0F9FA3EB36
:10AE60000C0C03699988614499800C9920377F1AEA
:10AE7000D9880CFB071CA3F806C00EE60A9B4FF00E
:10AE8000FF340D947B434942002456E70599B7F8F7
:10AE90000480B7F806A001F01F014FEA691B029178
:10AEA0000499F34509F01F0CA1EB060408D1029B9D
:10AEB0009C44A04404FB0CA4A7F80480FC8058E444
:10AEC0000599B1EB09015BBFCCF120056C4300256E
:10AED000202544BF04FB0CF449420195019B94FBDF
:10AEE000F1F501FB154454BF4FF001094FF0FF3954
:10AEF000002CB8BF05F1FF359C44A84405FB0CAC01
:10AF0000A7F80480A7F806C0D0F810C0BCF80680E7
:10AF1000BCF80470B8BF641858EA07070BEB0903C4
:10AF200011D0BCF90280B8F1000F0CDBC76AB8453C
:10AF300009DAD0E90178B8453CBF0CF10807076190
:10AF400008F10107876007694FF0000C12B29E45B7
:10AF50003B807A80A7F804C0A7F806C02E444DD0E5
:10AF6000049FBF1B3D446D0195FBF1F801FB185593
:10AF70006545B8BF08F1FF3808F10107B8BF6D1883
:10AF8000641A03974FF0000AD0F810C0641958BF34
:10AF9000039FBCF804B048BF4746BB44ACF804B0BC
:10AFA000BCF806B00BEB471BACF806B0D0F810C0ED
:10AFB0003E44BCF806B0BCF8047058BF641A5BEAA3
:10AFC00007074B4411D0BCF902B0BBF1000F0CDBFA
:10AFD000C76ABB4509DAD0E9017BBB453CBF0CF130
:10AFE000080707610BF10107876007699E453B80F1
:10AFF0007A80A7F804A0A7F806A0C5D1049B9E1BE1
:10B0000003699A8832449A80029A02F1200C019ACC
:10B01000ACEB020CDA8806FB0C26DE80FFF7A9BB3E
:10B02000436A9B07F7B50E46154611D5D0E90512C0
:10B0300086EA010785EA02033B4309D033460095BF
:10B04000FFF73EFB436AC0E9056543F00103436235
:10B0500003B0F0BDF8B5436A15469A0704460E469C
:10B0600001D4FFF7F9FA636ADB0704D5D4E90712C4
:10B070002046FFF7D5FF2369B3F9002070119042F5
:10B080004FEA651103D1B3F9022091421AD0DF884B
:10B090009A883A4310D0B3F90220002A0CDBE76A01
:10B0A000BA4209DAD4E90172BA4238BF083302F170
:10B0B000010238BF2361A2602369002218805980F1
:10B0C0009A80DA806661C4E906562562F8BD2DE9EA
:10B0D000F047D0B06C4600EBC10127460D1A482D51
:10B0E00000F1080340F3D5802D1100EBC502B0F943
:10B0F00000901668B0F9028006605668B0F906C084
:10B10000B0F904E0466020F83590A2F80280A2F879
:10B1100004E0A2F806C031F9065CB0F90AC0654542
:10B12000A1F1080206DB19D1B0F9086031F9085C19
:10B13000AE4213DD0E46B0F9089056F8085DB0F93E
:10B140000C80B0F90EE01D6075685D6021F8089C08
:10B1500021F806CC21F8048C21F802ECB0F9026049
:10B16000B0F90A50AE4206DB16D1B0F900C0B0F912
:10B170000850AC4510DA1D68B0F9008005605D68C4
:10B18000B0F904E0B0F906C0A0F808804560468137
:10B19000A0F80CE0A0F80EC031F9065CB0F902C0CE
:10B1A000654506DB19D131F9086CB0F90050AE42A3
:10B1B00013DA0E46B0F9009056F8085D0560B0F954
:10B1C0000480B0F906E07568456021F8089C21F814
:10B1D00006CC21F8048C21F802EC0833B0F902C047
:10B1E000B3F902E0E645F8DB05D1B3F90060B0F948
:10B1F0000050AE42F1DB1546083AB2F90260B445A0
:10B20000F9DB05D1B0F90080B2F90060B045F2DB9E
:10B210009342A5F1080616D8D6F800C0B3F900A0ED
:10B22000C3F800C0B3F90490B3F90680D6F804C09F
:10B23000C3F804C025F808AC25F806EC25F8049CF2
:10B2400025F8028CC9E7D6F800E0B0F900A0C0F8F4
:10B2500000E0B0F90490B0F90680D6F804E0C0F838
:10B2600004E025F808AC25F806CC25F8049C25F860
:10B27000028CCD1A161AED10B5EBE60FB5BFC4E976
:10B280000002C4E900310A46034608341846114654
:10B2900024E7994228D9A3F11002B2F912C0B2F9F9
:10B2A0000A50AC4506DB1DD1B2F91060B2F9085066
:10B2B000AE4217DA1546B2F9109055F8086F1661CC
:10B2C0006E68B2F91480B2F916E0A2F80890A842AC
:10B2D0005661A2F80AC0A2F80C80A2F80EE0A2F112
:10B2E0000802DAD10833D4E7BC4203D954E9020199
:10B2F000083CF3E650B0BDE8F08710B5436ADA07C2
:10B30000044607D5D0E90712FFF78AFE436A23F007
:10B3100001034362636A9B0721D52369D9889A8810
:10B320000A4310D0B3F90220002A0CDBE16A8A42FA
:10B3300009DAD4E90112914288BF083302F101020F
:10B3400088BF2361A260A16829B16368994202D8CD
:10B35000E068FFF7BCFE636A23F002036362E06803
:10B3600010BD0000014B1868704700BF8426012003
:10B37000014B1868704700BF8826012010B503688C
:10B38000DB6A0C469847031B5842584110BD000029
:10B39000014B1960704700BF8C2601202DE9F04F4A
:10B3A0009646054614460E461F46BEE80F0097B067
:10B3B0000DF11C0CACE80F00DEF80030CCF80030CA
:10B3C00004F1140EBEE80F000DF1300CACE80F00D4
:10B3D000DEF80030CCF8003004F1280EBEE80F0093
:10B3E0000DF1440CACE80F009DF88C90BDF890A0D6
:10B3F000BDF88880DEF80030CCF80030219A2B6848
:10B400000192CDE9039A209A0092CDF80880D3F8F2
:10B410003CB007AA3B4631462846D847A646BEE878
:10B420000F000DF11C0CACE80F00DEF80030CCF87A
:10B43000003004F1280EBEE80F000DF1300CACE82E
:10B440000F003C34DEF80030CCF800300FCC0DF1AA
:10B45000440CACE80F002368CCF800302B68CDE931
:10B46000039A219A0192209A0092CDF80880DC6B11
:10B4700007AA3B4631462846A04717B0BDE8F08FE3
:10B480002DE9F04F8DB088461699D3F800C00F68AB
:10B49000BDF8704092ED094AD2ED0B4AD3ED076A30
:10B4A0001899DDF864A0B1F90090BAF90010D3ED55
:10B4B0000A1A93ED0D2AA7EB0C07BC42A8BF3C4625
:10B4C00007EE904AB8EEE75AD2ED0D7A25EE044A1F
:10B4D00065EE244A25EE275AF7EE007A87EEA67A23
:10B4E00009EB0C0E714571EEA40A32EE051A36EE28
:10B4F000840A61EE871A22EE072A40F38D80A1EBC1
:10B500000E0696FBF4F507EE105AB8EEC77A002D3A
:10B5100004FB1566A7EE040AE7EE240AA7EE051A57
:10B5200013DD70EE446A70EEE41AF5EE406AF1EE57
:10B5300010FA18BF87EEA67A31EE452A08BFB0EEA2
:10B54000677A61EE871A22EE072A05FB04F2BF1A1A
:10B550009444BAF80420114409EB0C023A4409B2AD
:10B560008A42C4BFA1EB0902A2EB0C07002F50DDF9
:10B5700097FBF4F104FB11720AB901392246C7EEB8
:10B58000803A40680B90D0F800A0179808909DF87A
:10B590006CB01898CDF824B0B0F902B05B690B9884
:10B5A0005B44F0EE426A60EEA32A21EE233A72EE8B
:10B5B000E17AFEEEC86AFEEEC87A079317EE907A3B
:10B5C00073EE427AB0EE617AFEEEC87A16EE903AE9
:10B5D00097FBF4F717EE90CABEEEC87A9CFBF4FC1A
:10B5E0000CFB0633029317EE103AB64404FB05E554
:10B5F000CDE9037C07FB0637CDE90585CDE900479A
:10B600000029CCBFA1469146A9EB0603DAF8084011
:10B61000A0470DB0BDE8F08F00252E4699E7000049
:10B620002DE9F04FDBB01D46BDF898310A939DF827
:10B630009C310B93BDF8A031109303680F915F6CA0
:10B64000099014462946DDE90A23DDF894B1B8478C
:10B65000099B5860002800F0A1832B6814936B6845
:10B660001593C44B94ED027A1978D5E90223F2EED2
:10B67000047A0029B4EEE77A16BF1946114613463C
:10B68000F1EE10FA1691CDE9173240F2878394ED6E
:10B69000077AB4EEE77AF1EE10FA40F27F8394ED88
:10B6A0000C7AB4EEE77AF1EE10FA40F27783226872
:10B6B000B14B9A42C0F27283B04963698A4200F387
:10B6C0006D8303F51C33AE48FF33834200F266837B
:10B6D000A36AAC4D03F51C33FF33AB4200F25E832B
:10B6E000626802F51C33FF33834200F25783A1697D
:10B6F00001F51C33FF33834200F25083E36A03F504
:10B700001C30FF30A84200F249838A4280F2108147
:10B710009A4200F31981994280F21D810225012786
:10B72000A946B8464FF0000A214649A803F022FD79
:10B730002246534649A9CDF8009019A803F04AFEC5
:10B740002246534649A9CDF8008029A803F042FEBD
:10B750004346224649A9CDF8009039A803F03AFEA5
:10B76000AF42B5BF002301230E930E930F9B93E8C6
:10B77000030012AFB9BF29AD19AC19AD29AC87E8E8
:10B78000030028B9804B18680368DB6A9847386063
:10B79000649BBBF80600B3F902300C930C99636903
:10B7A0002F9A0B44BBF90210084400B283420D905B
:10B7B00080F2DD808B4208DA002A06DDCB1A9A423D
:10B7C000C0F2E480002B00F3E28067690C9B3B44ED
:10B7D0001F460D9BDF1B9742A8BF17460DF150086F
:10B7E000002F40F36681649B2968B3F90020BBF900
:10B7F00000302068114499421ADDBBF804100B4454
:10B8000002441BB29A4213DC099B109A1B680692F1
:10B810000B9A05920A9A0095CDE903B2649A0998A9
:10B82000CDE9018212A9D3F8489049AA2346C84716
:10B83000D4E900231A44636994ED0A7AD4ED0B7AB3
:10B84000D4ED0E6AA16894ED086A22600133636149
:10B85000A36937EE277A013BD4ED0D7AA361236902
:10B8600084ED0A7A77EEA67AD4ED076AC4ED0D7AF4
:10B870000B44E168236176EE866A8B42C4ED076A69
:10B8800015DB94ED096A76EE266A0132C4ED076A8B
:10B89000D4ED0C6A226036EE877A5B1A84ED0A7A60
:10B8A00094ED0F7A236177EE277AC4ED0D7AD5E90E
:10B8B00000231A446B6995ED0A7AD5ED0B7AD5ED24
:10B8C0000E6AA96895ED086A2A6001336B61AB695D
:10B8D00037EE277A013BD5ED0D7AAB612B6985ED0B
:10B8E0000A7A77EEA67AD5ED076AC5ED0D7A0B4494
:10B8F000E9682B6176EE866A8B42C5ED076A15DB37
:10B9000095ED096A76EE266A0132C5ED076AD5ED36
:10B910000C6A2A6036EE877A5B1A85ED0A7A95ED15
:10B920000F7A2B6177EE277AC5ED0D7A013F57E745
:10B93000994213DC9A4214DA02250327A9464FF0F4
:10B9400000084FF0010AEFE601250027A946B84696
:10B950004FF0020AE8E601250227E1E6002501276B
:10B96000F4E7022703254FF00009B846E9E713463C
:10B9700028E700BF74260120018FFDFF007102003F
:10B98000FFE10400FEE104007C26012013462B9910
:10B990001191DDE9290ADDE92C812E9FDDED344A84
:10B9A0009DED337A9DED374ADDED367ADDED313AA6
:10B9B000DDED306A9DED325ADDED355A9DED386A88
:10B9C0009E469C464FF00009BCF1000F47D103EBA7
:10B9D000070CD71AB9F1000F09D0CDE92EC729906D
:10B9E0008DED337ACDED367ACDED306A2D911B9900
:10B9F0001191DDE9190ADDE91EC7DDE91C91DDEDD4
:10BA0000244ADDED236A9DED274A9DED267ADDED82
:10BA1000213ADDED207A9DED225ADDED255A9DED8E
:10BA2000286A4FF00008BEF1000F31D0119E31445A
:10BA30004945504476EEA46A37EE047A77EEA37A4D
:10BA400008DB77EE857A76EEA56A37EE067A013066
:10BA5000A1EB09010EF1FF3E4FF00108E3E7119E53
:10BA600031444145504437EE247A77EE847A76EEBD
:10BA7000A36A08DB76EE856A37EE257A77EE867A5A
:10BA80000130A1EB08010CF1FF3C4FF001099BE7ED
:10BA90009C44FF1AB8F1000F09D0CDE91EC71990D8
:10BAA000CDED236A8DED267ACDED207A1D91D21A47
:10BAB0008BE60E9B3F9A002B00F0D18019AD39AC7C
:10BAC000649BBBF80600B3F902300C930C996369D0
:10BAD0000B44BBF90210084400B283420D9080F27F
:10BAE000C1808B4208DA002A06DDCB1A9A42C0F2E6
:10BAF000BB80002B00F3B98067690C9B3B441F4659
:10BB00000D9BDF1B9742A8BF17460DF15008002F71
:10BB100040F33C81649B2968B3F90020BBF90030F5
:10BB20002068114499421ADDBBF804100B4402440A
:10BB30001BB29A4213DC099B109A1B6806920B9A5F
:10BB400005920A9A0095CDE903B2649A0998CDE965
:10BB5000018212A9D3F8489049AA2346C847D4E9DC
:10BB600000231A44636994ED0A7AD4ED0B7AD4ED7C
:10BB70000E6AA16894ED086A226001336361A369CB
:10BB800037EE277A013BD4ED0D7AA361236984ED6A
:10BB90000A7A77EEA67AD4ED076AC4ED0D7A0B44E3
:10BBA000E168236176EE866A8B42C4ED076A15DB95
:10BBB00094ED096A76EE266A0132C4ED076AD4ED87
:10BBC0000C6A226036EE877A5B1A84ED0A7A94ED6D
:10BBD0000F7A236177EE277AC4ED0D7AD5E9002339
:10BBE0001A446B6995ED0A7AD5ED0B7AD5ED0E6A9C
:10BBF000A96895ED086A2A6001336B61AB6937EE7D
:10BC0000277A013BD5ED0D7AAB612B6985ED0A7A78
:10BC100077EEA67AD5ED076AC5ED0D7A0B44E96893
:10BC20002B6176EE866A8B42C5ED076A15DB95EDD2
:10BC3000096A76EE266A0132C5ED076AD5ED0C6A0F
:10BC40002A6036EE877A5B1A85ED0A7A95ED0F7ACF
:10BC50002B6177EE277AC5ED0D7A013F57E739ADB5
:10BC600019AC2DE7134644E71346DDE9390A3B9E3C
:10BC7000DDF8F8C09DED437ADDED444ADDED467A0E
:10BC80009DED474ADDED406ADDED413A3D99DDF835
:10BC9000F0809DED425ADDED455A9DED486A0E96C5
:10BCA0009E461F464FF00009002F46D19C44D71AEC
:10BCB000B9F1000F09D0CDE93EC739903D91CDEDE6
:10BCC000406A8DED437ACDED467A1B990E91DDE900
:10BCD000190ADDE91EC7DDE91C91DDED244ADDED21
:10BCE000236A9DED274A9DED267ADDED213ADDEDB3
:10BCF000207A9DED225ADDED255A9DED286A4FF000
:10BD00000008BEF1000F30D00E9E3144494550442A
:10BD100076EEA46A37EE047A77EEA37A08DB77EE44
:10BD2000857A76EEA56A37EE067A0130A1EB090135
:10BD30000EF1FF3E4FF00108E3E70E9E314441450E
:10BD4000504437EE247A77EE847A76EEA36A08DBE5
:10BD500076EE856A37EE257A77EE867A0130A1EBAA
:10BD60000801013F4FF001099EE79C44FF1AB8F11A
:10BD7000000F09D0CDE91EC71990CDED236A8DEDD6
:10BD8000267ACDED207A1D91D21AB5E60F9B1B685D
:10BD900023B9044B186803681B6B98475BB0BDE878
:10BDA000F08F00BF7C260120032B18D8DFE803F0BA
:10BDB00002060D13B0F900205018704703888088E0
:10BDC000184400B2801A01387047038880881844EC
:10BDD00000B2401AF7E7B0F90000104470470020A5
:10BDE0007047032B17D8DFE803F002060910B0F9FB
:10BDF000021050187047B0F90220FAE74388C08853
:10BE0000184400B2801A013870474388C08818442B
:10BE100000B2401AF7E7002070470000014B0022F3
:10BE20001A6070478C2601200346C8B1020C120428
:10BE3000A2B90304102013F07F4F04BF1B02083087
:10BE400013F0704F04BF1B01043013F0404F04BFC8
:10BE50009B000230002B04DB013070470020EAE732
:10BE6000202070472DE9F04F87B00D4616469846C2
:10BE7000DDE91047014620B11AB11F2D01D81F2B53
:10BE800004D90020386007B0BDE8F08F7DB943B118
:10BE90000246CDE900472B4641463046FFF7E2FF18
:10BEA000F1E74FF0FF333B606FF00040EBE732FA11
:10BEB00005FA06D14643B6FBF4F004FB10663E607B
:10BEC000E1E70122AA40013A164000FA05FB30469C
:10BED000BBFBF4F90AFB09F30393FFF7A5FF2B461D
:10BEE0000A46CDE9004701463046FFF7BBFF04FB99
:10BEF00019B90646484605EB0801FFF795FF05AB63
:10BF0000CDE900434A4603465046FFF7ABFF396888
:10BF1000059A039B1144B1FBF4F2D3181E4404FBB1
:10BF2000121430443C60AEE72DE9F04385B0B0F127
:10BF300000090C9C1D46BFBF23685B42C9F1000984
:10BF40002360B4BF4FF0FF360126002A174604DAFB
:10BF500023685B42574276422360002D3846BABFC1
:10BF60006D424FF0FF384FF00108FFF75DFF03AB64
:10BF7000CDE900533A4603464846FFF773FF23686E
:10BF8000039A46451A4492FBF5F3184418BF404201
:10BF900005FB1323721C236005D1002BC3F10002A3
:10BFA0000BDB226006E0012E04D1002B02DA2B44C9
:10BFB0000138236005B0BDE8F0830138521BF0E77B
:10BFC0002DE9FF411C4C0768A36905462BB9406861
:10BFD000C5E9007004B0BDE8F081A268206804AE35
:10BFE0004FF0020893FBF8F10A4446F8042DE1698A
:10BFF00000963A46FFF798FFA3696A68216A00969F
:10C0000007466068FFF790FF6269A36993FBF8F841
:10C0100042440392616A2A6800960744E068FFF789
:10C0200083FF00968046A3696A68A16A2069FFF7CA
:10C030007BFF4044CCE700BF90260120074B1B78D4
:10C04000012B09D1B1F90030B0F900200380044B75
:10C050001B88013B9B1A0B80704700BF7426012090
:10C060007026012010B5074B1B78012B08D1064B19
:10C070000C881B88B0F90020013B1B1B03800A8041
:10C0800010BD00BF742601207026012010B50A4B98
:10C090001B78012B0ED1B0F906104388B0F900408F
:10C0A0004480CA18054B1B889B1A0380B0F90430E2
:10C0B000C380818010BD00BF74260120702601203E
:10C0C000084B1B78012B0CD10388B0F9041042886F
:10C0D00002805A18044B1B889B1A4380C3888380B4
:10C0E000C1807047742601207026012010B5074BCF
:10C0F0001B78012B08D1B1F90030B0F90040038062
:10C100009388013B1B1B0B8010BD00BF74260120D0
:10C1100010B50A4B1B78012B0A460DD18188038884
:10C120000B440146013B21F8023BFFF7DFFFB0F96A
:10C130000430C2888280C38010BD00BF74260120F5
:10C14000064BB3F90020064BA0F83421B3F90030B8
:10C15000A0F836310021C0F8301170477026012058
:10C1600072260120034B186810B103689B691847B9
:10C17000704700BFC02601207047000007B5094B7B
:10C18000B3F90020084BADF80420B3F90030ADF846
:10C1900006300368002100919B6C6946984703B004
:10C1A0005DF804FB7026012072260120094BB3F9CB
:10C1B0000020094B82B0B3F90030ADF80420002113
:10C1C000ADF806300091036802AA12E906001B6C64
:10C1D00002B018477026012072260120034B186810
:10C1E00010B10368DB691847704700BFC026012003
:10C1F000034B186810B103681B6A1847704700BFEB
:10C20000C02601200023A0F8EC307047034B1868CB
:10C2100010B103689B6A1847704700BFC026012011
:10C22000704710B54FF49E71044612F0EAFA2046AA
:10C2300010BD10B5B1F900408A88B0F90030224431
:10C2400012B2934215DA828813441BB29C4210DA70
:10C25000B1F90230C988B0F90220194409B28A4202
:10C2600007DAC088104400B28342ACBF002001202E
:10C2700010BD0020FCE7B0F90030002B10B504DA47
:10C2800084882344838000230380B0F90040B0F900
:10C290000430091B8B42B0F90230C8BF8180002BEB
:10C2A00004DAC1880B44C38000234380B0F9021034
:10C2B000B0F90630521A9342C8BFC28010BD0000C8
:10C2C00010B5104BB3F900200F4B0C462046B3F9C4
:10C2D0000010FFF7D0FF0D4B186890B1036821469E
:10C2E0009B6898470A4B186818B1036821469B68F9
:10C2F0009847084B186803682146DB69BDE8104081
:10C30000184710BD7226012070260120C02601208A
:10C31000BC2601207C260120F8B5064608460F46BB
:10C32000FBF711FCE8B9B7F90050B6F90040A54297
:10C3300017DBB7F90220B6F902309A4211DBB9884F
:10C340000D44B1880C442DB224B2A54209DCF88812
:10C350001044F288134400B21BB29842CCBF0020B4
:10C360000120F8BDF8B5044608460D46FBF7EBFB87
:10C3700078B92046FBF7E7FBB5F9006050B126809D
:10C38000B5F902306380B5F90430A380B5F9063001
:10C39000E380F8BDB4F90010B5F90220B4F9023019
:10C3A000B5F804C0ED88B1420F46A8BF37469342A6
:10C3B00018466644A8BF1046B4F804C027802A4433
:10C3C000E588608061442B4436B209B212B21BB2D8
:10C3D0008E42ACBFC7EB0601C7EB01019A42ACBF6E
:10C3E000C0EB0202C0EB0302A180E280D1E70000B3
:10C3F000014B1868704700BFD026012010B50023FC
:10C40000A0F8A430B0F88030A0F8A6300446B4F804
:10C41000A430B4F8A6209A420ED9E21892F88420EB
:10C4200022B154F8230003681B6D9847B4F8A43078
:10C430000133A4F8A430EAE710BD0023A0F880304F
:10C4400000F18402A43002F8013B8242FBD1704724
:10C4500070B50B4C054620680E4610B103685B6949
:10C460009847281DFFF7E9FF266033683046DB68F0
:10C4700098472B6828465B6CBDE87040184700BFA2
:10C48000C02601200023B0F880C0B0F8A410F0B599
:10C490001A461C461D469C451ADDC61896F884604F
:10C4A0006EB19A4208D01FFA82FE50F8237040F80D
:10C4B0002E70871887F8846001320133EBE7B0F8FB
:10C4C000A6609942A8BF01359E42C8BF0134F4E777
:10C4D000B0F8A630491B1B1BA0F8A410A0F8A6308A
:10C4E000B0F88030934203DD013BA0F88030F7E7DD
:10C4F000F0BD000070B5164D0446286840B1037ABF
:10C5000033B984F8383103689B68BDE87040184738
:10C5100094F838310F4E73B968B1037A5BB1306863
:10C5200010B103681B69984728680368DB6898475F
:10C53000012384F8383104342046FFF75FFF20469A
:10C54000FFF7A0FF306810B103685B6ADDE770BDDC
:10C55000C4260120C0260120034600F1400100222C
:10C560001A805A809A80DA8008338B42F8D1A0F87A
:10C5700040207047F8B506461C4B46F8043B04467D
:10C580000025A8220021304613F07FFAA4F8845039
:10C5900004F1AC00FFF7E0FF04F1EE00FFF7DCFF71
:10C5A000A4F83051A4F83251A4F83451A4F836510B
:10C5B00084F838510E490F480F4F11F0ADFA0F4B68
:10C5C00058B11D800E4A002313600E4A3B6030466E
:10C5D0001360FFF732FF2046F8BD4FF4806202205F
:10C5E0001A80386001F040FFECE700BF681A0208CB
:10C5F000CDB5E8B5C2A507F4C0260120840000200F
:10C60000D0260120C4260120B0F84030013B9BB267
:10C610008B4210B5A0F8403008D900EBC30300EB03
:10C62000C1041A6840F831205A68626010BD0000E9
:10C630002DE9F04F924B8FB00AAC84E80600B3F9B5
:10C640000020904B8346B3F900102046FFF713FEFD
:10C650002046FBF778FA002870D18B4B1B6893F8C3
:10C660004830022B6AD00394BBF8EC400BF1AC03CA
:10C670000BEBC405A43501935CB129460398FFF781
:10C680004BFE013C18B1A1B20198FFF7BDFF083D78
:10C69000F2E7BBF8ECA0CDF810A00AF1FF3302934B
:10C6A0004FEACA0303F1A40406935C44002526461E
:10C6B000CDF814A02F46059B002B73D0039930466C
:10C6C000FFF7B7FD50B3BDF928E0B6F900C0BDF9DA
:10C6D0002A80B6F90290E64533DBBDF82C20B388FA
:10C6E0007244634412B21BB29A422ADCF388BDF84A
:10C6F0002E101FFA89F213449BB2C8451FFA88FC1A
:10C700000FFA83FE0FDBA3EB0C03C91A09B2002951
:10C71000ADF82E1012DDADF82AE00546059B013B71
:10C720000593083EC7E7614409B2714538DCA2EBC6
:10C730000C0212B2ADF82E20002AEEDC0FB0BDE8DC
:10C74000F08FC8452CDBF3889944BDF82E3098440F
:10C750000FFA89F90FFA88F8C14521DBB388BDF8D3
:10C760002C101FFA8CF213449BB2E6451FFA8EF888
:10C770000FFA83F90ADBA3EB0803C91A09B20029EF
:10C78000ADF82C10DADDADF82890C6E7414409B2C7
:10C79000494505DCA2EB080212B2ADF82C20CBE72C
:10C7A0000746BBE7002D81D1002F00F0DF81BDF9E6
:10C7B0002860BDF92A70BDF82EA0B3B20593059A82
:10C7C000BDF82C301344BAB292449BB21FFA8AFAD5
:10C7D0000FFA83F80FFA8AF9CDE90723049B002B9F
:10C7E00054D003992046FFF724FDDDE90723C0B1AB
:10C7F000B4F900E0B4F90210764522DCB4F804C0C4
:10C80000F4440FFA8CFCE0451BDB8F421FFA81FCDD
:10C81000E1880DDCAAEB0C0CA1EB0C01A4F8029052
:10C82000E1802846049901390491083C0546D3E784
:10C83000614409B24945F5DCA2EB0C0CA4F806C032
:10C84000EFE78F42EEDCB4F806C0614409B28945D7
:10C85000E8DB76451FFA8EFCA18807DCA3EB0C0C05
:10C86000A1EB0C01A4F80080A180DAE7614409B2D1
:10C870008845D7DB0599A1EB0C0CA4F804C0D0E7E0
:10C8800072260120702601207C260120002D00F058
:10C890006D81069B5B441C46029B013300F0668160
:10C8A00004F1A40529460398FFF736FD20B1BDF831
:10C8B00008100198FFF7A8FE03992846FFF7B9FC76
:10C8C000002800F09C80B4F9A490B4F9A830BDF918
:10C8D000280009931FFA89F101EB030C1FFA8CFA67
:10C8E000BDF82CC0BDF92AE0B4F9A62083B203EB51
:10C8F0000C05ADB20595BDF9145004954845BBF83B
:10C90000EC5040F399805B1A9BB296450FFA8AF07F
:10C910001EB22EDD029FBDF82E400BEBC708049F10
:10C920003F1AB8F8B2001FFA8EFE92B2AEEB0201C7
:10C93000A644024489B20FFA8EFE12B20DB2AEEBDB
:10C9400002026F437243974209DBB8F8AC20A8F8A3
:10C95000B250ADF828209C44ADF82CC084E62144A8
:10C96000B8F8AE30A8F8B060ADF82E10ADF82A30A7
:10C970007AE6049FB84227DA0299BDF82E500BEBF5
:10C98000C10405EB0E011FFA81F8B4F8B21011448E
:10C99000A1EB080189B20FFA88F9A2EB0E020FFA97
:10C9A00081F83F1A724308FB07F7BA4206DCA4F885
:10C9B000AE90A4F8B280B4F8AC20CAE7A4F8B06096
:10C9C0002944ADF82E104FE60598AAEB000080B27E
:10C9D000062D0FFA80FE17D8049BA4F8A4306B1C18
:10C9E000B4F9AA10A4F8A8E0ABF8EC30019B0198C8
:10C9F00003EBC50320F835905A809E80D980029BB6
:10CA0000013B0293083C47E7029AB6454FEAC2024F
:10CA10000DDB9C441FFA8CFC5A44ADF82CC08C44AE
:10CA2000ADF82890A2F8ACC0A2F8B0E01CE65A44D9
:10CA30008444A2F8B0608FE7BDF82E601FFA8EF133
:10CA400001EB060893B21FFA88F806930FFA88F3F1
:10CA50000793069FB4F8AA303B449BB296450893CF
:10CA600024DA0599A3EB0803AAEB0104A4B29BB254
:10CA700025B219B2A2EB0E02A9EB00006A434843AB
:10CA80008242029A4FEAC2025A4406DC079BA2F88D
:10CA9000B210A2F8AE30A4445EE70499A2F8B050F8
:10CAA000A2F8AC103344ADF82E30DDE5069F049BB0
:10CAB000C91B0FFA8AF789B29F420FFA81FE23DD64
:10CAC000059ABDF92030079DAAEB020292B2A5EBB0
:10CAD000030A14B2A9EB0000029B0EFB00F004FB5A
:10CAE0000AFADB0050455B4403DBA3F8B2E0944450
:10CAF00032E7049AA3F8AC20A3F8B040B3F8AE3004
:10CB0000ADF82A3031445CE7089BA3EB08039BB2E5
:10CB1000062D18B213D8079BA4F8A6306B1CA4F8F6
:10CB2000AA00ABF8EC30019B019903EBC50321F897
:10CB300035905A80099A9A80A3F806E05FE7029C34
:10CB400070454FEAC4040DDB3144069BADF82A2042
:10CB500089B25C44ADF82E101944A4F8AE10A4F8C4
:10CB6000B20081E55C44A4F8B2E09BE7BBF8EC407E
:10CB7000651EADB20BEBC4044FF6FF76B54244D050
:10CB8000BDF92A20B4F9A600BDF92810B4F9A470A3
:10CB900082421FD1BDF92EC0B4F9AA309C4519D1EB
:10CBA000B4F8A830BDF82C20D81900B2884209D1B9
:10CBB000ADF828701344ADF82C3029460198FFF7E2
:10CBC00023FD03E0114409B2B942F3D0013DADB2F7
:10CBD000083CD3E7B942F9D1BDF92C10B4F9A8301B
:10CBE0009942F3D1B4F8AA30BDF82E101F183FB205
:10CBF000BA4205D1ADF82A000B44ADF82E30DCE77F
:10CC00000A4412B29042E1D1F6E7BBF8EC60072E7D
:10CC10004FEAC60412D8751CABF8EC50019DBDF963
:10CC20002800BDF92A10BDF92C20BDF92E3025F8B9
:10CC300036002C446180A280E3807FE50BF1AC03D9
:10CC4000013E5C446FF0004A4FF0FF37002505932A
:10CC5000B4F9A8300293721EB4F9AA300493914635
:10CC600004F1A403B9F1FF3F14BF0599DDF80CE00E
:10CC70001868079218BF01EBC90E0DF1300CBEF811
:10CC80000610BEF80480069318FB01F85968ACE85A
:10CC9000030071460CA8FFF765FBBDF83610BDF820
:10CCA0003400049B029A10FB01F002FB0388A0EB06
:10CCB00008014FF0080C90FBFCF0884220DC514545
:10CCC000DDE9063203DAD9B18A464F46354609F125
:10CCD000FF3919F1020FC5D116460132A4F108043B
:10CCE000B6D1019BACB2ED0058197B1C0BD10146AB
:10CCF0000398FFF737FB21460198FFF785FCB3E463
:10CD00004F463546EDE7019BFF00D919FFF72AFB97
:10CD1000039B03CB5F445D44C7F8AC00C7F8B01079
:10CD200055F8AC0F039B696803C3E4E72DE9F04FA6
:10CD300000F59876A1B004463046FAF704FF0546A0
:10CD400048B9236896E806001B6C20469847C4F84B
:10CD50003051C4F83451B4F8EC30002B49D1B14B08
:10CD60001B6893F84870BB1E5F425F41AE4B1B6867
:10CD7000002B40D0AD4D2846FAF7E5FE06460028C8
:10CD800039D12846FFF782F9236829681B6C6A6845
:10CD9000204698472E806E80AE80EE800FAFA44E66
:10CDA0003846FFF7D9FB3588B4F8ECC02B4604F1C0
:10CDB000AC00634524D2BDF87C10072916D800EBDF
:10CDC000C30230F93390B2F902A0B2F90480B2F98B
:10CDD00006E04A1CADF87C2007EBC10227F8319031
:10CDE000A2F802A0A2F80480A2F806E001339BB2E8
:10CDF000DFE70127BAE7002FD0D121B0BDE8F08FDF
:10CE0000B4F82E31AB420CD904EBC5032268D3F839
:10CE1000EE10176CD3F8F22020460135B847ADB2BA
:10CE2000EEE7804D286890F84830012B40F03B81B8
:10CE3000804A33881278B4F8EC00012A14D004EB4D
:10CE4000C302AE324FF00009834202F1080280F2C1
:10CE5000828032F8041C32F8087C394409B28945D2
:10CE6000B8BF89460133EFE7734F3A889346834250
:10CE700008DA04EBC3010133B1F9AC108B45A8BF4C
:10CE80008B46F4E700230F2ADFF8B091ADF82C2091
:10CE90008CBF4FEAD2084FF00108ADF82E30ADF844
:10CEA0003030ADF83230BDF92C3028685B4540F3A6
:10CEB000C7800368B7F800A0D3F8A8309847BDF939
:10CEC0002CC02B68AAEB000080B2ACEB080E7045BA
:10CED00093F87C1093F86A2005DD584503DD01B90D
:10CEE00092B3584606E00029FBD1002AF9D15845F3
:10CEF000B8BF5846B9F90030ADF82C000022ACEBB1
:10CF00000000B6F800A0ADF82E20ADF83000ADF866
:10CF10003230B4F8EC305345C5DD04EBCA020DAB3A
:10CF200052F8AC0F516803C30DA80BA9FAF7C8FD5E
:10CF30000DA8FAF708FE20B923680DA99B6C2046BE
:10CF400098470AF1010AE4E71A680121D2F8A420FF
:10CF500018469047A7E7394BDFF8DC801F8800238D
:10CF6000CDE90B330F2F8CBFFF080127BDF83230FE
:10CF7000BDF82E20286813441BB24B4560DA0368C5
:10CF8000D3F8A8309847BDF82EE0BDF832302A68B3
:10CF900073441BB203EB070E704592F87CC092F805
:10CFA0006A100DDA48450BDABCF1000F38D10029C0
:10CFB00036D113680121D3F8A43010469847D5E73D
:10CFC000BCF1000F2CD159BB4845A8BF4846B8F961
:10CFD0000020B6F800A0ADF82E300021C01AADF840
:10CFE0002C10ADF83020ADF83200B4F8EC305345D9
:10CFF000BCDD04EBCA020DAB52F8AC0F516803C3A1
:10D000000DA80BA9FAF75CFD0DA8FAF79CFD20B955
:10D0100023680DA99B6C204698470AF1010AE4E7B2
:10D020004846D4E77C260120BC260120C8260120E2
:10D030008400002074260120702601207226012021
:10D04000286803685B6A9847A54B1B78002B3FF460
:10D05000D4AE0023A4F82E31A24BBDF87C601B880F
:10D060000FA804F1EE05B342BFF4C7AEB4F82E1119
:10D07000072915D800EBC30230F93380B2F902E07A
:10D08000B2F904C0B2F906704A1CA4F82E2105EBCF
:10D09000C10225F83180A2F802E0A2F804C0D780CE
:10D0A00001339BB2DFE7022B40F0D180B0F8803033
:10D0B0000893B0F87E300793036890F87DB0D3F8FA
:10D0C000A8309847884B1B880293884B1E88884B52
:10D0D0001B780BF1FF37012B1CBF029B0296BFB2DE
:10D0E0000FFA87F882464FF0000018BF1E46F3F78C
:10D0F000ABFB96FBFBFB0BFB08F8C2450CDA286880
:10D1000003680A21D3F89C30984728680368D3F84D
:10D11000A83098478246F0E70020F3F7BFFB1FFADC
:10D120008BF317FB03F70493BBB205934FF0000892
:10D130007309704F06934546B54285D03868036839
:10D14000D3F8A83098478245814607D9B8F1000F37
:10D1500007D038680368D3F8B83074E7B8F1000F27
:10D1600003D04D45F5D34FF00108049A95FBFBF32E
:10D170000393013313FB02F399B2B8F1000F4ED0C1
:10D1800009EB0B03B342A8BF334607989BB28B420F
:10D1900094BFC5EB0302C5EB01028242A8BF024661
:10D1A00008981FFA82FA824505D215FA82F0864263
:10D1B00001D0994240D201200992F3F745FB38682B
:10D1C000BDF90C100368D3F898309847484B099A7A
:10D1D0001B78BDF90810012B12B24FF0000022D1CC
:10D1E000731BA3EB0A03ADF83430ADF83600ADF88D
:10D1F0003820ADF83A1023680DA99B6C204698475B
:10D200003868039B5942036809B2D3F898309847AD
:10D2100055440120ADB2F3F741FBCA468CE7059BAC
:10D22000A9EB0303B1E7ADF83400ADF83650ADF823
:10D230003810ADF83A20DEE7386803689B6A9847F3
:10D24000386806990368D3F89C309847E5E7032BC4
:10D2500040F03081264BB0F982901B78012B04F10D
:10D26000AC0A00F093803288B4F8EC10013292B22C
:10D2700000293FF4E9AEB4F8B250B4F8AE301D4422
:10D280002DB294464FF000081FFA8CF399424FEAF2
:10D29000C80740F2BA80274404EBCC0EB7F9AE3091
:10D2A000BEF9AE00834240F39C80BEF8B250054404
:10D2B0002DB29D42A8BF1D46E0460CF1010CE3E7EC
:10D2C0000AD1B7F9B200BEF9B2106245B8BF6246E2
:10D2D0008842B8BF984682E08A42B8BF0A467EE0DC
:10D2E0007A26012084000020722601207026012069
:10D2F000742601207C260120E1190DAB51F8AC0FFA
:10D30000496803C3BDF93830BDF834104B45B8BF88
:10D31000BDF93420ADF834200B449B1A0DA8ADF8AC
:10D320003830FEF7CDFE0DA8FAF70DFC70BBBDF945
:10D330003AC02868BDF83830D0F800E0BDF8362093
:10D34000BDF83410CC45D4BF1FFA8CFC1FFA89FC01
:10D35000CDF800C0DEF894B0D8478346ADF83A0067
:10D360000DA8FEF793FE2368274420469B6C0DA969
:10D370009847B7F8B000A0EB0B0000B2A7F8B000D8
:10D3800020B91FFA88F15046FFF73EF9B4F8ECB027
:10D39000BBF1000F3FF458AE3388B4F9AC20013331
:10D3A0009BB24FF0000899B28B454FEAC807A3D94A
:10D3B000274404EBC30EB7F8B010B7F8AC00BEF9C1
:10D3C000ACC00844BEF8B010614400B209B2884253
:10D3D000BFF676AF844562469846B8BF0246013331
:10D3E000E1E70ED1BEF9B000BEF8B2E0B7F9B07017
:10D3F00073441BB29D42A8BF1D468742B8BFE0469A
:10D400005BE78542A8BF054657E70AEB07002744BC
:10D41000CDE90221B7F9B2B0CB45BEBFB7F8AE50E7
:10D420005D442DB2FAF78FFBDDE9022100287FF47D
:10D430001FAFB7F9AE20ADF83A002B48B7F9AC10E2
:10D44000B7F9B0300068ADF83410AD1A4D45ADF8FD
:10D450003620ADF83830A8BF4D46D0F800C0ADB288
:10D460001FFA8BFB5D4594BF0095CDF800B092B2DA
:10D47000DCF894509BB289B2A8472368ADF83A0013
:10D480009B6C0DA920469847BDF83A10B7F8B2300A
:10D49000B7F8AE205B1A0A441BB2A7F8AE20A7F873
:10D4A000B230002B7FF4DFAE1FFA88F15046FFF751
:10D4B000ABF8D8E63588B4F8EC30AB427FF6C4ADB3
:10D4C00004EBC5020DAB52F8AC0F516803C30DA8B5
:10D4D000FAF739FB20B923680DA99B6C20469847C1
:10D4E0000135ADB2E7E700BF7C260120034B0022E7
:10D4F0001A805A809A80DA80704700BFC8260120BF
:10D500002DE9F04F06469DB003A814468A461D46F5
:10D5100001F024F933683046DB6C984733680746DE
:10D520001B6D304698472A46009021463B4603A88B
:10D5300001F067F900252C46A946A84642F20B0BDC
:10D54000002302934FF6FF639C4202D05C4518BF54
:10D55000254602AB3246514603A801F06DFC044655
:10D5600008B10A280AD1C14538BFC1464FF00008AA
:10D57000002CE5D148461DB0BDE8F08F029A002A84
:10D58000DED0577B336894885B6C7F0007F4807033
:10D59000977A2946074330469847384480441FFA13
:10D5A00088F8E5E708B50368DB68984728B1437B4E
:10D5B000807A5B0003F48073184308BD0EB4F0B5A5
:10D5C0009EB023AB054653F8044B039305A801F026
:10D5D000C5F82B682846DB6C98472B6806461B6D00
:10D5E0002846984733461EAE21460090039A0024F1
:10D5F00005A801F006F946F8684D2A46334621464B
:10D6000005A801F019FCF0B10A2818D0049FB7B1A1
:10D61000787B3B7AEA88C10001F4807119434306A4
:10D6200044BFA1F5007319B20001FB7900F48070CA
:10D63000034313445B1A1BB29C42B8BF1C463346DB
:10D640002A460021DCE7A0B21EB0BDE8F04003B0DE
:10D650007047437A8088184480B2704703681B6B18
:10D6600018470EB470B59DB021AB044653F8045B67
:10D67000029303A801F072F823682046DB6C9847F8
:10D68000236806461B6D2046984733460090029A51
:10D69000294603A801F0B5F803A801F04FFC0124C6
:10D6A000A3B240B10A2808BF013303A808BF1CB2C7
:10D6B00001F044FCF4E718461DB0BDE8704003B02B
:10D6C00070470EB4F0B59EB023AB044653F8045B2C
:10D6D000039305A801F042F823682046DB6C9847C5
:10D6E000236806461B6D204698473346294600901E
:10D6F000039A05A81EAD01F084F8002145F8681DC5
:10D7000022462B4605A801F097FB47F6FF76D8B1D5
:10D710000A2812D0049880B1477BE288FB0003F40A
:10D720008071037A0B43790644BFA3F500731BB2E3
:10D73000D31A1BB29E42A8BF1E462B46224600218A
:10D7400005A801F079FBE2E730461EB0BDE8F040E5
:10D7500003B0704713B50368B0F90810B0F90A2098
:10D76000ADF8041000240094ADF806201B6969464A
:10D77000984702B010BD38B50B680C46DB6805460B
:10D78000984723682046DB6A29469847284638BDD3
:10D7900010B40A88848822440A80C4884A882244B3
:10D7A0004A80406920B103685DF8044BDB6A184782
:10D7B0005DF8044B704770B582880B8813440B806A
:10D7C000C2884B880C4613444B800546011D2046F9
:10D7D000FAF776F9B4F90430002B0BDDB4F9063012
:10D7E000002B07DD686928B1036821469B6ABDE804
:10D7F0007040184770BD000070B582880B881344D4
:10D800000B80C2884B880C4613444B800546011D93
:10D810002046FAF755F9B4F90430002B19DDB4F9B4
:10D820000630002B15DD686928B1036821461B69A5
:10D83000BDE870401847074B1B6804339D4208D170
:10D84000FEF7D6FD0368216862681B6CBDE8704076
:10D85000184770BDC026012070B5044616460D4617
:10D8600001B992B1236820469B699847E288A18854
:10D8700032442944204612B209B2F4F73FFF23682C
:10D8800020469B69BDE87040184770BD10B504463E
:10D8900008460023238063800368B0F90A20B1F9A9
:10D8A0000810A180E280DB6A21469847204610BD1F
:10D8B000704710B51C21044610F0A3FF204610BD90
:10D8C000044A02600022C0E90122C0E90322C0E943
:10D8D00005227047BC1A02082DE9F04F044687B0B4
:10D8E000458BB2F800C00591E1680392681C01EB1A
:10D8F00085011CF00105B3F90020029580B27DD0AE
:10D9000007EE902AF8EEE76A6083C1ED006AB3F98A
:10D910000220618B07EE102AE268B8EEC77A4FF05A
:10D92000000E481C02EB810206EE10EA608382EDD5
:10D93000007A218BA2680125481C208355540022BF
:10D94000043307EE902A0093AA46134611462E464A
:10D950000192F6EE005AB4F818800598D4F808B091
:10D9600008F10107A842BFB20BEB080940F3DB80C6
:10D970004CFA06F909F001095FFA89F30493009B58
:10D98000B3F90010B3F90230B9F1000F7DD005EE04
:10D99000101AF8EEC54A05EE103A2783B8EEC55ABC
:10D9A000BAF1000F50D04FF002000BF80800B4F8A5
:10D9B0001A80E76808F1010907EB8807A4F81A90B4
:10D9C000C7ED004AB4F81A80E76808F1010907EBCF
:10D9D0008807A4F81A9087ED005A0136102E06D158
:10D9E000019E03980136019630F816C00026009873
:10D9F000DDF810A0043001350090ACE706EE102AE7
:10DA0000B3F90420B3F902E016EE105A2A4406EEE8
:10DA1000902AB3F906206083F8EEE66AF6EE007A03
:10DA2000724407EE102A66EEA76AB8EEC77AC1ED17
:10DA3000006A618BE26827EE277A481C02EB8102BC
:10DA4000608382ED007A74E74FF005000BF8080060
:10DA5000B4F81A80E768B8EEE74A08F1010907EB65
:10DA60008807A4F81A9087ED004A04EE102AB4F84B
:10DA70001A80E768B8EEC44A08F1010907EB880785
:10DA8000A4F81A9087ED004A91E7BAF1000F46D149
:10DA90004FF0050027830BF80800B4F81A80E768F8
:10DAA000B8EEE75A08F1010907EB880717EE900A6C
:10DAB000A4F81A9087ED005A05EE102AB4F81A80DF
:10DAC000E7680844B8EEC55A07EE900A08F1010964
:10DAD00007EB8807A4F81A90F8EEE77A87ED005A6A
:10DAE000B4F81A80E76867EEA57A08F1010907EB38
:10DAF00088071A44A4F81A90C7ED007A07EE902A16
:10DB0000F8EEE77AB4F81A80E76867EEA57A08F1CC
:10DB1000010907EB8807A4F81A90C7ED007A1A46A6
:10DB200007EE901A59E7BAF1000F45D005EE901AAA
:10DB3000F8EEE55AF4EE665AF1EE10FA08D105EE69
:10DB4000903AF8EEE55AF4EE475AF1EE10FA33D077
:10DB5000029B2783B3B1022389F80030628BE3680C
:10DB6000511C03EB82036183C3ED006A628BE3689F
:10DB7000511C03EB8203618383ED007A009807B0A8
:10DB8000BDE8F08F052389F80030628BE368B8EEBA
:10DB9000C66A511C03EB8203618307EE90EA83EDB2
:10DBA000006A628BE368F8EEE77A511C03EB8203AC
:10DBB0006183C3ED007AD1E705EE902A02992783AD
:10DBC0000523B8EEE75AF8EEE55A89F8003081B13E
:10DBD000628BE368511C03EB8203618383ED005A7F
:10DBE000628BE368511C03EB82036183C3ED005A2F
:10DBF000B4E7658BE1686E1C01EB8501668381EDFE
:10DC0000005A658BE1686E1C01EB85016683C1EDEE
:10DC1000005A658BE1686E1C01EB850117EE900AD6
:10DC200016EE105A284407EE900AF8EEE77AF6EE60
:10DC3000005A67EEA57A72446683C1ED007A07EE5A
:10DC4000902AF8EEE77A618BE56867EEA57A4E1CBC
:10DC500005EB81016683C1ED007A228BA168551C1A
:10DC600025838B5491E700002DE9F0478EB00446E0
:10DC7000884615469946169E9DF864A01A9FF3F7AC
:10DC80006BFC6060B9F1000F00F0E880002800F044
:10DC9000E58005A800F0F9F8336830469B6D984799
:10DCA00005A8F0EE400A00F0F4F86068BAF1030F3E
:10DCB0003BD8DFE80AF00210719F03682A469B6890
:10DCC00041469847DDED1B7AF8EEE70A07EE907AB9
:10DCD000B8EEE70A26E0B5F90620B8F804306988FE
:10DCE000ADF810209B1A5B1AADF80C302B88ADF8FC
:10DCF0000E30AB88ADF81230036803AA9B6841462A
:10DD000098479FED580A05A800F0E8F8B8F90430E4
:10DD10001B9A07EE907A9B1A00EE103AF8EEE70A8B
:10DD2000B8EEC00A05A800F027F96068036805A9E5
:10DD30005B6B984760681799036841F07F419B6A65
:10DD4000984760689DF860100368DB6A98476068D0
:10DD500003680121DB6800259847B9F80070A561C8
:10DD600004F1100304F1080204F1140104F10C00A1
:10DD700009F10206F4F7A0FEAF4260DD318801F13F
:10DD80000F03B21CC3F3071302EB43032046FFF754
:10DD9000A3FD01350646EFE7B5F90420B8F80430D5
:10DDA0002988ADF810209B1A5B1AADF80C30B5F934
:10DDB0000610B8F806306D88ADF812105B1A5B1BC0
:10DDC000ADF80E30036803AA9B68414698479FED63
:10DDD000260A05A800F082F8B8F906301B9A9B1AAB
:10DDE00000EE903AB8F90430DB1B00EE103AF8EE82
:10DDF000E00A95E76B88ADF80C30B5F90420B8F867
:10DE000006302988ADF812209B1A5B1AADF80E3047
:10DE1000EB88ADF81030036803AA9B684146984729
:10DE20009FED120A05A800F059F8B8F90630DDEDAB
:10DE30001B7ADB1B00EE903AF8EEE00A48E76068D8
:10DE4000228B036800210191618B00911D6AD4E946
:10DE50000213A84760680368DB6998470EB0BDE805
:10DE6000F08700BF0000B442000034430000874345
:10DE700000234FF07E52026043608360C360026102
:10DE800043618361C3610262704708B5FFF7F0FF29
:10DE900008BDD0ED007A67EE807AC0ED007AD0ED53
:10DEA000017A67EE807AC0ED017AD0ED027A27EE32
:10DEB000800AD0ED037A80ED020A67EEA07AC0ED09
:10DEC000037AD0ED047A67EEA07AC0ED047AD0ED43
:10DED000057A67EEA00AC0ED050A704710B5DFEDC0
:10DEE000247A20EE270ADFED237A2DED028BC0EE97
:10DEF000278A0446B0EE680A10F0CCFCB0EE408AE7
:10DF0000B0EE680A10F00AFDD4ED036AD4ED004AC1
:10DF100094ED047A94ED015AD4ED025A60EE667ADB
:10DF200066EE886AE8EE247AE0EE246AC4ED007AB0
:10DF300060EE477A27EE087AE8EE057AA0EE057AD9
:10DF4000C4ED017AD4ED057AC4ED036A20EE676A68
:10DF500067EE887AA8EE256ABDEC028BE0EE257AA2
:10DF600084ED026A84ED047AC4ED057A10BD00BF29
:10DF7000DB0F49400000344390ED066AD0ED007A93
:10DF8000D0ED076A90ED087AE6EE007AC0ED007AEF
:10DF9000D0ED017AE6EE807AC0ED017AD0ED027A1A
:10DFA000E7EE007AC0ED027AD0ED037AE6EE207A51
:10DFB000C0ED037AD0ED047AE6EEA07AC0ED047AE3
:10DFC000D0ED057AE7EE207AC0ED057A7047D0ED06
:10DFD000016AD0ED047A90ED037A60EEA77A60EEE4
:10DFE000A60AD0ED006AE7EE007A84B0E6EE800A79
:10DFF00090ED057A90ED020A30EE800A77EE870AFE
:10E0000004B0704730B58380BDF80C30C3809DF8F4
:10E01000103003729DF814309DF818504372837AC3
:10E02000416165F306039DF81C50028365F3C71335
:10E0300083729DF82030C3729DF824300373BDF8BD
:10E040002830C381BDF82C300382014B036030BD02
:10E05000D01A0208F0B54469BCB3A388028BCB1A6E
:10E0600002F1FF3231D493420CDD0E2303FB024355
:10E070009B885B1AD31A9A4227DB002BBCBF022372
:10E0800092FBF3F300250E2695421EDC06FB0340AF
:10E090008788B9421AD00DD25A1E954215DC30F845
:10E0A0000A3C5B1AD31A9A420FDB9D42ECDD5319EE
:10E0B0005B10E9E75D1CAA4207DB438ACB1A2B44BD
:10E0C0009D4202DC9A42DFDAF1E70020F0BDF8B5AC
:10E0D000044617461E4611B900252846F8BD0A29F0
:10E0E000FAD04FF6FF629142F6D042F20B02914213
:10E0F000F2D0FFF7AFFF054650B9236820461B69F1
:10E10000984701462046FFF7A5FF05460028E3D0C3
:10E1100023682946DB6D20469847386023682046EF
:10E12000DB6B98473070D8E70020704701207047BC
:10E1300002207047704770477047704710B50C2138
:10E14000044610F05EFB204610BD10B510210446B9
:10E1500010F057FB204610BD10B50C21044610F0FE
:10E1600050FB204610BD10B53C21044610F049FB81
:10E17000204610BD30B50D46016B87B0044601B393
:10E1800001A8FFF783FB2A89BDF804302879B5F987
:10E1900006108DF81000D21AA38E206BADF8121065
:10E1A0001A446B89BDF80650ADF814205B1BE58E50
:10E1B0002B44054D0395ADF81630036803A99B6CFD
:10E1C000984707B030BD00BF601B02082DE9F04141
:10E1D000036B8AB004460D4613B10B79002B44D073
:10E1E00004F10408414603A8FFF750FB2B79BDF961
:10E1F0000C70BDF90E6083B92A89E98804F13603F1
:10E20000921BC91B019304F13403009312B204F171
:10E21000300309B24046F9F76FFB216B29B305A81B
:10E22000FFF734FBBDF814202B79206B8DF82030DC
:10E23000BF1AEA881744A28E1744BDF81620ADF81D
:10E240002270B61A2A891644E28E1644ADF824606C
:10E25000074A07920026ADF82660036807A95B6CA1
:10E2600098472B790BB1C4E90C660AB0BDE8F08180
:10E27000381B02082DE9F0410C46016B88B00546B9
:10E2800000296DD06846FFF701FBA98EE388BDF930
:10E290000080BDF902700B441BB2434531DBBDF871
:10E2A00004C0C4440FFA8CFC63452ADAEA8E26893E
:10E2B000164436B2BE4224DBBDF80600384400B234
:10E2C00086421EDA6389194409B2414508DB61457B
:10E2D00006DAA3891A4412B2BA4201DB824210DB89
:10E2E000214B049302238DF81430286B0023ADF8E2
:10E2F0001630ADF81830ADF81A30036804A95B6C1D
:10E300009847291D02A8FFF7C1FABDF80830E08838
:10E310002179B5F834C02289EE8E8DF81410A3EB64
:10E320000808BDF80A30DF1BBBB21FFA88F86789FE
:10E33000A489404460441A44B8442344ADF816000C
:10E3400033443244E044094C286B0494ADF818205F
:10E35000ADF81A80ADF81C30036804A9DB6C98474F
:10E3600008B0BDE8F08100BF381B02084C1B020852
:10E3700037B5044634F90C2F013212D10368B0F9D5
:10E380000810B0F90A20ADF80410002500956D467C
:10E390002946ADF806209B6A984795E8030084E873
:10E3A0000300204603B030BD13B5B0F9203001336F
:10E3B000044609D101466846FFF768FABDF8003007
:10E3C0002384BDF802306384B4F9200002B010BD8C
:10E3D00013B5B0F922300133044609D1014668462D
:10E3E000FFF754FABDF800302384BDF8023063848F
:10E3F000B4F9220002B010BD70B50546164B45F8C1
:10E40000043B0023038143818381C38103824382D0
:10E410008382C382C0E9063303628384C38480F8A5
:10E4200028300E4A4363C0E90B330D4B4260B3F909
:10E430000060936B0B4A0446012180F8291080F894
:10E440003810B2F900102846984763682846DB6BFD
:10E4500031469847204670BD741B02089417020885
:10E46000722601207026012007B5094BB3F9002060
:10E47000084BADF80420B3F90030ADF8063003685E
:10E48000002100919B686946984703B05DF804FB42
:10E4900070260120722601202DE9F04FB1F90430D9
:10E4A000002B89B080460C4615460EDDB1F90630CA
:10E4B000002B0ADD2846FFF75BFF2146FDF7B9FE7A
:10E4C000EB6928B91D46002BF4D109B0BDE8F08FE7
:10E4D00004AE002B00F0B5802B682946DB6802A84B
:10E4E00098472846FFF760FFBDF8087007442846A4
:10E4F000FFF76EFFBDF80A30BDF90C20ADF814200F
:10E5000018442146BDF90E30ADF812003FB2304636
:10E51000ADF81630ADF81070F9F7D2FA2846FFF7CB
:10E5200027FF024696E8030006AB83E80300114686
:10E530001846F9F7C5FABDF91830B4F90010BDF95D
:10E540001AA0BDF91CB0BDF91E9099420BD1B4F9C7
:10E550000220524507D1B4F904205A4503D1B4F939
:10E5600006204A456DD0BBF1000F65DDB9F1000F03
:10E5700062DDB4F902201FFA8AF05245009012DAE7
:10E580000193009BB4F90400ADF812209A1AADF87B
:10E590001010ADF81400ADF81620EA693146404677
:10E5A000FFF77AFF019BB4F900209A429FB20DDA7F
:10E5B000ADF81020BA1AADF812A0ADF81420ADF8DD
:10E5C0001690EA6931464046FFF766FF2288A38825
:10E5D0005F4413449BB2BFB23AB219B291420DDD0F
:10E5E000DB1BADF81020ADF812A0ADF81430ADF87B
:10E5F0001690EA6931464046FFF74EFFE28863888D
:10E600001344009A4A449BB21FFA82F90FFA89F226
:10E6100019B28A4215DAB4F90410B4F90000ADF861
:10E620001410A3EB0903ADF81000ADF81220ADF8FB
:10E630001630EA69314601E0EA6921464046FFF7B3
:10E640002BFF2846FFF794FE616802462068334698
:10E6500003C311463046F9F733FABDF91430002BE5
:10E660007FF733AFBDF91630002B7FF72EAF28466A
:10E67000FFF79AFEBDF81030181AADF810002846C2
:10E68000FFF7A6FEBDF81230181AADF812002B687D
:10E6900031469B682846984717E770B50C4686B008
:10E6A000061D00233146054602A80193FFF7EEF848
:10E6B000BDF808302288BDF80A10B4F90400ADF89E
:10E6C0001400D21A6388ADF810205B1AB4F9061052
:10E6D000ADF8161001AA04A93046ADF81230F9F7CA
:10E6E000C7FA019A1AB121462846FFF7D5FE06B0AF
:10E6F00070BD30B50246044652F8080F85B00D468D
:10E7000051686B4603C329466846F9F7D9F994F86E
:10E7100038302BB169462046FFF7BFFF05B030BD4A
:10E720000434214602A8FFF7B1F8BDF80030BDF867
:10E7300008209B1AADF80030BDF80A20BDF8023061
:10E7400069469B1A2046ADF80230F9F758FAE5E71A
:10E750000A680B469269011D1846104738B5002516
:10E7600002230446C0E90055037445610576C5835C
:10E770000584C5860587C587A0F84050C0E91155B6
:10E780000E2229464C3011F080F901232046A4F8CE
:10E790005A50A4F85C50A4F85E5084F8603084F8B5
:10E7A0006150F4F737F9204638BD30B50025012413
:10E7B000436813B9036813B34360037E43B14369ED
:10E7C0002BB11A881AB19A1C4261188830BD05769F
:10E7D0004368198899B19A1C02294260F5D1037CDB
:10E7E000012BE5D85A1C0233027450F823304361E0
:10E7F000002BDDD01B88002BDAD00476D8E7002070
:10E80000E4E730B40160002141601568856052681A
:10E810004364029BC26001744161017601870184F7
:10E82000A0F84010836430BCF4F7F4B8F0B50546A6
:10E830000846E9B105F14C040B4601F108072246F0
:10E8400018685968264603C60833BB423446F7D1D8
:10E85000186830609B88B38095F859305B0103F4E9
:10E86000807195F852300B435B4285F85530104665
:10E87000F0BD38B50C4611681046CD681946A8475A
:10E88000002808BF204638BD2DE9F0418C460546DA
:10E89000144642B9A5F85A20A5F85C20A5F85E20D8
:10E8A0002046BDE8F081507B9388060106F4807213
:10E8B000E6796FF4636116435A1891B21D29B7B215
:10E8C0007ED801228A408A490A424FEAE6062DD1C3
:10E8D00012F4607F74D005F14C02234604F1080E57
:10E8E0001446186859689446ACE803000833734529
:10E8F0006246F6D11868CCF800009B88ACF804306A
:10E90000B5F85C1095F85900B3B2CA1A92B285F8FE
:10E910005420D21020F0600002F060020243CF1BAE
:10E9200085F85920FB1AA5F85C30B9E705F14C02CF
:10E93000234604F108081446186859689646AEE85C
:10E940000300083343457246F6D11868CEF800003C
:10E950009B88AEF80430EB8E05EB4303598C40F6F0
:10E960003363994211D1DCF800306046DB68984788
:10E97000417BCB0003F48072037A13434A0644BF01
:10E98000A3F500731BB2A5F85A30B5F85A3095F8C4
:10E9900059203B4433449BB2A5F85A3085F8543093
:10E9A000DB1022F0600203F06003134385F8593056
:10E9B00095F85E2095F855309B1A85F855306FE72D
:10E9C00023F0040240F61B618A4203D040F61D6228
:10E9D000934237D105F14C06224604F1080834462B
:10E9E00010685168B646AEE80300083242457646E4
:10E9F000F6D11068CEF800009288AEF80420013BF2
:10EA00009BB2624621462846FFF733FF417BCB008D
:10EA100003F48072037A480643EA020344BFA3F575
:10EA200000731BB2A5F85A3095F8593095F8562066
:10EA30005B0003F4807313435A1102EB9303A5F8B0
:10EA40005E3046E0C20002F48071227A0A43410639
:10EA500044BFA2F5007212B2A5F85A2040F609612F
:10EA600023F010028A4203D040F6136293423DD154
:10EA700005F14C0204F108089646206861681646C4
:10EA800003C6083444453246F7D120683060A18877
:10EA9000B18095F85960760006F4807295F856605A
:10EAA000164340F6136293421ABF03F1FF339BB241
:10EAB00040F60C636246714628467446FFF7D9FE5D
:10EAC000437B827A5B0003F480731343F61AA5F844
:10EAD0005E60617BCB0003F48072237A13434A06A5
:10EAE00044BFA3F500731BB2DB1B1CE70023A6E7A2
:10EAF0007900C03F2DE9F043044642B94FF400438A
:10EB0000A0F85A30A0F85C30A4F85E3047E0517BA2
:10EB100093880D0105F48070D5790543042DCCBF91
:10EB20004FEA950E4FF0010EB3F5DD6F00F2AB80AA
:10EB300040F2E760834216D240F25B60834259D8CC
:10EB400040F2576083420ED2B3F5CA6F4AD240F208
:10EB50004E60834207D240F21A6083422AD021D805
:10EB6000B3F5C26F5BD3B4F95A3013F5004F40F0E0
:10EB7000D080B4F95C0010F5004F40F0CA80CB00A3
:10EB800003F48070137A490643EA000344BFA3F5F7
:10EB900000731BB2A4F85A305D1BA4F85C501046F9
:10EBA000BDE8F08340F24B60834238D340F24C60C2
:10EBB0008342D8D9B4F95A00B4F95C3010F5004F4B
:10EBC00040F0F28013F5004F40F0EE80CB0003F4EC
:10EBD0008070137A4E0643EA000344BFA3F5007326
:10EBE0001BB2D9E740F254608342E3D8B3F5CA6F51
:10EBF000E0D9B8E740F274608342B4D02DD840F237
:10EC00005E60834204D840F25D608342D2D3AAE7BB
:10EC100040F25F608342CDD0B3F5CE6FA3D0CB007E
:10EC200003F48070137A490643EA000344BFA3F556
:10EC300000731BB25D1BA4F85A30A4F85C50537BE0
:10EC40005B0103F4807193790B435B00052193FB17
:10EC5000F1F392F909100B4456E740F2E260834267
:10EC600009D840F2DF608342BFF47DAFA3F2D663E0
:10EC7000052BD4D877E740F2E36083429AD040F284
:10EC8000E4608342CAE7B3F50F6F2BD240F6ED0084
:10EC900083428FD240F6E500834216D840F6E40066
:10ECA0008342BFF460AF40F2EC6083420AD840F286
:10ECB000EB608342BFF457AF40F2EA6083423FF417
:10ECC00079AFACE740F2ED60F8E740F6E800834248
:10ECD00002D840F6E70098E740F6E90083427FF467
:10ECE00042AF67E740F6F60083423FF463AF02D8D5
:10ECF00040F6F200F2E740F6FA00834205D840F60B
:10ED0000F9008342FFF42FAF54E740F6FE00834240
:10ED1000AFE704F14C0C174602F108086646386864
:10ED20007968E646AEE8030008374745F446F6D171
:10ED30003868CEF80000B988AEF80410B4F95E0067
:10ED400010F5004F09D0517B9279490101F480718F
:10ED50001143A0EB510084F8550013F5004FADB2FC
:10ED60000DD02B449BB294F8592084F85430DB101A
:10ED700022F0600203F06003134384F8593094F8E2
:10ED80005910CB0003F4807294F854304F0643EAD4
:10ED9000020344BFA3F500731BB2A4F85A305B1BF7
:10EDA000A4F85C303246FAE604F14C0C174602F146
:10EDB0000809664638687968E046A8E8030008371D
:10EDC0004F45C446F6D13868C8F80000B988A8F89D
:10EDD0000410B4F95E0010F5004F09D0517B927910
:10EDE000490101F480711143A0EB510084F85500F2
:10EDF00013F5004F0ED0A3EB0E0394F859209BB2ED
:10EE000084F85430DB1003F0600322F060021343F7
:10EE100084F8593094F85910CB0003F4807294F8B8
:10EE20005430480643EA020344BFA3F500731BB203
:10EE30005D1BA4F85C50B5E72DE9F0411E46C38E7A
:10EE400000EB430304461746B3F82280F3F7A0FD16
:10EE5000054618B930602846BDE8F0813B68014698
:10EE6000DB6838469847A8F5C063B3F5407F024693
:10EE7000306013D2434639462046FFF73BFE3060F0
:10EE8000336843B15A7B9B7A520002F48072134379
:10EE90000CBF0123002384F86130DCE7A5F5606333
:10EEA0009BB27F2B04D839462046FFF7EDFCE6E7FE
:10EEB00094F86130002BE3D040F602139D42DFD17D
:10EEC00001462046FFF7B2FCD9E710B50446B4F876
:10EED0004010238FF1B10A2B2FD0E28F04EB4200B8
:10EEE0000139408FA4F84010511C89B2012984BF18
:10EEF00002F1FF32E28703F101022287E28E98BF1E
:10EF0000E18713449BB2092B88BF0A3B04EB430300
:10EF10005884DCE7238F0A2B0FD02046FFF745FCEF
:10EF2000238F5A1C2287E28E13449BB2092B88BF81
:10EF30000A3B04EB43035884ECE710BD38B5C38E9D
:10EF400000EB43020446558C028F013A02875A1C9B
:10EF500092B2092A86BF093BC386C286FFF7B5FF76
:10EF6000238C012B9CBF01332384E38B0BB9022339
:10EF7000E383E38B013B9BB2E38304EB430428462A
:10EF8000658338BD8A422DE9F047C78E31D9058F98
:10EF9000B0F84080B0F83EC0EE19541A013E1FFA96
:10EFA00084FEB4B2A4EB0E091FFA89F9092C264697
:10EFB00088BFA4F10A06BCF1000F08BF4FF0020C95
:10EFC00000EB46060CF1FF3C1FFA8CFC013CB6F846
:10EFD00022A0A4B200EB4C064C45A6F83AA0E5D11D
:10EFE000A5EB0E050EEB08040587A0F84040A0F83D
:10EFF0003EC0048F641A394489B2092988BF0A398E
:10F000000487C1860A258AB1018F013A92B2013183
:10F0100033F812400187C18E01B9C586C18E01390E
:10F0200089B2C18600EB41014C84ECE7BDE8F047B2
:10F03000FFF74BBF70B50025954211D0C48B31F856
:10F04000026B1444013C641BA4B2012C88BF023C37
:10F0500000EB4404648BB44217D10135ADB2EBE749
:10F06000BDF8102000241344A2B29A420FDAC68ED3
:10F0700031F81450324492B2092A88BF0A3A00EBA0
:10F0800042020134528CAA42EED0002070BD012011
:10F09000FCE72DE9F74F054616468C1C09884FEA18
:10F0A000113A34F81A30B34224D1C1F30329C1F321
:10F0B000031801F00F07CDF800804B465246214659
:10F0C0002846FFF7B7FF834668B10AEB09014144C0
:10F0D00004EB41033A4649462846FFF753FF58469A
:10F0E00003B0BDE8F08F07EB0A014944414404EB4B
:10F0F0004101D2E74FF0000BF1E770B5108898425C
:10F1000017D8481E32F82000984212D300248C42AF
:10F110000FD260184010850032F82060B34202D947
:10F12000013084B2F3E701D281B2F0E72A4450887B
:10F1300070BD0020FCE72DE9F041456C6F88044666
:10F140007F080B26013E13D0E38E04EB43032A46CF
:10F15000B3F82280394643462046FFF7CEFF38B148
:10F1600005EB400142462046FFF793FF0028E9D116
:10F17000BDE8F08170B54A698D6A4B68CE6A541B50
:10F1800000F006819B1B03D06343102293FBF2F334
:10F190000C688A69651B00F0FD80921B03D06A43EE
:10F1A000102492FBF4F29B1A07EE903A9FED884AE6
:10F1B000F8EEE77AB7EE007A67EE847A0A4687EED1
:10F1C000273A034600F10C04B1EE436AD2ED027A0D
:10F1D000C7EE276A1432E3EC016A52ED027A67EE59
:10F1E000A67A9C42C3ED027A52ED017A67EEA67AC6
:10F1F000C3ED057AEAD1CA6A8B69D0ED024AD0ED37
:10F20000003AD0ED016A90ED055A90ED032AD0ED59
:10F21000045A90ED071AD0ED062A9B1A07EE903A91
:10F220004B689B1A07EE103AF8EEE77A76EEE46A3E
:10F2300067EE847A73EEE44AB8EEC77A64EEE77A52
:10F2400027EE047A75EEC55AE6EE877A32EE455A15
:10F2500067EE837AC0ED097A8C6A4A69131B07EE60
:10F26000103AB8EEC77A0B6827EE047A1B1B64EEDF
:10F27000C74A07EE103AB8EEC77A27EE047AE6EEF0
:10F28000874A64EE864AC0ED0A4ACA6A8B699B1AAD
:10F2900006EE903A4B689B1A07EE103AF8EEE66AD3
:10F2A000B8EEC77A66EE846A27EE047A65EE666A7F
:10F2B000E5EE876A66EE836AC0ED0B6A8C6A4A697E
:10F2C000131B07EE103AB8EEC77A0B6827EE047AE4
:10F2D0001B1B25EE475A07EE103AB8EEC77A27EE09
:10F2E000047AA5EE875AD0ED085A25EE065A31EE7B
:10F2F000651A80ED0C5ACA6A8B699B1A07EE103AA0
:10F300004B689B1A01EE903AB8EEC77A72EEE55A56
:10F3100027EE047AF8EEE11A25EEC77A61EE841A38
:10F32000A1EE217A27EE037A80ED0D7A8C6A4A6984
:10F33000131B03EE103AB8EEC33A0B6823EE043AFF
:10F340001B1B65EEC35A03EE103AB8EEC33A23EE28
:10F35000044AE1EE045A25EE866A62EE675A80EDB1
:10F360000E6AE3EEA65AF5EEC05AF1EE10FA13DD7E
:10F370004FF4004362EEE77AC363E3EE877AF5EE7B
:10F38000C07AF1EE10FA15DD4FF40043036470BD4E
:10F390002346FDE62A4606E702D547F6FF73E9E76E
:10F3A00022EE642AA3EE852AB5EEC02AF1EE10FA09
:10F3B000DEDAF2E702D547F6FF73E7E762EEE44AEA
:10F3C000E3EE864AF5EEC04AF1EE10FADCDAF2E737
:10F3D0000000803D2DE9F04714275F4302EB070C46
:10F3E000DCF8045015F10F0E00F1A2804FEA2E1E3A
:10F3F000089CC0F814E01426664302EB0608D8F80F
:10F40000045015F10F0400F19F802411A4EB0E04A9
:10F410008461002C00F08A80DCF80490D8F8044065
:10F420009559A4EB0908D459A5EB040A4FEA0A152B
:10F430000EFB05FE0AFB19EE08FB04E44FEA081672
:10F44000013CA41900F18C8094FBF6FEC0F800E0AA
:10F4500006FB1E440461002DC0F2958095FBF6F476
:10F46000446006FB14558560C660DCF804404569BD
:10F47000D259DFED4D6A91ED0A6AC4EB051407EE2F
:10F48000104A0468C2EB041207EE902AB8EEC77A5D
:10F49000F8EEE77A01EB830327EE267A67EEA67A89
:10F4A000D3ED006AE6EE076A91ED096AE6EE276A97
:10F4B000C0ED076AD0ED016AD1ED095A91ED0A6AF3
:10F4C000F8EEE66AA6EEA56A80ED086A4A6A42622C
:10F4D000D1ED0C5A93ED036AA5EE876AD1ED0B5A74
:10F4E000A5EEA76A80ED0A6AD1ED0B5A91ED0C6A80
:10F4F000A6EEA56A80ED0B6ACA6A026393ED066AFE
:10F50000D1ED0E5AA5EE876AB0EE467A91ED0D6AFE
:10F51000A6EE277A80ED0D7A91ED0D7AD1ED0E7A77
:10F52000E6EE877AC0ED0E7A4B6BC363BDE8F087D9
:10F53000C5F1010515F00F0518BF012510249EFB2C
:10F54000F4FEAEEB050E53E7C5F1010515F00F050E
:10F5500018BF01254FF0100994FBF9F4641B55E71F
:10F56000644294FBF6FECEF1000806FB1E44C0F890
:10F5700000800461002C3FF46EAF6FEA0E0EC0F8FD
:10F5800000E0341B66E76D4295FBF6F4C4F1000E13
:10F5900006FB1455C0F804E08560002D3FF464AF0D
:10F5A000E4434460751B5EE70000803D014B18603A
:10F5B000704700BFE4260120064B1A88824207D814
:10F5C000054B1B8813449842ACBF002001207047B4
:10F5D00000207047042701200827012008B50146B4
:10F5E000FFF7EAFF18B1024B1B6853F8210008BD72
:10F5F000E8260120F0B5244C2368002B42D0234A92
:10F60000234D1188B5F800C0224861444A1C22F0FD
:10F6100001028F001204DE19120C07EB420706608C
:10F620001D4EDA1932600E2202FB0CF2033222F078
:10F6300003023A44194F13443B60194F00233B80A7
:10F64000184F3F68BA1A184F3A60184A9C46138000
:10F650004FF6FF778B420DD12D88306800230E24A2
:10F660009D420FD904FB03020133117B6FF3451157
:10F670001173F5E7226842F823C0026822F813707C
:10F680000133E7E7F0BD00BFE82601200427012091
:10F6900008270120FC260120EC260120F426012069
:10F6A00006270120F026012000270120F82601204E
:10F6B000064B1B6843B939B1054B1A80054B1960DD
:10F6C000054B1860FFF796BF704700BFF426012076
:10F6D00008270120F0260120E826012070B4074CFD
:10F6E000266805461046039A36B92560044C2180E9
:10F6F00070BC1946FFF7DCBF70BC70470C270120B7
:10F7000004270120124A03881288934207D2114A23
:10F710001268142101FB0323B3F9080070470E4956
:10F72000098811448B4204DA9B1A0C4A0E21126894
:10F73000F0E74FF6FE72934208D1094B1B781BB9D4
:10F74000084BB3F900007047074BFAE700207047F9
:10F75000042701200C27012008270120EC26012086
:10F76000742601207626012078260120124A03887B
:10F770001288934207D2114A1268142101FB032315
:10F78000B3F90A0070470E49098811448B4204DA24
:10F790009B1A0C4A0E211268F0E74FF6FE72934254
:10F7A00008D1094B1B781BB9084BB3F9000070470F
:10F7B000074BFAE700207047042701200C2701209F
:10F7C00008270120EC26012074260120782601203C
:10F7D0007626012030B5224A0B881288934213D234
:10F7E000204A1268142101FB03231A8AB3F90C4042
:10F7F000B3F90E105B8A0480C2F30C02C3F30C034E
:10F8000041808280C38024E01749098811448B42DB
:10F8100010DA9B1A0E225343144A1168CA18CD5E9F
:10F82000B2F90240B2F90410B2F906300580448002
:10F830008180E7E74FF6FE7293420BD10C4BB3F990
:10F8400000100C4B8180B3F90020C280002303809C
:10F85000438030BD0023038043808380D2E700BF14
:10F86000042701200C27012008270120EC26012075
:10F870007026012072260120174A038812889342BD
:10F8800013D2164A1268142101FB03231A8A19891C
:10F89000C2F30C028A421DDB588AC0F30C005B895C
:10F8A0009842ACBF0020012070470D4909881144DF
:10F8B0008B420DDA9B1A0B4A12680E2101FB0323BF
:10F8C000B3F904101A89914204DBB3F90600E6E7A4
:10F8D0000020704701207047042701200C270120D9
:10F8E00008270120EC260120124A038811888B4248
:10F8F0000BD2114A126812B152F82300C0B90F4A54
:10F90000116814225343C85870470D4A12880A449C
:10F91000934204DA084A126852F8230070474FF6FF
:10F92000FE72934203D1074B1B68586C704700204E
:10F93000704700BF04270120E82601200C27012082
:10F94000082701207C260120244B02881888824247
:10F9500021D2234B1968142303FB02135868002893
:10F960003AD020490968002936D051F822100029E0
:10F9700032D01A89588950435A7CDB7C5209C3F330
:10F98000421343EAC2030B2B18BF4000033020F0A0
:10F99000030008447047144B1B8803449A421ADA48
:10F9A000124B1B68101A0E2101FB0030037B03F081
:10F9B0001F030B2B0BD1038940895843094B19684E
:10F9C000033020F0030351F82200184470470D2B38
:10F9D00001D10D3070470020704700BF042701207F
:10F9E0000C270120E826012008270120EC26012011
:10F9F00010B51F4B02881B889A421AD21D4B1B68F8
:10FA0000142101FB02314B7C5809CB7C1A49C3F30A
:10FA10004213096843EAC003D8B249B151F8222021
:10FA200032B10E2B21D00F281DD0102808BF022084
:10FA300010BD1249098819448A4209DAD31A104ABA
:10FA400012680E2101FB0323187B00F01F00EFE773
:10FA50004FF6FE739A4208D1F2F790FD0368BDE8B5
:10FA60001040DB6A18470120E2E70020E0E700BF12
:10FA7000042701200C270120E82601200827012067
:10FA8000EC2601201020704700207047024B188898
:10FA9000400080B2704700BF76260120FF2B5ED069
:10FAA0000B2A58D00ED8032A4DD004D8012A4CD0A6
:10FAB0004DD9C36B31E0092A4DD04AD8082A48D025
:10FAC00000232AE02F2A2CD011D82D2A18D031D883
:10FAD0002C2AF5D14A6813785278002AF0D1012BEC
:10FAE0001DD0002B2DD0022BEAD1C36815E0312A9E
:10FAF00004D032D3322A30D0332AE1D1436F0CE024
:10FB00004A6813785278002ADAD1012B04D00FD337
:10FB1000022BD5D1436900E0436A18467047C36998
:10FB2000FBE74B681A785B78002BC9D1002AF4D127
:10FB3000436BF2E74B681A785B78002BC0D1002A40
:10FB4000EBD1C36AE9E7C36CE7E7436DE5E7436CD4
:10FB5000E3E7C36DE1E7436EDFE7C36EDDE70B2A42
:10FB600059D00ED8032A50D004D8012A4FD050D9EA
:10FB7000036CD2E7092A4ED001D8082AA0D1036E1F
:10FB8000CBE72F2A2DD011D82D2A18D033D82C2AE4
:10FB900096D14A6813785278002A91D1012B1ED051
:10FBA000002B30D0022B8BD10369B6E7312A04D069
:10FBB00033D3322A31D0332A82D1836FADE74A68FA
:10FBC00013785278002A7FF47BAF012B05D010D335
:10FBD000022B7FF475AF83699FE7836A9DE7036A11
:10FBE0009BE74B681A785B78002B7FF469AF002A9B
:10FBF00093D1836B91E74B681A785B78002B7FF485
:10FC00005FAF002A89D1036B87E7036D85E7836DBA
:10FC100083E7836C81E7836E7FE7036F7DE72DE9E0
:10FC2000F04F87B0159805929DF864200292DDE9A7
:10FC3000162401914168DDF860E001FB04240268AC
:10FC400002EB4404DEF800200392DEF804200432C4
:10FC50000492029AD643F6B2019A002A03DC059A6E
:10FC6000002A40F32981119ABEF908C0BEF90C7030
:10FC700002F50041129A02F50042002B0EDD081435
:10FC800005D4604503DA101401D4B84207DB139899
:10FC900001441498013B02440234EEE771D0139DF5
:10FCA000581E05FB00152D145FD465455DDA149DC3
:10FCB00005FB0020001458D4B84256DABDF808B04D
:10FCC0009946A246B9F1000F57DDBEF908700398B6
:10FCD0004FEA224C0D1407FB0C0009F1FF39405D7F
:10FCE000049D35F81000BAF800502F124FEA202C6E
:10FCF00007F0F80717FB06F74FEAE5080CF0F80CD9
:10FD0000ED000CFB0B7C08F0FC08C710EDB2C00046
:10FD100018FB06F815FB06F507F0FC07C0B21FFA42
:10FD20008CFC07FB0B8700FB0B5080B2BFB20CF1C1
:10FD3000010505EB1C2C07F10108451C05EB1025FE
:10FD400008EB172813980CF4784CC5F3C4254FEA38
:10FD5000581845EA0C0C08F4FC68014414984CEA65
:10FD6000080C2AF802CB0244ACE7BDF808A04FF01B
:10FD7000000803EB0800002841DC23EAE37304EBEE
:10FD80004304019B002B40F3978030EE040AB7EE4A
:10FD9000007AC7EE007A109B70EEA40A31EE051AC5
:10FDA00020EEA77AF0EE626A61EE277AFEEEC86A6C
:10FDB00077EE622ACDED116AFEEEC82AF0EE436AB4
:10FDC00037EEC33A12EE902ABEEEC83A92FBF3F336
:10FDD00013EE102A1393109B92FBF3F31493019BE1
:10FDE000059AFEEEC86A013B0193CDED126A109BA5
:10FDF000B0EE673A08BF1346F0EE472A2CE70F141F
:10FE000053D4DEF80850BD424FDD5FEA224C4CD49B
:10FE1000DEF80C00604548DD03982DB20CFB0505AB
:10FE2000E85D049D35F810006FF0010505FB08FB47
:10FE30004FEA202C34F80B502F1207F0F80717FB6D
:10FE400006F74FEAE5090CF0F80CED000CFB0A7C14
:10FE500009F0FC09C710EDB2C00019FB06F915FB4B
:10FE600006F507F0FC07C0B21FFA8CFC07FB0A97E7
:10FE700000FB0A50BFB280B20CF1010505EB1C2C4F
:10FE800007F10109451C05EB102509EB17290CF4B6
:10FE9000784CC5F3C4254FEA591945EA0C0C09F40E
:10FEA000FC694CEA090C24F80BC01398014414981F
:10FEB00008F1FF3802445CE707B0BDE8F08F2DE998
:10FEC000F04F85B09346139E169D70680091DDE952
:10FED000142400FB0424326802EB44042A680192D3
:10FEE0006A68DDE911EC04320292F7EE006A009ACA
:10FEF000002A03DCBBF1000F40F3A0800F9AB5F994
:10FF00000890B5F90C8002F50040109A02F5004205
:10FF1000002B0CDD061405D44E4503DA161401D46B
:10FF2000464505DB70446244013B0234F0E70FD0E4
:10FF30005E1E0EFB06073F1441D504EB43069846B0
:10FF40000396B8F1000F59DC23EAE37304EB430492
:10FF5000009B002B72DD30EE040A70EEA40AC6EEA0
:10FF6000807A0E9B31EE051A20EEA77AB0EE626A17
:10FF700061EE277ABEEEC86A77EE622A8DED0F6ACF
:10FF8000FEEEC82AB0EE436A37EEC33A12EE902A6C
:10FF9000BEEEC83A92FBF3FE13EE102A92FBF3FC7E
:10FFA000009BBEEEC86A013B00938DED106A0E9B6C
:10FFB000B0EE673A08BF5B46F0EE472A97E74F4539
:10FFC000BBDA0CFB06263614B7D44645B5DA1E4616
:10FFD000A046002EB8DDB5F908A0019917144FEA24
:10FFE00020490AFB0717029917F8097031F81770B2
:10FFF00028F8027B70446244013EEAE75FEA204948
:020000040801F1
:1000000017D4AE684E4514DD5FEA224A11D4EF687A
:1000100057450EDD019F36B20AFB0676029F16F8A1
:1000200009606FF0010137F8167001FB08F60399BB
:100030008F537044624408F1FF3882E705B0BDE891
:10004000F08F2DE9F04F87B0159C05929DF8642044
:100050000392DDE9162002916168DDF860C001FBC2
:100060000020226802EB40020092DCF8002004929B
:10007000DCF8042004320192039AD543EDB2029ACF
:10008000002A03DC059A002A40F32C81119ABCF95E
:1000900008E0BCF90C7002F50041129A02F500422A
:1000A000002B10DD0C1405D4744503DA141401D4AC
:1000B000BC4209DB139C00982144149C023022446A
:1000C000013B0090ECE771D0139E5C1E06FB04160A
:1000D00036145DD476455BDA149E06FB04242414A2
:1000E00056D4BC4254DADDF80090BDF80CA0984616
:1000F000B8F1000F54DDBCF908700498141407FB24
:1001000004040E14019814F806E0B9F800400EEB50
:100110004E0E00EB0E0B27129BF802609BF801B00D
:1001200010F80EE0139816FB0AF607F0F80707FB25
:100130000567E610E400E4B21BFB0AFB14FB05F4C0
:1001400006F0FC06BFB206FB05B60EFB0A4EB6B2C1
:100150001FFA8EFE7C1C04EB172706F1010B0EF133
:10016000010404EB1E240BEB162B07F47847C4F3B1
:10017000C4244FEA5B1B27430BF4FC6B0144149827
:1001800047EA0B0729F8027B024408F1FF38AFE782
:10019000BDF80C904FF0000E03EB0E04002C43DC76
:1001A000009A23EAE37302EB43030093029B002BC4
:1001B00040F3988030EE040AB7EE007AC7EE007A7A
:1001C000109B70EEA40A31EE051A20EEA77AF0EE2D
:1001D000626A61EE277AFEEEC86A77EE622ACDED9A
:1001E000116AFEEEC82AF0EE436A37EEC33A12EE09
:1001F000902ABEEEC83A92FBF3F313EE102A139343
:10020000109B92FBF3F31493029B059AFEEEC86ACF
:10021000013B0293CDED126A109BB0EE673A08BF26
:100220001346F0EE472A2AE70F1454D4DCF808608E
:10023000BE4250DD5FEA22484DD4DCF80C40444514
:1002400049DD049C36B208FB06466FF0010016F843
:100250000780019C00FB0EFA08EB4808009804EBAD
:10026000080B30F80A409BF8026001989BF801B037
:1002700010F808800098271216FB09F607F0F80717
:1002800007FB0567E610E400E4B21BFB09FB14FB67
:1002900005F406F0FC06BFB206FB05B608FB0948EC
:1002A000B6B21FFA88F87C1C04EB172706F1010B85
:1002B00008F1010404EB18240BEB162B07F4784724
:1002C000C4F3C4244FEA5B1B27430BF4FC6B47EADF
:1002D0000B0720F80A701398014414980EF1FF3EA2
:1002E000024459E707B0BDE8F08F00002DE9F04F58
:1002F00085B0F7EE006A139E0392DDE9142470685E
:10030000169DDDF844C06F68019100FB042432683B
:1003100002EB44042A6802920437019A002A03DCA3
:10032000039A002A40F3CC800F9AB5F90890B5F9EA
:100330000C8002F50040109A02F50042002B0DDD02
:10034000061405D44E4503DA161401D4464506DBDF
:10035000129E60443244013B0234EFE70FD05E1E30
:100360000CFB060E5FEA2E4E43D5984604EB430A7B
:10037000B8F1000F71DC23EAE37304EB4304019B43
:10038000002B40F39D8030EE040A70EEA40AC6EE06
:10039000807A0E9B31EE051A20EEA77AB0EE626AE3
:1003A00061EE277ABEEEC86A77EE622A8DED0F6A9B
:1003B000FEEEC82AB0EE436A37EEC33A12EE902A38
:1003C000BEEEC83A92FBF3FC13EE102A92FBF3F355
:1003D0001293019B039ABEEEC86A013B01938DED17
:1003E000106A0E9BB0EE673A08BF1346F0EE472A3C
:1003F00093E7CE45B9DA129901FB06263614B4D438
:100400004645B2DA9846A246B8F1000FB3DDB5F919
:1004100008900299161409FB06164FEA204E2A4945
:1004200016F80EE00EEB4E0E07EB0E0B60449BF839
:1004300001609BF80290F60001EA092906F4FC66C7
:1004400049EA060617F80E90129946EAD9062AF8E4
:10045000026B0A4408F1FF38D6E75FEA204929D445
:10046000AE684E4526DD5FEA224B23D4E968594544
:1004700020DD02990FFA86FE0BFB0E1E6FF00101C4
:100480001EF809E00EEB4E0E07EB0E0601FB08F915
:1004900096F802B07678A1F2FE71F60001EA0B2B15
:1004A00006F4FC664BEA060617F80EB046EADB06D1
:1004B0002AF80960129960440A4408F1FF3857E7A6
:1004C00005B0BDE8F08F00BF00F8FFFF2DE9F04F49
:1004D00087B08B46159804929DF864200592DDE95B
:1004E00016244168DDF860C001FB0424026802EBB9
:1004F0004404DCF800200192DCF80420043202926B
:10050000F7EE006ABBF1000F03DC049A002A40F307
:100510003881119ABCF90870BCF90C6002F50040F2
:10052000129A02F50041002B0EDD021405D4BA42E6
:1005300003DA0A1401D4B24207DB139A1044149A66
:10054000013B11440234EEE719D0139D5A1E05FBFE
:1005500002052D1409D4BD4207DA149D05FB0212D1
:10056000121402D4B242C0F2AC804FF0000E03EB82
:100570000E02002A3EDC23EAE37304EB4304BBF1E2
:10058000000F40F3FE8030EE040A70EEA40AC6EEBF
:10059000807A109BBBF1010B31EE051A20EEA77A91
:1005A000B0EE626A61EE277ABEEEC86A77EE622A22
:1005B0008DED116AFEEEC82AB0EE436A37EEC33AFB
:1005C00012EE902ABEEEC83A92FBF3F313EE102A15
:1005D000BEEEC86A1393109B92FBF3F3049A149334
:1005E0008DED126A109BB0EE673A08BF1346F0EE2D
:1005F000472A87E706145DD4DCF80850B54259DD78
:100600000F1457D4DCF80C20BA4253DD019A2DB2F6
:1006100007FB0525AA5D029D55F822502E0E49D0F4
:100620006FF0010202FB0EF2039234F80280059A89
:100630005643721C02EB262212121FFA82F94FEA6D
:100640002827C5F30746D243D2B216FB09F607F0B6
:10065000F80707FB0267C5F3072A4FEAE806EDB281
:100660004FEAC8085FFA88F815FB09F508FB025540
:10067000BFB21AFB09FAADB206F0FC0606FB02A6F1
:100680007A1C05F1010A02EB17270AEB152AB6B20C
:10069000CAF3C42A07F478474AEA070706F1010AB1
:1006A0000AEB162A4FEA5A1A0AF4FC6A039A47EA36
:1006B0000A07A752139A1044149A0EF1FF3E1144F0
:1006C00055E74FF00008A3EB0802002A7FF753AF6D
:1006D000BCF90860019F0A14051406FB0272525D02
:1006E000029D55F822502E0E44D0059A34F818E099
:1006F0005643721C02EB262212121FFA82F94FEAAD
:100700002E27C5F30746D243D2B216FB09F607F0EF
:10071000F80707FB0267C5F3072A4FEAEE06EDB2BA
:100720004FEACE0E5FFA8EFE15FB09F50EFB025561
:10073000BFB21AFB09FAADB206F0FC0606FB02A630
:100740007A1C05F1010A02EB17270AEB152AB6B24B
:10075000CAF3C42A07F478474AEA070706F1010AF0
:100760000AEB162A4FEA5A1A0AF4FC6A47EA0A0701
:1007700024F81870139A1044149A08F101081144CF
:10078000A1E707B0BDE8F08F2DE9F04F85B08B46AB
:1007900013980392DDE914244168DDF858E001FB69
:1007A0000424026802EB4404DEF800200092DEF824
:1007B000042004320192F7EE006ABBF1000F03DC63
:1007C000039A002A40F353810F9ABEF90870BEF9CC
:1007D0000C6002F50041109A02F50042002B0EDD7C
:1007E000081405D4B84203DA101401D4B04207DB70
:1007F000119801441298013B02440234EEE717D0ED
:10080000119D581E05FB00152D1409D4BD4207DAB1
:10081000129D05FB0020001402D4B042C0F2BC803F
:100820000026981900283EDC23EAE37304EB430416
:10083000BBF1000F40F31B8130EE040A70EEA40AF6
:10084000C6EE807A0E9BBBF1010B31EE051A20EE4D
:10085000A77AB0EE626A61EE277ABEEEC86A77EEDA
:10086000622A8DED0F6AFEEEC82AB0EE436A37EEBB
:10087000C33A12EE902ABEEEC83A92FBF3F313EE9F
:10088000102ABEEEC86A11930E9B92FBF3F3039AF3
:1008900012938DED106A0E9BB0EE673A08BF1346B7
:1008A000F0EE472A89E70F1426D4DEF80850BD423F
:1008B00022DD5FEA224C1FD4DEF80C0060451BDD10
:1008C00000982DB20CFB0505E85D019D55F8200050
:1008D000070EFF2F16D16FF0010505FB06F7A5F2F5
:1008E000FE7505EA102C450905F4FC654CEA050582
:1008F000C0F3C4000543E553119801441298013E2A
:1009000002448EE7FDB2002FF6D06FF00107774367
:100910001FFA85F934F8078002974FEA282CC0F3B4
:100920000747ED43EDB217FB09F70CF0F80C0CFB91
:10093000057CC0F3072A4FEAE807C0B24FEAC808AF
:100940005FFA88F810FB09F008FB050080B21FFA77
:100950008CFC1AFB09FA07F0FC0707FB05A700F15E
:10096000010A0CF101050AEB102A05EB1C2CBFB2A1
:10097000CAF3C42A0CF4784C4AEA0C0C07F1010AB9
:100980000AEB172A4FEA5A1A0AF4FC6A02984CEA50
:100990000A0C24F800C0AFE74FF00008A3EB0800F2
:1009A00000287FF741AFBEF90860009F10140D14B6
:1009B00006FB0070405D019D55F820502E0EFF2E65
:1009C00012D12C4800EA1526680900F4FC60304377
:1009D000C5F3C405284324F818001198014412985F
:1009E00008F101080244D9E7F0B2002EF5D034F83E
:1009F00018C01FFA80F94FEA2C27C5F30746C043F9
:100A0000C0B216FB09F607F0F80707FB0067C5F34D
:100A1000072A4FEAEC06EDB24FEACC0C5FFA8CFCE9
:100A200015FB09F50CFB0055BFB21AFB09FAADB274
:100A300006F0FC0606FB00A6781C05F1010A00EB97
:100A400017270AEB152AB6B2CAF3C42A07F4784767
:100A50004AEA070706F1010A0AEB162A4FEA5A1A70
:100A60000AF4FC6A47EA0A0724F81870B5E705B0EB
:100A7000BDE8F08F00F8FFFF2DE9F04F87B08B46FF
:100A8000159C04929DF864200592DDE916206168AA
:100A9000DDF860E001FB0020226802EB4000DEF898
:100AA00000200192DEF804200292F7EE006ABBF10A
:100AB000000F03DC049A002A40F34281119ABEF928
:100AC0000870BEF90C6002F50041129A02F500426E
:100AD000002B0EDD0C1405D4BC4203DA141401D42F
:100AE000B44207DB139C2144149C013B2244023096
:100AF000EEE719D0139D5C1E05FB04152D1409D4D7
:100B0000BD4207DA149D05FB0424241402D4B44228
:100B1000C0F2B1804FF0000803EB0804002C3EDC6B
:100B200023EAE37300EB4300BBF1000F40F30881BD
:100B300030EE040A70EEA40AC6EE807A109BBBF178
:100B4000010B31EE051A20EEA77AB0EE626A61EE73
:100B5000277ABEEEC86A77EE622A8DED116AFEEE44
:100B6000C82AB0EE436A37EEC33A12EE902ABEEEC0
:100B7000C83A92FBF3F313EE102ABEEEC86A139341
:100B8000109B92FBF3F3049A14938DED126A109B61
:100B9000B0EE673A08BF1346F0EE472A87E70E1417
:100BA00062D4DEF80850B5425EDD17145CD4DEF87E
:100BB0000C40BC4258DD2DB207FB0565029C665D0A
:100BC000002E51D0019C34F815906FF0010404FB05
:100BD00008F40394055B059C6643741C04EB16241F
:100BE0002412A7B22E12E443E4B24FEA292C06F0F5
:100BF000F80616FB04F64FEAE50A0CF0F80CED00D7
:100C00000CFB076CEDB24FEAE9064FEAC90915FB88
:100C100004F55FFA89F90AF0FC0A09FB07551AFB8B
:100C200004FA1FFA8CFCADB206F0FC0606FB07A620
:100C30000CF1010405F1010A04EB1C2C0AEB152A46
:100C4000B6B2CAF3C42A0CF4784C4AEA0C0C06F18A
:100C5000010A0AEB162A4FEA5A1A0AF4FC6A039CA4
:100C60004CEA0A0C20F804C0139C2144149C08F19F
:100C7000FF38224450E74FF00009A3EB0904002C91
:100C80007FF74EAFBEF908600D14141406FB045430
:100C9000029D2E5D002E4CD0019D35F81480059CE0
:100CA00030F819506643741C04EB16242412A7B2C2
:100CB0002E12E443E4B24FEA282C06F0F80616FBA5
:100CC00004F64FEAE50A0CF0F80CED000CFB076C9B
:100CD000EDB24FEAE8064FEAC80815FB04F55FFAE3
:100CE00088F80AF0FC0A08FB07551AFB04FA1FFAF9
:100CF0008CFCADB206F0FC0606FB07A60CF1010465
:100D000005F1010A04EB1C2C0AEB152AB6B2CAF352
:100D1000C42A0CF4784C4AEA0C0C06F1010A0AEBDE
:100D2000162A4FEA5A1A0AF4FC6A4CEA0A0C20F80E
:100D300019C0139C2144149C09F1010922449CE729
:100D400007B0BDE8F08F2DE9F04F85B08B46139CBE
:100D50000392DDE914206168DDF8588001FB002072
:100D6000226802EB4000D8F800200092D8F8042056
:100D70000192F7EE006ABBF1000F03DC039A002A30
:100D800040F346810F9AB8F90870B8F90C6002F583
:100D90000041109A02F50042002B0EDD0C1405D420
:100DA000BC4203DA141401D4B44207DB119C214481
:100DB000129C013B22440230EEE717D0119D5C1ECD
:100DC00005FB04152D1409D4BD4207DA129D05FB5D
:100DD0000424241402D4B442C0F2B38000269C1927
:100DE000002C3EDC23EAE37300EB4300BBF1000F71
:100DF00040F30E8130EE040A70EEA40AC6EE807A4B
:100E00000E9BBBF1010B31EE051A20EEA77AB0EE76
:100E1000626A61EE277ABEEEC86A77EE622A8DEDCD
:100E20000F6AFEEEC82AB0EE436A37EEC33A12EEFE
:100E3000902ABEEEC83A92FBF3F313EE102ABEEEF0
:100E4000C86A11930E9B92FBF3F3039A12938DEDF4
:100E5000106A0E9BB0EE673A08BF1346F0EE472AC1
:100E600089E70F1418D4D8F80850BD4214DD5FEAA2
:100E7000224C11D4D8F80C4064450DDD2DB20CFB8A
:100E80000575019C645DFF2C0CD1009C34F8155055
:100E90006FF0010474430553119C2144129C013EE0
:100EA00022449CE7002CF7D0009F37F815906FF094
:100EB000010575430295455B1FFA84FC2F12E4433C
:100EC000E4B24FEA292E07F0F80717FB04F74FEAC0
:100ED000E50A0EF0F80EED000EFB0C7EEDB24FEAC7
:100EE000E9074FEAC90915FB04F55FFA89F90AF029
:100EF000FC0A09FB0C551AFB04FA1FFA8EFEADB270
:100F000007F0FC0707FB0CA70EF1010405F1010A2D
:100F100004EB1E2E0AEB152ABFB2CAF3C42A0EF444
:100F2000784E4AEA0E0E07F1010A0AEB172A4FEA39
:100F30005A1A0AF4FC6A029C4EEA0A0E20F804E0EF
:100F4000AAE74FF00009A3EB0904002C7FF74AAF92
:100F5000B8F9086014140D1406FB0455019C645D77
:100F6000FF2C0BD1009C34F8154020F81940119C3F
:100F70002144129C09F101092244E4E7002CF6D037
:100F8000009E36F815E030F81950A7B22E12E4434F
:100F9000E4B24FEA2E2C06F0F80616FB04F64FEAF0
:100FA000E50A0CF0F80CED000CFB076CEDB24FEA13
:100FB000EE064FEACE0E15FB04F55FFA8EFE0AF040
:100FC000FC0A0EFB07551AFB04FA1FFA8CFCADB2A3
:100FD00006F0FC0606FB07A60CF1010405F1010A68
:100FE00004EB1C2C0AEB152AB6B2CAF3C42A0CF483
:100FF000784C4AEA0C0C06F1010A0AEB162A4FEA71
:101000005A1A0AF4FC6A4CEA0A0C20F819C0AEE736
:1010100005B0BDE8F08F2DE9F04F85B0139803922D
:101020009DF85C200192DDE9142400914168DDF80F
:1010300058E001FB0424026802EB4404DEF80020BF
:101040000292019AD643F6B2009A002A03DC039A70
:10105000002A40F324810F9ABEF908C0BEF90C7033
:1010600002F50041109A02F50042002B0EDD081433
:1010700005D4604503DA101401D4B84207DB119897
:1010800001441298013B02440234EEE76ED0119DF8
:10109000581E05FB00152D145CD465455ADA129DC7
:1010A00005FB0020001455D4B84253DABDF804B053
:1010B0009946A246B9F1000F54DDBEF908700D142F
:1010C000101407FB0050029D35F81000BAF80050CC
:1010D0002F124FEA202C07F0F80717FB06F74FEA0C
:1010E000E5080CF0F80CED000CFB0B7C08F0FC089C
:1010F000C710EDB2C00018FB06F815FB06F507F0A7
:10110000FC07C0B21FFA8CFC07FB0B8700FB0B50DF
:1011100080B2BFB20CF1010505EB1C2C07F10108F0
:10112000451C05EB102508EB172811980CF4784C9A
:10113000C5F3C4254FEA581845EA0C0C08F4FC68BE
:10114000014412984CEA080C2AF802CB024409F137
:10115000FF39AFE7BDF804A04FF0000803EB08002B
:10116000002841DC23EAE37304EB4304009B002BDB
:1011700040F3958030EE040AB7EE007AC7EE007AAD
:101180000E9B70EEA40A31EE051A20EEA77AF0EE5F
:10119000626A61EE277AFEEEC86A77EE622ACDEDCA
:1011A0000F6AFEEEC82AF0EE436A37EEC33A12EE3B
:1011B000902ABEEEC83A92FBF3F313EE102A119375
:1011C0000E9B92FBF3F31293009B039AFEEEC86A08
:1011D000013B0093CDED106A0E9BB0EE673A08BF5D
:1011E0001346F0EE472A2FE70F1451D4DEF80850CB
:1011F000BD424DDD5FEA224C4AD4DEF80C0060456A
:1012000046DD2DB20CFB0575029830F815006FF025
:10121000010505FB08FB4FEA202C34F80B502F1278
:1012200007F0F80717FB06F74FEAE5090CF0F80C92
:10123000ED000CFB0A7C09F0FC09C710EDB2C00000
:1012400019FB06F915FB06F507F0FC07C0B21FFAFB
:101250008CFC07FB0A9700FB0A50BFB280B20CF16E
:10126000010505EB1C2C07F10109451C05EB1025B8
:1012700009EB17290CF4784CC5F3C4254FEA59192A
:1012800045EA0C0C09F4FC694CEA090C24F80BC083
:1012900011980144129808F1FF3802445EE705B046
:1012A000BDE8F08F2DE9F04F85B09346139E169D53
:1012B00070680191DDE9142400FB04243268DDE943
:1012C00011EC02EB44042A680292F7EE006A019ADC
:1012D000002A03DCBBF1000F40F39A800F9AB5F9A6
:1012E0000890B5F90C8002F50040109A02F5004212
:1012F000002B0CDD061405D44E4503DA161401D478
:10130000464505DB70446244013B0234F0E70FD0F0
:101310005E1E0EFB06073F1441D504EB43069846BC
:101320000396B8F1000F56DC23EAE37304EB4304A1
:10133000019B002B6CDD30EE040A70EEA40AC6EEB1
:10134000807A0E9B31EE051A20EEA77AB0EE626A23
:1013500061EE277ABEEEC86A77EE622A8DED0F6ADB
:10136000FEEEC82AB0EE436A37EEC33A12EE902A78
:10137000BEEEC83A92FBF3FE13EE102A92FBF3FC8A
:10138000019BBEEEC86A013B01938DED106A0E9B76
:10139000B0EE673A08BF5B46F0EE472A97E74F4545
:1013A000BBDA0CFB06263614B7D44645B5DA1E4622
:1013B000A046002EB8DDB5F908A0029917144FEA2F
:1013C00020490AFB0797704431F8177028F8027B10
:1013D0006244013EEDE75FEA204914D4AE684E4511
:1013E00011DD5FEA224A0ED4EF6857450BDD36B2B5
:1013F0000AFB0696029F6FF0010137F8167001FB99
:1014000008F603998F537044624408F1FF3888E767
:1014100005B0BDE8F08F2DE9F04F87B08B461598E9
:1014200003929DF864200492DDE916254168DDF8F9
:10143000609001FB0525026802EB4505D9F8002004
:101440000192F7EE006ABBF1000F03DC039A002A59
:1014500040F35981119AB9F90870B9F90C6002F595
:101460000040129A02F50041002B0EDD021405D453
:10147000BA4203DA0A1401D4B24207DB139A1044C9
:10148000149A013B11440235EEE717D0139C5A1E03
:1014900004FB0204241409D4BC4207DA149C04FBA4
:1014A0000212121402D4B242C0F2BF800027DA192D
:1014B000002A3EDC23EAE37305EB4305BBF1000F92
:1014C00040F3218130EE040A70EEA40AC6EE807A61
:1014D000109BBBF1010B31EE051A20EEA77AB0EE9E
:1014E000626A61EE277ABEEEC86A77EE622A8DEDF7
:1014F000116AFEEEC82AB0EE436A37EEC33A12EE26
:10150000902ABEEEC83A92FBF3F313EE102ABEEE19
:10151000C86A1393109B92FBF3F3039A14938DED17
:10152000126A109BB0EE673A08BF1346F0EE472AE6
:1015300089E706142DD4D9F80840B44229DD5FEAC2
:10154000214C26D4D9F80C20624522DD24B2019A20
:101550000CFB046452F82440220E1AD0049E7243FD
:10156000561C06EB22221212260AFF2A059616D1D5
:101570006FF0010202FB07FC26F4FF66620902F429
:10158000FC6226F007061643C4F3C404264325F87C
:101590000C60139A1044149A013F114487E76FF0CE
:1015A00001067E431FFA82FA35F8068002964FEA5A
:1015B000282EC4F3074CD243D2B21CFB0AFC0EF017
:1015C000F80E0EFB02CEE4B24FEAE80C4FEAC80870
:1015D0009DF814605FFA88F814FB0AF408FB0244D3
:1015E0001FFA8EFE16FB0AF6A4B20CF0FC0C0CFBE4
:1015F000026C0EF10102661C02EB1E2E06EB142695
:101600001FFA8CFCC6F3C4260EF4784E46EA0E0E82
:101610000CF1010606EB1C26760906F4FC66029A1C
:101620004EEA060E25F802E0B3E74FF00008A3EB00
:101630000802002A7FF73EAFB9F9086004140A14C3
:1016400006FB0242019C54F82240220E16D0049E52
:101650007243561C06EB22221212FF2A4FEA14266E
:1016600013D1620926F4FF6602F4FC6226F0070635
:101670001643C4F3C404264325F81860139A104493
:10168000149A08F101081144D1E735F818E01FFA5F
:1016900082FA4FEA2E2CC4F30747D243D2B217FB8B
:1016A0000AF70CF0F80C0CFB027CE4B24FEAEE07F0
:1016B0004FEACE0E5FFA8EFE14FB0AF40EFB0244D4
:1016C000F6B21FFA8CFC16FB0AF6A4B207F0FC0770
:1016D00007FB02670CF10102661C02EB1C2C06EBF7
:1016E0001426BFB2C6F3C4260CF4784C46EA0C0CA0
:1016F0007E1C06EB1726760906F4FC664CEA060CFF
:1017000025F818C0BAE707B0BDE8F08F2DE9F04F13
:1017100085B08B4613980392DDE914244168DDF807
:10172000588001FB0424026802EB4404D8F800202E
:101730000192F7EE006ABBF1000F03DC039A002A66
:1017400040F34F810F9AB8F90870B8F90C6002F5B0
:101750000041109A02F50042002B0EDD081405D45A
:10176000B84203DA101401D4B04207DB11980144E7
:101770001298013B02440234EEE717D0119D581E27
:1017800005FB00152D1409D4BD4207DA129D05FB97
:101790000020001402D4B042C0F2BA80002698198A
:1017A00000283EDC23EAE37304EB4304BBF1000FA3
:1017B00040F3178130EE040A70EEA40AC6EE807A78
:1017C0000E9BBBF1010B31EE051A20EEA77AB0EEAD
:1017D000626A61EE277ABEEEC86A77EE622A8DED04
:1017E0000F6AFEEEC82AB0EE436A37EEC33A12EE35
:1017F000902ABEEEC83A92FBF3F313EE102ABEEE27
:10180000C86A11930E9B92FBF3F3039A12938DED2A
:10181000106A0E9BB0EE673A08BF1346F0EE472AF7
:1018200089E70F1424D4D8F80850BD4220DD5FEAC0
:10183000224C1DD4D8F80C00604519DD2DB20CFBEC
:101840000575019850F82500070EFF2F16D16FF08F
:10185000010505FB06F7A5F2FE7505EA102C450902
:1018600005F4FC654CEA0505C0F3C4000543E553E7
:10187000119801441298013E024490E7FDB2002FF6
:10188000F6D06FF0010777431FFA85F934F807E0C7
:1018900002974FEA2E2CC0F30747ED43EDB217FB3A
:1018A00009F70CF0F80C0CFB057CC0F3072A4FEA93
:1018B000EE07C0B24FEACE0E5FFA8EFE10FB09F0C3
:1018C0000EFB050080B21FFA8CFC1AFB09FA07F028
:1018D000FC0707FB05A700F1010A0CF101050AEB63
:1018E000102A05EB1C2CBFB2CAF3C42A0CF4784CA6
:1018F0004AEA0C0C07F1010A0AEB172A4FEA5A1AB6
:101900000AF4FC6A02984CEA0A0C24F800C0AFE71B
:101910004FF0000EA3EB0E0000287FF743AFB8F99D
:1019200008600D14101406FB0050019D55F820505E
:101930002E0EFF2E12D12C4800EA1526680900F45D
:10194000FC603043C5F3C405284324F81E001198F9
:10195000014412980EF1010E0244DBE7F0B2002EB2
:10196000F5D034F81EC01FFA80F94FEA2C27C5F3D2
:101970000746C043C0B216FB09F607F0F80707FB9D
:101980000067C5F3072A4FEAEC06EDB24FEACC0C2C
:101990005FFA8CFC15FB09F50CFB0055BFB21AFB76
:1019A00009FAADB206F0FC0606FB00A6781C05F1AC
:1019B000010A00EB17270AEB152AB6B2CAF3C42AAC
:1019C00007F478474AEA070706F1010A0AEB162AE4
:1019D0004FEA5A1A0AF4FC6A47EA0A0724F81E700A
:1019E000B5E705B0BDE8F08F00F8FFFF2DE9F04F37
:1019F00087B08B46159803929DF864200492DDE928
:101A000016244168DDF8609001FB0424026802EBB3
:101A10004404D9F80820013222F001020092D9F8DA
:101A200000200192F7EE006ABBF1000F03DC039A7D
:101A3000002A40F36981119AB9F90870B9F90C606C
:101A400002F50040129A02F50041002B0EDD02144F
:101A500005D4BA4203DA0A1401D4B24207DB139A5E
:101A60001044149A013B11440234EEE717D0139D41
:101A70005A1E05FB02052D1409D4BD4207DA149D38
:101A800005FB0212121402D4B242C0F2C780002732
:101A9000DA19002A3EDC23EAE37304EB4304BBF1CA
:101AA000000F40F3318130EE040A70EEA40AC6EE56
:101AB000807A109BBBF1010B31EE051A20EEA77A5C
:101AC000B0EE626A61EE277ABEEEC86A77EE622AED
:101AD0008DED116AFEEEC82AB0EE436A37EEC33AC6
:101AE00012EE902ABEEEC83A92FBF3F313EE102AE0
:101AF000BEEEC86A1393109B92FBF3F3039A149300
:101B00008DED126A109BB0EE673A08BF1346F0EEF7
:101B1000472A89E7051435D4D9F80820AA4231DDCF
:101B20000E142FD4D9F80C20B2422BDD009A06FBFC
:101B300002556A08019EB25CEE0754BF02F00F0224
:101B4000121102EB0212D2B2E2B1049D6A43551C9B
:101B500005EB22226E4D2D6812122E0AFF2A0596E1
:101B600016D16FF0010202FB07FC26F4FF666A093A
:101B700002F4FC6226F007061643C5F3C4052E43A3
:101B800024F80C60139A1044149A013F11447FE723
:101B90006FF001067E431FFA82FA34F8068002963F
:101BA0004FEA282EC5F3074CD243D2B21CFB0AFCE5
:101BB0000EF0F80E0EFB02CEEDB24FEAE80C4FEA43
:101BC000C8089DF814605FFA88F815FB0AF508FB51
:101BD00002551FFA8EFE16FB0AF6ADB20CF0FC0C95
:101BE0000CFB026C0EF101026E1C02EB1E2E06EBCA
:101BF00015261FFA8CFCC6F3C4260EF4784E46EA6E
:101C00000E0E0CF1010606EB1C26760906F4FC66A6
:101C1000029A4EEA060E24F802E0B3E74FF00008FD
:101C2000A3EB0802002A7FF736AF009E02140D14C2
:101C300006FB05256A08019EB25CED0754BF02F061
:101C40000F02121102EB0212D2B2C2B1049D6A431A
:101C5000551C05EB22222E4D12122E68FF2A4FEA48
:101C6000162513D1720925F4FF6502F4FC6225F0F4
:101C700007051543C6F3C406354324F81850139AD4
:101C80001044149A08F101081144C9E734F818E027
:101C90001FFA82FA4FEA2E2CC6F30747D243D2B27C
:101CA00017FB0AF70CF0F80C0CFB027CF6B24FEABB
:101CB000EE074FEACE0E5FFA8EFE16FB0AF60EFB1B
:101CC0000266EDB21FFA8CFC15FB0AF5B6B207F0FE
:101CD000FC0707FB02570CF10102751C02EB1C2CE0
:101CE00005EB1625BFB2C5F3C4250CF4784C45EAC4
:101CF0000C0C7D1C05EB17256D0905F4FC654CEA01
:101D0000050C24F818C0BAE707B0BDE8F08F00BF93
:101D10008C2601202DE9F04F87B0DFF80C83159851
:101D20000592DDE9162401914168DDF860B001FB00
:101D30000424026802EB4404DBF80820013222F09C
:101D400001020292DBF800200392F7EE006A019A8A
:101D5000002A03DC059A002A40F36281119ABBF93C
:101D60000870BBF90C6002F50040129A02F50041C0
:101D7000002B0EDD021405D4BA4203DA0A1401D492
:101D8000B24207DB139A1044149A013B1144023407
:101D9000EEE717D0139D5A1E05FB02052D1409D43A
:101DA000BD4207DA149D05FB0212121402D4B2429E
:101DB000C0F2C38000255A19002A3FDC23EAE373EE
:101DC00004EB4304019B002B40F32A8130EE040A0C
:101DD00070EEA40AC6EE807A109B31EE051A20EE52
:101DE000A77AB0EE626A61EE277ABEEEC86A77EE35
:101DF000622A8DED116AFEEEC82AB0EE436A37EE14
:101E0000C33A12EE902ABEEEC83A92FBF3F313EEF9
:101E1000102A1393109B92FBF3F31493019B059AE2
:101E2000BEEEC86A013B01938DED126A109BB0EEC5
:101E3000673A08BF1346F0EE472A88E706142CD409
:101E4000DBF80820B24228DD0F1426D4DBF80C2082
:101E5000BA4222DD029A07FB02667208039FBA5C4F
:101E6000F60754BF02F00F02121102EB0212D2B2B7
:101E7000FF2A18D1D8F800206FF0010606FB05F7FD
:101E8000A6F2FE7606EA122C560906F4FC664CEA27
:101E90000606C2F3C4021643E653139A1044149A7A
:101EA000013D114487E7002AF7D06FF001066E4329
:101EB000D8F800C034F806E004961FFA82F94FEA19
:101EC0002E27CCF30746D243D2B216FB09F607F011
:101ED000F80707FB0267CCF3072A4FEAEE065FFA22
:101EE0008CFC4FEACE0E5FFA8EFE1CFB09FC0EFB4B
:101EF00002CCBFB21AFB09FA1FFA8CFC06F0FC06F2
:101F000006FB02A67A1C0CF1010A02EB17270AEB6A
:101F10001C2AB6B2CAF3C42A07F478474AEA07076C
:101F200006F1010A0AEB162A4FEA5A1A0AF4FC6A69
:101F3000049A47EA0A07A752AFE74FF0000EA3EB57
:101F40000E02002A7FF73AAF029E02140D1406FB20
:101F500005256A08039EB25CED0754BF02F00F022C
:101F6000121102EB0212D2B2FF2A15D1D8F800509A
:101F7000A2F6FF0202EA15266A0902F4FC62324365
:101F8000C5F3C4052A4324F81E20139A1044149A5A
:101F90000EF1010E1144D2E7002AF6D0D8F80070F5
:101FA00034F81EC01FFA82F94FEA2C26C7F3074502
:101FB000D243D2B215FB09F506F0F80606FB02562D
:101FC000C7F3072A4FEAEC05FFB24FEACC0C5FFAE1
:101FD0008CFC17FB09F70CFB0277B6B21AFB09FA67
:101FE000BFB205F0FC0505FB02A5721C07F1010A52
:101FF00002EB16260AEB172AADB2CAF3C42A06F47E
:1020000078464AEA060605F1010A0AEB152A4FEA64
:102010005A1A0AF4FC6A46EA0A0624F81E60B4E773
:1020200007B0BDE8F08F00BF8C26012070477047D5
:1020300070477047704770477047704770477047E8
:1020400070477047704770477047704770477047D8
:1020500070477047704770477047704770477047C8
:1020600070477047704770477047704770472DE959
:10207000F04788B008AC064624F80C3D2046884658
:102080009146FDF731FC3368054620469F69FDF710
:1020900039FB82462046FDF769FB0095CDE901A09A
:1020A0004B4606A842463146B847284608B0BDE828
:1020B000F08700002DE9FF47002300933D4B1B787C
:1020C000002B37D13C4AB2F90020ADF80420002B98
:1020D00032D13A4BB3F9003008684968ADF80630A0
:1020E00002AC02AB03C369462046FAF711F8684612
:1020F000F9F7E6FFBDF80830BDF80020304D134475
:10210000ADF80830BDF80220BDF80A302868134445
:10211000ADF80A300368DB6B984710F0010F2F46CB
:102120000CD02868036894E806001B6E984704B03A
:10213000BDE8F087214AC6E71F4BCBE73868BDF9F9
:102140000C800368BDF90E505B6B9847BDF90830F1
:10215000BDF80A20BDF8046016FB023600EB460607
:1021600038680368DB6A9847134ABDF90A40138848
:10217000BDF9081003FB041400EB44045D4304EBB9
:1021800045054FEA480891463868AC4203680ED2CC
:10219000D3F838A0324643462146D047B9F800303C
:1021A00004EB4304BDF9043006EB4306ECE71B6B7C
:1021B0009847BCE774260120762601207826012066
:1021C0007C2601202DE9F04F8BB00F469DF850B0D2
:1021D0009DF854401646BBF1000F4AD01068516874
:1021E00006AD03C51868596808AD03C506A8F9F718
:1021F00067FF314608A8F9F78BFFBDF92020BDF92C
:102200002230BDF81C60BDF92480BDF9265016FBB4
:10221000032107EB4106BDF818105F4F0A44ADF8E3
:102220002020BDF81A2038681344ADF82230036826
:10223000DB6B9847BBF1FF0FB9461DD1FCB910F01D
:10224000010F1CD0D9F80000BDF822300168CDF88C
:102250000CB00027CDE90447BDF81C400294ADB294
:102260001FFA88F4019500948C6CBDF8202031464B
:10227000A0470BB0BDE8F08F10F0040FE1E7D9F8EC
:1022800000000368DB6A9847444BBDF922401A8876
:10229000BDF92010BBF1FF0F02FB041400EB440456
:1022A0009A4605FB02F54FEA480759D0CBF1FF09E2
:1022B00004EB45051FFA8BF21FFA89F99E46AC42E2
:1022C00064D204EB070A54453DD2218836F8023B1C
:1022D00008124FEA232C00F0F80010FB09F04FEA37
:1022E000E10B0CF0F80CC9000CFB020C0BF0FC0B22
:1022F000D810C9B2DB001FFA8CFC1BFB09FB00F0F5
:10230000FC00DBB211FB09F100FB02B003FB02137E
:102310000CF1010B9BB20BEB1C2C80B20CF4784B34
:1023200003F1010C0CEB132C431C03EB1020CCF33A
:10233000C42C40094CEA0B0C00F4FC604CEA000C85
:1023400024F802CBBFE7BEF80030A3EB080304EB90
:102350004304BDF91C30A3EB080306EB4306AEE7CC
:1023600004EB4505D9F80000AC4203680ED2D3F85F
:10237000388032463B462146C047BAF8003004EB6D
:102380004304BDF91C3006EB4306EBE7024B18682B
:1023900003681B6B98476CE77C260120762601209A
:1023A00010B58C2104460CF02CFA204610BD10B557
:1023B000042104460CF025FA204610BD10B5042176
:1023C00004460CF01EFA204610BD10B540F644013C
:1023D00004460CF016FA204610BD10B54FF4827179
:1023E00004460CF00EFA204610BD10B50421044638
:1023F0000CF007FA204610BD10B5042104460CF07D
:1024000000FA204610BD10B5042104460CF0F9F97D
:10241000204610BD10B5042104460CF0F2F9204608
:1024200010BD10B5042104460CF0EBF9204610BD98
:1024300010B5042104460CF0E4F9204610BD10B597
:10244000042104460CF0DDF9204610BD10B504212E
:1024500004460CF0D6F9204610BD10B50421044600
:102460000CF0CFF9204610BD10B5042104460CF045
:10247000C8F9204610BD10B5042104460CF0C1F97E
:10248000204610BD10B5042104460CF0BAF92046D0
:1024900010BD10B5042104460CF0B3F9204610BD60
:1024A00010B5042104460CF0ACF9204610BD10B55F
:1024B000042104460CF0A5F9204610BD10B50421F6
:1024C00004460CF09EF9204610BD10B504210446C8
:1024D0000CF097F9204610BD10B5042104460CF00D
:1024E00090F9204610BD10B5042104460CF089F97E
:1024F000204610BD10B5042104460CF082F9204698
:1025000010BD10B5042104460CF07BF9204610BD27
:1025100010B5042104460CF074F9204610BD10B526
:10252000042104460CF06DF9204610BD10B50421BD
:1025300004460CF066F9204610BD10B5042104468F
:102540000CF05FF9204610BD10B5042104460CF0D4
:1025500058F9204610BD10B5042104460CF051F97D
:10256000204610BD10B5042104460CF04AF920465F
:1025700010BD00002DE9F04F8FB016469DF8602089
:10258000059282460D46002A00F0B78230687168D5
:102590000AAC03C4186859680CAC03C40AA8F9F75C
:1025A0008FFD31460CA8F9F7B3FDBDF92C20B2F52B
:1025B000806FD7BF93B201234FF4806191FBF3F397
:1025C000009305F1080300990693BDF92E300B44E2
:1025D000013B93FBF1F30699013B9BB201EB8303B3
:1025E00007930099BDF9323093FBF1F084B2029465
:1025F000029D009CBDF8301005FB143414FB02F45E
:102600000C44A4B2002D6CD06A1E069850F82260CB
:10261000079A36BA1644BDF82820BDF93650DFF8BF
:1026200034931144BDF82A20ADF830101344ADF8AE
:102630003230BDF934300193C44B18680368DB6A4B
:102640009847C34BBDF930201B88BDF9328003FB8E
:10265000082800EB48086B4308EB43030993002567
:10266000BDF92C3094FBF3F304930AF104034FF407
:1026700080722946184608930DF007FA099B4345D6
:1026800040F23682032207210B20002C00F031811A
:102690003378DBB2FE2B26D196F801E096F802C023
:1026A00096F803B05FFA8EFE5FFA8CFC6EF30705B6
:1026B0006CF30F255FFA8BFB0CEB8C0C6BF317455F
:1026C00012FB0BCC2B0E11FB0ECC10FB03C303F043
:1026D0003F030AEB8303013C371DA4B25D603E4615
:1026E000D3E7079E97E7FF2B27D196F801C0B37871
:1026F00096F803E096F804B05FFA8CFCDBB26CF35A
:10270000070563F30F255FFA8EFE03EB830312FBCD
:102710000E335FFA8BFB6EF3174511FB0C336BF333
:102720001F6510FB0B3B0BF03F0B0AEB8B0B013CC7
:10273000771DA4B2CBF80450D1E75FEAA31C06F1E1
:10274000010707D103F03F030AEB83035D68013CF7
:10275000A4B2C4E7BCF1010F2CD103F0030EAEF11B
:10276000020E05EBCE0E5FFA8EFE03F00C0C6EF33C
:102770000705ACF1080C0CEB152C0CF0FF0C6CF3FE
:102780000F25C3F30113C5F30746023B06EBC30352
:10279000DBB20CEB8C0C63F3174512FB03CC2E0E53
:1027A00011FB0ECC10FB06C606F03F060AEB8606B0
:1027B0007560CCE7BCF1020F03F03F032AD1B71CD0
:1027C0007678F6B206F00F0C203BACF1080C9C4476
:1027D00005EBCC0C5FFA8CFC6CF30705C5F3072EF8
:1027E0000EEB830E5FFA8EFE36116EF30F25083E58
:1027F0003344C5F3074606EBC303DBB20EEB8E0E84
:1028000063F3174512FB03EE2E0E11FB0CEE10FBCB
:1028100006E6C9E75E1CA6424EDD361B002E4EDCE6
:10282000DDF804B00024BBF1000F40F322817B1CD3
:1028300003933B78DBB2FE2B60D17978BA78F878D5
:10284000C9B261F30705D2B23B1D62F30F25C0B2D6
:10285000039302EB8202032313FB002260F317456C
:10286000072313FB01212E0E0B2313FB061303F08A
:102870003F030AEB83035D60012637462B0EABEB6B
:10288000070BA6EB070640F0D3808CB14846A100A9
:10289000EEF756FB059B224649464046EEF79EFB67
:1028A0002C4B2D4A994508BF134608EB440899461E
:1028B00008EB47080024DAE0A61BB4B20FE7019B3F
:1028C000019AB342A8BF33462C0EA2EB030BA6EB32
:1028D00003060BD0A9F104011A46002A02DC23EA00
:1028E000E374A0E741F8045F013AF6E708EB430818
:1028F00099E73746DDF804B0264694E7FF2B1DD153
:102900007878BA78FE787B1DC0B203933B7960F388
:102910000705D2B2D9B262F30F25F6B2032302EB58
:10292000820213FB0622072313FB002066F31745E0
:102930000B2361F31F6513FB010398E79E110DD173
:1029400003F03F030AEB83035D6895E77C260120D3
:10295000762601208001002080020020012E4FEA0F
:1029600015612BD103F00300023805EBC000C0B2A3
:1029700003F00C0260F30705083A02EB152202F09F
:10298000FF0262F30F25C3F301139F1EC5F3074334
:1029900003EBC703DBB2032702EB820217FB032220
:1029A000072763F3174517FB00200B2313FB0101D7
:1029B00001F03F010AEB81014D605EE7022E03F05A
:1029C0003F032FD17878BA1CC0B2039200F00F02F7
:1029D000203B083A1A4405EBC202D2B262F3070563
:1029E000C5F3072606EB8306F6B2001166F30F2542
:1029F00008380344C5F3074000EBC303DBB20320F0
:102A000006EB860610FB0366072063F3174510FBF1
:102A100002620B2313FB012101F03F010AEB81014C
:102A20004D6029E75E1CB3455F46A8BF374625E7E2
:102A30003B19402B13DD4846A100EEF781FA4946C9
:102A4000059B22464046EEF7C9FA2D4B99450CBF2F
:102A5000DFF8B890DFF8A89008EB4408002409EBF1
:102A600084023B46013B42F8045BFBD13C44039F9C
:102A7000D9E65CB1A1004846EEF762FA4046059BF4
:102A800022464946EEF7AAFA08EB44081D4B019A84
:102A90001B889B1A08EB4308049B01330493049A98
:102AA000009B93421DD1029B029ABDF83040BDF8B5
:102AB0002860089803F1010B069B53F82270079BCE
:102AC00000253FBAA41B4FF4807229461F44A4B2CC
:102AD0000CF0DBFFCDF808B00495EEF727FA3E4680
:102AE000CCE5BDF82C40019BE41AA41BA4B2F4E78A
:102AF000054B186803681B6B98470FB0BDE8F08F53
:102B000080010020762601207C2601208002002002
:102B10002DE9F04F8FB01C4605929DF8642000917E
:102B2000189B0192002A00F01581206861680AAAAA
:102B300003C2186859680CAA03C20AA8F9F7C0FAB8
:102B400021460CA8F9F7E4FABDF92C60BDF92E5026
:102B5000BDF83000B6F5806FDEBFB3B24FF48062CF
:102B600092FBF3F3BDF93220C8BF012392FBF3F1CE
:102B70001FFA81FC0CFB132414FB06F41D440444CF
:102B80006146013DA4B295FBF3F531B1059B009977
:102B900053F82C301BBA19440091BDF82830BDF908
:102BA0003480BDF936601844BDF82A30ADF83000E5
:102BB0001A446A4BADF8322018680368DB6A9847FC
:102BC0006749BDF932200B88BDF930C0099103FB7C
:102BD00002C200EB42007343ADB200EB4303AD0011
:102BE00006932B1D0793019BBDF804100391C3F1BD
:102BF000FF02002C0CBFC6464FF0000E002392B21D
:102C00001FFA8EFE02930492069A824240F29D8041
:102C100063B9009B1A78930902F03F0202925A1E90
:102C2000022A15D8009A013200929BB2B4B19C429C
:102C300095BF1C1BE41A1FFA84FAA4B287BF714621
:102C40004FF0000A1FFA88F1002453468E46DBE756
:102C5000009A009B02325B780092E7E70222154659
:102C60000799029A15FB02120599734531F802C0C3
:102C7000019A2BBFA3EB0E0AAEEB0301F146994676
:102C800027BF1FFA8AFA214689B2A246FF2A4FEAD5
:102C9000490905D18144814545D020F802CBFAE7A6
:102CA000039D4FEA2C224FEAEC0B02F0F8024FEAA8
:102CB000CC0C6A430BF0FC0B5FFA8CFC08920BFB0C
:102CC00005FB0CFB05FC814481452CD00288049D4A
:102CD000049F161206F0F80616FB05F6089D2E4412
:102CE000D510D200D2B212FB07F2B6B205F0FC0545
:102CF000624415FB07F592B2771C07EB1626571CAA
:102D00005D4407EB1222ADB2C2F3C42206F478464A
:102D100016436A1C02EB15256D0905F4FC652E436C
:102D200020F8026BD0E773458FD3BDF82C40099B88
:102D30001FFA88F1641A1B88A4B2002CA3EB0803C5
:102D400018BF002100EB43007FE7044B18680368BD
:102D50001B6B98470FB0BDE8F08F00BF7C260120A9
:102D6000762601202DE9F04F9FB0CDE913129DF892
:102D7000A42009921D460446289B002A00F0EB81FE
:102D8000286869681AAA03C2186859681CAA03C28D
:102D90001AA8F9F795F929461CA8F9F7B9F9BDF968
:102DA0006C30BDF96E80BDF97660B3F5806FD7BF2A
:102DB0009AB201224FF4806191FBF2F202920298E2
:102DC000BDF9722092FBF0F080B210900299029847
:102DD000109D884405FB102515FB03F508F1FF380D
:102DE000BDF8683098FBF1F8BDF870100D44194437
:102DF000BDF86A30ADF870101A44BDF97430049310
:102E0000954BADF8722018680368DB6A9847934BBE
:102E1000BDF972101A88BDF97070189302FB017128
:102E200000EB4100564300EB460208F101080A920C
:102E3000149ABDF824300F931FFA88F802EB880823
:102E400008F104021192099A854BC2F1FF02ADB25A
:102E50001592002D049A4FF0000118BF00221B1B91
:102E600092B20D91199310990D9B11FA83F3149955
:102E700001EB8303043306930A9B834240F266818D
:102E80000299BDF86C30B5FBF3F3CB1A9BB21693E5
:102E9000069B069E59789B78367812961B0243EA69
:102EA00001430699C9780B431399013619440596D5
:102EB0004E1C03964978139E0902F35C01F4FF71DE
:102EC00019438BB20C9300234FF0010A07939C46E1
:102ED000BDF8543084F80418D34657460E93002D9D
:102EE0007ED0AF426ED20A9B0192ED1B8342ADB2FF
:102EF00002D873E0002B5FD1039B5B78CBF1070214
:102F000093405B0003F4FF72039B1B7843FA0BF3BF
:102F1000DBB213430BF101025FFA82FB039ABBF1B0
:102F2000080F15BF0132023203920392129A9FB228
:102F300008BF4FF0000BBA4209D384F804380123CC
:102F4000059AB2F5007F0ED39A46002635E0059B20
:102F50009F4218D304EB0A0394F8042883F804284A
:102F60000AF101039BB2059A94F804680C9904EBEA
:102F7000820216710AF10106D1805671059A01325A
:102F800092B20592E0E704EB87033A465B7903F6D9
:102F900004062644199901EB060CBCF1000F07DD6D
:102FA00004EB820292F804C006F801CDD288F1E762
:102FB00084F804289BB2C3E70C9F0C97019AB4468F
:102FC0001F468CE77B1BBDF8102001920CEB050619
:102FD0009BB2B6B200250A9A82428BD8019A4BE77F
:102FE000974232D3BB1A9BB2089201950999FF29E7
:102FF00008990CEB010635D1A0F1020EB6B2B4452A
:1030000040F08C800899974200EB4100E2D3189A77
:1030100004991288521A00EB4200079A169901325D
:103020008A42079240F08780BDF87050BDF8687002
:10303000049BED1BADB2002D08BF1A460D9B18BFB7
:10304000002201330D9392B20DE7D11B8BB2019395
:1030500008972B46CAE700BF7C2601207626012070
:10306000FBF7FFFFB6B20B90B445CBD00CF10101DA
:10307000A44417919CF80458119931F815500B99F4
:10308000B1F800C00E994FEA2C2E0EF0F80E1EFB80
:1030900001FE4FEA25280F9908F0F80808FB01E81F
:1030A0004FEAEC090E9909F0FC0919FB01F94FEA06
:1030B000E50E0F990EF0FC0E0EFB019E4FEACC0CB4
:1030C0000E995FFA8CFC1CFB01FCED000F99EDB230
:1030D00005FB01C51FFA88F81FFA8EFEADB208F194
:1030E000010C0CEB18280EF1010905F1010C0CEB99
:1030F000152C09EB1E29CCF3C42C08F478484FEAB0
:1031000059194CEA08080B99BDF85CC009F4FC6930
:1031100048EA090821F8028B0B91A5E70CF1010898
:10312000A44411999CF8045831F815502EF8025F08
:103130001FFA88FC63E7BDF81020BDF86C50AD1A8B
:10314000ADB2002D18BF0022019244E7034B18686E
:1031500003681B6B98471FB0BDE8F08F7C260120E9
:103160002DE9F04F93B016469DF8702003900D4660
:103170000192002A00F00483306871680EAC03C429
:103180001868596810AC03C40EA8F8F799FF3146C7
:1031900010A8F8F7BDFFBDF93C20B2F5806FD7BF8E
:1031A00093B201234FF4806191FBF3F3049305F193
:1031B000080304990893BDF93E300B44013B93FB8F
:1031C000F1F30899013B9BB201EB83030993049946
:1031D000BDF9423093FBF1F084B20594DDE904457A
:1031E000BDF8401005FB143919FB02F989441FFA98
:1031F00089F9002D5DD06A1E089850F822A0099A1E
:103200009AFA8AFA9244BDF83820BDF94650114422
:10321000BDF83A20ADF840101344ADF84230BDF986
:1032200044300293CB4B18680368DB6A9847CA4B5B
:10323000BDF940201B88BDF9424003FB042400EB8C
:1032400044046B4304EB43030D93BDF93C3099FBFD
:10325000F3F30693019BDB43DBB20A93039B043336
:103260001846802200210B930CF00FFCBB4B0093FF
:1032700000234FF0000607930D9BA34240F27B8290
:103280004FF0070EB9F1000F00F059819AF8005085
:10329000EDB2AA110AF101070ED1039B05F03F051B
:1032A00003EB4505AE8809F1FF391FFA89F9BA46E3
:1032B000E8E7DDF824A0A6E7012A29D1C6F3040334
:1032C00005F00302023B134403F01F03C5F3810220
:1032D00063F30406023A02EB561202F03F02C5F312
:1032E000011562F34A16023D05EBD62505F01F05D0
:1032F00002EB8202032111FB05221EFB0323039A2A
:1033000003F03F0302EB430365F3CF269E80CAE739
:1033100005F03F05022AABB236D1012112FB05129E
:1033200092443A4652451CD094464FF0030B1CF889
:10333000021B527841EA0221C1F345104FEAD1281D
:1033400000EB800001F01F021BFB08001EFB0200C7
:10335000039A00F03F0002EB40000E468180624677
:10336000E0E799450BD2A5EB0905002D07EB4907CE
:1033700000F30982DDF80880012307930CE007EBD6
:103380004507A9EB030990E79945FAD2A5EB090592
:10339000002D1DDCDDF808804FF0000BB8F1000FA8
:1033A00040F3A1813B78DBB29A1107F1010A40F0AA
:1033B000D780039A03F03F0302EB43039E88019BEF
:1033C000FF2B40F0E981268008F1FF380234BEE08F
:1033D000029B029AAB42A8BF2B46A2EB0308079AB6
:1033E000ED1A002A5AD0019AFF2A04EB430349D070
:1033F000BDF804E0BDF82890A34240F2A580BC4689
:1034000020881CF8022B797842EA012212B291B28C
:103410004FEA202A0F120AF0F80A1AFB09FA07F0FD
:10342000F80707FB0EA74FEAE00AC000C9100AF030
:10343000FC0AD200C0B21AFB09FA10FB09F001F035
:10344000FC01D2B2BFB201FB0EA102FB0E0289B297
:1034500092B2781C00EB172701F1010A501C00EB17
:1034600012200AEB112A07F47847C0F3C4204FEA70
:103470005A1A07430AF4FC6A47EA0A0724F8027B4F
:103480006746B9E7A3425FD93A4612F8021B78783B
:1034900041EA002124F8021B1746F3E70199FF29AE
:1034A00004EB4303B2B244D0BDF80410BDF828A029
:1034B0004FEA22294FEAE20E09F0F8090EF0FC0E5D
:1034C000084609FB01F90EFB01FED100C9B24143D8
:1034D0009C42BFF461AF228810124FEAE20C00F068
:1034E000F800D20000FB0A90D2B280B20CF0FC0CC3
:1034F00002FB0A1292B200F1010B0CFB0AEC1FFA5C
:103500008CFC0BEB102B501C00EB12200CF1010279
:1035100002EB1C2C0BF4784BC0F3C4204FEA5C1C6C
:1035200040EA0B0B0CF4FC6C4BEA0C0B24F802BBCE
:10353000CEE79C42BFF430AF24F8022BF9E7DDF868
:10354000088057464D4627E7002316E7BB445746F9
:1035500024E700BF7C260120762601208001002080
:10356000012A2AD1C6F3040103F0030202391144EF
:1035700001F01F01C3F3810061F30406023800EB80
:10358000561000F03F00C3F3011360F34A16023BEC
:1035900003EBD62202F01F0300EB8000032263F34B
:1035A000CF2612FB0303072212FB0133039A03F019
:1035B0003F0302EB43039E8001E703F03F05A8456C
:1035C0004746A8BF2F46022A54D1019BFF2B1AD091
:1035D0000BEB0703402B16DD4FEA4B0949460098D9
:1035E000EDF7AEFC5A46019B00992046EDF7D2FC60
:1035F000009B1A466C4B9A420CBF6C4B6A4B009373
:103600004C444FF0000B52460021A9422CDA94465C
:103610004FF003091CF8023B527843EA0223C3F33C
:1036200045104FEAD32E00EB800003F01F0219FB78
:103630000E004FF0070E1EFB0200039A00F03F0041
:1036400002EB4000B9421E4683800ADA019AFF2A43
:1036500015BF009A238022F81B30023418BF0BF1EB
:10366000010B01316246D0E70AEB450AA8EB0708D7
:10367000ED1B6CE7019BFF2BA8EB0708A5EB0705EB
:103680001FFA86F927D00BEB0703402B18DD4FEA12
:103690004B03194600980C93EDF752FC5A46019BD8
:1036A00000992046EDF776FC0C9B1C44009B1A46C3
:1036B0003D4B9A420CBF3D4B3B4B00934FF0000BF0
:1036C000009B03EB4B023B46002B3FF43FAF22F83D
:1036D000029B013BF8E704EB4707A7427FF637AFB1
:1036E00024F8029BF9E7BBF1000F0CD04FEA4B081E
:1036F00041460098EDF724FC2046019B00995A466C
:10370000EDF748FC44442A4B029A1B889B1A04EBB1
:103710004304069B01330693069A049B934220D1EF
:10372000059B059ABDF84090BDF838500B9803F101
:103730000108089B53F82270099B3FBA80220021A0
:103740001F44A9EB05090CF0A0F900231FFA89F921
:103750004FF00006CDF814800693EDF7E7FBBA466C
:103760008AE5BDF83C90029BA9EB0309A9EB05058E
:103770001FFA85F9F1E70F4B186803681B6B984730
:1037800013B0BDE8F08F029B029AAB42A8BF2B4654
:10379000A2EB0308ED1A26E608F1FF381FFA86F9B6
:1037A000002501276FE700BF800100208002002074
:1037B000762601207C2601202DE9F04F8FB01C4693
:1037C00003929DF86420189B02920F46002A00F095
:1037D0002881206861680AAA03C2186859680CAA7F
:1037E00003C20AA8F8F76CFC21460CA8F8F790FC75
:1037F000BDF92C60BDF92E50BDF83000B6F5806FD4
:10380000DEBFB3B24FF4806292FBF3F3BDF9322016
:10381000C8BF012392FBF3F11FFA81FC0CFB1324B8
:1038200014FB06F41D4404446146013DA4B295FB1B
:10383000F3F521B1039B53F82C301BBA1F44BDF89C
:103840002830BDF93490BDF936601844BDF82A30EF
:10385000ADF830001A44744BADF832201868036894
:10386000DB6A9847714ABDF932101388BDF930C040
:10387000099203FB01C100EB41007343ADB200EBC1
:103880004303AD00002C049305F1040305930CBF22
:10389000C8464FF0000800231FFA88F80193049AE5
:1038A000824240F2B9805BB93A78930902F03F0254
:1038B00001925A1E022A8DBF7B7801379BB20237D4
:1038C00084B19C4295BF1C1BE41A1FFA84FAA4B26F
:1038D00087BFC4464FF0000A1FFA89FC00245346F4
:1038E000E046DCE7042215460599019A15FB021211
:1038F00003998A58434527BFA3EB080AC646A8EB9D
:10390000030C9E464FEA126127BF1FFA8AFAA446AB
:103910001FFA8CFCA2464FEA4E0E002966D0FF2902
:103920004FEA122614D1029DFF2D11D1510926F420
:10393000FF6601F4FC6126F007060E43C2F3C402E1
:103940001643B6B28644864551D020F8026BFAE79A
:10395000029D69434D1C05EB21252D126FEA050BD5
:10396000C2F30741ADB2F6B2D2B211FB05F116FBBC
:1039700005F612FB05F289B2B6B292B2069107962D
:10398000089286445FFA8BFB864530D00288069900
:10399000161206F0F806D51046EA561606FB0B1668
:1039A00005F0FC050799D20045EA951505FB0B15B6
:1039B000D2B2089942EA5212B6B202FB0B1292B28C
:1039C000711C01EB1626511C01EB1222ADB2C2F3A1
:1039D000C42206F4784616436A1C02EB15256D09CD
:1039E00005F4FC652E4320F8026BCDE77044434597
:1039F000FFF475AFBDF82C40099B1FFA89FCA4EBBE
:103A00000C041B88A4B2002CA3EB090318BF4FF0D1
:103A1000000C00EB430062E7034B186803681B6B64
:103A200098470FB0BDE8F08F7C2601207626012054
:103A30002DE9F04F93B01C4605929DF8742001913A
:103A40001C9B0292002A00F02C81206861680EAA5B
:103A500003C21868596810AA03C20EA8F8F730FB11
:103A6000214610A8F8F754FBBDF93C60BDF93E5063
:103A7000BDF84000B6F5806FDEBFB3B24FF4806290
:103A800092FBF3F3BDF94220C8BF012392FBF3F18F
:103A90001FFA81FC0CFB132414FB06F41D440444A0
:103AA0006146013DA4B295FBF3F531B1059B019947
:103AB00053F82C301BBA19440191BDF83830BDF9C8
:103AC00044B0BDF946601844BDF83A30ADF8400046
:103AD0001A44754BADF8422018680368DB6A9847B2
:103AE0007249BDF940C00B88BDF942200D9103FB1E
:103AF00002C200EB42007343ADB200EB4303AD00E2
:103B000008932B1D0993029BBDF808100691DA4318
:103B1000002C0CBFDC464FF0000C0023D2B21FFA81
:103B20008CFC03930792089A824240F2B58063B9F5
:103B3000019B1A78930902F03F0203925A1E022A4F
:103B400015D8019A013201929BB2B4B19C4295BF43
:103B50001C1BE41A1FFA84F8A4B287BF66464FF014
:103B600000081FFA8BF600244346B446DBE7019AAF
:103B7000019B02325B780192E7E70322154609991F
:103B8000039A15FB02120599634501EB02050299A0
:103B900029BFA3EB0C08ACEB03061FFA88F8E1463B
:103BA0002FBF2646B6B29946A046FF294AD0069FA7
:103BB000A978049079430A91697879430B91059922
:103BC0008A5C7A430C92CA46BAF1000F3DD0049A3F
:103BD000079F12881512BE4605F0F8050A9FD110FE
:103BE00045EA551505FB0E7501F0FC010B9FD2004F
:103BF00041EA911101FB0E71D2B20C9F42EA5212BE
:103C0000ADB202FB0E7292B205F1010E0EEB15255C
:103C100002F1010E0EEB122289B2C2F3C42205F4A6
:103C2000784515434A1C02EB11214909049A01F415
:103C3000FC610D4322F8025B0AF1FF3A04921FFA7D
:103C40008AFAC1E74946864699B9634500EB4900BF
:103C50008AD3BDF83C400D9B1FFA8BF6A41B1B8832
:103C6000A4B2002CA3EB0B0318BF002600EB43000B
:103C70007AE7AA780E4F07EA022A6A78D20002F49D
:103C8000FC624AEA020295F800A0013942EADA022F
:103C90002EF8022B89B2D7E7034B186803681B6B19
:103CA000984713B0BDE8F08F7C26012076260120CE
:103CB00000F8FFFF2DE9F04F9DB0CDE911129DF8FE
:103CC0009C200E921C468346269B002A00F0E08131
:103CD0002068616818AA03C2186859681AAA03C242
:103CE00018A8F8F7EDF921461AA8F8F711FABDF966
:103CF0006430BDF96640BDF96E60B3F5806FD7BF23
:103D00009AB201224FF4806191FBF2F20292029882
:103D1000BDF96A2092FBF0F080B20F9002990298F0
:103D20000F9D0C4405FB102515FB03F5013CBDF868
:103D3000603094FBF1F4BDF868100D441944BDF8EF
:103D40006230ADF868101A44BDF96C300693B34B7D
:103D5000ADF86A2018680368DB6A9847B04BBDF974
:103D60006A101A88BDF96870169302FB017101345C
:103D700000EB4108A4B2564308EB4602A4000A92A5
:103D8000221DADB21392A74B069A002D0CBF11460F
:103D900000210022A3EB0B0389B20D9217930F9A17
:103DA0000D9B12FA83F3129A02EB830304330893F8
:103DB0000A9B434540F26781029ABDF86430B5FB27
:103DC000F3F3D31A9BB21493089B08985A789B7804
:103DD000007810901B0243EA0243089AD2781343FA
:103DE000119A01301A440790501C0590527811988E
:103DF0001202C35C02F4FF721A4393B20B930023C6
:103E0000099301230193049300238BF8042803935F
:103E10004FF0010E002D7CD0AE456BD20A9BA5EB76
:103E20000E054345ADB20C4602D870E0002B5CD1C4
:103E3000059B049A5B780499C2F1070293405B00EA
:103E400003F4FF72059B1B780B410131C9B20829AD
:103E5000049105990ABF023101310591DBB20ABF15
:103E6000002105910491134310999AB291420AD30B
:103E70008BF8043801230799B1F5007F0FD3002197
:103E80000193039132E0079B9A4218D3019B9BF860
:103E900004185B4483F80418019B01339BB2079913
:103EA0009BF804080BEB810108710B98C8800198FE
:103EB000013048710799013189B20791DFE70BEBB7
:103EC000820311465B7903F604005844179E0644AA
:103ED000002E06DD0BEB81010E7900F8016DC9881B
:103EE000F4E78BF804189BB2C5E70B9A0B922146B6
:103EF0009E468FE7039ABDF818402A44AEEB0503AF
:103F000092B29BB2039200250A9A42458ED821466E
:103F10004EE78E4529BFAEEB0103A1EB0E049BB229
:103F20000C912FBF2C46A4B2CDF830E02B464FF0B9
:103F30000009039A0C984A44484592B274D05A44F6
:103F40000420054692F80428139815FB02021298E3
:103F500080585FEA106A14D0BAF1FF0F4FEA1025BB
:103F600012D10E9AFF2A0FD1420925F4FF6502F4FF
:103F7000FC6225F007051543C0F3C400054328F88B
:103F8000195009F10109D4E738F819C04FEAEC06D5
:103F900006F0FC0215920E9A02FB0AFA0AF10102DF
:103FA00002EB2A224FEA2C2712121FFA82FAC0F3E0
:103FB000074607F0F8074FEACC0CD243D2B216FB03
:103FC0000AF65FFA8CFC47EA5717C0B207FB026794
:103FD0004CEA5C1C159E10FB0AF00CFB0200EDB2D3
:103FE000BFB215FB0AF580B246EA961606FB0256EA
:103FF0007A1C451C02EB172705EB1025B6B2C5F35A
:10400000C42507F478472F43751C05EB16256D0969
:1040100005F4FC652F4328F81970B2E77C260120CF
:1040200076260120FBF7FFFF03920C9A8E4508EBE2
:104030004208FFF468AF169A06991288521A08EBE4
:104040004208099A149901328A42099211D1BDF8A5
:104050006850BDF86090069BA5EB0905ADB2002D38
:1040600008BF19460D9B18BF002101330D9389B27B
:1040700095E6BDF81840BDF864502D1BADB2002D7B
:1040800018BF002440E7044B186803681B6B98476F
:104090001DB0BDE8F08F00BF7C2601202DE9F04F58
:1040A0009FB0CDE913129DF8A4200A921D46044644
:1040B000289B002A00F0FA81286869681AAA03C2BE
:1040C000186859681CAA03C21AA8F7F7F9FF29460D
:1040D0001CA8F8F71DF8BDF96C30BDF96E60BDF98C
:1040E0007670B3F5806FD7BF9AB201224FF480612A
:1040F00091FBF2F201920198BDF9722092FBF0F06F
:1041000080B2109001990198109D0E4405FB102576
:1041100015FB03F5013EBDF8683096FBF1F6BDF8DE
:1041200070100D441944BDF86A30ADF870101A448F
:10413000BDF974300493964BADF87220186803688B
:10414000DB6A9847934BBDF972101A88BDF970C0AD
:10415000189302FB01C100EB410B57430BEB4702E5
:1041600001360B92149A8C4BB6B202EB8606321DC6
:1041700006920A9AD243D2B2ADB21592049A002D99
:104180000CBF1146002100221B1B89B20D9219930E
:10419000109A0D9B12FA83F3149A02EB83030433F3
:1041A00007930B9B5B4540F27C81019ABDF86C3014
:1041B000B5FBF3F3D31A9BB21693079B07985A7873
:1041C0009B78007811901B0243EA0243079AD27849
:1041D0001343139A01301A440590501C03905278EF
:1041E00013981202C35C02F4FF721A4393B20C9349
:1041F000002384F8042808931A46BDF828300E934B
:104200004FF00108BDF85430CDF80880C4460F9334
:10421000002D7CD0AC456CD20B9BA5EB0C055B450F
:10422000ADB2084602D870E0002B5CD1039B029A25
:104230005B780299C2F1070293405B0003F4FF72BE
:10424000039B1B780B410131C9B2082902910399E4
:104250000ABF023101310391DBB20ABF0021039191
:104260000291134311999AB291420AD384F8043807
:1042700001230599B1F5007F0FD3002198460091E5
:1042800032E0059B9A4218D304EB080394F8041813
:1042900083F8041808F101039BB2059994F80468A7
:1042A00004EB81010E710C9ECE8008F101064E7167
:1042B0000599013189B20591DFE704EB82031146CC
:1042C0005B7903F604062644199F3744002F06DD68
:1042D00004EB81010F7906F8017DC988F4E784F8C1
:1042E00004189BB2C5E70C9A0C920146009A9C46B2
:1042F0008EE75719ACEB0503BAB2BDF81000009277
:104300009BB200250B9A5A458ED8014649E78C4549
:104310002CBF28462B460A9D27BF0991ACEB010311
:10432000A1EB0C00CDF824C02CBF9BB280B2FF2DB6
:10433000099D02EB0507BDB200952FD15E46009D99
:10434000AA4240F08480099A8C450BEB420BD8D3EB
:10435000189A04991288521A0BEB420B089A169974
:1043600001328A42089240F09280BDF87050BDF848
:1043700068C0049BA5EB0C05ADB2002D08BF194623
:104380000D9B18BF002101330D9389B200E700BFD8
:104390007C26012076260120FBF7FFFFD946009DF1
:1043A000AA42D0D0551C2244179592F804E8069AE8
:1043B0000EEB4E0E72441292129FB9F8002097F83D
:1043C00002A00E9F16121AFB07FA06F0F8060F9FBE
:1043D00046EA561606FB07A6129F97F801A00E9F05
:1043E000D5101AFB07FA05F0FC050F9F45EA951555
:1043F00005FB07A5069F17F80EE00E9FD2001EFBD7
:1044000007FED2B20F9F42EA5212B6B202FB07E297
:1044100092B2ADB206F1010A0AEB162602F1010EC4
:1044200005F1010A0EEB122E0AEB152A06F4784666
:10443000CEF3C42E4FEA5A1A4EEA06060AF4FC6A74
:1044400046EA0A0629F8026BBDF85C20A7E702F1EC
:10445000010E2244069F92F80458069A05EB450582
:1044600002EB050A134A9AF8029002EA09299AF81F
:104470000120D20002F4FC6249EA020217F805901A
:1044800042EAD90226F8022B1FFA8EF257E7BDF84E
:104490001000BDF86C502D1AADB2002D18BF0020D1
:1044A00030E7054B186803681B6B98471FB0BDE8E1
:1044B000F08F00BF00F8FFFF7C2601202DE9F04FB0
:1044C00091B09B460DF128081646BDF96C90B3F9E2
:1044D0000020BDF97070B3F90230ADF82820044611
:1044E0000D4640465946ADF82A30ADF82C90ADF84F
:1044F0002E70F3F7E5FA31464046F3F7E1FA744BD4
:104500001888744B1988BDF92830002B02B20EB2FE
:1045100007DABDF82CC06344ADF82C300023ADF8A9
:104520002830BDF92830BDF92CC0D21A9445C4BF3B
:10453000C21AADF82C20BDF92A20002A07DABDF8EE
:104540002EC06244ADF82E200022ADF82A20BDF91D
:104550002AA0BDF92E20A6EB0A06B242C4BFA1EBE9
:104560000A02ADF82E205C4A1278A2B9BDF92C607F
:1045700086424046039314BF00260126F3F7E3FA70
:10458000039B60B1002323806380A3802046E380E7
:1045900011B0BDE8F08FBDF92E608E42E9E7BDF99C
:1045A0002C200592BDF92E200692BBF800200E901B
:1045B0009B1A1BB20393BBF80230ADF83C90AAEBF8
:1045C000030A0FFA8AF30493039BADF83030049B7F
:1045D000ADF83230059BADF834300EA9069BADF82E
:1045E00036300CA8ADF83E70F7F792FD4046F7F76D
:1045F00067FD0EA8F7F764FD384BBDF93CA01B889A
:1046000007932B68DFF8D8B01B6B28469847BDF896
:104610003250BDF9303081461AFB0533DBF800001B
:104620001A9D05EB430503685B6B98470746DBF86B
:104630000000BDF928100368BDF92A2009910892ED
:10464000DB6B984710F0010FDDE9082112D0DBF891
:104650000000BDF93420036800921E6F98E8060040
:104660002B46B047039B2380049B6380059BA3805C
:10467000069B8BE709FB02F202EB41010F44BDF9F7
:10468000363066B1079A924509D1DBF8000002681E
:1046900009FB03F3966B29463A46B047E2E70AFB6B
:1046A00003F3DFF83CB005EB43084FEA4A06454503
:1046B000D8D2DBF80000BDF9343002682946D2F8C0
:1046C00038A05B003A46D0474F443544EFE700BF7F
:1046D00070260120722601207426012076260120F2
:1046E0007C260120F0B5064687B00C4617461D46CD
:1046F00033B30846F3F727FA10BB206861681C4CF7
:1047000004AB03C304A8F7F7DBFC20680368DB6B8A
:104710009847FF2D16D010F0080F206815D0002400
:104720000168BDF81230BDF81020CDE90254BDF883
:1047300016400194BDF8144000944C6E3946A047D1
:1047400007B0F0BD10F0020FE7E70368DB6A984797
:10475000084B1A883368CDE9007501465D6A30461A
:1047600004ABA847206803681B6B9847E8E700BFC5
:104770007C260120762601202DE9F0479DF8247043
:10478000089E884614461D46002F00F0A980184652
:10479000F3F7D9F9002840F0A380B5F90010B5F976
:1047A0000230B5F90400B5F9065004FB031308EB19
:1047B00043016543FF2FA4EB000201EB45054FEADF
:1047C00016284AD0BCB2C7F1FF0CC6F3074E5FFAF9
:1047D00088F7F3B240000EFB04FE674363434FEAE1
:1047E00042081FFA8CFCA9427AD201EB0009494524
:1047F00031D20A881412D61004F0F804D200D2B2D2
:1048000044EA541414FB0CF442EA5212744412FBAE
:104810000CF2A4B206F0FC061A4492B204F1010AAA
:1048200046EA96160AEB142416FB0CF602F1010A6E
:104830003E440AEB1222B6B204F47844C2F3C42216
:104840002243741C04EB1626760906F4FC663243F8
:1048500021F8022BCBE74144C5E7224F730908EA50
:10486000070703F4FC633B43C6F3C4063343E7077F
:104870009BB20BD540005200A94231D20C18A14284
:1048800002D221F8023BFAE71144F5E78E0708D07F
:1048900066000A46AA4202D213803244FAE7023185
:1048A0000138C2070BD500F10042013A01EB420288
:1048B0006600AA4202D213803244FAE7013878B186
:1048C000401043EA034380006400A94208D20E1856
:1048D0000A46B24202D242F8043BFAE72144F4E726
:1048E000BDE8F08700F8FF00002212490160C0E92E
:1048F0000122C0E90322C0E90522C0E90722C0E97C
:104900000922C0E90B22C0E90D22C0E90F22C0E94B
:104910001122C0E91322C0E91522C0E91722C0E91B
:104920001922C0E91B22C0E91D22C0E91F22C0E9EB
:1049300021227047441E02082DE9F04F0D468DB02C
:10494000044608684968994608AB03C31068516873
:104950000AAB03C308A8F7F7B3FB29460AA8F7F781
:10496000D7FBBDF92820BDF92A30BDF82410634DCE
:10497000BDF92C802868BDF92E6011FB032104EBE2
:104980008104BDF820100A44ADF82820BDF822208B
:104990001344ADF82A300368DB6B9847B9F1FF0F79
:1049A00019D110F0200F286818D000250168BDF833
:1049B0002A30BDF82820CDE90395BDF82450029592
:1049C000B6B21FFA88F5019600954D6D2146A847AD
:1049D0000DB0BDE8F08F10F0400FE4E70368DB6A2C
:1049E00098474749BDF92A200B88BDF9285003FB99
:1049F000025200EB4200734300EB430307934FEA7C
:104A0000480306938A46079B984270D2069B21462C
:104A100000EB030B58455DD251F8044B230E14D024
:104A2000FF2B4FEA142C12D1B9F1FF0F0FD16309FC
:104A30002CF4FF6C03F4FC632CF0070C43EA0C0C21
:104A4000C4F3C4044CEA040404800230E2E709FB26
:104A500003F307885A1C02EB232212123E1293B270
:104A6000C4F3074E06F0F806D243D2B2FD101EFB87
:104A700003FEFF0046EA561606FB02E605F0FC05BB
:104A8000FFB25FFA8CFCE4B2B6B21CFB03FC45EA51
:104A9000951547EA571714FB03F405FB02C506F109
:104AA000010E07FB0247ADB2BFB20EEB162606F4AD
:104AB000784E05F1010C7E1C06EB17260CEB152534
:104AC000C6F3C4266D0946EA0E0605F4FC652E43BE
:104AD0000680BAE7BAF80030BDF92440A3EB08031A
:104AE000A4EB080400EB430001EB84048BE7034BC9
:104AF000186803681B6B98476AE700BF7C26012093
:104B0000762601202DE9F0430C4685B010685168E7
:104B10006D4603C518685968164603C56846F7F719
:104B2000CFFA314602A8F7F7F3FABDF90820BDF92C
:104B30000A30BDF80410284D284E2868BDF90C70C5
:104B4000BDF90E8011FB032104EB8104BDF80010B8
:104B50000A44ADF80820BDF802201344ADF80A302D
:104B60000368DB6A98473388BDF90A20BDF908104D
:104B7000DFF86CE003FB021200EB420008FB03F3DA
:104B800000EB43034FEA470C98421DD200EB0C08A0
:104B900040450FD254F8041B4FEA51190EEA112276
:104BA00009F4FC6942EA0902C1F3C4010A4320F88E
:104BB000022BEDE73288D21B00EB4200BDF9042046
:104BC000D21B04EB8204DFE7286803681B6B98475D
:104BD00005B0BDE8F08300BF7C26012076260120C9
:104BE00000F8FFFF2DE9F0470E468EB00446086836
:104BF0004968DFF8D881DFF8D8911D460AAB03C3B6
:104C0000106851680CAB03C30AA8F7F759FA31468C
:104C10000CA8F7F77DFABDF93020BDF93230BDF8A8
:104C20002C10D8F80000BDF93470BDF9366011FBC6
:104C3000032101EB41010C44BDF828100A44ADF8F2
:104C40003020BDF82A201344ADF832300368DB6B06
:104C50009847FF2D24D110F0010FD8F8000022D082
:104C60000021D0F800C0BDF83230BDF83020CDE9C9
:104C700007114FF0010ECDF818E0B9F800E00395E8
:104C8000CDE9041EB6B2BDF82C100291BFB2019658
:104C90000097DCF844502146A8470EB0BDE8F087E5
:104CA00010F0040FD9E70368DB6A9847B9F80030C1
:104CB000BDF93220BDF93010BDF92CC003FB021242
:104CC000ACEB070C00EB42005E434FEA470EFF2DB2
:104CD000A3EB070700EB46060CEB4C0C4FEA47072B
:104CE00049D0EB431FFA85F9DBB2B04266D200EB44
:104CF0000E0A5045214604F103045BD2028814F8E1
:104D0000011C4FEA222808F0F80811FB09F148EAD3
:104D10005818D51008FB031814F8021C05F0FC0500
:104D200011FB09F145EA951505FB0315D20014F8AE
:104D3000031CD2B211FB09F142EA52121FFA88F8A1
:104D400002FB031292B208F10101ADB201EB182887
:104D5000511C01EB1222691C01EB152508F478485F
:104D6000C2F3C4226D0942EA080205F4FC652A4335
:104D700020F8022BBDE7144AB0421FD200EB0E050B
:104D8000A842214604F1030410D214F8023C14F89E
:104D9000011CDB0002EA012103F4FC630B4314F85D
:104DA000031C43EAD10320F8023BE9E7384401EB56
:104DB0000C04E1E7384401EB0C0496E7034B186858
:104DC00003681B6B984768E700F8FFFF7C2601200B
:104DD00076260120F0B41646012E1C460D46049A94
:104DE0009DF814309DF8187012D003D3022E0AD00B
:104DF000F0BC70470568CDE90437ED681346AC4652
:104E00002246F0BC604721462846F0BCFFF794BD1F
:104E100021462846F0BCFFF7E5BE00002DE9F04F23
:104E2000814693B010689DF870A06D4F8846516818
:104E30000EAC03C41868596810AC164603C40EA81B
:104E4000F7F73EF9314610A8F7F762F9BDF94020AF
:104E5000BDF94230BDF83C10624EBDF944403068A7
:104E6000BDF9465011FB03218944BDF838100A44AE
:104E7000ADF84020BDF83A201344ADF84230036845
:104E8000DB6B984710F0800F30681DD0002201685E
:104E9000BDF84030CDE908220B2207923A880692ED
:104EA0000122CDE904A2BDF83C200392A4B2BDF8D2
:104EB00042200092ADB2029501940C6C42464946E4
:104EC000A04713B0BDE8F08F0368DB6A98473B88C2
:104ED000BDF94220BDF9401003FB02125D4300EB17
:104EE000420000EB45020C92BDF93C20121B0D92D2
:104EF00062001C1B63000A920B934FF0040E0C9B84
:104F0000984266D20A9B00EB030B58455CD219F815
:104F1000013B1EFB03E358F80320110E12D0FF29BA
:104F20004FEA122710D1BAF1FF0F0DD1530927F420
:104F3000FF6703F4FC6327F007071F43C2F3C402B3
:104F40003A4302800230E0E70AFB01F106884B1C7D
:104F500003EB21233512F4101B12F60099B2C2F3B1
:104F6000074C05F0F805F6B2DB43D2B2DBB21CFB0E
:104F700001FC45EA551546EA561612FB01F205FBFF
:104F800003C504F0FC04FFB206FB0322ADB217FB1D
:104F900001F792B244EA941404FB037405F1010C86
:104FA000571C0CEB152507EB1227A4B2C7F3C42737
:104FB00005F478453D43671C07EB1424640904F4A9
:104FC000FC6425430580BDE70B9B18440D9B994469
:104FD00095E7044B186803681B6B984771E700BF9F
:104FE000762601207C2601202DE9F04F87B08046EF
:104FF0009DF840600D461446002E00F0B980106800
:10500000516802AF03C71868596804AF03C702A804
:10501000F7F756F8214604A8F7F77AF8BDF91020FB
:10502000BDF91230BDF80C40BDF9167014FB032118
:1050300008EB0104BDF80810BDF914800A44ADF86E
:105040001020BDF80A201344ADF812304A4B1868FE
:105050000368DB6A9847494BBDF912101A88BDF9FD
:1050600010C0FF2E02FB01C100EB410002FB07F262
:1050700005F104014FEA480A1D465AD0C6F1FF0E59
:1050800000EB4202B6B21FFA8EFE019382426AD949
:1050900000EB0A0B834540D914F8013B058831F831
:1050A00013302F124FEA232C07F0F80717FB0EF7E7
:1050B0004FEAE5090CF0F80CED000CFB067C09F05A
:1050C000FC09DF10EDB2DB001FFA8CFC19FB0EF9B6
:1050D00007F0FC07DBB215FB0EF507FB069703FB99
:1050E00006530CF101099BB209EB1C2C0CF4784916
:1050F00003F1010C0CEB132CBFB2CCF3C42C4CEA23
:10510000090C07F1010909EB17277F0907F4FC6770
:105110004CEA070C20F802CBBCE7019B1B88A3EBF1
:10512000080300EB4300BDF90C30A3EB08031C445B
:10513000ACE700EB4202824215D900EB0A06864238
:1051400006D914F8013B31F8133020F8023BF6E79A
:105150002B88A3EB080300EB4300BDF90C30A3EB55
:1051600008031C44E7E7044B186803681B6B984767
:1051700007B0BDE8F08F00BF7C2601207626012015
:105180002DE9F04F91B080469DF868500F461446C7
:10519000002D51D010685168DFF800920CAE03C6A4
:1051A000186859680EAE03C60CA8F6F789FF2146A9
:1051B0000EA8F6F7ADFFBDF93820BDF93A30BDF8BD
:1051C0003410D9F80000BDF93C60BDF93EA011FBD8
:1051D000032108EB0104BDF83010DFF8C4810A4454
:1051E000ADF83820BDF832201344ADF83A300368EA
:1051F000DB6B984710F0800FD9F800001FD0002219
:105200000168BDF83830CDE908220B220792B8F8C2
:10521000002006920122CDE90452BDF83420039209
:105220001FFA8AF20292B6B2BDF83A2000920196B5
:105230000D6C3A462146A84711B0BDE8F08F0368CF
:10524000DB6A9847B8F80020BDF93A30BDF938104C
:10525000FF2D02FB031300EB43004FEA46090AFB54
:1052600002FA62D06FEA050C00EB4A030A93ADB272
:105270005FFA8CFCCDF82C800A9B984280F08580E8
:1052800000EB090B584546D214F801EB0323042226
:1052900013FB0E2E07EB0E0A03889AF8028017F80C
:1052A0000EE0191201F0F80118FB05F841EA51115E
:1052B000DA1001FB0C81DB009AF8018002F0FC029D
:1052C000DBB218FB05F81EFB05FE42EA921243EA28
:1052D000531389B202FB0C8203FB0CE392B29BB224
:1052E00001F1010808EB112103F1010E02F101089F
:1052F0000EEB132E08EB122801F47841CEF3C42EE6
:105300004FEA58184EEA010108F4FC6841EA080126
:1053100020F8021BB6E70B9B1B889B1B00EB43008E
:10532000BDF934309B1B1C44A6E71B4900EB4A0A1D
:1053300003220425504528D200EB090C6045234682
:1053400019D293F800E012FB0E5E07EB0E0B17F874
:105350000EE09BF802309BF801B04FEACB0B01EA5C
:1053600003230BF4FC6B43EA0B0343EADE03013433
:1053700020F8023BE2E7B8F800309B1B00EB43004B
:10538000BDF934309B1B1C44D4E7044B18680368F8
:105390001B6B984750E700BF00F8FFFF7C260120F9
:1053A00076260120F0B40C4611469DF814500F7873
:1053B0004E78012F1A46049B38D01FD3022F4DD1AF
:1053C000032E4BD8DFE806F0020714170495204699
:1053D000F0BCFFF709BEC06F00283FD00668CDE9DA
:1053E0000435B5681346AC460A462146F0BC604712
:1053F000D0F88000F0E7D0F88400EDE7032E2DD838
:10540000DFE806F002070E1104952046F0BCFFF716
:1054100005BDC06F10B30668CDE90435F568E1E756
:10542000D0F88000F6E7D0F88400F3E7032E15D813
:10543000DFE806F002070E1104952046F0BCFFF7E6
:105440009FBEC06F50B10668CDE904353569C9E724
:10545000D0F88000F6E7D0F88400F3E7F0BC70479E
:105460002DE9F04F044687B010689DF840A0DFF8A2
:1054700038920E46516802AD03C51868596804ADEC
:10548000174603C502A8F6F71BFE394604A8F6F72F
:105490003FFEBDF91020BDF91230BDF80C10BDF96A
:1054A0001480BDF9165011FB032104EB41040E4496
:1054B000BDF808100A44ADF81020BDF80A201344C6
:1054C000ADF81230774B18680368DB6A9847B9F873
:1054D00000B0BDF91230BDF910200BFB032300EB27
:1054E0004300BAF1FF0F4FEA480305FB0BF50093A9
:1054F00069D000EB450B584580F0CC80009BC31869
:1055000001933146019B98424FD211F8012B002A9A
:1055100048D00AFB02F2531C03EB12231B1241D0AA
:105520000288B4F800C09EB21512DB43DBB24FEA2A
:105530002C2705F0F80515FB03F54FEAE20E07F0FE
:10554000F807D20007FB06570EF0FC0E4FEAEC05F9
:10555000D2B24FEACC0CBFB21EFB03FE05F0FC0535
:105560005FFA8CFC12FB03F205FB06E50CFB062C34
:1055700007F1010E1FFA8CFC0EEB172707F4784E8B
:105580000CF1010707EB1C27ADB2C7F3C42747EAAC
:105590000E0705F1010E0EEB15256D0905F4FC65EE
:1055A0002F43078002300234ACE7B9F80030BDF970
:1055B0000C60A3EB0803A6EB080604EB460400EB23
:1055C00043000E4497E700EB4505A84262D2009BDA
:1055D000314600EB030B58454ED211F8013B2BB17D
:1055E000FF2BB4F800E004D1A0F800E00230023450
:1055F000F1E702889FB21612DB43DBB24FEA2E2C92
:1056000006F0F80616FB03F64FEAE20A0CF0F80C77
:10561000D2000CFB076CD2B24FEAEE060AF0FC0A8D
:105620004FEACE0E1AFB03FA1FFA8CFC12FB03F3AF
:1056300006F0FC065FFA8EFE06FB07A60CF10102DF
:105640000EFB0733B6B29BB202EB1C2C0CF4784273
:1056500006F1010A03F1010C0CEB132C0AEB1626E0
:10566000CCF3C42C76094CEA020C06F4FC664CEA36
:10567000060CA0F800C0B9E7B9F80030BDF90C601D
:10568000A3EB0803A6EB080604EB460400EB43007B
:105690000E449AE7034B186803681B6B984707B0E2
:1056A000BDE8F08F7C260120762601202DE9F04F01
:1056B00089B007469DF84C60129C884692469946F0
:1056C000002E48D00846FAF71DF805464046FAF77E
:1056D0004DF8ADF80E004046ADF808A0ADF80C50FE
:1056E000ADF80A90FAF700F905464046FAF72CF9AA
:1056F00082464046FAF77CF910282CD8DFE810F0F3
:10570000CA00BA0011002B002B002B002B002B002D
:105710002B002B002B00C1002B002B0080012B0045
:105720007301BC4B18680368DB6B9847FF2E01D1EF
:10573000830606D53346224602A92846FFF7FCF821
:1057400009E04046FAF798F840B9234602AA2946EC
:105750003846FFF7D7F909B0BDE8F08F0DF1180909
:1057600041464846FAF736F899E803000DF110086B
:1057700088E8030040462146F2F7A2F94046F2F7D6
:10578000E2F90028D6D1BDF91230B4F902209342D3
:1057900012DD9B1AB4F90000B4F90410ADF818003A
:1057A000ADF81A20ADF81C10ADF81E304A4633464D
:1057B00002A92846FFF7C0F8BDF91030B4F900205F
:1057C000934212DD9B1ABDF91200BDF91610ADF817
:1057D0001820ADF81A00ADF81C30ADF81E10FF23EC
:1057E0004A4602A92846FFF7A7F8434602AA2946D7
:1057F0003846FFF787F9A2882388BDF814101344B0
:10580000BDF810200A449BB292B211B218B288427D
:1058100012DD9B1ABDF91600BDF91260ADF8181023
:10582000ADF81C30ADF81E00FF234A4602A92846F9
:10583000ADF81A60FFF780F8E2886388BDF81610AB
:105840001344BDF812200A449BB292B211B218B2AE
:10585000884280DD9B1AB4F90060B4F90400ADF809
:105860001E30ADF81860ADF81A10ADF81C00FF231B
:105870004A4661E73346224602A92846FFF7B2F9B5
:1058800069E7CDE9004602AB524629463846FFF7A4
:1058900089FD60E74046F9F7EFFF48B93B68CDE97D
:1058A000006002AADE68294623463846B04752E720
:1058B0000DF1180941464846F9F78CFF99E80300B5
:1058C0000DF1100888E8030040462146F2F7F8F889
:1058D0004046F2F738F938B10096234602AA5146FD
:1058E0002846FFF7BDFD36E73B68CDE9006002AA18
:1058F000D3F80CB0294643463846D847BDF9123094
:10590000B4F90220934213DDB4F90000B4F9041095
:10591000ADF818009B1AADF81A20ADF81C10ADF8C0
:105920001E3000964B4602AA51462846FFF798FDC6
:10593000BDF91030B4F90020934213DD9B1ABDF974
:105940001200BDF91610ADF81820ADF81A00ADF828
:105950001C30ADF81E1000964B4602AA5146284650
:10596000FFF77EFDA2882388BDF814101344BDF80C
:1059700010200A449BB292B211B218B2884213DDD1
:105980009B1ABDF91600BDF91270ADF81810ADF8EC
:105990001C30ADF81E0000964B4602AA5146284620
:1059A000ADF81A70FFF75CFDE2886388BDF8161049
:1059B0001344BDF812200A449BB292B211B218B23D
:1059C00088427FF7C8AEB4F90070B4F90400ADF8AE
:1059D00018709B1AADF81E30ADF81A10ADF81C0007
:1059E00000964B467AE7D7F8880000283FF4B3AE1C
:1059F00003680096DE68234602AA2946B047AAE655
:105A0000D7F8880000283FF4A6AE036800969E6889
:105A1000F1E700BF7C26012080B103291CD8DFE814
:105A200001F0021D081F104B1888C0F30E00404201
:105A300070470D4B1888C0F30E00704703290BD830
:105A400001A353F821F000BF5D5A0108335A010841
:105A5000615A0108275A0108002070470120704749
:105A60004FF0FF30704700BF7626012080B1032938
:105A70001CD8DFE801F01D021F07104B1888C0F387
:105A80000E0070470D4B1888C0F30E00404270475F
:105A900003290BD801A353F821F000BF7B5A01085A
:105AA000B55A0108855A0108B15A0108002070470B
:105AB000012070474FF0FF30704700BF762601206D
:105AC0002DE9F04F99B00D9114A981E80C00BDF9B2
:105AD0008C300B93DDE926219DF8A43010939DF8BE
:105AE000AC3008939DF8B03009934B7BBDF98840EA
:105AF000BDF89050BDF89460289FDDF8A8909DF8FF
:105B0000B4A04FEA431808F4807091F8068058EA70
:105B1000000800F0CE811B01C87903F480730343B1
:105B20000C9300F0C68191F909309BB2002D00F072
:105B30002C81ED1AADB2290402D5641B24B20025D4
:105B4000B2F900009188844283B2B8BFED180B44CB
:105B50001BB20A93D388528813441BB20F930C9B39
:105B60000E93B8BF2C1BB54B0B9A93F800B0BCBF7B
:105B7000A5B204465346214614A8F6F715F9214666
:105B8000ADF85C0053460B9A14A8F6F72AF918A949
:105B900021F8020D17A8F6F751FABAF1000F40F0FC
:105BA000F780BBF1010F40F0FB80109B002B40F011
:105BB000A8811FFA88F205B95EB1089806FB025366
:105BC0004343314607EBD30703F007060C9B5B1AF0
:105BD0000E930BF1FF314B424B41184651460C934B
:105BE000FFF71AFF0C9B83461846FFF73FFF0F99FC
:105BF00003460B98A1EB000A0E998A45A8BF8A4676
:105C0000BAF1000F40F355810A99641B0C1B4445FF
:105C1000D4BFC5EB0405C5EB0805002D40F3498151
:105C20000899521B4A430E920D9A002A40F0758142
:105C3000834A0A9310680268D26A90470A9B0899BF
:105C400001228A40013A7F49D2B20C880C92BDF9F8
:105C50005C10BDF95E2004FB021200EB42024FEA29
:105C600019240A92C9F307421292E2B211925FFA22
:105C700089F21092744A4FEA591101F4FC612240F2
:105C80000A43C9F3C40942EA09024FEA4B0192B23E
:105C900005FB1B3B0F920B463A780B916B4332414D
:105CA00003EB4B03D2B213931AF1FF3AC0F04981D0
:105CB000DDF82880A94619F1FF39C0F032810C9B2C
:105CC000134054D0FF200C9990FBF1F14B43FE2B75
:105CD00003DD0999814200F022810999B8F800405A
:105CE000129811FB03F39BB2591C01EB1323C3F36E
:105CF00007231FFA83FE211210FB0EFB01F0F801AF
:105D00001198DB43DBB241EA511101FB03B14FEAC9
:105D1000E40C10FB0EFBE4001098E4B244EA5414C7
:105D200010FB0EFE04FB03E40CF0FC0C89B2A4B2E1
:105D30004CEA9C1C0CFB03BC4B1C04F1010B03EB59
:105D400011210BEB142B1FFA8CFCCBF3C42B01F4A9
:105D500078414BEA01010CF1010B0BEB1C2B4FEAD4
:105D60005B1B0BF4FC6B41EA0B01A8F80010089BCD
:105D70001E44B6B2072E98BF1A410B9B89BF7A7892
:105D8000D2B201370026984495E71C4424B2D7E6E6
:105D9000BAF1010F7FF409AFBBF1010F7FF405AF3A
:105DA0000F9B0B9A991A0C9B9B1B9942A8BF1946F3
:105DB000002912917DDD224A119210680368DB6B85
:105DC000984710F48073129906D0089B042B33D1A6
:105DD000109B003318BF012382051FFA88FC40F195
:105DE000B9800898082840F0B580002B64D00CF1E9
:105DF000010C2CF001039BB245BB0A9A08EB04008E
:105E0000904223DC119ABDF85EE01068BDF85C207A
:105E1000046806954FF480750595099D029389B233
:105E2000CDE90031CDE903954FEA5C0CA46D7346D2
:105E300006FB0C71A0473CE00023CDE7742601204F
:105E40007C2601207626012000F8FF000A9AA4EBA8
:105E5000050EA2EB0E0EC645D4BFC5EB0E0EC5EB6C
:105E6000080EBEF1000F24D0E8073FF59EAE1EF0ED
:105E700001007FF49AAE119ABDF85E801468BDF8F7
:105E80005C206D084FEA5C0C06FB0C5625680690FA
:105E90004FF48070059009980293CDE9039089B280
:105EA0001FFA8EF301910093AD6D4346B919204658
:105EB000A84719B0BDE8F08F284ABDF85EE0106829
:105EC000BDF85C20D0F800A006934FF40073059352
:105ED000099BCDF808C0CDE903930A9B641B1C1BEA
:105EE00006FB08564445D4BFC5EB0405C5EB0805C1
:105EF00089B2ADB201910095DAF858407346B919EC
:105F000098E70822089B92FBF3F35A1E424492FB47
:105F1000F3F212FB03F292B24DE60D988FE60F9961
:105F200023E70E9B43B11E44B6B207EBD60706F03B
:105F300007063A783241D2B20A99139B19440A9162
:105F4000B2E60D9B002BB4D1044B186803681B6BA1
:105F50009847AEE7002B7FF44AAF26E67C26012067
:105F600038B5154C2378BFF35B8FDA0705460BD4A1
:105F7000204608F048FC38B1204608F050FC0F4A93
:105F80000F49104808F038FC0F4C2378BFF35B8FA3
:105F9000DB070BD4204608F036FC38B1204608F069
:105FA0003EFC064A09490A4808F026FC054B6B618D
:105FB000074BAB6138BD00BF602701200000002007
:105FC00069200108D0000020642701206720010813
:105FD000D400002038B5154C2378BFF35B8FDA0767
:105FE00005460BD4204608F00EFC38B1204608F0D8
:105FF00016FC0F4A0F49104808F0FEFB0F4C23789F
:10600000BFF35B8FDB070BD4204608F0FCFB38B1F5
:10601000204608F004FC064A09490A4808F0ECFB4F
:10602000054BEB60074B2B6138BD00BF38270120C3
:10603000000000206D200108A80000203C2701205E
:106040006B200108AC00002010B50446FFF788FF64
:106050002046BDE81040FFF7BDBF000038B5154C25
:106060002378BFF35B8FDA0705460BD4204608F090
:10607000CAFB38B1204608F0D2FB0F4A0F4910483E
:1060800008F0BAFB0F4C2378BFF35B8FDB070BD410
:10609000204608F0B8FB38B1204608F0C0FB064A9D
:1060A00009490A4808F0A8FB054B6B62074BAB6235
:1060B00038BD00BF682701200000002061200108D2
:1060C000D80000206C2701205F200108DC000020A0
:1060D00038B5154C2378BFF35B8FDA0705460BD430
:1060E000204608F090FB38B1204608F098FB0F4A94
:1060F0000F49104808F080FB0F4C2378BFF35B8FEB
:10610000DB070BD4204608F07EFB38B1204608F0B0
:1061100086FB064A09490A4808F06EFB054BEB610D
:10612000074B2B6238BD00BF402701200000002034
:1061300065200108B00000204427012063200108E9
:10614000B400002010B50446FFF788FF2046BDE8E4
:106150001040FFF7BDBF000038B5154C2378BFF3E2
:106160005B8FDA0705460BD4204608F04CFB38B1AC
:10617000204608F054FB0F4A0F49104808F03CFB3A
:106180000F4C2378BFF35B8FDB070BD4204608F05E
:106190003AFB38B1204608F042FB064A09490A4852
:1061A00008F02AFB054B6B63074BAB6338BD00BFA0
:1061B000782701200000002059200108E800002075
:1061C0007C27012057200108EC00002038B5154C31
:1061D0002378BFF35B8FDA0705460BD4204608F01F
:1061E00012FB38B1204608F01AFB0F4A0F4910483D
:1061F00008F002FB0F4C2378BFF35B8FDB070BD457
:10620000204608F000FB38B1204608F008FB064A9B
:1062100009490A4808F0F0FA054BEB62074B2B637B
:1062200038BD00BF48270120000000205D20010884
:10623000B80000204C2701205B200108BC00002092
:1062400010B50446FFF788FF2046BDE81040FFF771
:10625000BDBF000038B5154C2378BFF35B8FDA075C
:1062600005460BD4204608F0CEFA38B1204608F097
:10627000D6FA0F4A0F49104808F0BEFA0F4C23789F
:10628000BFF35B8FDB070BD4204608F0BCFA38B1B4
:10629000204608F0C4FA064A09490A4808F0ACFA50
:1062A000054B6B65074BAB6538BD00BF80270120F0
:1062B0000000002049200108F00000208427012070
:1062C00047200108F400002038B5154C2378BFF3AF
:1062D0005B8FDA0705460BD4204608F094FA38B1F4
:1062E000204608F09CFA0F4A0F49104808F084FA3B
:1062F0000F4C2378BFF35B8FDB070BD4204608F0ED
:1063000082FA38B1204608F08AFA064A09490A4852
:1063100008F072FA054BEB64074B2B6538BD00BFE4
:1063200088270120000000204D200108F8000020EF
:106330008C2701204B200108FC00002038B5154CAB
:106340002378BFF35B8FDA0705460BD4204608F0AD
:106350005AFA38B1204608F062FA0F4A0F4910483D
:1063600008F04AFA0F4C2378BFF35B8FDB070BD49E
:10637000204608F048FA38B1204608F050FA064A9C
:1063800009490A4808F038FA054B6B64074BAB64BF
:1063900038BD00BF50270120000000205120010817
:1063A000C0000020542701204F200108C400002015
:1063B00038B5154C2378BFF35B8FDA0705460BD44D
:1063C000204608F020FA38B1204608F028FA0F4A93
:1063D0000F49104808F010FA0F4C2378BFF35B8F79
:1063E000DB070BD4204608F00EFA38B1204608F03F
:1063F00016FA064A09490A4808F0FEF9054BEB630C
:10640000074B2B6438BD00BF70270120000000201F
:1064100055200108E00000207427012053200108C6
:10642000E400002010B50446FFF714FF2046FFF7F4
:1064300085FF2046FFF748FF2046BDE81040FFF7E4
:10644000B7BF000038B5154C2378BFF35B8FDA0770
:1064500005460BD4204608F0D6F938B1204608F09E
:10646000DEF90F4A0F49104808F0C6F90F4C23789F
:10647000BFF35B8FDB070BD4204608F0C4F938B1BB
:10648000204608F0CCF9064A09490A4808F0B4F950
:10649000054B6B66074BAB6638BD00BF5827012024
:1064A0000000002041200108C80000205C270120D6
:1064B0003F200108CC00002038B5154C2378BFF3ED
:1064C0005B8FDA0705460BD4204608F09CF938B1FB
:1064D000204608F0A4F90F4A0F49104808F08CF93B
:1064E0000F4C2378BFF35B8FDB070BD4204608F0FB
:1064F0008AF938B1204608F092F9064A09490A4853
:1065000008F07AF9054BEB65074B2B6638BD00BFE9
:10651000302701200000002045200108A0000020B5
:106520003427012043200108A400002010B50446B0
:10653000FFF788FF2046BDE81040FFF7BDBF000011
:1065400038B5154C2378BFF35B8FDA0705460BD4BB
:10655000204608F058F938B1204608F060F90F4A93
:106560000F49104808F048F90F4C2378BFF35B8FB0
:10657000DB070BD4204608F046F938B1204608F076
:106580004EF9064A09490A4808F036F9054B6B6787
:10659000074BAB6738BD00BF282701200000002053
:1065A00039200108980000202C27012037200108FD
:1065B0009C00002038B5154C2378BFF35B8FDA07B9
:1065C00005460BD4204608F01EF938B1204608F0E5
:1065D00026F90F4A0F49104808F00EF90F4C23789E
:1065E000BFF35B8FDB070BD4204608F00CF938B102
:1065F000204608F014F9064A09490A4808F0FCF850
:10660000054BEB66074B2B6738BD00BF20270120E9
:10661000000000203D2001089000002024270120D8
:106620003B2001089400002010B50446FFF788FFC6
:106630002046BDE81040FFF7BDBF10B50446FFF788
:10664000F3FF2046FFF772FF2046FFF7F9FD2046D3
:10665000FFF7FAFC2046FFF775FD2046BDE8104025
:10666000FFF7E0BE38B50B4C2378BFF35B8FDB0739
:1066700005460BD4204608F0C6F838B1204608F08D
:10668000CEF8054A0549064808F0B6F8044BEB6712
:1066900038BD00BF1427012000000020352001086C
:1066A0008800002038B50B4C2378BFF35B8FDB07E5
:1066B00005460BD4204608F0A6F838B1204608F06D
:1066C000AEF8054A0549064808F096F8044BC5F8A7
:1066D000803038BD18270120000000203320010839
:1066E0008C00002070B50D4D0D4C2B78BFF35B8FE7
:1066F00013F0010F06460DD1284608F084F848B182
:10670000084B2360284608F08AF8074A07492046C4
:1067100008F072F8C6F8844070BD00BF1C27012045
:1067200094280120E01B020800000020312001080D
:1067300010B50446FFF796FF2046FFF7B3FF20464B
:10674000BDE81040FFF7CEBF70B50D4D0D4C2B7856
:10675000BFF35B8F13F0010F06460DD1284608F0FA
:1067600052F848B1084B2360284608F058F8074A09
:106770000749204608F040F8C6F8884070BD00BFC1
:106780001027012090270120FC1B02080000002098
:106790002F2001082DE9F04FDDE90B45BDF924E07C
:1067A000BDF928B09DF834909DF838709DF83C6094
:1067B000088805FB0E4C002D02EB0C0AC0F2B080DD
:1067C000AB4540F3AD80002CC0F2A880A64540F355
:1067D000A58012F80C2033F81280621C00F1A3800F
:1067E000964540F3A080B9F1000F00F09C809AF824
:1067F000012033F812C0013500F19980AB4540F318
:106800009680002F00F09380002CC0F28E80A64569
:1068100040F38B801AF80E2033F81250013400F147
:106820008980A64540F38680B9F1000F00F0828090
:10683000D6449EF8012033F812304FEA084404F0A1
:10684000FC6428F4FC6819FB07FE44EA08084FEAD8
:106850000C44CEF3C70EC7F1100204F0FC642CF414
:10686000FC6C44EA0C0CA2EB0902CEEB49040EEBE3
:10687000420204FB0CF402FB08481A0402F0FC621A
:1068800023F4FC6313432A0402F0FC6225F4FC6544
:106890000EFB03832A43CEEB470707FB0232530D5F
:1068A000520903F4FC6322F4FC621A4393B2B4B2BB
:1068B0000212F643F6B21D1202F0F80212FB06F2C3
:1068C000C71005F0F805C00005FB0425C0B2DA10BA
:1068D000DB00DBB207F0FC0710FB06F0ADB203FBF8
:1068E000040002F0FC0217FB06F780B26B1C02FBEF
:1068F000047292B203EB1525431C03EB1023501CCA
:1069000000EB122205F47845C3F3C42352092B434C
:1069100002F4FC6213430B80BDE8F08F80465CE715
:106920008446804667E7844665E7054676E7034682
:10693000054682E7034680E72DE9F04F99B0DDE98F
:1069400023A515920993279A9DF8AC300D930C91CD
:10695000DDE9281316905068126800FB031302EB60
:1069600043082A9B1B680B932A9B5E680D9BDB43A5
:10697000DBB204360A930C9B002B03DC159B002B27
:1069800040F325822A9BB3F90810B3F90C20481E66
:10699000571E099B002B40F3E3805FEA2A4C4FEA25
:1069A000254306D4844504DA002B02DBBB42C0F247
:1069B000D8801CF1010C00F1C9806145C0F2C6808D
:1069C000013300F1C3809A42C0F2C080DDF824B0E8
:1069D0004746BBF1000F40F3E3802A9A2A9BD2F886
:1069E0000CE09B685FEA2A424FEA254CCAF3033069
:1069F000C5F3033100F1218103F1FF394A4580F2EB
:106A00001C81BCF1000FC0F218810EF1FF39CC459A
:106A100080F213811BB20CFB03220B9C04EB0209D6
:106A2000A25C36F812E0002800F0FE8099F8012000
:106A300036F81220119251B109EB030219F8033014
:106A400036F813300F93537836F813301293119BA6
:106A5000129C4FEA034C0CF0FC6C23F4FC634CEAF0
:106A6000030C129B1B0410FB01F224F4FC6403F0E2
:106A7000FC63D2102343C2EB4009534309FB0C33A0
:106A80004FEA0E4C0CF0FC6C2EF4FC6E4CEA0E0E31
:106A9000C1F1100CACEB000C02EB4C0C0CFB0E3CEF
:106AA0000F9B0A9C180400F0FC6023F4FC6318435D
:106AB000C2EB410202FB00C2530D5209388803F4B5
:106AC000FC6322F4FC621A4392B20112BDF8343026
:106AD0004FEA222C01F0F80111FB04F14FEAE00E1D
:106AE0000CF0F80CC0000CFB031C0EF0FC0ED110D7
:106AF000C0B2D200D2B201F0FC011EFB04FE10FBBA
:106B000004F01FFA8CFC01FB03E102FB03039AB2C1
:106B10000CF1010389B203EB1C2C531C03EB122371
:106B20004A1C02EB11210CF4784CC3F3C42349092D
:106B300043EA0C0301F4FC610B433B80259B9A4420
:106B4000269B02371D440BF1FF3B42E7259B9A44ED
:106B5000269B1D44099B013B099308F1020818E795
:106B600023D0099B2598013B00FB03A000143FF5AF
:106B70002DAF01398842BFF629AF269901FB035397
:106B80001B143FF523AF013A9342BFF61FAFDDF868
:106B900024E0BDF83490CDF83880BEF1000F6CDCF5
:106BA000099B23EAE37408EB44080C9B002B40F399
:106BB0000E8130EE040AB7EE007AC7EE007A229B0F
:106BC00070EEA40A31EE051A20EEA77AF0EE626AA2
:106BD00061EE277AFEEEC86A77EE622A16EE90AA78
:106BE000FEEEC82AF0EE436A37EEC33A12EE902A60
:106BF000BEEEC83A92FBF3F313EE102A2593229BC4
:106C000092FBF3F326930C9B159A013BFEEEC86AA8
:106C10000C93229B08BF134616EE905A0993B0EED0
:106C2000673AF0EE472AA6E600293FF410AF19F8BC
:106C3000033036F813300F9309E712F101093FF5DD
:106C40007DAF4B45FFF67AAF1CF101093FF576AFFA
:106C5000CE45FFF673AF0D9C02921BB20FFA8EF277
:106C6000CDE90514CDE903C0019200930B9A169863
:106C700033463946FFF78EFD60E72A9B0B9CB3F93C
:106C800008304FEA2A42291403FB01210B9A0A44D7
:106C9000615CCAF3033CC5F3033036F81110BCF154
:106CA000000F00F08C80577836F81740139440B1ED
:106CB000D718D35C36F8133010937B7836F813303E
:106CC0001493139B149C1CFB00F21F04D21023F49A
:106CD000FC6307F0FC671F43C2EB4C031793149B44
:106CE0001B0424F4FC6B03F0FC6343EA0B03179CC6
:106CF00053434FEA014B04FB073721F4FC610BF0CF
:106D0000FC6343EA010BC0F11001109B0A9CA1EB4C
:106D10000C0C02EB4C0C0CFB0B774FEA034C23F4EE
:106D2000FC6B0CF0FC6CC2EB40024CEA0B0C02FB5F
:106D30000C770E9A790D7F09128801F4FC6127F413
:106D4000FC670F43BBB21112181201F0F80111FBDE
:106D500004F1D71000F0F800D20000FB091007F092
:106D6000FC07D910D2B2DB0017FB04F712FB04F2C8
:106D700001F0FC01DBB280B201FB097103FB0923C6
:106D80009BB289B2421C02EB10204F1C5A1C02EB32
:106D9000132207EB112100F47840C2F3C422490901
:106DA0000E9B104301F4FC61084323F8020B0E9381
:106DB000259B9A44269B0EF1FF3E1D44EDE60028DC
:106DC0003FF47FAFD35C36F81330109379E719B0F6
:106DD000BDE8F08F2DE9F047DDE90A48BDF920E074
:106DE000BDF924A09DF830509DF83460088808FB58
:106DF0000E47B8F1000F02EB070967DBC24565DDFE
:106E0000002C61DBA6455FDDD25D33F812C0621C49
:106E10005FD496455DDD002D5BD099F8012033F8F5
:106E2000127018F1010858D4C24556DD002E54D016
:106E3000002C50DBA6454EDD19F80E2033F8122049
:106E4000013407D4A64505DD25B1CE449EF80100E6
:106E500033F810004FEA0C4315FB06F403F0FC6313
:106E60004FEA074E2CF4FC6CC4F3C70443EA0C0C45
:106E70000EF0FC6EC6F1100327F4FC675B1B4EEAB4
:106E80000707C4EB450504EB43037D4303FB0C5CA0
:106E9000030403F0FC6320F4FC601843130403F0C4
:106EA000FC6322F4FC62134304FB00C0C4EB4606FF
:106EB00006FB0300430D400903F4FC6320F4FC606F
:106EC00018430880BDE8F0878446A0E7074684465B
:106ED000A7E70746A5E70246B2E70246BAE72DE96B
:106EE000F04F93B0DDE91D460F92219A0891069369
:106EF000DDE9221310905068126800FB031302EBC7
:106F00004309249B1B680793249B5F68F7EE006A84
:106F10000437089B002B03DC0F9B002B40F3B2814E
:106F2000249BB3F90810B3F90C20481E02F1FF3C72
:106F3000069B002B40F3A9805FEA244E4FEA2643CC
:106F400006D4864504DA002B02DB6345C0F29E803E
:106F50001EF1010E00F18F807145C0F28C8001336B
:106F600000F189809A42C0F28680DDF818B0C846E8
:106F7000BBF1000F40F3A680249A249BD2F80CE0CA
:106F80009B6822144FEA264CC4F30330C6F3033146
:106F900000F1E38003F1FF3A524580F2DE80BCF15C
:106FA000000FC0F2DA800EF1FF3AD44580F2D580AE
:106FB0001BB20CFB0322079D05EB020AAA5C37F803
:106FC00012E0002800F0C0809AF8012037F8122063
:106FD0000B9251B10AEB03021AF8033037F8133061
:106FE0000993537837F813300C930B9B0C9D4FEAA1
:106FF000034C0CF0FC6C23F4FC634CEA030C0C9B7C
:107000001B0410FB01F203F0FC6325F4FC65D210B5
:107010002B43C2EB400A53430AFB0C334FEA0E4C9E
:107020000CF0FC6C2EF4FC6E4CEA0E0EC1F1100C50
:10703000ACEB000C02EB4C0C0CFB0E3C099B180457
:1070400000F0FC6023F4FC631843C2EB410202FB36
:1070500000C2530D520903F4FC6322F4FC621A438C
:10706000A8F800201F9B1C44209B08F102081E4426
:107070000BF1FF3B7CE71F9B1C44209B1E44069B9F
:10708000013B069309F1020952E720D0069B1F98A5
:10709000013B00FB034000143FF567AF0139884214
:1070A000BFF663AF209901FB03631B143FF55DAF8F
:1070B000013A9342BFF659AFDDF81880CA46B8F1DD
:1070C000000F67DC069B23EAE37509EB4509089B83
:1070D000002B40F3D78030EE040A70EEA40AC6EE0F
:1070E000807A1C9B31EE051A20EEA77AB0EE626A18
:1070F00061EE277ABEEEC86A77EE622A16EE104A73
:10710000FEEEC82AB0EE436A37EEC33A12EE902A7A
:10711000BEEEC83A92FBF3F313EE102A1F931C9BAA
:1071200092FBF3F32093089B0F9A013BBEEEC86AD3
:1071300008931C9B08BF134616EE106A0693B0EE28
:10714000673AF0EE472AE4E600293FF44EAF1AF81A
:10715000033037F81330099347E712F1010A81D45D
:107160005345FFF67FAF1CF1010A3FF57BAFD645D3
:10717000FFF678AFCDE9022C1BB20FFA8EF2CDE903
:10718000040101920093079A10983B464146FFF78D
:1071900021FE67E7249B079DB3F9083022143114C0
:1071A00003FB0121079A0A44695CC4F3033EC6F35A
:1071B000033037F81110BEF1000F5CD092F801C017
:1071C00037F81C500D9550B102EB030CD35C37F827
:1071D00013300A939CF8013037F813300E930D9B4F
:1071E0000E9D1EFB00F24FEA034CD21023F4FC6309
:1071F0000CF0FC6C4CEA030CC2EB4E0311930E9B9B
:107200001B0425F4FC6B03F0FC6343EA0B03119DA4
:1072100053434FEA014B05FB0C3C21F4FC610BF09E
:10722000FC6343EA010BC0F110010A9BA1EB0E0EB7
:1072300002EB4E0E0EFB0BCC4FEA034B23F4FC6E1D
:107240000BF0FC6B4BEA0E0EC2EB400202FB0ECCC5
:107250004FEA5C534FEA5C1C03F4FC632CF4FC6CB7
:1072600043EA0C0C1F9B2AF802CB1C44209B08F11C
:10727000FF381E4423E70028B1D0D35C37F8133021
:107280000A93ACE713B0BDE8F08F2DE9F04F0D88FD
:1072900087B0EF104FEA252A07F0FC07ED000197B1
:1072A000EDB20295019D0391DDE91206BDF9409012
:1072B0000299BDF944B09DF850409DF854E09DF806
:1072C00058800AF0F80A2D0245EA0A4506FB09072C
:1072D0000D43002E02EB070C0595C0F2B680B345B6
:1072E00040F3B3800028C0F2AE80814540F3AB800C
:1072F000D75D07EB47071F44421C00F1A980914569
:1073000040F3A680002C00F0A3809CF8015005EB10
:1073100045051D44013600F19F80B34540F39C8034
:10732000BEF1000F00F098800028C0F293808145E4
:1073300040F390801CF8096006EB46061E440130BD
:1073400000F18D80814540F38A80002C00F0878019
:10735000E14499F8012002EB42021344A4B21FFA5F
:107360008EFE04FB0EFB2401CBEB0E1EC4F58079D0
:10737000A4EB0B041FFA8EF0A2B2AC7897F802C00F
:107380000199A9EB00091FFA89F9544309FB0C4440
:1073900096F802C000FB0C4493F802C01FFA88FE66
:1073A0006FEA08085FFA88F80BFB0C4C1AFB08FA26
:1073B000CCF3072C0CFB0EAC95F801A07C782D7853
:1073C0003F7802FB0AFA09FB04AA74786A4335780D
:1073D00000FB04AA09FB07225C781B7800FB052050
:1073E0000BFB04A40BFB030B029B11FB08FA1FFA17
:1073F0008CFC13FB08F8CBF3072BC4F3072404FB26
:107400000EA40CF101030BFB0E8E1FFA8EFEA4B22C
:1074100003EB1C2C0CF4784304F1010A0EF1010C6F
:107420000CEB1E2C0AEB1424CCF3C42C64094CEA9C
:10743000030C04F4FC64039B4CEA040CA3F800C0A6
:1074400007B0BDE8F08F05AF56E705AD2F4661E701
:1074500005AD5FE705AE72E705AB1E467EE705ABFF
:107460007CE72DE9F04F95B012920993239A9DF88D
:107470009C300F930E91DDE924131390506812682D
:1074800000FB031302EB43030A93269B1B680D9337
:10749000269B5C680F9BDB43DBB204340B930E9B93
:1074A000002B03DC129B002B40F35582269BB3F983
:1074B0000810B3F90C20481E551E099B002B40F301
:1074C000F9801F9E209B36144FEA234306D4864240
:1074D00004DA002B02DBAB42C0F2ED80013600F192
:1074E000DA80B142C0F2D780013300F1D4809A42F1
:1074F000C0F2D180099B11930A9B0C93119B002B26
:1075000040F3FA802698209B209AC6681F981D1485
:10751000C2F303311F9B269A0014C3F3033392680E
:1075200000F13E81571EB84280F23A81002DC0F230
:107530003781771EBD4280F2338112B205FB020013
:107540000D9D15F800A00AEB4A0A2E1804EB0A0557
:10755000002B00F0178196F801C00CEB4C0CA444F2
:10756000002900F01781B018B25C407802EB4202AB
:1075700000EB4000224420449BB289B203FB01F996
:10758000C9EB01111B0189B29CF8027095F802B099
:107590000C9E14F80AA0B6F800E0BDF83C60C3F5F4
:1075A0008078A3EB09039BB2A8EB01081FFA88F8C7
:1075B0005F4308FB0B7792F802B0109301FB0B7747
:1075C00090F802B00B9B09FB0B774FEA2E2B0BF0C8
:1075D000F80B1BFB03FBC7F3072707FB06B7109B42
:1075E00095F801B09CF801509CF800C05D4308FB81
:1075F0000B5592F801B00B9B01FB0B5590F801B0B5
:1076000009FB0B554FEAEE0B0BF0FC0B1BFB03FBCE
:10761000109B03FB0CF392F800C008FB0A3301FB3C
:107620000C3390F800C04FEACE0E09FB0C3C0B9BCC
:107630005FFA8EFEBFB21EFB03FEC5F30725CCF337
:10764000072C05FB06B57B1C0CFB06E6ADB2B6B2FB
:1076500003EB172707F4784305F1010B771C07EBC1
:1076600016270BEB1525C7F3C4276D091F4305F437
:10767000FC650C9B3D431D800C9B219A02330C93AF
:107680001F9B13441F93229A209B13442093119B0A
:10769000013B119332E71F9B219E33441F93229E8F
:1076A000209B33442093099B013B09930A9B02339F
:1076B0000A9302E727D0099B21981F9D013B00FBFD
:1076C000035000143FF516AF01398842BFF612AFE0
:1076D0002299209801FB03031B143FF50BAF013ADD
:1076E0009342BFF607AF099B1193BDF83CA00A9BDC
:1076F0000C93119B002B70DC099B0A9A23EAE3731D
:1077000002EB43030A930E9B002B40F3248130EEDF
:10771000040AB7EE007AC7EE007A1E9B70EEA40A48
:1077200031EE051A20EEA77AF0EE626A61EE277A52
:10773000FEEEC86A77EE622ACDED1F6AFEEEC82A19
:10774000F0EE436A37EEC33A12EE902ABEEEC83A24
:1077500092FBF3F313EE102A21931E9B92FBF3F39B
:1077600022930E9B129A013BFEEEC86A0E931E9B5B
:10777000CDED206A08BF13460993B0EE673AF0EEEC
:10778000472A8CE649B1B25C02EB42022244284609
:10779000AC46F1E628462A46EEE628462A46F7E7B2
:1077A000471C3FF569AFBA42FFF666AF6F1C3FF565
:1077B00063AFBE42FFF660AF0F9F029036B212B2C7
:1077C000CDE90517CDE90353009201962346DDE983
:1077D0000C121398FFF759FD4EE7209A20981F9D31
:1077E0001F9BC2F30331269AB2F908202D1400140E
:1077F00002FB00500D9D15F80090C3F3033309EB15
:1078000049092E1804EB0905002B00F096807778C3
:1078100007EB47072744002900F09780B018B25CB7
:10782000407802EB420200EB4000224420449BB22D
:1078300089B203FB01F80C9E95F802B0B6F800C0BF
:10784000BE7814F809901B01C8EB011189B2C3F589
:10785000807EA3EB08039BB2AEEB010E1FFA8EFEF7
:107860005E430EFB0B6692F802B0109301FB0B66B1
:1078700090F802B00B9B08FB0B664FEA2C2B0BF029
:10788000F80B1BFB03FBC6F3072606FB0AB6109B8F
:1078900095F801B07D783F785D430EFB0B5592F86B
:1078A00001B00B9B01FB0B5590F801B008FB0B5589
:1078B0004FEAEC0B0BF0FC0B1BFB03FB109B7B4319
:1078C00017780EFB093301FB073307784FEACC0C1E
:1078D00008FB07370B9B5FFA8CFC1CFB03FCC5F312
:1078E0000725C7F3072705FB0AB507FB0AC7B6B28A
:1078F000ADB2BFB2731C7A1C05F1010B03EB162667
:1079000002EB17220BEB1525C2F3C42206F47846CE
:107910006D090C9B164305F4FC652E4323F8026B9E
:10792000219A0C931F9B13441F93229A209B13446C
:107930002093119B013B1193DBE649B1B25C02EB52
:107940004202224428462F4671E728462A466EE71F
:1079500028462A46F7E715B0BDE8F08F2DE9F74F26
:107960000F88BDF930E0BDF934909DF840009DF8D6
:1079700044603C02DDE90EC504F4780B7C0104F49C
:107980007C44FF004BEA0404FFB205FB0ECA274308
:10799000002D02EB0A0801977EDBA9457CDDBCF1D6
:1079A000000F77DBE64575DD12F80A7007EB470735
:1079B0001F441CF1010272D4964570DD00286ED080
:1079C00098F8014004EB44041C4401356BD4A945EC
:1079D00069DD002E67D0BCF1000F62DBE64560DD9B
:1079E00018F80E5005EB45051D441CF101025DD44D
:1079F00096455BDD002859D0C6449EF8012002EB75
:107A00004202134480B2B2B200FB02F60001C6EBA0
:107A10000212C0F58078801B1FFA82FC82B2A07827
:107A200097F802E097F800907F78A8EB0C081FFA0F
:107A300088F8504308FB0E0EA8780CFB00E093F882
:107A400002E006FB0E0E0EF4784094F800E002FB14
:107A50000EFE08FB09E995F800E00CFB0E9993F87F
:107A600000E05B7806FB0E9ECEF3C42E4EEA000EBD
:107A7000607850436A7808FB07000CFB020206FBA3
:107A800003235B0903F4FC634EEA03030B8003B09A
:107A9000BDE8F08F01AF8CE701AC274695E701AC5C
:107AA00093E701ADA1E701AB1D46ABE701ABA9E749
:107AB0002DE9F04F8FB0DDE919B50C921D9A0A91AE
:107AC0000693DDE91E130D905068126800FB031346
:107AD00002EB43030793209B1B680893209B5C6881
:107AE00004340A9B002B03DC0C9B002B40F3D68153
:107AF000209BB3F90810B3F90C20481E561E069BB4
:107B0000002B40F3B7805FEA2B474FEA254306D4AA
:107B1000874204DA002B02DBB342C0F2AC800137AB
:107B200000F19D80B942C0F29A80013300F1978044
:107B30009A42C0F29480069B0B93079B09930B9B80
:107B4000002B40F3B5802098209AC76892685FEABE
:107B50002B404FEA2546CBF30333C5F3033100F145
:107B6000FB8002F1FF3C604580F2F680002EC0F2FF
:107B7000F38007F1FF3C664580F2EE8012B206FB0F
:107B80000200089E3718305C00EB400804EB080C3C
:107B9000002B00F0D3807E7806EB460626440029B1
:107BA00000F0D480B818BA5C407802EB420200EBD7
:107BB0004000224420449BB289B203FB01F9C9EB87
:107BC00001111B0189B2B7789CF802A09CF801C092
:107BD000C3F5807EA3EB09039BB2AEEB010E1FFA47
:107BE0008EFE5F430EFB0A7792F802A001FB0A7734
:107BF00090F802A009FB0A7A14F8087096F8008041
:107C0000767803FB08F80EFB0788177801FB0788D6
:107C1000077809FB07870AF4784AC7F3C42747EABD
:107C20000A07734392F801A00EFB0C3301FB0A31E3
:107C300090F801A0099B09FB0A1A4FEA5A1A0AF4A4
:107C4000FC6A47EA0A071F80099B023309931B9BC2
:107C50009B441C9B1D440B9B013B0B936FE71B9BA1
:107C60009B441C9B1D44069B013B0693079B0233D0
:107C7000079344E723D0069B1B98013B00FB03B00E
:107C800000143FF558AF01398842BFF654AF1C9934
:107C900001FB03531B143FF54EAF013A9342BFF66D
:107CA0004AAF069B0993079B0B93099B002B70DC43
:107CB000069B079A23EAE37302EB430307930A9BAD
:107CC000002B40F3EB8030EE040AB7EE007AC7EEEB
:107CD000007A189B70EEA40A31EE051A20EEA77AFE
:107CE000F0EE626A61EE277AFEEEC86A77EE622AEB
:107CF00016EE90BAFEEEC82AF0EE436A37EEC33AAB
:107D000012EE902ABEEEC83A92FBF3F313EE102A5D
:107D10001B93189B92FBF3F31C930A9B0C9A013B59
:107D2000FEEEC86A0A93189B08BF134616EE905AD7
:107D30000693B0EE673AF0EE472AD2E649B1BA5C54
:107D400002EB420222446046664634E760466246E1
:107D500031E760466246F7E710F1010C3FF574AF7A
:107D60006245FFF671AF16F1010C3FF56DAF674547
:107D7000FFF66AAF3FB212B2CDE90431CDE9020697
:107D8000009201972346DDE908210D98FFF7E6FDF3
:107D90005AE7209AB2F908204FEA2B46281402FB32
:107DA0000060089E16F80080CBF3033308EB480808
:107DB000C5F30331371804EB080C002B60D07E7834
:107DC00006EB46062644002962D0B818BA5C407813
:107DD00002EB420200EB4000224420449BB289B2F5
:107DE00003FB01F9C9EB01111B0189B2B7789CF8BB
:107DF00002A09CF801C0C3F5807EA3EB09039BB2EF
:107E0000AEEB010E1FFA8EFE5F430EFB0A7792F86F
:107E100002A001FB0A7790F802A009FB0A7A14F885
:107E2000087096F80080767803FB08F80EFB078848
:107E3000177801FB0788077809FB07870AF4784A57
:107E40007343C7F3C427567847EA0A070EFB0C337F
:107E500090F801A001FB063309FB0A3A4FEA5A1ACF
:107E60000B9B0AF4FC6A47EA0A0723F8027B0B9390
:107E70001B9B9B441C9B1D44099B013B099314E7DE
:107E800049B1BA5C02EB4202224460466646A5E76D
:107E900060466246A2E760466246F7E70FB0BDE87B
:107EA000F08F2DE9F04F85B0DDE91074BDF938C0D1
:107EB0000291002C04FB0C71BDF93C809DF84860D8
:107EC0009DF84C0002EB010EC0F22281A04540F368
:107ED0001F81002FC0F21A81BC4540F31781525C0C
:107EE00053F822507A1C00F11681944540F3138117
:107EF000002E00F012819EF8012053F82210013468
:107F000000F10F81A04540F30C81002800F00C81A6
:107F1000002FC0F20481BC4540F301811EF80C2003
:107F200053F82240013700F10281BC4540F3FF8045
:107F3000002E00F0FE80F4449CF8012053F822202B
:107F4000B6B280B200FB06FECEEB00103601A6EB07
:107F50000E0780B2C6F580734FEA116ABFB21B1AD2
:107F60004FEA156B9BB20AFB07F64FEA14690BFB4D
:107F700003664FEA126800FB09660EFB0866C6F34B
:107F800007260096002E00F0BE8005F0FF1C0BFBBC
:107F90000CFC05F47F450BFB05F54FEA1C2B0BF0A1
:107FA000FF1B0CF1011CDC444FEA1C2C01950CF06A
:107FB000FF150395019D029E05F5807C0CEB1525B0
:107FC00001F0FF1C0AFB0CFC4FEA152B4FEA1C25A5
:107FD00005F0FF150CF1011C654404F0FF1C04F4CE
:107FE0007F4409FB0CFC09FB04F909F5807404EBE0
:107FF000192902F0FF1408FB04F401F47F4102F494
:108000007F4208FB02F80AFB01FA220A0AF5807196
:1080100002F0FF1204F1011401EB1A2A14444FEA92
:108020001C2108F580722D0A02EB182805F0FF15B7
:10803000039A368801F0FF110CF1011C7D43614465
:10804000240A02FB0355090A04F0FF1404FB0E5432
:1080500001F0FF1101FB00414FEA1A2A090A0AF454
:108060007F4A01F0FF1407FB0AF74FEA18280BF4C8
:108070007F4103FB01714FEA192908F47F480EFB89
:10808000081E09F47F4100FB01E19DF85000009AB1
:1080900087B27A43090A531C01F47F41214303EB61
:1080A000122335120A0C6FEA1323DBB212FB07F21C
:1080B00005F0F80505FB0325C1F30724F210C8B24B
:1080C000F60014FB07F402F0FC02F6B210FB07F016
:1080D00002FB0342ADB206FB030399B294B26B1CE0
:1080E00003EB1525621C4B1C03EB112302EB14223E
:1080F00005F47845C3F3C423520902F4FC622B4310
:108100001343029A138005B0BDE8F08F0025E9E61D
:1081100000210D46F3E60021F1E63146EFE60024AA
:1081200000E7002214460BE70246044608E7002257
:1081300006E7324604E72DE9F04F9FB01B92099302
:108140002D9A9DF8C4301C931991DDE92E131D90D2
:10815000506812682A9D00FB031302EB43030C9343
:10816000309B1B681293309B5E68BDF870300D9396
:108170000436199B002B03DC1B9B002B40F38883E8
:10818000309BB3F90810B3F90C20481E571E099B09
:10819000002B40F39581299C5FEA244C4FEA25434C
:1081A00006D4844504DA002B02DBBB42C0F289818D
:1081B0001CF1010C00F177816145C0F2748101333B
:1081C00000F171819A42C0F26E81099B0C9F1A9353
:1081D0001A9B002B40F39381299BC3F30332309BFE
:1081E000D3E9020E299B1B144FEA254CC5F303313A
:1081F00000F1D68100F1FF38434580F2D181BCF116
:10820000000FC0F2CD810EF1FF38C44580F2C88165
:1082100000B20CFB0033129C04EB0308E35C56F83D
:1082200023304FEA136E002A00F0AF8198F801C0A6
:1082300056F82C400E94240E159479B108EB000CDE
:1082400018F8000056F820000A90000E13909CF8D1
:10825000010056F820000F90000E169092B289B2DD
:1082600002FB01F9C9EB01111201A2EB090889B265
:10827000C2F580721598139C1FFA88F8521A92B2B0
:1082800008FB00F002FB0E0001FB0400169C09FB3A
:108290000400C0F30720002800F0FA80BEF1FF0FB1
:1082A0001BD003F0FF1A0EFB0AFA03F47F430EFB08
:1082B00003FE4FEA1A2303F0FF130AF1011A0EF529
:1082C000807C53440CEB1E2C1B0A4FEA1C2C03F041
:1082D000FF130CF47F4C43EA0C03159CFF2C21D0B8
:1082E0000E9C04F0FF1B159C04FB0BFB0E9C04F47E
:1082F0007F4A159C4FEA1B2E04FB0AFA0EF0FF1E64
:108300000BF1011B0AF5807CDE440CEB1A2A4FEAC4
:108310001E2E4FEA1A2A0EF0FF1E0AF47F4A4EEA7A
:108320000A040E94139CFF2C21D00A9C04F0FF1B1E
:10833000139C04FB0BFB0A9C04F47F4A139C4FEA3A
:108340001B2E04FB0AFA0EF0FF1E0BF1011B0AF5AF
:10835000807CDE440CEB1A2A4FEA1E2E4FEA1A2AC2
:108360000EF0FF1E0AF47F4A4EEA0A040A94169C95
:10837000FF2C21D00F9C04F0FF1B169C04FB0BFB71
:108380000F9C04F47F4A169C4FEA1B2E04FB0AFA4A
:108390000EF0FF1E0BF1011B0AF5807CDE440CEB96
:1083A0001A2A4FEA1E2E4FEA1A2A0EF0FF1E0AF46E
:1083B0007F4A4EEA0A040F940E9C04F0FF1C0A9CAC
:1083C00003F0FF1E08FB0CFC02FB0ECC04F0FF1EAA
:1083D0000F9C01FB0ECC04F0FF1E0E9C09FB0ECC83
:1083E00004F47F4E08FB0EF803F47F4302FB038383
:1083F0000A9A0D9C02F47F4A0F9A01FB0A3302F499
:108400007F410D9A09FB013942434FEA1C2C4FEA88
:1084100019293B88501C0CF0FF1C09F47F494CEAD9
:10842000090C00EB122019124FEA1C426FEA1020CF
:10843000C0B212FB04F201F0F80101FB0021CCF301
:10844000072EDA105FFA8CFCDB001CFB04FCDBB2AD
:1084500089B203FB00C31FFA83FC4B1C03EB112101
:1084600002F0FC021EFB04FE0CF1010302FB00E221
:1084700003EB1C2392B201F47841C3F3C4230B43F2
:10848000511C01EB1222520902F4FC6213433B809F
:108490002B9B299A1A442C9B29921D441A9B013B21
:1084A00002371A9394E62B9B299C1C442C9B2994FD
:1084B0001D44099B013B09930C9B02330C9366E618
:1084C00024D0099B2B98299C013B00FB03400014FE
:1084D0003FF57BAE01398842BFF677AE2C9901FBA0
:1084E00003531B143FF571AE013A9342BFF66DAED4
:1084F000DDF824B0DDF83090BBF1000F70DC099B93
:1085000023EAE3740C9B03EB44030C93199B002BAD
:1085100040F3BE8130EE040AB7EE007AC7EE007A6F
:10852000289B70EEA40A31EE051A20EEA77AF0EE31
:10853000626A61EE277AFEEEC86A77EE622ACDEDB6
:10854000296AFEEEC82AF0EE436A37EEC33A12EE0D
:10855000902ABEEEC83A92FBF3F313EE102A2B9347
:10856000289B92FBF3F32C93199B1B9A013BFEEE85
:10857000C86A1993289B08BF134616EE905A0993B0
:10858000B0EE673AF0EE472AF3E500293FF466AE15
:1085900018F8000056F820000A90000E13905DE6CF
:1085A00013F101083FF574AF4045FFF671AF1CF1C0
:1085B00001083FF56DAFC645FFF66AAF1C9C0293FC
:1085C00000B20FFA8EF3CDE90514CDE903C2019391
:1085D00000903346129A1D983946FFF762FC57E720
:1085E000299B299CC3F30332309BB3F9081027144D
:1085F0002B1401FB0373129CE718E35C56F823303D
:10860000C5F303304FEA136C002A00F0378197F866
:1086100001E056F82E401094240E179470B107EB29
:10862000010E795C56F821100B91090E14919EF8F9
:10863000011056F821101191090E189192B280B2D2
:1086400002FB00F8C8EB00101201A2EB080E80B28A
:10865000C2F580721799149C1FFA8EFE121A92B2FC
:108660000EFB01F102FB0C1100FB0411189C08FB2E
:108670000411C1F30721002900F0F580BCF1FF0FC0
:1086800019D003F0FF1A0CFB0AFA03F47F430CFB2A
:1086900003FC4FEA1A2303F0FF130AF1011A0CF549
:1086A0008077534407EB1C271B0A3F0A03F0FF1394
:1086B00007F47F473B43179CFF2C20D0109C04F00D
:1086C000FF17179C6743109C04F47F4A179C4FEADE
:1086D000172C04FB0AFA07F101170CF0FF1CBC442D
:1086E0000AF5807707EB1A2A4FEA1C2C4FEA1A2A60
:1086F0000CF0FF1C0AF47F4A4CEA0A041094149C04
:10870000FF2C20D00B9C04F0FF17149C67430B9C9C
:1087100004F47F4A149C4FEA172C04FB0AFA07F171
:1087200001170CF0FF1CBC440AF5807707EB1A2AEE
:108730004FEA1C2C4FEA1A2A0CF0FF1C0AF47F4A5D
:108740004CEA0A040B94189CFF2C20D0119C04F0D6
:10875000FF17189C6743119C04F47F4A189C4FEA4A
:10876000172C04FB0AFA07F101170CF0FF1CBC449C
:108770000AF5807707EB1A2A4FEA1C2C4FEA1A2ACF
:108780000CF0FF1C0AF47F4A4CEA0A041194109C76
:1087900004F0FF170B9C03F0FF1C0EFB07F702FB16
:1087A0000C7704F0FF1C119C00FB0C7704F0FF1CFD
:1087B000109C08FB0C7704F47F4C0EFB0CFE03F4BA
:1087C0007F4302FB03E30B9A0D9C02F47F4A119A4C
:1087D00000FB0A3302F47F4C08FB0C3C0D9BB9F8FC
:1087E00000004B433F0A4FEA1C2C0CF47F4C591CF1
:1087F00007F0FF1747EA0C0701EB132102123B0CAD
:108800006FEA1121C9B213FB04F302F0F80202FB74
:108810000132C7F3072CC310FFB2C00092B21CFB99
:1088200004FC03F0FC03C0B217FB04F703FB01C315
:1088300000FB017002F1010C80B20CEB122202F479
:10884000784C421C02EB10229BB2C2F3C42242EAD3
:108850000C0203F1010C0CEB13235B0903F4FC6322
:108860001A43A9F800202B9B299A1A442C9B299281
:1088700009F102091D440BF1FF3B3DE600283FF4DE
:10888000DDAE795C56F821100B91090E1491D5E6F6
:108890001FB0BDE8F08F2DE9F04F89B0019101982C
:1088A000BDF948C00088BDF94C809DF858509DF82E
:1088B0005C400612DDE9141706F0F8060296C610B1
:1088C000C000C0B206F0FC060490002F07FB0C109D
:1088D000039602EB000EC0F20A81B84540F307810F
:1088E0000029C0F202818C4540F3FF80125C53F8EE
:1088F00022004A1C00F1FE80944540F3FB80002DCD
:1089000000F0FA809EF8012053F82260013700F150
:10891000F780B84540F3F480002C00F0F480002983
:108920000EEB0C02C0F2EA808C4540F3E7801EF8A3
:108930000C7053F82770013100F1E8808C4540F34A
:10894000E580002D00F0E480527853F822100B0EE1
:108950004FEA106A0093A4B2ABB200F0FF1503FB1C
:1089600004F90AFB05F51B01A3EB090EC3F58072A0
:1089700000F47F43280A00F0FF1005F101150544BB
:108980002D0A0AFB03F305F0FF10059003F5807034
:1089900000EB13231B0A4FEA166B069306F0FF1336
:1089A0000BFB03F31D0A06F47F464FEA17680BFB27
:1089B00006F603F1011307F0FF1C05F0FF1507F49D
:1089C0007F4708FB07F71D4406F5807303EB162667
:1089D00007F5807303EB172308FB0CFC1B0A0793B6
:1089E0004FEA1C200B0E01F0FF175F430CF1011C36
:1089F00000F0FF10C9EB041460444FEA172CA4B236
:108A000007F101172D0A01F47F410CF0FF1C1FFA3A
:108A10008EFE5943121B059BBC4405F0FF1592B214
:108A200005FB0EF54FEA1C2C03FB02550CF0FF1C56
:108A3000069B01F58077360A000A0CFB095500F009
:108A4000FF1007EB112106F47F4600FB04550EFBD7
:108A500006F603F47F40090A079B02FB006001F45D
:108A60007F4109FB010003F47F430EFB0BFE04FB77
:108A7000030002FB0AE2009B04FB082409FB0349F4
:108A80006FEA2929029B049A5FFA89F903FB09F12D
:108A9000039B2D0A000A03FB09F300F47F4005F055
:108AA000FF15054302FB09F9581C4A1C00EB132073
:108AB00002EB11212B0A2A0C03EB102302EB1122EB
:108AC000DB00120202F4784203F4FC63134309F161
:108AD000010202EB192905EB1925C5F3C4051D4355
:108AE000019B1D8009B0BDE8F08F002001E7002642
:108AF00030460BE7002609E72E4607E700271AE76E
:108B000000210F4623E72146274620E700211EE7E4
:108B100029461CE72DE9F04F9BB01892299A16912F
:108B20000793DDE92A13199050681268269D00FB0F
:108B3000031302EB43030A932C9B1B680F932C9B9C
:108B40005E680436169B002B03DC189B002B40F359
:108B500073832C9BB3F90810B3F90C20481E571EE1
:108B6000079B002B40F39081259C5FEA244C4FEA41
:108B7000254306D4844504DA002B02DBBB42C0F255
:108B800084811CF1010C00F172816145C0F26F819A
:108B9000013300F16C819A42C0F26981079B0A9F00
:108BA0001793179B002B40F38E81259BC3F3033251
:108BB0002C9BD3E9021E259B1B144FEA254CC5F3C1
:108BC000033000F1D18101F1FF38434580F2CC81BF
:108BD000BCF1000FC0F2C8810EF1FF38C44580F22D
:108BE000C38109B20CFB01330F9C04EB0308E35C67
:108BF00056F823304FEA136E002A00F0AA8198F845
:108C000001C056F82C400B94240E129478B108EB56
:108C1000010C18F8011056F821100891090E109156
:108C20009CF8011056F821100C91090E139192B284
:108C300080B202FB00F9C9EB00101201A2EB090897
:108C400080B2C2F580721299109C1FFA88F8121A2D
:108C500092B208FB01F102FB0E1100FB0411139C00
:108C600009FB0411C1F30721002900F0F580BEF1D2
:108C7000FF0F1BD003F0FF1A0EFB0AFA03F47F4329
:108C80000EFB03FE4FEA1A2303F0FF130AF1011A49
:108C90000EF5807C53440CEB1E2C1B0A4FEA1C2C57
:108CA00003F0FF130CF47F4C43EA0C03129CFF2CDF
:108CB00021D00B9C04F0FF1B129C04FB0BFB0B9CB4
:108CC00004F47F4A129C4FEA1B2E04FB0AFA0EF0B2
:108CD000FF1E0BF1011B0AF5807CDE440CEB1A2A07
:108CE0004FEA1E2E4FEA1A2A0EF0FF1E0AF47F4AA0
:108CF0004EEA0A040B94109CFF2C21D0089C04F02F
:108D0000FF1B109C04FB0BFB089C04F47F4A109C87
:108D10004FEA1B2E04FB0AFA0EF0FF1E0BF1011B9B
:108D20000AF5807CDE440CEB1A2A4FEA1E2E4FEA2D
:108D30001A2A0EF0FF1E0AF47F4A4EEA0A0408942B
:108D4000139CFF2C21D00C9C04F0FF1B139C04FBF4
:108D50000BFB0C9C04F47F4A139C4FEA1B2E04FB74
:108D60000AFA0EF0FF1E0BF1011B0AF5807CDE44AF
:108D70000CEB1A2A4FEA1E2E4FEA1A2A0EF0FF1E9B
:108D80000AF47F4A4EEA0A040C940B9C04F0FF1C80
:108D9000089C03F0FF1E08FB0CFC02FB0ECC04F049
:108DA000FF1E0C9C00FB0ECC04F0FF1E0B9C09FB6D
:108DB0000ECC04F47F4E08FB0EF803F47F4302FB55
:108DC0000383089AB7F8008002F47F4A0C9A00FBEC
:108DD0000A3302F47F4009FB0039C9434FEA2822D5
:108DE0005FFA81FE4FEA1C2C4FEA192902F0F802C3
:108DF00002FB0EF20CF0FF1C09F47F494CEA090C4F
:108E0000531C03EB12224FEAE8004FEA1C4303EB2A
:108E1000122300F0FC00634A00FB0EF0DBB202EA12
:108E20000322431C03EB10204FEA1C234FEAC80126
:108E300003EB1023C9B2DB0001FB0EF103F4FC636A
:108E400013434A1C02EB11210CEB112CCCF3C40C84
:108E50004CEA030CA7F800C0279B259A1A44289BCC
:108E600025921D44179B013B0237179399E6279BD8
:108E7000259C1C44289B25941D44079B013B07937C
:108E80000A9B02330A936BE624D0079B2798259C04
:108E9000013B00FB034000143FF580AE01398842DE
:108EA000BFF67CAE289901FB03531B143FF576AE49
:108EB000013A9342BFF672AEDDF81CB0DDF828909F
:108EC000BBF1000F70DC079B23EAE3740A9B03EB02
:108ED00044030A93169B002B40F3AE8130EE040A44
:108EE000B7EE007AC7EE007A249B70EEA40A31EE4A
:108EF000051A20EEA77AF0EE626A61EE277AFEEE9E
:108F0000C86A77EE622ACDED256AFEEEC82AF0EE39
:108F1000436A37EEC33A12EE902ABEEEC83A92FB8D
:108F2000F3F313EE102A2793249B92FBF3F3289379
:108F3000169B189A013BFEEEC86A1693249B08BF45
:108F4000134616EE905A0793B0EE673AF0EE472AB2
:108F5000F8E500283FF46BAE18F8011056F8211020
:108F60000891090E109162E613F101083FF574AF04
:108F70004145FFF671AF1CF101083FF56DAFC645E5
:108F8000FFF66AAFCDE9023C09B20FFA8EF3CDE9E4
:108F900004200193009133460F9A19983946FFF740
:108FA0007AFC59E700F8FFFF259B259CC3F30332A9
:108FB0002C9BB3F9081027142B1401FB03730F9C8F
:108FC000E718E35C56F82330C5F303304FEA136C1F
:108FD000002A00F0278197F801E056F82E400D9402
:108FE000240E149470B107EB010E795C56F8211031
:108FF0000991090E11919EF8011056F821100E9159
:10900000090E159192B280B202FB00F8C8EB001075
:109010001201A2EB080E80B2C2F58071149A119C65
:109020001FFA8EFE091A89B20EFB02F201FB0C2216
:1090300000FB0422159C08FB0422C2F30722002A2D
:1090400000F0E580BCF1FF0F19D003F0FF1A0CFB14
:109050000AFA03F47F430CFB03FC4FEA1A2303F0E4
:10906000FF130AF1011A0CF58077534407EB1C2714
:109070001B0A3F0A03F0FF1307F47F473B43149C8E
:10908000FF2C20D00D9C04F0FF17149C67430D9C0F
:1090900004F47F4A149C4FEA172C04FB0AFA07F1E8
:1090A00001170CF0FF1CBC440AF5807707EB1A2A65
:1090B0004FEA1C2C4FEA1A2A0CF0FF1C0AF47F4AD4
:1090C0004CEA0A040D94119CFF2C20D0099C04F05A
:1090D000FF17119C6743099C04F47F4A119C4FEAD7
:1090E000172C04FB0AFA07F101170CF0FF1CBC4413
:1090F0000AF5807707EB1A2A4FEA1C2C4FEA1A2A46
:109100000CF0FF1C0AF47F4A4CEA0A040994159CEF
:10911000FF2C20D00E9C04F0FF17159C67430E9C7B
:1091200004F47F4A159C4FEA172C04FB0AFA07F156
:1091300001170CF0FF1CBC440AF5807707EB1A2AD4
:109140004FEA1C2C4FEA1A2A0CF0FF1C0AF47F4A43
:109150004CEA0A040E940D9C04F0FF17099C03F0DE
:10916000FF1C0EFB07F701FB0C7704F0FF1C0E9CA5
:1091700000FB0C7704F0FF1C0D9C08FB0C7704F43B
:109180007F4C0EFB0CFE03F47F4301FB03E30999C4
:1091900001F47F4A0E9900FB0A3301F47F4C08FB6F
:1091A0000C3CB9F80030D2431812D2B2D9103F0AA1
:1091B0004FEA1C2C00F0F800DB00504307F0FF17CB
:1091C0000CF47F4C01F0FC01DBB247EA0C07514381
:1091D0005343421C02EB10203A0C02EB1020184AB9
:1091E000C0B202EA00204A1C02EB11213A0A02EB4B
:1091F0001121C90001F4FC610143581C00EB13204C
:1092000007EB1027C7F3C4000843A9F80000279B09
:10921000259A1A44289B259209F102091D440BF155
:10922000FF3B4DE600283FF4EDAE795C56F8211087
:109230000991090E1191E5E61BB0BDE8F08F00BF62
:1092400000F8FFFF2DE9F04F85B0DDE91070BDF9A2
:109250003860039100FB067402EB44050028BDF959
:109260003CB09DF848109DF84CE0019503EB0409D3
:10927000C0F25081834540F34D81002FC0F24681FA
:10928000BE4240F3438113F804C032F814304FEA71
:10929000EC0223F4FC65554303F4FC634FF61F0412
:1092A0000CFB03F204EA551305F601051D4402F117
:1092B000200303EB12231B0A04EA551403F4FC6396
:1092C0001C437B1C00F12B819E4240F32881002926
:1092D00000F02881019A99F8013055884FEAE30897
:1092E00025F4FC6208FB02F805F4FC654FF61F024A
:1092F00002EA581A5D4308F60108D04405F1200A35
:109300000AEB15252D0A02EA581205F4FC652A43DA
:10931000013000F10D81834540F30A81BEF1000F59
:1093200000F00B81002FC0F20081BE4240F3FD80AF
:10933000019819F8065030F816804FEAE50A28F42B
:10934000FC600AFB00FA4FF61F0B08F4FC680BEAFE
:109350005A1005FB08F80AF6010A824408F12000B9
:1093600000EB1820000A0BEA5A1B00F4FC604BEAE1
:10937000000B013700F1E680BE4240F3E380002994
:1093800000F0E3800136019819F8067030F81600F5
:109390004FEAE70920F4FC6600F4FC6009FB06F9DB
:1093A00007FB00F84FF61F0000EA591A09F60109F9
:1093B000D14400EA591608F1200000EB1820000AF9
:1093C00000F4FC6030438EB21FFA8EF906FB09F8F8
:1093D0004FEA044AC8EB091936010AF0FC6A24F482
:1093E000FC6401964AEA04041FFA89F64FEA024A2D
:1093F00011FB0EF9C9F3C70902960AF0FC6A26466A
:1094000022F4FC62CEF11004641A4AEA0202C9EBAB
:1094100041014FEA004A4A4309EB44040AF0FC6A5E
:1094200020F4FC6004FB06244AEA000009FB004229
:109430004FEA0B4404F0FC642BF4FC6B44EA0B0B86
:10944000019C029E0399C4F58074A41B019E0888A8
:109450009DF85010A6EB0806B6B2A4B273430CFBFD
:109460000433029C04FB053508FB0757C9EB4E0E7D
:1094700089B20EFB0B2EC7F307274F434FEA5E520C
:109480004FEA5E1E02F4FC627B1C2EF4FC6E42EA84
:109490000E0E03EB17271FFA8EF203126FEA17273F
:1094A000FFB2151203F0F80313FB07F305F0F805FC
:1094B00005FB0135C310D41003F0FC0313FB07F3C5
:1094C00004F0FC0404FB0134C300D200DBB213FB44
:1094D00007F3D2B202FB0131ADB289B2A4B26B1C68
:1094E00003EB1525621C4B1C03EB112302EB142428
:1094F00005F47845C3F3C42364092B4304F4FC64E6
:10950000039A2343138005B0BDE8F08F4FF0000CA1
:109510006446D6E600239C461A461C46F8E600231D
:109520001A46F5E60B460A46F2E60025AB4620E76A
:1095300000273D463846BB4645E7774675467046A8
:10954000F34640E7002738463DE70F4608463AE72E
:109550002DE9F04F97B014920893259A9DF8A43006
:1095600012931191DDE9261315905068126800FBE3
:10957000031302EB43030993289B1B680B93289B5F
:109580005B680C93BDF848300A93119B002B03DCF9
:10959000149B002B40F3CB83289BB3F90810B3F93D
:1095A0000C20481E551E089B002B40F3A381219ED2
:1095B000229B36144FEA234306D4864204DA002B5A
:1095C00002DBAB42C0F29781013600F18481B142E7
:1095D000C0F28181013300F17E819A42C0F27B8129
:1095E000089B099F13934FF61F06139B002B40F314
:1095F000A481229B219D1814219BC3F30331229B3C
:10960000C3F3033C289B2D14D3E9022300F1F88116
:1096100002F1FF3E754580F2F3810028C0F2F0812F
:1096200003F1FF3E704580F2EB810C9B12B200FB10
:1096300002501FFA81FE03EB000A4FEA0E1513F8E1
:1096400000909AF80180C5F580739BB2BCF1000FC1
:1096500000F0B9811AF802400D940AEB020B1FFAD0
:109660008CFA0AFB0EFECEEB0A1A1FFA8AFAA5EB59
:109670000E059BF801400E94A3EB0A03ADB20D9CBE
:109680009BB208FB05F509FB03530AFB04330E9C50
:109690000EFB0433C3F30723002B00F00F810B9C58
:1096A000B9F1FF0F04EB400534F8100000F0908191
:1096B00020F4FC6E4FEAE90A00F4FC6009FB00F0BC
:1096C0000AFB0EFE06EA5E1900F1200B0EF6010EF3
:1096D000CE440BEB10294FEA192906EA5E1E09F465
:1096E000FC694EEA0909B8F1FF0F688819D020F427
:1096F000FC6E4FEAE80A00F4FC6008FB00F80AFB85
:109700000EFE06EA5E1008F1200B0EF6010E8644EE
:109710000BEB1820000A06EA5E1E00F4FC604EEA1D
:1097200000004FEA094E4FEA004A0EF0FC6E29F4A1
:10973000FC690AF0FC6A20F4FC604EEA09094AEA76
:109740000000BCF1000F00F0458102F10042013A37
:1097500052000D9C0232FF2C05EB020EAA5A18D0C3
:1097600022F4FC6502F4FC6204FB02FA4FEAE4080E
:1097700008FB05F80AF1200506EA581205EB1A2540
:1097800008F6010842442D0A06EA521205F4FC6567
:109790002A430E9CBEF80250FF2C1AD025F4FC6E12
:1097A00005F4FC6504FB05FA4FEAE40808FB0EF833
:1097B0000AF1200E06EA58150EEB1A2E08F60108DB
:1097C00045444FEA1E2E06EA55150EF4FC6E45EA96
:1097D0000E051CFB01FE4FEAEE0ECCF11008A8EBC3
:1097E00001084FEA024ACEEB41010EEB48084FEA6E
:1097F000054B41430AF0FC6A22F4FC624AEA020289
:10980000CEEB4C0C09FB08110BF0FC6B25F4FC654E
:109810000CFB02114BEA05050EFB051E4FEA5E52DA
:109820004FEA5E1E02F4FC622EF4FC6E42EA0E0E5B
:109830001FFA8EF2FF2B03D11299FF2900F0DE8070
:109840000A9938880A9C4B4303F1010C0CEB232343
:109850006FEA23235FFA83FC0312151203F0F80367
:1098600013FB0CF305F0F80505FB0135C310D1100F
:1098700003F0FC0313FB0CF301F0FC0101FB0431CA
:10988000C300D200DBB2D2B213FB0CF3ADB202FBC9
:1098900004339AB26B1C89B203EB1525531C03EBFE
:1098A00012234A1C02EB112105F47845C3F3C423AB
:1098B00049092B4301F4FC610B433B80219B239A14
:1098C00013442193229A249B1A44139B2292013B16
:1098D0000237139389E6219B239E229C33442193D4
:1098E000249B1C44089B2294013B0893099B023350
:1098F000099358E628D0089B2398219D013B00FB43
:10990000035000143FF56CAE01398842BFF668AED3
:109910002499229801FB03031B143FF561AE013A21
:109920009342BFF65DAE089BDDF824E013934FF63B
:109930001F06139B002B00F38280089B23EAE3742D
:10994000099B03EB44030993119B002B40F3EF8128
:1099500030EE040AB7EE007AC7EE007A209B70EE74
:10996000A40A31EE051A20EEA77AF0EE626A61EEE3
:10997000277AFEEEC86A77EE622ACDED216AFEEE06
:10998000C82AF0EE436A37EEC33A12EE902ABEEED2
:10999000C83A92FBF3F313EE102A2393209B92FB19
:1099A000F3F32493119B149A013BFEEEC86A1193C2
:1099B000209BCDED226A08BF13460893B0EE673AAC
:1099C000F0EE472AE1E508FB05F509FB035361E6E4
:1099D000814688E6C1F11002414309FB02194FEAB2
:1099E00049094FEA59524FEA591902F4FC6229F425
:1099F000FC6942EA09091FFA89F21BE73A805DE730
:109A000015F1010E3FF55AAF7245FFF657AF10F151
:109A1000010E3FF553AF7345FFF650AF129C029510
:109A20001BB212B2CDE9030101930092CDE905C446
:109A3000DDE90B2339461598FFF704FC3EE7219B2F
:109A4000C3F30332229BC3F30335289BB3F90810F9
:109A5000229B1F14219B1B1401FB07370C9B1FFA31
:109A600082FC03EB070A4FEA0C1013F807909AF8F0
:109A70000180C0F580739BB2002D00F03D811AF883
:109A800001400F940AEB010B1FFA85FA0AFB0CFC4C
:109A9000CCEB0A1A1FFA8AFAA0EB0C00A3EB0A031C
:109AA00080B208FB00F09BB209FB03030F989BF800
:109AB000014010940AFB00330CFB0433C3F307236B
:109AC000002B00F00B810B980B9CB9F1FF0F00EB02
:109AD000470034F8177000F0148127F4FC6C4FEA4B
:109AE000E90A07F4FC6709FB07F70AFB0CFC06EA26
:109AF0005C1907F1200B0CF6010CCC440BEB172979
:109B00004FEA192906EA5C1C09F4FC694CEA0909C8
:109B1000B8F1FF0F478819D027F4FC6C4FEAE80A28
:109B200007F4FC6708FB07F80AFB0CFC06EA5C1765
:109B300008F1200B0CF6010CBC440BEB18273F0A74
:109B400006EA5C1C07F4FC674CEA07074FEA094C7D
:109B50004FEA074A0CF0FC6C29F4FC690AF0FC6A35
:109B600027F4FC674CEA09094AEA0707002D00F0D0
:109B7000CA8001F1004101394900023100EB010CBA
:109B8000415A0F98FF2819D00F9C21F4FC6001F472
:109B9000FC6104FB01FA4FEAE40808FB00F80AF153
:109BA000200006EA581100EB1A2008F6010841448B
:109BB000000A06EA511100F4FC600143109CBCF855
:109BC0000200FF2C1AD020F4FC6C00F4FC6004FBB3
:109BD00000FA4FEAE40808FB0CF80AF1200C06EA48
:109BE00058100CEB1A2C08F6010840444FEA1C2CC4
:109BF00006EA50100CF4FC6C40EA0C0015FB02FC69
:109C00004FEAEC0CC5F11008A8EB02084FEA014A34
:109C1000CCEB42027A434FEA004B0CEB48080AF0C7
:109C2000FC6A21F4FC6109FB08224AEA0101CCEB41
:109C300045050BF0FC6B20F4FC6005FB01224BEAB0
:109C400000000CFB0022570D520907F4FC6722F4B8
:109C5000FC623A43FF2B92B202D11299FF2963D0E2
:109C60000A98BEF800100A9C4343581C00EB2323BB
:109C70006FEA23230812DBB2151200F0F80010FB84
:109C800003F0CF1005F0F805C90005FB0405C9B2C3
:109C9000D010D20011FB03F1D2B207F0FC0702FB97
:109CA000041217FB03F7ADB292B200F0FC0000FB08
:109CB00004706B1C571C03EB152507EB122780B2B1
:109CC000C7F3C42705F478453D43471C07EB10272D
:109CD0007F0907F4FC673D43AEF80050219B239AAF
:109CE00013442193229A249B1A44139B2292013BF2
:109CF0000EF1020E13931CE608FB00F009FB0303B0
:109D0000DCE6B94604E7C2F110017A4309FB0129F8
:109D10004FEA49094FEA59504FEA591200F4FC60E2
:109D200022F4FC62024395E7AEF80020D6E717B0B4
:109D3000BDE8F08F2DE9F04F85B0DDE91070BDF979
:109D40003860039100FB067403EB44050028BDF95D
:109D50003CB09DF848109DF84CE0019502EB0409D9
:109D6000C0F24181834540F33E81002FC0F237812C
:109D7000BE4240F3348112F804C033F814304FEA85
:109D8000EC0223F4FC65554303F4FC634FF61F0417
:109D90000CFB03F204EA551305F601051D4402F11C
:109DA000200303EB12231B0A04EA551403F4FC639B
:109DB0001C437B1C00F11C819E4240F31981002949
:109DC00000F01981019A99F8013055884FEAE308AB
:109DD00025F4FC6208FB02F805F4FC654FF61F024F
:109DE00002EA581A5D4308F60108D04405F1200A3A
:109DF0000AEB15252D0A02EA581205F4FC652A43E0
:109E0000013000F1FE80834540F3FB80BEF1000F7E
:109E100000F0FC80002FC0F2F180BE4240F3EE80E3
:109E2000019819F8065030F816804FEAE50A28F430
:109E3000FC600AFB00FA4FF61F0B08F4FC680BEA03
:109E40005A1005FB08F80AF6010A824408F12000BE
:109E500000EB1820000A0BEA5A1B00F4FC604BEAE6
:109E6000000B013700F1D780BE4240F3D4800029B7
:109E700000F0D4800136019819F8067030F8160009
:109E80004FEAE70920F4FC6600F4FC6009FB06F9E0
:109E900007FB00F84FF61F0000EA591A09F60109FE
:109EA000D14400EA591608F1200000EB1820000AFE
:109EB00000F4FC6030438EB21FFA8EF906FB09F8FD
:109EC0004FEA044AC8EB091936010AF0FC6A24F487
:109ED000FC6401964AEA04041FFA89F64FEA024A32
:109EE00011FB0EF9C9F3C70902960AF0FC6A26466F
:109EF00022F4FC62CEF11004641A4AEA0202C9EBB1
:109F000041014FEA004A4A4309EB44040AF0FC6A63
:109F100020F4FC6004FB06244AEA000009FB00422E
:109F20004FEA0B4404F0FC64019803992BF4FC6B9A
:109F300044EA0B0B029C0988C0F58070001B019C51
:109F4000A4EB0806B6B280B273430CFB0033029850
:109F5000C9EB4E0E00FB05350EFB0B2E08FB075719
:109F60004FEA5E520B124FEA5E1E6FEA2727FFB2DE
:109F700002F4FC62C8102EF4FC6E03F0F803C90072
:109F80007B4342EA0E0EC9B200F0FC001FFA8EF2CB
:109F900078434F43591C01EB1321131223F007039D
:109FA00003EB1123411C01EB1020D11021F0030120
:109FB00001EB10211B02C90001F4FC6103F478439A
:109FC0000B43791C01EB1727D20002EB1722C2F3D7
:109FD000C4021A43039B1A8005B0BDE8F08F4FF00E
:109FE000000C6446E5E600239C461A461C4607E73B
:109FF00000231A4604E70B460A4601E70025AB4654
:10A000002FE700273D463846BB4654E7774675465E
:10A010007046F3464FE7002738464CE70F460846A0
:10A0200049E700002DE9F04F93B01092219A0E916C
:10A030000693DDE9221311905068126800FB0313A8
:10A0400002EB43030793249B1B680893249B5B68E4
:10A0500009930E9B002B03DC109B002B40F3B48371
:10A06000249BB3F90810B3F90C20481E551E069B1B
:10A07000002B40F363811D9E1E9B36144FEA234341
:10A0800006D4864204DA002B02DBAB42C0F25781D1
:10A09000013600F14481B142C0F24181013300F147
:10A0A0003E819A42C0F23B81069B079F0F934FF679
:10A0B0001F060F9B002B40F364811E9B1D9D1814EF
:10A0C0001D9BC3F303311E9BC3F3033C249B2D1440
:10A0D000D3E9022300F1EE8102F1FF3E754580F2E3
:10A0E000E9810028C0F2E68103F1FF3E704580F26D
:10A0F000E181099B12B200FB02501FFA81FE03EBC3
:10A10000000A4FEA0E1513F800909AF80180C5F581
:10A1100080739BB2BCF1000F00F079811AF8024005
:10A120000A940AEB020B1FFA8CFA0AFB0EFECEEB26
:10A130000A1A1FFA8AFAA5EB0E059BF801400B9448
:10A14000A3EB0A03ADB20A9C9BB208FB05F509FB21
:10A1500003530AFB04330B9C0EFB0433C3F30723A6
:10A16000002B00F0CF80089CB9F1FF0F04EB4005F5
:10A1700034F8100000F0508120F4FC6E4FEAE90A38
:10A1800000F4FC6009FB00F00AFB0EFE06EA5E1913
:10A1900000F1200B0EF6010ECE440BEB10294FEA16
:10A1A000192906EA5E1E09F4FC694EEA0909B8F1AC
:10A1B000FF0F688819D020F4FC6E4FEAE80A00F41B
:10A1C000FC6008FB00F80AFB0EFE06EA5E1008F1D0
:10A1D000200B0EF6010E86440BEB1820000A06EA4F
:10A1E0005E1E00F4FC604EEA00004FEA094E4FEAA2
:10A1F000004A0EF0FC6E29F4FC690AF0FC6A20F4B7
:10A20000FC604EEA09094AEA0000BCF1000F00F0C8
:10A21000058102F10042013A52000A9C0232FF2CF1
:10A2200005EB020EAA5A18D022F4FC6502F4FC6277
:10A2300004FB02FA4FEAE40808FB05F80AF12005DE
:10A2400006EA581205EB1A2508F6010842442D0AC1
:10A2500006EA521205F4FC652A430B9CBEF8025034
:10A26000FF2C1AD025F4FC6E05F4FC6504FB05FAFE
:10A270004FEAE40808FB0EF80AF1200E06EA58152A
:10A280000EEB1A2E08F6010845444FEA1E2E06EA88
:10A2900055150EF4FC6E45EA0E051CFB01FE4FEA57
:10A2A000EE0ECCF11008A8EB01084FEA024ACEEB03
:10A2B00041010EEB48084FEA054B41430AF0FC6AA6
:10A2C00022F4FC624AEA0202CEEB4C0C09FB0811B4
:10A2D0000BF0FC6B25F4FC650CFB02114BEA050549
:10A2E0000EFB051E4FEA5E524FEA5E1E02F4FC6250
:10A2F0002EF4FC6E42EA0E0E1FFA8EF2FF2B40F097
:10A30000A1803A801D9B1F9A13441D931E9A209B87
:10A310001A440F9B1E92013B02370F93C9E61D9B07
:10A320001F9E1E9C33441D93209B1C44069B1E9421
:10A33000013B0693079B0233079398E628D0069BC0
:10A340001F981D9D013B00FB035000143FF5ACAE70
:10A3500001398842BFF6A8AE20991E9801FB03037D
:10A360001B143FF5A1AE013A9342BFF69DAE069B8A
:10A37000DDF81CE00F934FF61F060F9B002B00F338
:10A38000B680069B23EAE374079B03EB4403079321
:10A390000E9B002B40F3188230EE040AB7EE007AD1
:10A3A000C7EE007A1C9B70EEA40A31EE051A20EE6F
:10A3B000A77AF0EE626A61EE277AFEEEC86A77EE5F
:10A3C000622ACDED1D6AFEEEC82AF0EE436A37EE32
:10A3D000C33A12EE902ABEEEC83A92FBF3F313EEA4
:10A3E000102A1F931C9B92FBF3F320930E9B109A51
:10A3F000013BFEEEC86A0E931C9BCDED1E6A08BFA2
:10A4000013460693B0EE673AF0EE472A21E608FBC2
:10A4100005F509FB0353A1E68146C8E6C1F1100228
:10A42000414309FB02194FEA49094FEA59524FEAE1
:10A43000591902F4FC6229F4FC6942EA09091FFA7D
:10A4400089F25BE7B7F800C0DB434FEA2C205FFAE4
:10A4500083FE00F0F80000FB0EF0411C01EB102021
:10A4600011124FEAEC0521F0070101EB102105F074
:10A47000FC05D74805FB0EF5C9B200EA0120691CAE
:10A4800001EB1525D11021F003014FEACC0301EBBC
:10A490001521DBB2C90003FB0EF301F4FC6101439B
:10A4A000581C00EB1323D20002EB1322C2F3C402A8
:10A4B0000A4326E715F1010E3FF524AF7245FFF67A
:10A4C00021AF10F1010E3FF51DAF7345FFF61AAF36
:10A4D0001BB212B2CDE9041CCDE9025001930092E7
:10A4E0003946DDE908321198FFF724FC0AE71D9B85
:10A4F000C3F303321E9BC3F30335249BB3F9081047
:10A500001E9B1F141D9B1B1401FB0737099B1FFA81
:10A5100082FC03EB070A4FEA0C1013F807909AF835
:10A520000180C0F580739BB2002D00F0FE801AF808
:10A5300001400C940AEB010B1FFA85FA0AFB0CFC94
:10A54000CCEB0A1A1FFA8AFAA0EB0C00A3EB0A0361
:10A5500080B208FB00F09BB209FB03030C989BF848
:10A5600001400D940AFB00330CFB0433C3F30723B3
:10A57000002B00F0CC800898089CB9F1FF0F00EB8D
:10A58000470034F8177000F0D58027F4FC6C4FEAD0
:10A59000E90A07F4FC6709FB07F70AFB0CFC06EA6B
:10A5A0005C1907F1200B0CF6010CCC440BEB1729BE
:10A5B0004FEA192906EA5C1C09F4FC694CEA09090E
:10A5C000B8F1FF0F478819D027F4FC6C4FEAE80A6E
:10A5D00007F4FC6708FB07F80AFB0CFC06EA5C17AB
:10A5E00008F1200B0CF6010CBC440BEB18273F0ABA
:10A5F00006EA5C1C07F4FC674CEA07074FEA094CC3
:10A600004FEA074A0CF0FC6C29F4FC690AF0FC6A7A
:10A6100027F4FC674CEA09094AEA0707002D00F015
:10A620008B8001F1004101394900023100EB010C3E
:10A63000415A0C98FF2819D00C9C21F4FC6001F4BD
:10A64000FC6104FB01FA4FEAE40808FB00F80AF198
:10A65000200006EA581100EB1A2008F601084144D0
:10A66000000A06EA511100F4FC6001430D9CBCF89D
:10A670000200FF2C1AD020F4FC6C00F4FC6004FBF8
:10A6800000FA4FEAE40808FB0CF80AF1200C06EA8D
:10A6900058100CEB1A2C08F6010840444FEA1C2C09
:10A6A00006EA50100CF4FC6C40EA0C0015FB02FCAE
:10A6B0004FEAEC0CC5F11008A8EB02084FEA014A7A
:10A6C000CCEB42027A434FEA004B0CEB48080AF00D
:10A6D000FC6A21F4FC6109FB08224AEA0101CCEB87
:10A6E00045050BF0FC6B20F4FC6005FB01224BEAF6
:10A6F00000000CFB0022570D520907F4FC6722F4FE
:10A70000FC623A43FF2B92B227D1AEF800201D9B8A
:10A710001F9A13441D931E9A209B1A440F9B1E924E
:10A72000013B0EF1020E0F9327E608FB00F009FB38
:10A7300003031BE7B94643E7C2F110017A4309FB63
:10A7400001294FEA49094FEA59504FEA591200F4DA
:10A75000FC6022F4FC620243D4E7BEF800701C4C9B
:10A76000DB4338125FFA83FC00F0F800FD1000FBB9
:10A770000CF005F0FC0505FB0CF1451C05EB102069
:10A78000151225F0070505EB10204D1C05EB1125D2
:10A79000D11021F00301FB0001EB1521DBB2C0B2A7
:10A7A000C90003FB0CF301F4FC6104EA0020084338
:10A7B000591C01EB1323D20002EB1323C3F3C40390
:10A7C0001843AEF80000A2E713B0BDE8F08F00BF59
:10A7D00000F8FFFF2DE9F047DDE9094505FB034CD3
:10A7E000002DBDF920A09DF82C909DF830709DF8AB
:10A7F0003460088802EB4C0EC0F2A780AA4540F3F3
:10A80000A480002CC0F29F80A34240F39C8032F8C9
:10A810001C80621C00F19C80934240F39980B9F146
:10A82000000F00F09580BEF802C0013500F1948061
:10A83000AA4540F39180002F00F08E80002CC0F2DA
:10A840008980A34240F386803EF81350013400F122
:10A850008680A34240F38380B9F1000F7FD001339B
:10A860003EF813304FEA084404F0FC6428F4FC6816
:10A8700019FB07FE44EA08084FEA0C44CEF3C70E62
:10A88000C7F1100204F0FC642CF4FC6C44EA0C0CDC
:10A89000A2EB0902CEEB49040EEB420204FB0CF4DE
:10A8A00002FB08481A0402F0FC6223F4FC63134321
:10A8B0002A0402F0FC6225F4FC650EFB03832A43A4
:10A8C000CEEB470707FB0232530D520903F4FC633A
:10A8D00022F4FC621A4393B2B4B20212F643F6B207
:10A8E0001D1202F0F80212FB06F2C71005F0F8057F
:10A8F000C00005FB0425C0B2DA10DB00DBB207F0B4
:10A90000FC0710FB06F0ADB203FB040002F0FC02F2
:10A9100017FB06F780B26B1C02FB047292B203EBCA
:10A920001525431C03EB1023501C00EB122205F4E9
:10A930007845C3F3C42352092B4302F4FC6213434A
:10A940000B80BDE8F087804663E7844680466CE76D
:10A9500084466AE7054679E70346054682E70346EB
:10A9600080E72DE9F04F93B01D461092219B9DF892
:10A9700094200B92DDE922270A9159681B681190F7
:10A9800001FB072703EB47030793249B1B680993ED
:10A990000B9BDDE91D46DB43DBB208930A9B002BD2
:10A9A00003DC109B002B40F30382249BB3F90810B7
:10A9B000B3F90C20481E02F1FF3C002D40F3DA8071
:10A9C0005FEA244E4FEA264306D4864504DA002B7C
:10A9D00002DB6345C0F2CF801EF1010E00F1C180A1
:10A9E0007145C0F2BE80013300F1BB809A42C0F2D3
:10A9F000B880DDF81C80A946B9F1000F40F3D8807B
:10AA0000249B21144FEA2640C4F30332C6F3033CCF
:10AA1000D3E902E300F111810EF1FF3A514580F2D2
:10AA20000C810028C0F2098103F1FF3A504580F201
:10AA300004810FFA8EF300FB0311099800EB410A21
:10AA400030F811E0BAF80210BCF1000F07D05B003B
:10AA50000AEB03003AF803300C9343880D934FEA56
:10AA60000E4012FB0CF32EF4FC6E4FEA014A00F08C
:10AA7000FC60DB1040EA0E000AF0FC6ACCF1100E1C
:10AA800021F4FC61AEEB020E4AEA0101C3EB420283
:10AA900051430D9A089F03EB4E0E0EFB001E10044F
:10AAA00000F0FC6022F4FC6210430C9A0C99120432
:10AAB00003FB00E002F0FC6221F4FC6E42EA0E02AD
:10AAC000C3EB4C0303FB02035A0D5B09B8F800000B
:10AAD00002F4FC6223F4FC6313439BB20112BDF841
:10AAE0002C204FEA232C01F0F80111FB07F14FEA6B
:10AAF000E00E0CF0F80CC0000CFB021CC0B2D91028
:10AB0000DB000EF0FC0EDBB210FB07F01FFA8CFC32
:10AB100003FB020301F0FC011EFB07FE01FB02E147
:10AB20009AB20CF1010389B203EB1C2C531C03EB0A
:10AB300012234A1C02EB11210CF4784CC3F3C423FA
:10AB4000490943EA0C0301F4FC610B43A8F8003007
:10AB50001F9B1C44209B08F102081E4409F1FF3989
:10AB60004AE71F9B1C44209B1E44079B0233013D68
:10AB7000079322E722D01F986B1E00FB03400014AE
:10AB80003FF537AF01398842BFF633AF209901FB5B
:10AB900003631B143FF52DAF013A9342BFF629AF73
:10ABA000DDF81C90BDF82CA0A846B8F1000F5EDCC3
:10ABB000079B25EAE57503EB450307930A9B002BEA
:10ABC00040F3F68030EE040AB7EE007AC7EE007A62
:10ABD0001C9B70EEA40A31EE051A20EEA77AF0EE67
:10ABE000626A61EE277AFEEEC86A77EE622A16EE96
:10ABF000904AFEEEC82AF0EE436A37EEC33A12EEF0
:10AC0000902ABEEEC83A92FBF3F313EE102A1F937C
:10AC10001C9B92FBF3F320930A9B109A013BFEEEE0
:10AC2000C86A0A931C9B16EE906A14BF1D4615460F
:10AC3000B0EE673AF0EE472AB0E611F1010A87D488
:10AC4000D64585DB10F1010A82D4534580DB0B9F8A
:10AC500001911BB2CDE902020093CDE904C70FFABE
:10AC60008EF3099A11984146FFF7B4FD70E7249BD3
:10AC7000099FB3F908103014231401FB0030099B1D
:10AC800037F810C003EB4003C6F3033EC4F30332AE
:10AC90005888BEF1000F0BD001F100410139490085
:10ACA000023103EB010B5B5A0E93BBF802300F939A
:10ACB0004FEA0C4112FB0EF32CF4FC6C4FEA004BF4
:10ACC00001F0FC61DB1041EA0C010BF0FC6BCEF1F2
:10ACD000100C20F4FC60ACEB020C4BEA0000C3EB60
:10ACE000420250430F9A089F03EB4C0C0CFB010CE3
:10ACF0004FEA024B22F4FC610E9A0E980BF0FC6BAB
:10AD000012044BEA010120F4FC6002F0FC6203FB38
:10AD100001C10243C3EB4E0303FB02124FEA525B35
:10AD2000520922F4FC630BF4FC6BB9F800204BEAE7
:10AD300003039BB21112181201F0F80111FB07F185
:10AD40004FEAE20C00F0F800D20000FB0A100CF011
:10AD5000FC0CD910D2B2DB001CFB07FC12FB07F283
:10AD600001F0FC01DBB280B201FB0AC103FB0A2344
:10AD70009BB289B2421C02EB102001F1010C5A1C5B
:10AD800002EB13220CEB112C1F9B00F47840C2F352
:10AD9000C4224FEA5C1C10430CF4FC6C1C44209B46
:10ADA00040EA0C0029F8020B1E4408F1FF38FCE6CB
:10ADB00013B0BDE8F08F2DE9F043DDE9084E0EFB3E
:10ADC0000347BEF1000FBDF91C909DF828509DF877
:10ADD0002C60088802EB470860DBF1455EDD002C43
:10ADE0005ADBA34258DD32F817C0621C59D4934293
:10ADF00057DD002D55D0B8F802701EF1010E54D465
:10AE0000F14552DD002E50D0002C4CDBA3424ADD30
:10AE100038F81320013405D4A34203DD15B1013302
:10AE200038F813004FEA0C4315FB06F403F0FC63FB
:10AE30004FEA074E2CF4FC6CC4F3C70443EA0C0C35
:10AE40000EF0FC6EC6F1100327F4FC675B1B4EEAA4
:10AE50000707C4EB450504EB43037D4303FB0C5C90
:10AE6000030403F0FC6320F4FC601843130403F0B4
:10AE7000FC6322F4FC62134304FB00C0C4EB4606EF
:10AE800006FB0300430D400903F4FC6320F4FC605F
:10AE900018430880BDE8F0838446A6E70746844649
:10AEA000ABE70746A9E70246B4E70246BAE72DE951
:10AEB000F04F8FB01D461D9B0C92DDE91E270791B8
:10AEC00059681B680D9001FB072703EB4707209B80
:10AED000DDE91946D3F80080079B002B03DC0C9BAF
:10AEE000002B40F38181209BB3F90810B3F90C20AB
:10AEF000481E02F1FF3C002D40F39B805FEA244E88
:10AF00004FEA264306D4864504DA002B02DB63456C
:10AF1000C0F290801EF1010E00F184807145C0F2F4
:10AF2000818001337ED49A427CDBAA46B946BAF1CD
:10AF3000000F40F39980209B21144FEA2640C4F370
:10AF40000332C6F3033CD3E902E300F1D0800EF1F3
:10AF5000FF3B594580F2CB800028C0F2C88003F146
:10AF6000FF3B584580F2C3800FFA8EFE00FB0E11A6
:10AF700008EB410038F811B04188BCF1000F0BD04C
:10AF80000EF10043013B5B00023300EB030EC35A9A
:10AF90000893BEF8023009934FEA0B4000F0FC60C2
:10AFA0002BF4FC6B40EA0B0012FB0CF34FEA014B55
:10AFB000DB10CCF1100E0BF0FC6B21F4FC61AEEB5E
:10AFC000020E4BEA0101C3EB42025143099A03EB23
:10AFD0004E0E0EFB001E100400F0FC6022F4FC621A
:10AFE0001043089A0899120403FB00E002F0FC6287
:10AFF00021F4FC6E42EA0E02C3EB4C0303FB020396
:10B000005A0D5B0902F4FC6223F4FC631343A9F8B4
:10B0100000301B9B1C441C9B09F102091E440AF1D1
:10B02000FF3A84E71B9B1C441C9B013D1E440237D6
:10B0300061E71DD01B986B1E00FB034000143FF519
:10B0400074AF01398842BFF670AF1C9901FB0363EE
:10B050001B143FF56AAF013A9342BFF666AFA946AB
:10B06000BA46B9F1000F5ADC25EAE57507EB45074A
:10B07000079B002B40F3B88030EE040AB7EE007A4D
:10B08000C7EE007A189B70EEA40A31EE051A20EE86
:10B09000A77AF0EE626A61EE277AFEEEC86A77EE72
:10B0A000622A16EE904AFEEEC82AF0EE436A37EEA8
:10B0B000C33A12EE902ABEEEC83A92FBF3F313EEB7
:10B0C000102A1B93189B92FBF3F31C93079B0C9A7B
:10B0D000013BFEEEC86A0793189B16EE906A14BFF8
:10B0E0001D461546B0EE673AF0EE472AF4E611F138
:10B0F000010B8ED4DE458CDB10F1010B89D45B454E
:10B1000087DB1BB2CDE90110CDE9032C0093424649
:10B110000FFA8EF349460D98FFF74DFE79E7209B15
:10B12000B3F908302014311403FB010108EB41008E
:10B13000C6F3033E38F811C04188C4F30332BEF1B0
:10B14000000F0BD003F10043013B5B00023300EB27
:10B15000030BC35A0A93BBF802300B934FEA0C401F
:10B1600012FB0EF32CF4FC6C4FEA014B00F0FC6078
:10B17000DB1040EA0C000BF0FC6BCEF1100C21F45C
:10B18000FC61ACEB020C4BEA0101C3EB4202514300
:10B190000B9A03EB4C0C0CFB001C4FEA024B22F405
:10B1A000FC600A9A0A990BF0FC6B12044BEA00004F
:10B1B00002F0FC6221F4FC6B03FB00C042EA0B0BC3
:10B1C000C3EB4E0303FB0B00430D400903F4FC6388
:10B1D00020F4FC6018431B9B2AF8020B1C441C9BA8
:10B1E00009F1FF391E443CE70FB0BDE8F08F2DE9AF
:10B1F000F04F85B0DDE90F740291002C04FB037160
:10B20000BDF938E09DF844609DF8480002EB810CE0
:10B21000C0F21B81A64540F31881002FC0F21381B4
:10B22000BB4240F3108152F821507A1C00F110818A
:10B23000934240F30D81002E00F00C81DCF80410E5
:10B24000013400F10B81A64540F30881002800F08D
:10B250000881002FC0F20081BB4240F3FD805CF802
:10B260002340013700F10081BB4240F3FD80002EF6
:10B2700000F0FC8001335CF82320B6B280B200FB02
:10B2800006FECEEB00103601A6EB0E0780B2C6F527
:10B2900080734FEA116ABFB21B1A4FEA156B9BB25B
:10B2A0000AFB07F64FEA14690BFB03664FEA1268C4
:10B2B00000FB09660EFB0866C6F307260096002E03
:10B2C00000F0BE8005F0FF1C0BFB0CFC05F47F4575
:10B2D0000BFB05F54FEA1C2B0BF0FF1B0CF1011CBF
:10B2E000DC444FEA1C2C01950CF0FF150395019DE1
:10B2F000029E05F5807C0CEB152501F0FF1C0AFB76
:10B300000CFC4FEA152B4FEA1C2505F0FF150CF13C
:10B31000011C654404F0FF1C04F47F4409FB0CFC91
:10B3200009FB04F909F5807404EB192902F0FF14F4
:10B3300008FB04F401F47F4102F47F4208FB02F8A9
:10B340000AFB01FA220A0AF5807102F0FF1204F1E9
:10B35000011401EB1A2A14444FEA1C2108F58072EB
:10B360002D0A02EB182805F0FF15039A368801F024
:10B37000FF110CF1011C7D436144240A02FB0355BB
:10B38000090A04F0FF1404FB0E5401F0FF1101FB45
:10B3900000414FEA1A2A090A0AF47F4A01F0FF1411
:10B3A00007FB0AF74FEA18280BF47F4103FB0171F2
:10B3B0004FEA192908F47F480EFB081E09F47F4163
:10B3C00000FB01E19DF84C00009A87B27A43090A1C
:10B3D000531C01F47F41214303EB122335120A0C65
:10B3E0006FEA1323DBB212FB07F205F0F80505FB49
:10B3F0000325C1F30724F210C8B2F60014FB07F4CA
:10B4000002F0FC02F6B210FB07F002FB0342ADB201
:10B4100006FB030399B294B26B1C03EB1525621C67
:10B420004B1C03EB112302EB142205F47845C3F304
:10B43000C423520902F4FC622B431343029A138083
:10B4400005B0BDE8F08F0025EFE600210D46F7E6D8
:10B450000021F5E63146F3E6002402E70022144617
:10B460000BE70246044608E7002206E7324604E7F7
:10B470002DE9F04F9DB0DDE92746199207932B9AED
:10B480009DF8BC301A931791DDE92C131B9050687E
:10B49000126800FB031302EB43030A932E9B1B6805
:10B4A0001093BDF868300B93179B002B03DC199B9E
:10B4B000002B40F375832E9BB3F90810B3F90C20D1
:10B4C000481E571E079B002B40F38E815FEA244CD9
:10B4D0004FEA264306D4844504DA002B02DBBB4244
:10B4E000C0F283811CF1010C00F173816145C0F24F
:10B4F0007081013300F16D819A42C0F26A81079B2D
:10B500000A9F1893189B002B40F38C812E9A2E9B38
:10B51000D2F80CE09B6822144FEA264CC4F30330A7
:10B52000C6F3033100F1CD8103F1FF38424580F2CB
:10B53000C881BCF1000FC0F2C4810EF1FF38C445D0
:10B5400080F2BF811BB20CFB0322109D05EB820829
:10B5500055F822204FEA126E002800F0A981D8F891
:10B5600004500C952D0E139581B103F18043013BDE
:10B570009B00043308EB030C58F8033008931B0EB0
:10B580001193DCF804300D931B0E149380B289B232
:10B5900000FB01F9C9EB01110001A0EB090889B218
:10B5A000C0F580731398119D1FFA88F85B1A9BB23F
:10B5B00008FB00F003FB0E0001FB0500149D09FBD6
:10B5C0000500C0F30720002800F0FA80BEF1FF0F4D
:10B5D0001BD002F0FF1A0EFB0AFA02F47F420EFBA8
:10B5E00002FE4FEA1A2202F0FF120AF1011A0EF5CA
:10B5F000807C52440CEB1E2C120A4FEA1C2C02F0E9
:10B60000FF120CF47F4C42EA0C02139DFF2D21D057
:10B610000C9D05F0FF1B139D05FB0BFB0C9D05F41A
:10B620007F4A139D4FEA1B2E05FB0AFA0EF0FF1E00
:10B630000BF1011B0AF5807CDE440CEB1A2A4FEA61
:10B640001E2E4FEA1A2A0EF0FF1E0AF47F4A4EEA17
:10B650000A050C95119DFF2D21D0089D05F0FF1BBB
:10B66000119D05FB0BFB089D05F47F4A119D4FEAD8
:10B670001B2E05FB0AFA0EF0FF1E0BF1011B0AF54B
:10B68000807CDE440CEB1A2A4FEA1E2E4FEA1A2A5F
:10B690000EF0FF1E0AF47F4A4EEA0A050895149D33
:10B6A000FF2D21D00D9D05F0FF1B149D05FB0BFB0D
:10B6B0000D9D05F47F4A149D4FEA1B2E05FB0AFAE7
:10B6C0000EF0FF1E0BF1011B0AF5807CDE440CEB33
:10B6D0001A2A4FEA1E2E4FEA1A2A0EF0FF1E0AF40B
:10B6E0007F4A4EEA0A050D950C9D05F0FF1C089D4A
:10B6F00002F0FF1E08FB0CFC03FB0ECC05F0FF1E46
:10B700000D9D01FB0ECC05F0FF1E0C9D09FB0ECC20
:10B7100005F47F4E08FB0EF802F47F4203FB028221
:10B72000089B0B9D03F47F4A0D9B01FB0A2203F447
:10B730007F4109FB01290B9A3B8842434FEA1C2CAD
:10B740004FEA1929501C0CF0FF1C09F47F494CEA00
:10B75000090C00EB122019124FEA1C426FEA10206C
:10B76000C0B212FB05F201F0F80101FB0021CCF39D
:10B77000072EDA105FFA8CFCDB001CFB05FCDBB249
:10B7800089B203FB00C31FFA83FC4B1C03EB11219E
:10B7900002F0FC021EFB05FE0CF1010302FB00E2BD
:10B7A00003EB1C2392B201F47841C3F3C4230B438F
:10B7B000511C01EB1222520902F4FC6213433B803C
:10B7C000299B1C442A9B1E44189B013B023718935B
:10B7D00098E6299B1C442A9B1E44079B013B079328
:10B7E0000A9B02330A936DE623D0079B2998013BFD
:10B7F00000FB034000143FF582AE01398842BFF6DA
:10B800007EAE2A9901FB03631B143FF578AE013A23
:10B810009342BFF674AEDDF81CB0DDF82890BBF1A2
:10B82000000F6CDC079B23EAE3750A9B03EB4503DF
:10B830000A93179B002B40F3B38130EE040AB7EE56
:10B84000007AC7EE007A269B70EEA40A31EE051A44
:10B8500020EEA77AF0EE626A61EE277AFEEEC86A01
:10B8600077EE622A16EE904AFEEEC82AF0EE436AA0
:10B8700037EEC33A12EE902ABEEEC83A92FBF3F3CB
:10B8800013EE102A2993269B92FBF3F32A93179B1E
:10B89000199A013BFEEEC86A1793269B08BF134610
:10B8A00016EE906A0793B0EE673AF0EE472AFBE592
:10B8B00000293FF46BAE58F8233008931B0E119308
:10B8C00064E612F101083FF57BAF4345FFF678AF20
:10B8D0001CF101083FF574AFC645FFF671AF1A9D24
:10B8E00001920FFA8EF2CDE90415CDE902C0009263
:10B8F0001BB2109A1B983946FFF779FC60E72E9B24
:10B90000109DB3F908102714331401FB037305EBE2
:10B91000830755F82330C4F30332C6F303304FEAEC
:10B92000136C002A00F033817D680E952D0E15955D
:10B9300078B101F1804101398900043107EB010E32
:10B9400079580991090E1291DEF804100F91090E31
:10B95000169192B280B202FB00F8C8EB00101201FF
:10B96000A2EB080E80B2C2F580721599129D1FFAE3
:10B970008EFE121A92B20EFB01F102FB0C1100FBBB
:10B980000511169D08FB0511C1F30721002900F0E0
:10B99000F580BCF1FF0F19D003F0FF1A0CFB0AFA77
:10B9A00003F47F430CFB03FC4FEA1A2303F0FF135D
:10B9B0000AF1011A0CF58077534407EB1C271B0A88
:10B9C0003F0A03F0FF1307F47F473B43159DFF2D0C
:10B9D00020D00E9D05F0FF17159D6F430E9D05F4B9
:10B9E0007F4A159D4FEA172C05FB0AFA07F101174C
:10B9F0000CF0FF1CBC440AF5807707EB1A2A4FEACB
:10BA00001C2C4FEA1A2A0CF0FF1C0AF47F4A4CEA5D
:10BA10000A050E95129DFF2D20D0099D05F0FF17F8
:10BA2000129D6F43099D05F47F4A129D4FEA172C22
:10BA300005FB0AFA07F101170CF0FF1CBC440AF5DC
:10BA4000807707EB1A2A4FEA1C2C4FEA1A2A0CF0CF
:10BA5000FF1C0AF47F4A4CEA0A050995169DFF2D42
:10BA600020D00F9D05F0FF17169D6F430F9D05F425
:10BA70007F4A169D4FEA172C05FB0AFA07F10117BA
:10BA80000CF0FF1CBC440AF5807707EB1A2A4FEA3A
:10BA90001C2C4FEA1A2A0CF0FF1C0AF47F4A4CEACD
:10BAA0000A050F950E9D05F0FF17099D03F0FF1C79
:10BAB0000EFB07F702FB0C7705F0FF1C0F9D00FB48
:10BAC0000C7705F0FF1C0E9D08FB0C7705F47F4CEE
:10BAD0000EFB0CFE03F47F4302FB03E3099A0B9D6C
:10BAE00002F47F4A0F9A00FB0A3302F47F4C08FBF2
:10BAF0000C3C0B9BB9F8000059433F0A4FEA1C2C41
:10BB00000CF47F4C4B1C07F0FF1747EA0C0703EBC4
:10BB1000112102123B0C6FEA1121C9B213FB05F38C
:10BB200002F0F80202FB0132C7F3072CC310FFB288
:10BB3000C000C0B217FB05F700FB017092B21CFBFE
:10BB400005FC80B203F0FC0303FB01C3511C00F1B0
:10BB5000010C01EB12220CEB102C9BB2CCF3C42C89
:10BB600002F478424CEA020203F1010C0CEB1323BD
:10BB70005B0903F4FC631A43A9F80020299B1C44C9
:10BB80002A9B09F102091E440BF1FF3B47E60028FE
:10BB90003FF4DFAE57F821100991090E1291D8E653
:10BBA0001DB0BDE8F08F2DE9F04F85B0DDE90F74D1
:10BBB0000291002C04FB0371BDF938E09DF844604C
:10BBC0009DF8480002EB810CC0F20C81A64540F3C1
:10BBD0000981002FC0F20481BB4240F3018152F879
:10BBE00021507A1C00F10181934240F3FE80002E27
:10BBF00000F0FD80DCF80410013400F1FC80A64563
:10BC000040F3F980002800F0F980002F0CEB83024C
:10BC1000C0F2EF80BB4240F3EC805CF82340013778
:10BC200000F1EF80BB4240F3EC80002E00F0EB808F
:10BC30005268B6B280B200FB06FECEEB00103601B1
:10BC4000A6EB0E0780B2C6F580734FEA116ABFB249
:10BC50001B1A4FEA156B9BB207FB0AF64FEA1469F1
:10BC60000BFB03664FEA126800FB09660EFB0866D1
:10BC7000C6F307260096002E00F0AF8005F0FF1CEB
:10BC80000BFB0CFC05F47F450BFB05F54FEA1C2B69
:10BC90000BF0FF1B0CF1011CDC444FEA1C2C01953E
:10BCA0000CF0FF150395019D029E05F5807C0CEBC1
:10BCB000152501F0FF1C0AFB0CFC4FEA152B4FEA7F
:10BCC0001C2505F0FF150CF1011C654404F0FF1C58
:10BCD00004F47F4409FB0CFC09FB04F909F58074AA
:10BCE00004EB192902F0FF1408FB04F401F47F416E
:10BCF00002F47F4208FB02F80AFB01FA220A0AF565
:10BD0000807102F0FF1204F1011401EB1A2A1444AD
:10BD10004FEA1C2108F580722D0A02EB182805F065
:10BD2000FF15039A368801F0FF110CF1011C7D43C9
:10BD30006144240A02FB0355090A04F0FF1404FBC2
:10BD40000E5401F0FF1101FB00414FEA1A2A090AC3
:10BD50000AF47F4A01F0FF144FEA18280BF47F41E0
:10BD600007FB0AF703FB01714FEA1929009B08F44E
:10BD70007F480EFB081E09F47F4100FB01E1DA4316
:10BD80003312D2B2F010090A03F0F803F60053435D
:10BD900001F47F4100F0FC00F6B2214350435643CA
:10BDA0005A1C02EB13220B0C03EB1223421C02EB76
:10BDB00010200A0A02EB10221B02D20002F4FC62DD
:10BDC00003F478431343721C02EB162601EB162191
:10BDD000C1F3C4011943029B198005B0BDE8F08F7F
:10BDE0000025FEE600210D4606E7002104E7314666
:10BDF00002E7002413E7002214461AE7024604462D
:10BE000017E7002215E7324613E700002DE9F04F4F
:10BE10009BB0DDE925461892299A16910793DDE932
:10BE20002A1319905068126800FB031302EB4303B6
:10BE30000A932C9B1B680F93169B002B03DC189B0B
:10BE4000002B40F386832C9BB3F90810B3F90C2028
:10BE5000481E571E079B002B40F366815FEA244C67
:10BE60004FEA264306D4844504DA002B02DBBB42AA
:10BE7000C0F25B811CF1010C00F14B816145C0F205
:10BE80004881013300F145819A42C0F24281079B0B
:10BE90000A9F1793179B002B40F365812C9A2C9BCC
:10BEA000D2F80CE09B6822144FEA264CC4F303310D
:10BEB000C6F3033000F1D58103F1FF38424580F22B
:10BEC000D081BCF1000FC0F2CC810EF1FF38C44527
:10BED00080F2C7811BB20CFB03220F9D05EB820889
:10BEE00055F822204FEA126E002900F08281D8F81E
:10BEF00004500B952D0E129580B103F18043013B48
:10BF00009B00043308EB030C58F8033008931B0E16
:10BF10001093DCF804300C931B0E139389B280B29B
:10BF200001FB00F9C9EB00100901A1EB090880B27F
:10BF3000C1F58071129B109D1FFA88F8091A89B209
:10BF400008FB03F301FB0E3300FB0533139D09FBD4
:10BF50000533C3F30723002B00F0D280BEF1FF0F9F
:10BF60001BD002F0FF1A0EFB0AFA02F47F420EFB0E
:10BF700002FE4FEA1A2202F0FF120AF1011A0EF530
:10BF8000807C52440CEB1E2C120A4FEA1C2C02F04F
:10BF9000FF120CF47F4C42EA0C02129DFF2D21D0BF
:10BFA0000B9D05F0FF1B129D05FB0BFB0B9D05F484
:10BFB0007F4A129D4FEA1B2E05FB0AFA0EF0FF1E68
:10BFC0000BF1011B0AF5807CDE440CEB1A2A4FEAC8
:10BFD0001E2E4FEA1A2A0EF0FF1E0AF47F4A4EEA7E
:10BFE0000A050B95109DFF2D21D0089D05F0FF1B24
:10BFF000109D05FB0BFB089D05F47F4E109D05FB76
:10C000000EFA4FEA1B2E0EF0FF1E0BF1011B0AF574
:10C01000807CDE440CEB1A2A4FEA1E2E4FEA1A2AC5
:10C020000EF0FF1E0AF47F4A4EEA0A050895139D9A
:10C03000FF2D21D00C9D05F0FF1B139D05FB0BFB75
:10C040000C9D05F47F4A139D4FEA1B2E05FB0AFA4F
:10C050000EF0FF1E0BF1011B0AF5807CDE440CEB99
:10C060001A2A4FEA1E2E4FEA1A2A0EF0FF1E0AF471
:10C070007F4A4EEA0A050C950B9D05F0FF1C089DB2
:10C0800002F0FF1E08FB0CFC01FB0ECC05F0FF1EAE
:10C090000C9D00FB0ECC05F0FF1E0B9D09FB0ECC8A
:10C0A00005F47F4E02F47F4208FB0EF801FB02828A
:10C0B000089901F47F4A0C9900FB0A2201F47F40A1
:10C0C00009FB00294FEA1C2C4FEA19290CF0FF1C30
:10C0D00009F47F494CEA090CFF2B4FEA1C2240F07F
:10C0E00091804FEA5C1322F4FF6203F4FC6322F0B8
:10C0F00007021A43CCF3C40C4CEA020CA7F800C0A8
:10C10000279B1C44289B1E44179B013B0237179317
:10C11000C0E6279B1C44289B1E44079B013B0793BA
:10C120000A9B02330A9395E624D0079B2798013B8C
:10C1300000FB034000143FF5AAAE01398842BFF668
:10C14000A6AE289901FB03631B143FF5A0AE013A8C
:10C150009342BFF69CAEDDF81CB0DDF82880BBF141
:10C16000000F00F39A80079B23EAE3750A9B03EB19
:10C1700045030A93169B002B40F3EB8130EE040A33
:10C18000B7EE007AC7EE007A249B70EEA40A31EE77
:10C19000051A20EEA77AF0EE626A61EE277AFEEECB
:10C1A000C86A77EE622A16EE904AFEEEC82AF0EED2
:10C1B000436A37EEC33A12EE902ABEEEC83A92FBBB
:10C1C000F3F313EE102A2793249B92FBF3F32893A7
:10C1D000169B189A013BFEEEC86A1693249B08BF73
:10C1E000134616EE906A0793B0EE673AF0EE472AD0
:10C1F00022E600283FF492AE58F8233008931B0E35
:10C2000010938BE63988D44DDB434FEA212E5FFA39
:10C2100083F80EF0F80E0EFB08FEC810CB0000F0FD
:10C22000FC000EF1010101EB1E2E00FB08F04FEAAD
:10C230001C4101EB1E2100F1010E0EEB102002EB60
:10C240001022DBB2C9B2D20003FB08F305EA0121D8
:10C2500002F4FC620A43591C01EB13230CEB132C70
:10C2600048E712F101083FF54BAF4345FFF648AFF1
:10C270001CF101083FF544AFC645FFF641AFCDE9DB
:10C28000012C0FFA8EF2CDE9031000921BB20F9A27
:10C2900019983946FFF787FC32E72C9B0F9DB3F9BD
:10C2A00008702114331407FB03130F9901EB83016A
:10C2B00055F82330C4F30332C6F303304FEA136C4E
:10C2C000002A00F007814D680D952D0E149578B168
:10C2D00007F18047013FBF00043701EB070EC95942
:10C2E0000991090E1191DEF804100E91090E1591B5
:10C2F00092B280B202FB00F9C9EB00101201A2EB6E
:10C30000090E80B2C2F58071149A119D1FFA8EFE3B
:10C31000091A89B20EFB02F201FB0C2200FB052276
:10C32000159D09FB0522C2F30722002A00F0C980EF
:10C33000BCF1FF0F19D003F0FF1A0CFB0AFA03F44B
:10C340007F430CFB03FC4FEA1A2303F0FF130AF1AF
:10C35000011A0CF58077534407EB1C271B0A3F0A90
:10C3600003F0FF1307F47F473B43149DFF2D20D0BC
:10C370000D9D05F0FF17149D6F430D9D05F47F4A39
:10C38000149D4FEA172C05FB0AFA07F101170CF070
:10C39000FF1CBC440AF5807707EB1A2A4FEA1C2CD5
:10C3A0004FEA1A2A0CF0FF1C0AF47F4A4CEA0A05ED
:10C3B0000D95119DFF2D20D0099D05F0FF17119DB2
:10C3C0006F43099D05F47F4C119D05FB0CFA4FEA64
:10C3D000172C0CF0FF1C07F10117BC440AF58077FD
:10C3E00007EB1A2A4FEA1C2C4FEA1A2A0CF0FF1C02
:10C3F0000AF47F4A4CEA0A050995159DFF2D20D0C5
:10C400000E9D05F0FF17159D6F430E9D05F47F4AA5
:10C41000159D4FEA172C05FB0AFA07F101170CF0DE
:10C42000FF1CBC440AF5807707EB1A2A4FEA1C2C44
:10C430004FEA1A2A0CF0FF1C0AF47F4A4CEA0A055C
:10C440000E950D9D05F0FF17099D03F0FF1C0EFBD7
:10C4500007F701FB0C7705F0FF1C0E9D00FB0C7726
:10C4600005F0FF1C0D9D09FB0C7705F47F4C0EFBBE
:10C470000CFE03F47F4301FB03E3099901F47F4AB7
:10C480000E9900FB0A3301F47F4C09FB0C3C3F0A78
:10C490004FEA1C2C07F0FF170CF47F4C47EA0C07FF
:10C4A000FF2A4FEA17231ED17A0923F4FF6302F40F
:10C4B000FC6223F007031343C7F3C4071F43A8F824
:10C4C0000070279B1C44289B08F102081E440BF1B6
:10C4D000FF3B44E600283FF40BAF51F827100991C9
:10C4E000090E119104E7B8F80010D2434FEA212C4D
:10C4F0005FFA82FE0CF0F80C0CFB0EFCC810CA00B0
:10C500000CF1010101EB1C2C390C01EB1C2C00F08F
:10C51000FC00114900FB0EF05FFA8CFC01EA0C2CC8
:10C52000D2B2411C02FB0EF201EB102003EB1020F3
:10C53000511CC00001EB122200F4FC6007EB122733
:10C540004CEA000CC7F3C40747EA0C0CA8F800C07B
:10C55000B7E71BB0BDE8F08F00F8FFFF2DE9F0470B
:10C56000DDE90A05002DBDF92080BDF924909DF874
:10C5700030709DF834C005FB030EC0F28C80A945D5
:10C5800040F389800028C0F28480804540F3818098
:10C590004FEA5E041EF0010F165D0CBF06F00F0699
:10C5A000361106EB0616F6B2441C77D4A04575DDAD
:10C5B000002F75D00EF1010A4FEA5A041AF0010F4C
:10C5C000145D0CBF04F00F04241104EB0414E4B256
:10C5D000013569D4A94567DDBCF1000F67D000289B
:10C5E00060DB80455EDD03EB0E094FEA590519F06B
:10C5F000010F555D0CBF05F00F052D1105EB05155D
:10C60000EDB2013056D4804554DD002F54D00133B3
:10C610009E444FEA5E031EF0010FD05C0CBF00F099
:10C620000F00001100EB0010C3B2BAB21FFA8CFC6D
:10C6300002FB0CF0C0EB0C1C12011FFA8CFCC2F5C3
:10C640008077121AA7EB0C0792B2BFB2624306FBC7
:10C6500007220CFB052500FB0353C3F30723B3B1EB
:10C660009DF838205A43531C03EB12232D4A1B120A
:10C670001268FF2B4FEA122620D12B4B500900F4F1
:10C68000FC6033401843C2F3C40202430A80BDE891
:10C69000F087002688E70024264699E7002497E7DC
:10C6A0003C4695E70025ACE700231D46BDE7634601
:10C6B0006546BAE70023B8E73B46B6E70D889FB268
:10C6C0002C12C2F30740DB43DBB210FB07F004F08F
:10C6D000F80404FB0304F6B2E810D2B2ED0000F057
:10C6E000FC0012FB07F216FB07F6EDB2A4B200FB4A
:10C6F000036605FB03239AB2631CB0B203EB142458
:10C70000531C03EB1223421C02EB102004F4784468
:10C71000C3F3C4234009234300F4FC6003430B80AC
:10C72000B5E700BF8C26012000F8FF002DE9F04F8F
:10C7300097B0DDE9214614920993259A9DF8A4301B
:10C740000D910F93DDE9261315905068126800FBD8
:10C75000031302EB4309289B9B68013323F0010379
:10C760000A93289B1F680D9B002B03DC149B002B56
:10C7700040F38782289BB3F90810B3F90C20481EB8
:10C7800002F1FF3C099B002B40F3C4805FEA244E7A
:10C790004FEA264306D4864504DA002B02DB6345C4
:10C7A000C0F2B9801EF1010E00F1AA807145C0F2FD
:10C7B000A780013300F1A4809A42C0F2A180099BB6
:10C7C000BDF928A00E93C8460E9B002B40F3C380F2
:10C7D000289BD3E902CE23144FEA2640C4F3033248
:10C7E000C6F3033100F14D810CF1FF3B5B4580F254
:10C7F00048810028C0F245810EF1FF3B584580F288
:10C8000040810A9D00FB05335808DD0717F800C07A
:10C8100054BF0CF00F0C4FEA2C1C0CEB0C1C5FFAF5
:10C820008CFC002A00F0DB80581C4FEA500EC00739
:10C8300017F80EE054BF0EF00F0E4FEA2E1E0EEB4F
:10C840000E1E5FFA8EF01090C9B153445808DD07F0
:10C85000385C54BF00F00F00001100EB00100133F2
:10C86000C0B20B905808DD0717F800E054BF0EF077
:10C870000F034FEA2E1303EB0313DBB2119392B2B3
:10C8800089B202FB01F3C3EB0111120189B2C2F5B7
:10C890008070109DD21A401A92B26A4380B20CFB8B
:10C8A000002C0B9A01FB02C1119A03FB0213C3F384
:10C8B0000723DBB10F9A53435A1C02EB1323C64ADA
:10C8C0001B121268FF2B4FEA122C40F0998053097B
:10C8D0002CF4FF6C03F4FC632CF0070C43EA0C0C03
:10C8E000C2F3C4024CEA0202A8F80020239B1C44B5
:10C8F000249B1E440E9B013B08F102080E9363E744
:10C90000239B1C44249B1E44099B013B099309F172
:10C91000020937E724D0099B2398013B00FB034021
:10C9200000143FF54CAF01398842BFF648AF249957
:10C9300001FB03631B143FF542AF013A9342BFF67C
:10C940003EAFBDF92830DDF824B00E93C846BBF1E8
:10C95000000F00F3B780099B23EAE37509EB450953
:10C960000D9B002B40F38D8130EE040AB7EE007A68
:10C97000C7EE007A209B70EEA40A31EE051A20EE75
:10C98000A77AF0EE626A61EE277AFEEEC86A77EE69
:10C99000622A16EE904AFEEEC82AF0EE436A37EE9F
:10C9A000C33A12EE902ABEEEC83A92FBF3F313EEAE
:10C9B000102A2393209B92FBF3F324930D9B149A4C
:10C9C000013BFEEEC86A0D93209B08BF134616EE8E
:10C9D000906A0993B0EE673AF0EE472AC3E6002961
:10C9E0003FF44DAF0AEB03004308C007FB5C54BFA4
:10C9F00003F00F031B1103EB0313DBB20B933EE7B2
:10CA0000B8F800E01FFA83FB4FEA2E20C2F307417B
:10CA1000DB43DBB211FB0BF100F0F80000FB03106D
:10CA20005FFA8CFC4FEAEE01D2B24FEACE0E80B232
:10CA300001F0FC011CFB0BFC5FFA8EFE12FB0BFBF2
:10CA400001FB03CC0EFB03BB431C1FFA8CFC1FFA3B
:10CA50008BFB03EB102000F478430CF101010BF188
:10CA6000010000EB1B2001EB1C2CC0F3C4204FEA9B
:10CA70005C1C18430CF4FC6C40EA0C00A8F80000A5
:10CA800034E713F1010B3FF531AFDC45FFF62EAF74
:10CA900010F1010B3FF52AAFDE45FFF627AF0F9DE2
:10CAA00002930FFA8EF301930FFA8CF3CDE9030290
:10CAB000CDE9051500933A46534641461598FFF7D0
:10CAC0004DFD13E70A9D2214331405FB03235A0876
:10CAD000DD07BA5C54BF02F00F02121102EB021222
:10CAE000C4F30331C6F30330D2B2002976D003F188
:10CAF000010E4FEA5E0C1EF0010F17F80CC00CBFC0
:10CB00000CF00F0C4FEA2C1C0CEB0C1C5FFA8CF594
:10CB1000129500B30E9D2B444FEA530CDD0717F816
:10CB20000CC054BF0CF00F0C4FEA2C1C01330CEB63
:10CB30000C1C5FFA8CF54FEA530C0C9517F80CC0DF
:10CB4000DD0754BF0CF00F0C4FEA2C1C0CEB0C1C37
:10CB50005FFA8CF3139389B280B201FB00F3C3EB4D
:10CB60000010090180B2C1F5807C129DC91AACEB9E
:10CB7000000C89B269431FFA8CFC02FB0C120C9961
:10CB800000FB0120139A03FB0203C3F30723D3B175
:10CB90000F9A53435A1C02EB13230F4A1B121268BD
:10CBA000FF2B4FEA122C2DD153092CF4FF6C03F408
:10CBB000FC632CF0070C43EA0C0CC2F3C4024CEAF1
:10CBC0000202A8F80020239B1C44249B08F10208C1
:10CBD0001E440BF1FF3BBAE68C2601200028BAD098
:10CBE0000E9D2B444FEA530CDB0717F80CC054BFC3
:10CBF0000CF00F0C4FEA2C1C0CEB0C1C5FFA8CF3A6
:10CC00000C93A8E7B8F800E01FFA83FA4FEA2E2049
:10CC1000C2F30741DB43DBB211FB0AF100F0F8007D
:10CC200000FB0310D2B24FEAEE014FEACE0E5FFADC
:10CC30008EFE12FB0AF20EFB03225FFA8CFC80B21E
:10CC400001F0FC0192B21CFB0AFC01FB03CC431C6B
:10CC5000511C03EB102001EB12211FFA8CFCC1F3D5
:10CC6000C42100F4784008430CF1010101EB1C2CB5
:10CC70004FEA5C1C0CF4FC6C40EA0C00A8F80000C5
:10CC8000A1E717B0BDE8F08F2DE9F047DDE90A050F
:10CC9000002DBDF92080BDF924909DF830709DF8DD
:10CCA00034C005FB030EC0F2B080A94540F3AD804F
:10CCB0000028C0F2A880804540F3A5804FEA5E04BA
:10CCC0001EF0010F165D0CBF06F00F06361106EBC5
:10CCD0000616F6B2441C00F19B80A04540F39880F4
:10CCE000002F00F097800EF1010A4FEA5A041AF063
:10CCF000010F145D0CBF04F00F04241104EB0414A5
:10CD0000E4B2013500F18A80A94540F38780BCF187
:10CD1000000F00F0868000287EDB80457CDD03EB81
:10CD20000E094FEA590519F0010F555D0CBF05F0CA
:10CD30000F052D1105EB0515EDB2013074D48045BA
:10CD400072DD002F72D001339E444FEA5E031EF065
:10CD5000010FD05C0CBF00F00F00001100EB0010C1
:10CD6000C3B2BAB21FFA8CFC02FB0CF0C0EB0C1C75
:10CD700012011FFA8CFCC2F58077121AA7EB0C0780
:10CD800092B2BFB2624306FB07220CFB052500FBF3
:10CD90000353C3F30723A3B3254A0E88156834123F
:10CDA0009AB2C5F30740DB43DBB210FB02F004F09C
:10CDB000F80404FB0304C5F30727F010EDB2F600F6
:10CDC00017FB02F700F0FC0015FB02F2F6B2A4B26A
:10CDD00000FB037006FB03239AB2631C80B203EBD3
:10CDE0001424531C03EB1223421C02EB102004F406
:10CDF0007844C3F3C4234009234300F4FC60034395
:10CE00000B80BDE8F087002664E70024264678E71B
:10CE1000002476E73C4674E700258EE700231D4694
:10CE20009FE7634665469CE700239AE73B4698E701
:10CE30008C2601202DE9F04F93B01D460C92219ACB
:10CE40000791DDE9221311905068126800FB03136B
:10CE500002EB4309249B9B68013323F001030693F3
:10CE6000249BDDE91D461F68079B002B03DC0C9B00
:10CE7000002B40F36782249BB3F90810B3F90C2010
:10CE8000481E02F1FF3C002D40F3B8805FEA244EBB
:10CE90004FEA264306D4864504DA002B02DB6345BD
:10CEA000C0F2AD801EF1010E00F1A0807145C0F20C
:10CEB0009D80013300F19A809A42C0F29780BDF9BB
:10CEC00018A00995C846099B002B40F3B680C4F30F
:10CED00003330893249BD3E902CE23144FEA264060
:10CEE000C6F3033100F13E810CF1FF3B5B4580F25C
:10CEF00039810028C0F236810EF1FF3B584580F29F
:10CF00003181069A00FB02335808DA0717F800C08F
:10CF1000089A54BF0CF00F0C4FEA2C1C0CEB0C1CA5
:10CF20005FFA8CFC002A00F0CB80581C4FEA500EB0
:10CF3000C00717F80EE054BF0EF00F0E4FEA2E1E7A
:10CF40000EEB0E1E5FFA8EFECDF834E0B9B15344FD
:10CF50005808DA07385C54BF00F00F00001100EBEE
:10CF60000010C0B20A90581C4308C207FB5C54BFB3
:10CF700003F00F031B1103EB0313DBB20E93BDF899
:10CF8000202089B202FB01F3C3EB0111120189B227
:10CF9000C2F58070401A1FFA80FED21A0D9892B224
:10CFA00042430CFB0E2C0A9A01FB02C10E9A03FBB2
:10CFB0000213C3F30723FF2B40F09380BE4B1A6884
:10CFC000BE4B510903EA122301F4FC610B43C2F387
:10CFD000C4021343A8F800301F9B1C44209B1E442E
:10CFE000099B013B08F1020809936CE71F9B1C4455
:10CFF000209B013D1E4409F1020944E721D01F98FE
:10D000006B1E00FB034000143FF559AF0139884205
:10D01000BFF655AF209901FB03631B143FF54FAFDB
:10D02000013A9342BFF64BAFBDF918300893A846BA
:10D03000CE46B8F1000F00F3B58025EAE57509EB9F
:10D040004509079B002B40F37D8130EE040AB7EEC3
:10D05000007AC7EE007A1C9B70EEA40A31EE051A26
:10D0600020EEA77AF0EE626A61EE277AFEEEC86AD9
:10D0700077EE622A16EE904AFEEEC82AF0EE436A78
:10D0800037EEC33A12EE902ABEEEC83A92FBF3F3A3
:10D0900013EE102A1F931C9B92FBF3F32093079B24
:10D0A0000C9A013BFEEEC86A07931C9B16EE906A31
:10D0B00014BF1D461546B0EE673AF0EE472AD3E698
:10D0C00000293FF45CAF0AEB03004308C007FB5C98
:10D0D00054BF03F00F031B1103EB0313DBB20A93DE
:10D0E0004DE7002B3FF478AF734AB8F800C01068E2
:10D0F0001FFA83FE4FEA2C21C0F30742DB43DBB269
:10D1000012FB0EF201F0F80101FB0321C0F3072B23
:10D110004FEAEC02C0B24FEACC0C1BFB0EFB89B20B
:10D1200010FB0EFE02F0FC025FFA8CFC02FB03B265
:10D13000481C0CFB03E392B29BB200EB112101F4FB
:10D14000784002F1010B591C01EB13210BEB122269
:10D15000C1F3C4215209014302F4FC621143A8F84F
:10D16000001039E713F1010B3FF536AFDC45FFF650
:10D1700033AF10F1010B3FF52FAFDE45FFF62CAFBB
:10D18000089A02930FFA8EF301930FFA8CF3CDE90C
:10D190000302059100933A46534641461198FFF722
:10D1A00073FD19E706992214331401FB03235A086F
:10D1B000D907BA5C54BF02F00F02121102EB02123F
:10D1C000C4F30330C6F3033CD2B2002862D003F1AB
:10D1D000010A4FEA5A011AF0010F795C0CBF01F005
:10D1E0000F01091101EB0111C9B20F91BCF1000F40
:10D1F00019D008990B44590813F0010F795C0CBF42
:10D2000001F00F01091101EB0111C9B201330B91BA
:10D210005908DB07795C54BF01F00F01091101EBDC
:10D220000111C9B2109180B21FFA8CFC00FB0CF303
:10D23000C3EB0C1C00011FFA8CFCC0F58071A1EB44
:10D240000C011FFA81FAC01A0F9980B248430B995A
:10D2500002FB0A020CFB012C109A03FB02C3C3F36E
:10D260000723FF2B2CD1144B1A68144B510903EAE6
:10D27000122301F4FC610B43C2F3C4021343AEF862
:10D2800000301F9B1C44209B0EF1020E1E4408F12F
:10D29000FF38CEE6BCF1000FC5D008990B44590801
:10D2A000DB07795C54BF01F00F01091101EB01119B
:10D2B000C9B20B91B7E700BF8C26012000F8FFFF31
:10D2C000002BDED0214ABEF800C010681FFA83FA96
:10D2D0004FEA2C21C0F30742DB43DBB212FB0AF218
:10D2E00001F0F80101FB0321C0F3072B4FEAEC0228
:10D2F000C0B24FEACC0C5FFA8CFC10FB0AF00CFBBE
:10D30000030089B21BFB0AFB80B202F0FC0202FBA5
:10D3100003B24B1C00F1010B03EB11210BEB102BA3
:10D3200092B2CBF3C42B01F478414BEA010102F134
:10D33000010B0BEB1222520902F4FC621143AEF80E
:10D3400000109EE713B0BDE8F08F00BF8C260120CF
:10D3500070B508129EB2BDF81050131200F0F8001C
:10D3600003F0F80313FB05F310FB06F01844CC1090
:10D37000D31004F0FC0403F0FC0313FB05F314FBCF
:10D3800006F4C900D2001C44D2B2CBB212FB05F2A3
:10D3900080B213FB06F31344421C9BB202EB102035
:10D3A00000F47842581C00EB1320A4B2C0F3C42050
:10D3B0001043621C02EB1424640904F4FC6420434F
:10D3C00070BD00002DE9F04F8FB01C469DF86470D1
:10D3D00004900D461646189B002F00F0F68020683A
:10D3E00061680AAA03C2186859680CAA03C20AA88D
:10D3F000EEF766FE21460CA8EEF78AFEBDF9302056
:10D40000BDF936B0BDF9349002F001030693BDF9C1
:10D410002C3003F0010105910598BDF93210034449
:10D4200001FB03234FF0020893FBF8F31D44BDF802
:10D4300028301A44BDF82A30ADF830201944644B26
:10D44000ADF8321018680368DB6A9847614ABDF985
:10D4500032401388BDF930A0FF2F03FB04A400EB7A
:10D46000440406F10406114603FB0BFB6BD0C7F125
:10D47000FF03039304EB4B03CDE90732CDF824807F
:10D48000079BA34240F29C80069B002B39D02B784F
:10D490002288049803F00F0305F1010836F81310F1
:10D4A000039B00933B46FFF753FF24F8020B09F15F
:10D4B000FF3BBBF1010FA24604F1040424DD98F800
:10D4C000003034F8042C04981B09ABF1020B36F839
:10D4D0001310039B00933B46FFF73AFF24F8040C1C
:10D4E00018F8013B34F8022C049803F00F0336F8C7
:10D4F0001310039B00933B46FFF72AFF24F8020C0E
:10D50000D7E7A846CB46D4E70ED198F80030BAF852
:10D51000002004981B0936F81310039B00933B4628
:10D52000FFF716FF2AF8020B089B059A1C88BDF925
:10D530002C30A4EB090413440AEB4404099A93FB2E
:10D54000F2F31D449CE704EB4B0BA34538D9069B33
:10D55000F3B12B7803F00F036A1C36F813302380E5
:10D5600009F1FF3002340128234604F1040412DDDE
:10D5700013781B09023836F8133024F8043C12F8EB
:10D58000013B03F00F0336F8133024F8023CEAE7BE
:10D590002A464846E7E706D112781209023336F8E0
:10D5A000122023F8022C0C88059AA4EB090403EB43
:10D5B0004404BDF92C30134493FBF8F31D44C4E735
:10D5C000034B186803681B6B98470FB0BDE8F08FDA
:10D5D0007C26012076260120F0B59DF81450FF2D01
:10D5E0004FEA11270CD1FF2B0AD1254B480900F433
:10D5F000FC603B401843C1F3C401084380B2F0BD56
:10D6000015FB03F5ABB25D1C05EB13251412C5F336
:10D6100007251FFA85FCD610D000ED4304F0F8046E
:10D62000C1F30742EBB2C0B212FB0CF244EA54144D
:10D6300004FB032440EA5012C8B206F0FC06FDB217
:10D6400010FB0CF0A4B202FB030046EA961615FB91
:10D650000CF506FB035583B2601CADB200EB14243D
:10D66000581C00EB13206B1C03EB152504F47844C5
:10D67000C0F3C4206D09204305F4FC652843BEE7D0
:10D6800000F8FF002DE9F04F1C468DB00D46169BAB
:10D6900061689DF85C9080462068164608AA03C21F
:10D6A000186859680AAA03C208A8EEF709FD2146BE
:10D6B0000AA8EEF72DFDBDF92820BDF92E70BDF9A1
:10D6C0002CB002F001030393BDF9243003F00101F3
:10D6D00002910298BDF92A10034401FB03234FF085
:10D6E000020A93FBFAF31D44BDF820301A44ADF84A
:10D6F0002820BDF822303F4A059219441068ADF841
:10D700002A100368DB6A98473B4BBDF92A40198809
:10D71000BDF928C001FB04C400EB44044F43CDE92C
:10D72000063A04EB470204360492049B9C4258D20A
:10D73000039B002B34D02B7803F00F036F1C56F89B
:10D7400023100B0E06D02288009340464B46FFF76D
:10D7500043FF208002340BF1FF3ABAF1010F22DDC2
:10D760003B781B0956F823100B0E06D02288009335
:10D7700040464B46FFF730FF208017F8013B03F08F
:10D780000F0356F823100B0E06D062880093404614
:10D790004B46FFF721FF60800434AAF1020ADCE760
:10D7A0002F46DA46D9E70DD13B781B0956F82310EE
:10D7B0000B0E06D02288009340464B46FFF70CFF25
:10D7C00020800234069B029A1B88A3EB0B0304EB18
:10D7D0004304BDF924301344079A93FBF2F31D442C
:10D7E000A3E7059B186803681B6B98470DB0BDE85D
:10D7F000F08F00BF7C2601207626012070B5141220
:10D800008D789DF8106004F0F80444EA541415FB78
:10D8100003F504FB0655D0104C780978D20000F0CF
:10D82000FC00D2B240EA901014FB03F442EA521218
:10D8300011FB03F300FB064402FB0633ADB29BB2BF
:10D84000A4B2681C00EB1525621C581C00EB1320C9
:10D8500002EB142405F47845C0F3C420640928437E
:10D8600004F4FC64204370BD2DE9F04F8FB01C46DA
:10D870009DF86470189B82460E461546002F00F0F6
:10D880004281206861680AAA03C2186859680CAA14
:10D8900003C20AA8EEF714FC21460CA8EEF738FCE8
:10D8A000BDF93020BDF936B002F001030693BDF991
:10D8B0002C3003F0010105910598BDF932100344A5
:10D8C00001FB03234FF0020893FBF8F31E44BDF85D
:10D8D00028301A44BDF82A30ADF830201944BDF97B
:10D8E00034300393894BADF8321018680368DB6A53
:10D8F0009847874ABDF932401388BDF93090FF2F11
:10D9000003FB049400EB440405F10405944603FB77
:10D910000BF371D004EB4303F943CDE90732C9B2ED
:10D920000491CDF82480079BA34240F2E780069B38
:10D93000002B3DD03178049B2288009301F00F0129
:10D9400001EB41013B4629445046FFF757FF039B3B
:10D9500024F8020B06F1010803F1FF3BBBF1010FB4
:10D96000A14604F1040427DD98F80010049B34F864
:10D97000042C0093090901EB41013B462944504620
:10D98000FFF73CFF24F8040C18F8011B049B34F843
:10D99000022C009301F00F0101EB41013B462944A9
:10D9A0005046FFF72BFFABF1020B24F8020CD5E732
:10D9B000B046DDF80CB0D1E70FD198F80010049B09
:10D9C000B9F800200093090901EB41013B462944C5
:10D9D0005046FFF713FF29F8020B089B059A1C8895
:10D9E000039BE41ABDF92C3009EB44041344099A53
:10D9F00093FBF2F31E4496E7464F04EB4303A34226
:10DA00007CD9069A002A54D0307800F00F0000EB41
:10DA1000400005EB000E285C9EF802209EF801E015
:10DA20004FEACE0E0EF4FC6E07EA022242EA0E0224
:10DA300042EAD00224F8022B039A711C02F1FF3E45
:10DA4000BEF1010F204604F1040436DD0878000918
:10DA500000EB400005EB000AAEF1020E9AF801203F
:10DA60009AF80290D20007EA092902F4FC6249EA16
:10DA7000020215F8009042EAD90224F8042C11F8A9
:10DA8000010B00F00F0000EB400005EB000A9AF8D4
:10DA900001209AF80290D20007EA092902F4FC62F8
:10DAA00049EA020215F8009042EAD90224F8022C51
:10DAB000C6E73146DDF80CE0C2E711D10978090963
:10DAC00001EB41016C18695CA2786478E40007EA14
:10DAD000022204F4FC64224342EAD10220F8022B21
:10DAE000039ABCF800400599A41ABDF92C2000EB5C
:10DAF00044040A4492FBF8F2164480E7034B18688A
:10DB000003681B6B98470FB0BDE8F08F7C2601209F
:10DB10007626012000F8FFFF30B52D4A136823F068
:10DB2000010313602B4B1C684FF6F07214404CF24B
:10DB30004025AC4205D01C684CF270251440AC4224
:10DB400025D1254B1B68002B39D1244B1A68C2F311
:10DB50000B02B2F58A6F0DD01A6840F28344C2F30B
:10DB60000B02A24206D01B6840F28542C3F30B03AE
:10DB7000934224D11A4B01221A601A68002AFCD160
:10DB8000184B18601868431A584258410EE01B6839
:10DB900013404DF22022934211D1134B1B6840F2E7
:10DBA0008642C3F30B03934201D0002030BD0F4BDC
:10DBB00001221A601A68002AFCD10D4BE1E70D4BD7
:10DBC00001221A601A68002AFCD10B4BD9E700BF6A
:10DBD000002000E000ED00E0002004E00010005C08
:10DBE000084C0258004C0258F08F0046084C024680
:10DBF000004C02460830024000300240016170478C
:10DC0000837B4BB1038901339BB2072B038181BF17
:10DC10000023438183818373704700002DE9FF4116
:10DC200098468388ADF80630A8EB03031BB2044680
:10DC3000002B1746184A0092B8BF5B42A28ABDF873
:10DC40002850ADF80A801BB20E469342C188ADF849
:10DC500008104FF000008DF80400ADF80C5007DC00
:10DC6000691A09B20029B8BF494209B28A4210DADA
:10DC70002069036869465B689847A8EB060600239D
:10DC8000EF1B012023816681A781A4F80480E58031
:10DC9000A07304B0BDE8F0814C1B0208F0B51E462D
:10DCA0004B1E012B85B004460D4617464BD8B0F9E4
:10DCB0000A20D31C9BB2062B16D9DFF8A0C0CDF8E2
:10DCC00004C0B4F90410B4F906300069ADF80C10C2
:10DCD0004FF0000C8DF808C0ADF80A20ADF80E30FA
:10DCE000036801A99B689847B4F90C20D31C9BB228
:10DCF000062B16D9DFF864C0CDF804C0B4F90410BF
:10DD0000B4F906302069ADF80C104FF0010C8DF815
:10DD100008C0ADF80A20ADF80E30036801A99B6871
:10DD200098470D4B019320698DF808500023ADF8FA
:10DD30000A70ADF80C60ADF80E30036801A91B68DD
:10DD4000984705B0F0BD0029EBD1A280C680A16044
:10DD5000A181A173E5E700BF381B0208601B020820
:10DD6000C9100029B8BF4942012808D1C1F30800F1
:10DD7000B0F5807F014602DDC0F500707047FF29D5
:10DD8000A8BFFF210846704710B4D0E901349C4277
:10DD900003D85DF8044BEDF743B95DF8044B7047C9
:10DDA0002DE9F04F8BB0CDE906239DF85030089354
:10DDB00006469DF8543009938A46EDF79EFAB568F9
:10DDC0000446002D44D07368AB423DD3B0F9023015
:10DDD000B6F9342002EB030BDDE9061202FB031255
:10DDE00005926A1E04924FF00008B4F90290B4F94B
:10DDF00000704B453A4608D0B6F9343003EB090BB6
:10DE0000DDE9061303FB09130593B4F90430B4F9F3
:10DE100006109844049B013B0493049B013315D0E6
:10DE200034F9083FBB4217D1B4F90200049B4845BE
:10DE300003F1FF337FD1B4F906000144B4F90400C3
:10DE40008044E9E71F4644E0002002E000296FD14A
:10DE500001200BB0BDE8F08F002930D0002F29DB66
:10DE6000B6F93630BB4225DDC1EB881196F830009B
:10DE7000FFF776FF099B10FB03F080B2411C01EB1A
:10DE80001021091211F0FF0F14D00898738EC9B237
:10DE9000BAB2029101211344019102440FFA8BF1AD
:10DEA000DAF80000009141691BB20D4612B20599E3
:10DEB0005046A847049B013307F10102C8D0B4F9CA
:10DEC0000070BB1A002B31DD002ABBDA002F2DDDDC
:10DED0000022B6F93630D119994202DB9F1A002F81
:10DEE00024DD4FEA881196F83000FFF739FF099BCF
:10DEF00010FB03F080B2411C01EB1021091211F05C
:10DF0000FF0F13D00898738E92B2C9B213440291D6
:10DF100002443FB2DAF8000001970FFA8BF100914A
:10DF2000476905991BB212B25046B8474B465CE7A9
:10DF3000002F95DA8CE70029F8D08FE72DE9F3411F
:10DF40001E46364BC0E90031B2F90430038100258A
:10DF50009DF82030837200F1140804468581C58144
:10DF60000582458240461746ECF792FBC4E91355FB
:10DF7000C4E91555C4E91855C4E91B5584F8445043
:10DF8000A4F84650A4F84850A4F84A5084F85C50CD
:10DF900084F85D50A4F868503068716872883588DC
:10DFA0006B4603C37B88B6F90400B6F90610134428
:10DFB0003A88E3812A44A2812082618268463946F8
:10DFC000EEF7A6F804F10C00EEF77AF8BDF902308E
:10DFD000BDF80020A4F84620A4F848304046ECF7ED
:10DFE0003BFBBDF90030B4F912205B01E364BDF9DD
:10DFF00002305B012365BDF904305B016365BDF947
:10E0000006305B01A365B4F91030A4F84A3020460D
:10E01000C4E90F3202B0BDE8F08100BF9C1E0208C7
:10E0200038B590F85C30044693B190F8683090F8B9
:10E03000692013420CD100F1140523B1D0E9181264
:10E040002846FFF7A1FED4E91B122846FFF79CFEE5
:10E05000002384F85C30D4E90603984234BF0020E2
:10E06000012038BD2DE9F341857A69434D1C05EB4C
:10E0700011252D12044600F0998090F85D30002B98
:10E0800000F09480FFF7CCFF0746002845D0606879
:10E09000474E036837689B68984701463846EAF759
:10E0A00039FC0746E4F76AFA03681B6B9847804619
:10E0B000E4F764FA0368DB6A98470B285BD8DFE86B
:10E0C00000F0515C6C065A30406565656565B4F9D1
:10E0D0000E30B4F90C10082291FBF2F208FB032376
:10E0E0001F444B4203F0070301F0070158BF594298
:10E0F000C9B2EDB23A46CDE900150FFA88F361686E
:10E1000004F11400FFF74CFE0746606803681B69C2
:10E110009847306803681B6B9847384602B0BDE8E3
:10E12000F081B4F90E30B4F90C10042291FBF2F234
:10E1300008FB03231F444B4203F0030301F00301D8
:10E14000D4E7B4F90C10B4F90E3000294FF00202F4
:10E1500091FBF2F201F0010108FB03231F44B8BF59
:10E160004942C5E7B4F90E30B4F90C2008FB03F3BB
:10E1700003EB42031F440021BBE7B4F90E3008FB58
:10E1800003F2A389032113FB0123F3E7B4F90E3053
:10E19000B4F90C2008FB0323ECE7B4F90E30B4F912
:10E1A0000C2008FB03F303EB8203E3E70127B4E74A
:10E1B0007C26012010B5064B1B78012B07D1B0F946
:10E1C00008000B681468C3EB401313600C6010BDAB
:10E1D0007426012013B590F85C300446CDE9002187
:10E1E000A3B96A4601A92046FFF7E4FFE36C019951
:10E1F000009AC91A236D0191D21A002A00920BDAF3
:10E20000012300290EDA43F0040313E0FFF708FFAF
:10E210000028E6D102B010BDA36D9A42ACBF022324
:10E220000023EEE7606D8142ACBF08200020184358
:10E23000C3B258B1002284F85C200199009AE166CB
:10E240002267C4E9181284F86830E3E784F86900AB
:10E25000D4E90630984203D804F11400ECF7FAFE32
:10E26000012384F85C3084F85D300023E5E773B562
:10E2700002AB044643F8082D01911A4601A9FFF7A5
:10E2800099FFE36C0199009AC91A236D0191D21A82
:10E29000002A00921CDBA36D9A42ACBF0220002032
:10E2A000002917DB636D9942ACBF082300230343A9
:10E2B00094F86800DDB278B904F11400FFF764FD4A
:10E2C000019B2366009B636684F8685002B070BDB2
:10E2D0000120E5E70423EAE713B110EA05031CD1A6
:10E2E00094F85C3004F11406D4E918128BB984F860
:10E2F0006900D4E90630984202D83046ECF7AAFE0D
:10E30000012384F85C3084F85D30DDE9002130467B
:10E31000D4E73046FFF738FDF7E71D46D0E70000A9
:10E3200038B52DED108BF6EE00BA9FED5ABA0546C2
:10E33000B0EE40CAF0EE60CAB0EE41DAF0EE61DA5B
:10E34000B0EE42EAF0EE62EA0C46F0EE6BAA082C60
:10E350006ED87EEE4C6A7DEEEE7A3DEE4E6A3EEE73
:10E36000EC7A66EEE77A3CEE0DFAE6EE077A7CEEA2
:10E37000ADFA7DEE0E9A3DEEAEAAF5EEC07AF1EE64
:10E3800010FA2FEE2BFA6FEEABFA69EEAB9A2AEE8B
:10E390002BAA48BFF1EE677A7FEE298A3FEE8A9A70
:10E3A000F4EECB7AF1EE10FA68EEAB8A29EE2B9AF6
:10E3B000B5EE006A3FDD27EE077A67EEA77AA6EE94
:10E3C000A67A27EE067AF4EEC77AF1EE10FA47D86D
:10E3D0007EEE4D0A3EEEED0A00F03BFA7DEE4C0A71
:10E3E000B0EE408A3DEEEC0A00F033FA38EE400A17
:10E3F000DFED297AB5EEC00AF1EE10FA48BFB1EEB2
:10E40000400AB4EEE70AF1EE10FAA4BFDFED237A7A
:10E4100037EEC00ADFED227AB4EEE70AF1EE10FA29
:10E420001ED5F0EE490AB0EE680A2846EBF778FCF4
:10E43000BDEC108B38BD7CEE0E7AB0EE687AA7EE9C
:10E44000EA7A7CEEAE7AF0EE496AE7EEEA6A66EEC8
:10E45000A67AE7EE077AF4EEC67AF1EE10FAE0D982
:10E460000134F0EE6C0AB0EE4C0A2146F0EE492A77
:10E47000B0EE682AF0EE6F1AB0EE4F1A2846FFF79A
:10E480004FFFF0EE4ADAB0EE69DAF0EE49CAB0EECC
:10E4900068CA5CE7FFE6DB2EDB0F4940DB0FC940B3
:10E4A000CDCCCC3D30B52DED108B044685B0F0EED3
:10E4B000408AF0EE609AF0EE41FAB0EE61FAF0EECA
:10E4C00042BAB0EE62CAF0EE43AAB0EE63BA0D46AD
:10E4D000082D00F215813BEEAA6AF6EE007A7FEE77
:10E4E000AB6A26EE276A38EEAFDA8DED016AA6EE4A
:10E4F000A76A2DEE27DA7CEE0BCAB0EE4DEAA6EE47
:10E50000A7EA6CEEA7CA66EE276A3FEE0C7ACDED5D
:10E51000036A79EE8FDAF0EE6C6AE7EE276A6DEE49
:10E52000A7DA2EEE27EAF0EE6DEAE7EE27EA26EE0E
:10E53000A77A6EEEA7EA8DED027A9DED037A3EEEA4
:10E54000079A9DED027A3EEE87AA29EE279A2AEED7
:10E5500027AAF0EE676A002D00F00D817AEEE85AE6
:10E560003FEE4B7A7BEE697A3FEEEA6A25EEC77A98
:10E570003BEEEA5AA6EE277A3CEE4B6AB5EEC07A3D
:10E5800025EEC66AF1EE10FAA5EE276ADFED8B4A9A
:10E59000B5EEC06A48BFB1EE477AF1EE10FAB4EEBC
:10E5A000E47A48BFB1EE466AF1EE10FAB5EE005AD1
:10E5B00040F3AA80B4EEE46AF1EE10FA5CDD65EE99
:10E5C000A55A37EE067AE7EEA75A27EE077A65EEE8
:10E5D000857AB4EEE77AF1EE10FA00F2CC807BEEA9
:10E5E000EF0A3CEE4F0A00F034F97FEEE80AB0EE95
:10E5F000408A3FEE690A00F02CF938EE40FA7AEED4
:10E60000EB0AB5EEC0FAF1EE10FA3BEE4C0A48BF49
:10E61000B1EE4FFA00F01DF930EE480ADFED687AEE
:10E62000B5EEC00AF1EE10FAB4EEE7FA48BFB1EE6B
:10E63000400ADFED637AF1EE10FAA8BF9FED617A30
:10E64000B4EEE70AA8BF37EE4FFAF1EE10FAA8BF12
:10E650009FED5C7ADFED5C7AA8BF37EE400A3FEEB3
:10E66000000AB4EEE70AF1EE10FA40F18480F0EE11
:10E670004A0AB0EE490A40E067EEA77A27EE077A29
:10E68000E5EEA57A67EE857AB4EEE77AF1EE10FA58
:10E6900071D87BEEEF0A3CEE4F0A00F0DAF87FEE1D
:10E6A000E80AB0EE408A3FEE690A00F0D2F838EE90
:10E6B000400ADFED437AB5EEC00AF1EE10FA48BF2A
:10E6C000B1EE400AB4EEE70AF1EE10FAA4BFDFEDB6
:10E6D0003D7A37EEC00ADFED3C7AB4EEE70AF1EEA0
:10E6E00010FA48D5F0EE4F0AB0EE6F0A2046EBF76D
:10E6F00017FBF0EE4C0AB0EE6B0A2046EBF710FB6E
:10E7000005B0BDEC108B30BD9FED2C7AB4EEC76A1E
:10E71000F1EE10FA19DD67EEA77A26EE067AE5EE3D
:10E72000A57A67EE857AB4EEE77AF1EE10FA22D890
:10E730007AEEEB0A3BEE4C0A00F08BF87BEEEF0A28
:10E74000B0EE408A3CEE4F0AAFE778EEAA7AB0EE20
:10E75000497AA7EEE67A79EE8B7AB0EE4A6AA7EEAE
:10E76000E66A66EE067AE7EE077AF4EEC57AF1EE2F
:10E7700010FA7FF67CAF0135F0EE690AB0EE680A58
:10E780002946F0EE4A3AB0EE493AF0EE6E2AB0EE83
:10E790004E2AF0EE6D1AB0EE4D1A2046FFF782FEBB
:10E7A000B0EE6CCADDED01BA9DED02FADDED03FAC3
:10E7B000F0EE4A9AF0EE498A8AE600BFFFE6DB2EC9
:10E7C000DB0F4940DB0FC940CDCCCC3D10B5044B2D
:10E7D000044640F8143BEBF737FF204610BD00BF5E
:10E7E0009C1E020810B50446FFF7F0FF2046742176
:10E7F00000F007F8204610BD0B460146184601F010
:10E800001FB800F012B80268D207034605D4427858
:10E8100002B1FFDE012058707047002070470123CD
:10E820000360704708B500F00FF800F053BF08B55B
:10E83000804700F01BFF0000024B1868BFF35B8F9E
:10E84000704700BF0001002008B5FFF7F5FFFFF794
:10E85000EEFF00F04DB9000008B52DED028BB0EED3
:10E86000408A00F0A1F8B4EE488AF1EE10FA0CD616
:10E87000DFED078AB4EEE88AF1EE10FA05D501F073
:10E8800005FA88EEA80A21230360BDEC028B08BDBF
:10E890000000000010EE103A07B51E4A23F00043B6
:10E8A000934206D8DFED1C0A03B05DF804EB00F0DC
:10E8B0007FB8B3F1FF4F04D330EE400A03B05DF8E8
:10E8C00004FB684600F0B4F900F00300012809D009
:10E8D000022810D0B0B9DDED010A9DED000A00F06C
:10E8E00067F8EBE7DDED010A9DED000A00F0B8F8EE
:10E8F000B1EE400AE2E7DDED010A9DED000A00F00D
:10E9000057F8F5E7DDED010A9DED000A012000F062
:10E91000A7F8D3E7D80F493F0000000010EE103AE7
:10E9200007B51F4A23F00043934207D8DFED1D0AC5
:10E93000002003B05DF804EB00F092B8B3F1FF4F94
:10E9400004D330EE400A03B05DF804FB684600F0E3
:10E950006FF900F0030001280AD002280FD0C0B9D7
:10E96000DDED010A9DED000A012000F079F8EAE7EB
:10E97000DDED010A9DED000A00F01AF8E3E7DDED98
:10E98000010A9DED000A012000F06AF8B1EE400A8C
:10E99000D9E7DDED010A9DED000A00F009F8F5E781
:10E9A000D80F493F00000000B1EEC00A70470000D8
:10E9B00010EE103A23F00043B3F1485FF0EE406AE6
:10E9C000B7EE000A04D2FDEEE67A17EE902A42B3C3
:10E9D00026EEA67ADFED1A7A9FED1A6A1A4AA7EE9A
:10E9E000276A9342DFED197AE6EE077A9FED186AFF
:10E9F000A7EE876ADFED177AE6EE077A9FED166AD3
:10EA0000A7EE876A60EEE60A26EE076AF6EE007A5F
:10EA1000E7EE060A67EE277A04D877EEE07A30EE62
:10EA2000670A70470D4A93429ABF03F17F4307EE8E
:10EA3000103AB5EE027A30EE470A77EEC77AECE785
:10EA40004ED747ADF6740F319999993E7CF293B445
:10EA5000010DD037610BB6BAABAA2A3D0000483F82
:10EA600010EE103A23F00043B3F1485F04D2FDEEFC
:10EA7000C07A17EE903A5BB320EE007ADFED157A9C
:10EA80009FED156AA7EE276ADFED147AE6EE077AA6
:10EA90009FED136AA7EE876ADFED127A60EE076AD0
:10EAA000E6EE077A30B99FED106AA7EE276AA6EE68
:10EAB000260A704767EEE67AB6EE006AE0EE867ADE
:10EAC000D7EE870ADFED097AE6EEA70A30EE600A94
:10EAD000704700BFD3C92E2F342FD7B21BEF383663
:10EAE000010D50B98988083CABAA2ABEABAA2A3EC0
:10EAF00010EE902A22F00041B1F1FF4F10B5F0EE78
:10EB0000407A06D810EE100A20F00043B3F1FF4F10
:10EB100004D977EEA07AB0EE670A10BDB2F17E5F3D
:10EB200003D1BDE8104000F0B3B9941704F002041B
:10EB300044EAD07443B9022C5ED09FED347A032CA2
:10EB400008BFF0EE477AE6E741B9DFED317A9FED95
:10EB5000317A0028A8BFF0EE477ADCE7B1F1FF4F29
:10EB600010D1B3F1FF4F04F1FF3407D1022C46D886
:10EB7000294B03EB8403D3ED007ACCE7022C41D878
:10EB8000264BF6E7B3F1FF4FDFD05B1AB3F1F45F2A
:10EB90004FEAE3511ADA002A01DA3C3119DB87EE39
:10EBA000A00A00F049FA00F073F9F0EE407A012C67
:10EBB00012D0022C17D0002CADD09FED197A77EE31
:10EBC000877A9FED187A77EEC77AA4E7DFED117A9E
:10EBD000EDE7DFED157AEAE717EE903A03F100432F
:10EBE00007EE903A97E79FED0E7A77EE877A9FEDE2
:10EBF0000D7A77EE677A8EE7DFED0A7A8BE7DFED45
:10EC00000B7A88E7DFED087A85E700BFDB0F49C0A4
:10EC1000DB0FC9BFDB0FC93FB41E0208A81E0208E4
:10EC20002EBDBB33DB0F494000000000DB0F493F26
:10EC3000F0B510EE106A884B26F000459D4287B073
:10EC4000044605D8002380ED000A4360002022E03E
:10EC5000824B9D423AD826F00043002E9FED807AE9
:10EC6000804A23F00F0318DD934270EE477A09BF04
:10EC70009FED7D7ADFED7D6ADFED7D6A77EEC77A05
:10EC800037EEE67A77EEC77A80ED007A77EEE67AAD
:10EC9000C0ED017A012007B0F0BD934270EE077A13
:10ECA00009BF9FED717ADFED716ADFED716A77EE72
:10ECB000877A37EEA67A77EEC77A80ED007A77EE1C
:10ECC000A67AC0ED017A4FF0FF30E4E7694B9D4230
:10ECD00073D800F0B1F99FED687AF6EE007AE0EEB5
:10ECE000077AFDEEE77AB8EEE77A17EE900ADFEDE5
:10ECF0005C7AA7EE670A1F28DFED5C7A67EE277A59
:10ED0000B1EE476A70EE676A16EE901A09DC5B4A4C
:10ED1000471E26F0004352F8272023F0FF039342BA
:10ED200007D1C1F3C752C2EBD552082A4FEAE553C7
:10ED300014DC216094ED007A30EE470A002E30EEAC
:10ED4000670A84ED010AA6DAB1EE477AB1EE400A0D
:10ED500084ED007A84ED010A40429CE7DFED425ADF
:10ED6000F0EE406AE6EE256A70EE667AE6EE257A07
:10ED7000DFED3F5AD7EE257A76EEE75A15EE902A68
:10ED8000C2F3C7515B1A192B04DCC4ED005AB0EE74
:10ED9000660ACFE7DFED3A5AB0EE660AA6EE250A1C
:10EDA00076EEC07ADFED376AE6EE257AD7EE267A80
:10EDB00030EE677A84ED007ABCE7B5F1FF4F06D3F9
:10EDC00070EE407AC0ED017AC0ED007A3EE7EA15B8
:10EDD000863AA5EBC25307EE903ABDEEE77ADFED37
:10EDE0002A6AB8EEC77A77EEC77A8DED037A67EEB6
:10EDF000A67ABDEEE77AB8EEC77A77EEC77A8DEDE0
:10EE0000047A67EEA67AF5EE407AF1EE10FACDEDCF
:10EE1000057A1ED1B5EE407AF1EE10FA0CBF01234F
:10EE200002231A4901910221009103A8214600F012
:10EE30000BF9002EBFF62FAFD4ED007AF1EE677A12
:10EE4000C4ED007AD4ED017AF1EE677AC4ED017A6F
:10EE500082E70323E5E700BFD80F493FE3CB164025
:10EE6000800FC93FD00FC93F004435374344353781
:10EE700008A3852E800F494384F9223FC01E020853
:10EE800000A3852E32318D2400008043401F0208EC
:10EE900038B510EE105A25F00044B4F1A14FF0EE51
:10EEA000407A10D3B4F1FF4F04D970EE007AB0EE7F
:10EEB000670A38BDDFED4D7A9FED4D7A002DC8BF52
:10EEC000F0EE477AF3E74B4B9C4210D8B4F1445F25
:10EED0000AD29FED497A30EE077AF7EE006AB4EE77
:10EEE000E67AF1EE10FAE2DC4FF0FF3313E000F0C7
:10EEF000A3F8424B9C424FD8A3F5D0039C4241D883
:10EF0000F0EE007ABFEE007AA0EE277A002330EE12
:10EF1000270AC7EE007A5A1C27EEA76A9FED387AB7
:10EF2000DFED385A9FED385A66EE066AE6EE875AEC
:10EF30009FED367AA5EEA67ADFED355AE7EE265A32
:10EF40009FED347AA5EEA67ADFED335AE7EE265A26
:10EF50009FED327AA6EE875A9FED317AA5EE267A9A
:10EF60009FED305AA7EE265A9FED2F7AA5EE267A0E
:10EF700027EE267AA5EE867A27EE877A21D177EEDC
:10EF8000C77A94E7F7EE007A30EE677A30EE270A18
:10EF90000123C7EE007ABEE7244B9C420BD8F7EE64
:10EFA000087AB7EE007AA0EE277A022370EE676A3D
:10EFB000C6EE877AAFE7BFEE007AC7EE007A03238A
:10EFC000A9E71B4A1B4902EB830201EB8303D3ED44
:10EFD000006A37EE667A002D37EE677AD2ED007A56
:10EFE00077EEC77AB8BFF1EE677A60E7DB0FC9BF8B
:10EFF000DB0FC93FFFFFDF3ECAF24971FFFF973FBA
:10F00000D769853C59DA4B3D6BF16EBD356B883D58
:10F010006E2EBA3D2549123EABAAAA3E21A215BDCD
:10F0200095879DBD388EE3BDCDCC4CBEFFFF1B4008
:10F03000682202085822020810EE103A23F000431A
:10F0400000EE103A704700002DE9F04F2DED048BD3
:10F05000D9B090460190B64A669818F1040F52F85C
:10F0600020A00F4603F1FF3B26DBB8F1030248BFA7
:10F0700008F10402D210551C67999FEDB17AE8009F
:10F08000A2EB0B060290A8EBC5050AEB0B0C1CAC1F
:10F0900001EB860E0020604510DD1CA901EB83000A
:10F0A0000DF588790026564524DCDDF804E0DFED17
:10F0B000A47A8446002416E00022DCE7C6425DBF45
:10F0C0005EF8201007EE901AF8EEE77AF0EE477A35
:10F0D000E4EC017A0130DEE7FEEC016A3CED017AF6
:10F0E000E6EE877A01345C45F6DDE9EC017A01361B
:10F0F0000430D8E708A901EB8A0104916799DFED94
:10F100008F8A9FED8D9A01EB820203925446A200F2
:10F11000059258AA02EB840212ED140A44A908AA27
:10F1200001EB840094462646002E4CDC2846CDE9AF
:10F13000062300F0F1F9B0EE408AB4EE000A28EEA2
:10F14000000A00F04FFAF2EE007AA0EE678A002D76
:10F15000DDE90623FDEEC87A17EE909AF8EEE77A1D
:10F1600038EE678A41DD04F1FF3C08A9C5F1080EBD
:10F1700051F82C6046FA0EF0814400FA0EF0361A6F
:10F18000C5F1070041F82C600641002E3CDD4FF030
:10F19000000E09F101097046744568DC002D03DD9D
:10F1A000012D74D0022D7DD0022E2DD1B7EE000A94
:10F1B00030EE488A40B32846069300F0ADF9069B2E
:10F1C00038EE408A20E060EE287A013EFDEEE77AD4
:10F1D000F8EEE77AA7EEC90ABDEEC00AACEC010A68
:10F1E00030ED010A37EE800A9EE705D1601E08A9BE
:10F1F00051F82060F611C8E7F6EE007AB4EEE78A1F
:10F20000F1EE10FA31DA0026B5EE408AF1EE10FA8E
:10F2100040F09880601E002250454BDA002A65D0ED
:10F22000013C08AB083D53F82430002BF8D02846A9
:10F23000B7EE000A00F070F9631C44AA9FED3F7A14
:10F24000990002EB83022346002B80F2A98023461B
:10F25000002BC0F2C78044AA02EB8305DFF8D4C0BC
:10F26000DFED377A0020E21AB1E002268FE752F88C
:10F27000041B48B921B1C1F5807142F8041C012179
:10F280000EF1010E084687E7C1F1FF01F5E704F131
:10F29000FF3C08AA52F82C2002F07F0208A941F88E
:10F2A0002C2081E704F1FF3C08AA52F82C2002F040
:10F2B0003F02F3E708A951F8201001380A43ABE7F1
:10F2C000013250F8046D002EFAD0059901F5B071A5
:10F2D0000DEB0100E6181CA904F1010C4C3801EB00
:10F2E00086062244624504DA144610E70498012297
:10F2F000E7E70399DDF804E051F82C10059107EEDB
:10F30000901AF8EEE77A0024E6EC017ADFED0C7A49
:10F31000B1465C4504DDE0EC017A0CF1010CE1E75B
:10F32000FEEC016A39ED017A0134E6EE877AF0E706
:10F33000A422020878220208000080430000803BDB
:10F3400000000000029BB0EE480AA3EB080000F0AA
:10F35000E3F81FED077AB4EEC70AF1EE10FA19DBF5
:10F360005FED0A7A60EE277A08AAFDEEE77A0835A3
:10F37000F8EEE77AA7EEC70AFDEEE77ABDEEC00A1F
:10F3800010EE103A42F8243017EE903A013442F869
:10F3900024304CE7BDEEC00A08AA10EE103AF6E79A
:10F3A00008A850F82300019007EE900AF8EEE77ADB
:10F3B000013B67EE807A20EE070A62ED017A43E7AF
:10F3C000FCEC016AB5EC017AE6EE877A0130504533
:10F3D00001DC9042F4DD58A800EB820242ED287A6D
:10F3E000013B35E7669B022B09DC002B27DC40D074
:10F3F00009F0070059B0BDEC048BBDE8F08F669BA7
:10F40000032BF5D130AA0B1F13441A4620460028BF
:10F4100050DC2246012A5DDC30AB5FED377A0B44CD
:10F42000012C67DCDDED306A9DED317A002E67D16D
:10F43000C7ED006A87ED017AC7ED027AD8E730ABF5
:10F440001FED417A0B442246002A24DA4EB3F1EE36
:10F45000477AC7ED007ADDED307A77EEC77A31AAC8
:10F4600001239C4220DA0EB1F1EE677AC7ED017AF2
:10F47000BEE730AB5FED4E7A0B44002C05DA0EB1DF
:10F48000F1EE677AC7ED007AB2E733ED017A013C1D
:10F4900077EE877AF1E773ED017A013A37EE277A52
:10F4A000D2E7F0EE477AD4E7B2EC017A013377EE97
:10F4B000877AD6E772ED017AD2ED016A37EEA67A45
:10F4C000013877EEC77A82ED007A77EEA67AC2ED40
:10F4D000017A9CE773ED017AD3ED016A37EEA67AE3
:10F4E000013A77EEC77A83ED007A77EEA67AC3ED1C
:10F4F000017A8FE733ED017A013C77EE877A8FE767
:10F50000F1EE666AB1EE477AC7ED006A87ED017ADF
:10F51000F1EE677A90E700BF10EE103A33F0004248
:10F520002BD0B2F1FF4F02D330EE000A704713F038
:10F53000FF4F23D1244BDFED257A984220EE270A96
:10F5400017DB10EE103AC3F3C752193A4CF25031A0
:10F55000884215DDDFED1E7ADFED1E6A10EE103AEF
:10F56000B0EE677A002BB8BFF0EE667A27EE870A16
:10F570007047DFED197A27EE800A7047D20DE5E774
:10F580001044FE28E6DC002806DD23F0FF4343EAB2
:10F59000C05300EE103A704710F1160F09DADFED94
:10F5A0000E7ADFED0E6A10EE103AB0EE677A002B9D
:10F5B000D9E7193023F0FF4343EAC0539FED080A0F
:10F5C00007EE903AD7E700BFB03CFFFF0000004CC9
:10F5D000CAF24971CAF249F16042A20D6042A28D9D
:10F5E0000000003310EE103AC3F3C7527F3A162AD8
:10F5F00023F000412BDC002A12DADFED197A30EE1D
:10F60000270AB5EEC00AF1EE10FA06DD002B24DA67
:10F610000029144B08BF4FF0004300EE103A70472A
:10F62000114911410B42FAD0DFED0D7A30EE270A75
:10F63000B5EEC00AF1EE10FAEFDD002BBEBF4FF4BD
:10F64000000040FA02F29B1823EA0103E5E7B1F15A
:10F65000FF4FE4D330EE000A70470023DDE700BF20
:10F66000CAF24971000080BFFFFF7F0008B5062085
:10F6700000F03CFA0120E2F7DDFD00001FB5144662
:10F680001A46094B1B680546D8684CB1074B0091D8
:10F69000CDE9013406492B4600F084F9FFF7E6FF77
:10F6A000044B1C46F3E700BF10010020AC11020818
:10F6B000B9110208E7110208002301461A4618464C
:10F6C00000F020BB024B0146186800F02DB800BFC7
:10F6D00010010020024B0146186800F06FBB00BF0C
:10F6E0001001002070B50F4E0C463168054611B967
:10F6F00000F0AAFA30602146284600F0A5FA431C23
:10F7000003D14FF0FF34204670BDC41C24F0030425
:10F71000A042F8D0211A284600F096FA0130F2D122
:10F72000EFE700BFD83001202DE9F843CD1C25F0CC
:10F73000030508350C2D38BF0C25002D064601DBCE
:10F74000A94204D90C2333600020BDE8F883DFF818
:10F75000D48000F069F8D8F800301C4644BB294634
:10F760003046FFF7BFFF431C044658D1D8F800408D
:10F770002746002F43D1002C4BD023683946304612
:10F7800004EB030900F060FA814542D121686D1A4B
:10F7900029463046FFF7A6FF01303AD023682B44B4
:10F7A0002360D8F800305A6862BBC8F800700FE0D8
:10F7B0002268521B20D40B2A17D96119A342256055
:10F7C00018BF5960636808BFC8F8001062514B60E9
:10F7D000304600F02FF804F10B00231D20F0070045
:10F7E000C21A1CBF1B1AA350AFE76268A3420CBF2A
:10F7F000C8F800205A60EBE723466468AEE73C4651
:10F800007F68B6E71A465B68A342FBD100235360CA
:10F81000DEE70C233360304600F00CF894E7056017
:10F82000D6E700BFDC300120014800F05ABA00BF23
:10F8300020320120014800F055BA00BF20320120DB
:10F8400010B504460448134620B10A46022021465A
:10F8500000F058FA10BD00BF05FD0108002310B5E7
:10F860000446C0E90033C0E9043383608181436604
:10F87000C2818361194608225C3000F006F90D4B05
:10F8800063620D4BA3620D4BE3620D4B23630D4B83
:10F8900024629C4206D003F16802944202D0D03325
:10F8A0009C4205D104F15800BDE8104000F018BAA0
:10F8B00010BD00BF05FA010827FA01085FFA010828
:10F8C00083FA0108E0300120024A0349034800F0AE
:10F8D0007BB800BF04010020F504020814010020D9
:10F8E00041680C4B994210B5044601D000F002FE6D
:10F8F000A168094B994202D0204600F0FBFDE16867
:10F90000064B994204D02046BDE8104000F0F2BDFD
:10F9100010BD00BFE030012048310120B03101208E
:10F9200010B50B4B0B4C0C4A1A60204600220421E8
:10F93000FFF794FF04F1680001220921FFF78EFF11
:10F9400004F1D0000222BDE810401221FFF786BF6B
:10F9500018320120E0300120C9F80108014800F008
:10F96000C0B900BF22320120014800F0BBB900BF7E
:10F970002232012010B50446FFF7F0FF236A1BB1C5
:10F98000BDE81040FFF7F0BF044B2362044B1B6837
:10F99000002BF5D1FFF7C4FFF2E700BFE1F8010843
:10F9A000183201200EB403B5014603AB054853F8E5
:10F9B000042B0068019300F075FA02B05DF804EBC7
:10F9C00003B07047100100202DE9F8430746884630
:10F9D00014460026D4E90195B9F1010905D524683A
:10F9E000002CF7D13046BDE8F883AB89012B07D94D
:10F9F000B5F90E30013303D029463846C0470643D7
:10FA00006835E9E710B50C46B1F90E1000F0F6F8CC
:10FA10000028ABBF636DA3891B1823F48053ACBFD0
:10FA20006365A38110BD2DE9F0411F468B89DB057D
:10FA300005460C46164605D5B1F90E1002230022E4
:10FA400000F0CAF8A389B4F90E1023F48053A381FF
:10FA500032463B462846BDE8F04100F005B910B5F6
:10FA60000C46B1F90E1000F0B7F8431CA38915BF7E
:10FA7000606523F4805343F48053A38118BFA381AE
:10FA800010BDB1F90E1000F039B80244034693429C
:10FA900000D1704703F8011BF9E71F2938B5054667
:10FAA0000C4604D9162303604FF0FF3038BDC26BFB
:10FAB00012B152F821304BB9284600F0C3F8224663
:10FAC00001462846BDE8384000F0AAB8012B0AD00C
:10FAD000591C03D1162303600120E7E7002142F8F7
:10FAE0002410204698470020E0E70000024B014622
:10FAF0001868FFF7D2BF00BF1001002038B5064DCF
:10FB00000023044608462B60E2F7B6FB431C02D1F3
:10FB10002B6803B1236038BD1C3201202D4B1B68BC
:10FB2000834270B5044653D0C3691BB3DB6863B12D
:10FB30000025E369DB685959B1B90435802DF8D146
:10FB4000E3692046D96800F039F9E369196811B111
:10FB5000204600F033F9E3699D685DB129462046EF
:10FB60002D6800F02BF9F8E70E68204600F026F922
:10FB70003146E1E7616911B1204600F01FF9E16902
:10FB800011B1204600F01AF9216B11B1204600F0A6
:10FB900015F9616B11B1204600F010F9A16B11B19C
:10FBA000204600F00BF9A16C11B1204600F006F9D7
:10FBB000616C11B1204600F001F9E16A11B12046F3
:10FBC00000F0FCF8236A1BB12046BDE870401847DE
:10FBD00070BD00BF1001002038B5074D044608462F
:10FBE000114600222A601A46E2F750FB431C02D15C
:10FBF0002B6803B1236038BD1C32012038B5074D96
:10FC000004460846114600222A601A46E2F718FB0D
:10FC1000431C02D12B6803B1236038BD1C32012084
:10FC200038B5074D00230446084611462B60E2F71D
:10FC3000F9FA431C02D12B6803B1236038BD00BF21
:10FC40001C320120E2F7ECBA38B5064D0023044619
:10FC500008462B60E2F71CFB431C02D12B6803B162
:10FC6000236038BD1C32012038B5074D04460846D4
:10FC7000114600222A601A46E2F7F0FA431C02D12C
:10FC80002B6803B1236038BD1C320120014B18687A
:10FC9000704700BF1001002070B50D4D0D4C641B66
:10FCA000A4100026A64209D10B4D0C4C00F062FDB9
:10FCB000641BA4100026A64205D170BD55F8043B74
:10FCC00098470136EEE755F8043B98470136F2E7CE
:10FCD0008C7C04088C7C04088C7C0408A07C0408C0
:10FCE0007047704770470A44914200F1FF3300D1DA
:10FCF000704710B511F8014B03F8014F9142F9D14B
:10FD000010BD00002DE9F843274D074628689146AD
:10FD10000E469846FFF7E5FF244A14683CB9244B89
:10FD20001360244A12B11268C3F88820204C63681B
:10FD30001F2B06DD2868FFF7D5FF4FF0FF30BDE829
:10FD4000F8832FB3D4F8880068B91B4B002BF1D08F
:10FD50004FF48470FFF7B6FC0028EBD00023C0E915
:10FD60004033C4F88800636840F8239001229A4029
:10FD700000EB8301D0F800311343C0F80031022FAB
:10FD8000C1F8808002BFD0F804311343C0F80431B9
:10FD9000636828685A1C0233626044F82360FFF7E6
:10FDA000A1FF0020CBE700BF60010020B03201209E
:10FDB00024320120B0220208C5F6010838B50546F4
:10FDC000002941D051F8043C0C1F002BB8BFE418A7
:10FDD000FFF72AFD1D4A136833B963601460284693
:10FDE000BDE83840FFF726BDA34208D92068211896
:10FDF0008B4201BF19685B6809182160EDE71A465C
:10FE00005B680BB1A342FAD911685018A0420BD11C
:10FE100020680144501883421160E0D118685B6883
:10FE2000536008441060DAE702D90C232B60D6E750
:10FE3000206821188B4204BF19685B68636004BFA7
:10FE4000091821605460CAE738BD00BFDC300120CA
:10FE50009368013B002B10B4936008DA9469A342C5
:10FE600001DB0A2903D15DF8044B00F06BBB13687A
:10FE7000581C1060197008465DF8044B7047F8B5BF
:10FE800006460F461446D518AC4201D1002007E0C3
:10FE900014F8011B3A463046FFF7DAFF431CF3D152
:10FEA000F8BD00002DE9F04F0D469DB01446984670
:10FEB000064618B1036A0BB9FFF75CFD6B6ED907F4
:10FEC00005D4AB899A0502D4A86DFFF70AFFAB8968
:10FED0001B0701D52B699BB92946304600F070FB02
:10FEE00070B16B6EDC0704D54FF0FF301DB0BDE87C
:10FEF000F08FAB899805F7D4A86DFFF7F3FEF3E711
:10FF00000023099320238DF82930CDF80C8030236D
:10FF1000DFF8AC818DF82A304FF0010923469A466C
:10FF200013F8012B0AB1252AF9D1BAEB040B0BD037
:10FF30005B46224629463046FFF7A1FF013000F01C
:10FF4000A780099A5A4409929AF80030002B00F0D1
:10FF50009F8000234FF0FF32CDE905230AF1010A0B
:10FF6000049307938DF853301A935446052214F8DE
:10FF7000011B5348E0F73CF9049AD8B9D10644BFB5
:10FF800020238DF85330130744BF2B238DF85330B3
:10FF90009AF800302A2B15D0079A544600204FF0CB
:10FFA0000A0C214611F8013B303B092B4BD9B0B16B
:10FFB000079214E0A0EB080309FA03F31343049338
:10FFC000A246D2E7039B191D1B680391002BBBBF00
:10FFD0005B4242F0020207930793B8BF0492237872
:10FFE0002E2B0AD163782A2B32D1039B1A1D1B6852
:10FFF000039243EAE37302340593DFF8D4A0217837
:020000040802F0
:1000000003225046E0F7F4F838B1049BA0EB0A0055
:100010004022824013430134049314F8011B294801
:100020008DF828100622E0F7E3F800283FD0264B91
:100030001BBB039B073323F0070308330393099B80
:100040003B4409936AE70CFB02320C460120A8E707
:1000500000230134059319464FF00A0C204610F88E
:10006000012B303A092A03D9002BC6D00591C4E7E9
:100070000CFB012104460123F0E703AB00932A4661
:10008000124B04A93046AFF300800746781CD6D146
:100090006B6ED90705D4AB899A0502D4A86DFFF71A
:1000A00021FEAB895B063FF51FAF09981EE703AB46
:1000B00000932A46054B04A9304600F079F8E4E79E
:1000C000E8110208F2110208000000007FFE01089A
:1000D000EE1102082DE9F047164698468A680B692A
:1000E000DDF820909342B8BF1346336091F8432067
:1000F00007460C460AB1013333602368990642BFB4
:10010000336802333360256815F0060506D104F123
:10011000190AE36832689B1AAB4226DC94F8433034
:100120002268003B18BF012392062BD404F143023E
:1001300041463846C84701301ED02368226903F083
:100140000603042B02BFE5683368ED1AA3680CBFF1
:1001500025EAE57500259342C4BF9B1AED180026D9
:100160001A34B5421AD1002008E001235246414614
:100170003846C847013003D14FF0FF30BDE8F08763
:100180000135C6E7E1185A1C302081F843002244AB
:1001900094F8451082F843100233C7E70123224642
:1001A00041463846C8470130E6D00136D9E700005D
:1001B0002DE9FF470F7E0C9E782F914680460C4616
:1001C0009A4601F1430207D8622F0AD8002F00F0A7
:1001D000D180582F00F0B88004F1420684F84270B4
:1001E0003AE0A7F16303152BF6D801A151F823F0EB
:1001F000490202085D020208D9010208D901020879
:10020000D9010208D90102085D020208D9010208D9
:10021000D9010208D9010208D90102085B030208CA
:100220008702020815030208D9010208D901020851
:100230007D030208D901020887020208D9010208D9
:10024000D90102081D03020833681A1D1B683260B9
:1002500004F1420684F8423001239CE033682068B0
:10026000191D3160060601D51D6803E04506FBD562
:10027000B3F90050002D03DA2D236D4284F843308A
:1002800058480A2311E021683368080653F8045BD4
:1002900002D4490648BFADB26F2F5248336014BF35
:1002A0000A230823002184F843106668A660002E04
:1002B00005DB21682E4321F0040121604BD0164656
:1002C000B5FBF3F103FB1157C75D06F8017D2F461F
:1002D000BB420D46F4D9082B0BD12368DF0708D5A4
:1002E000236961689942DEBF302306F8013C06F1BC
:1002F000FF36921B2261CDF800A04B4603AA21468F
:100300004046FFF7E7FE01304AD14FF0FF3004B01E
:10031000BDE8F087236843F0200323603248782744
:1003200084F84570236831681F0651F8045B02D4D5
:100330005F0648BFADB23160D90744BF43F0200328
:1003400023601DB11023ADE72648E9E7236823F0B9
:1003500020032360F6E71646BDE733682568616928
:10036000181D30602E061B6801D5196002E0680672
:10037000FBD51980002323611646BCE733681A1D9C
:1003800032601E68626800213046DFF731FF08B135
:10039000801B606063682361002384F84330AAE710
:1003A0002369324649464046D0470130ADD02368E4
:1003B0009B0713D4E068039B9842B8BF1846A6E792
:1003C0000123324649464046D04701309DD0013591
:1003D000E36803995B1AAB42F2DCEBE7002504F11A
:1003E0001906F5E7F91102080A120208B1F90C2002
:1003F0002DE9F041160705460C4654D44B68002BF6
:1004000002DC0B6C002B48DDE66A002E45D0002391
:1004100012F480522F68216A2B6030D0626DA3895C
:10042000590705D56368D21A636B0BB1236CD21AD6
:100430000023E66A216A2846B047431CA38906D1F7
:1004400029681D292BD82A4ACA40D60727D5002259
:100450006260D9042269226004D5421C01D12B6854
:1004600003B96065616B2F60B9B104F1440399422F
:1004700002D02846FFF7A2FC002363630DE00123AE
:100480002846B0470246501CC9D12B68002BC6D065
:100490001D2B01D0162B1ED12F60002022E043F02F
:1004A00040031BB21BE00F69002FF6D093070E68C4
:1004B00008BF4B690F6018BF0023A6EB07088B60CD
:1004C000B8F1000FE9DD216AA66A43463A4628469C
:1004D000B047002808DCB4F90C3043F04003A38196
:1004E0004FF0FF30BDE8F0810744A8EB0008E7E7D4
:1004F0000100402038B50B6905460C4613B90025AC
:10050000284638BD18B1036A0BB9FFF733FAB4F9BE
:100510000C30002BF3D0626ED00704D4990502D4BE
:10052000A06DFFF7DEFB28462146FFF75FFF636EF5
:10053000DA070546E4D4A3899B05E1D4A06DFFF753
:10054000D1FBDDE7F8B50E461446054618B1036A3F
:100550000BB9FFF70FFAA369A360A3891A0701D5A6
:10056000236943B92146284600F02AF818B14FF014
:10057000FF373846F8BD23682269981A6369F6B2D6
:100580008342374605DC21462846FFF7B3FF0028A3
:10059000EDD1A368013BA36023685A1C22601E7042
:1005A0006269431C9A4204D0A389DB07E1D50A2E75
:1005B000DFD121462846FFF79DFF0028D9D0D6E796
:1005C00038B5294B054618680C4618B1036A0BB9B3
:1005D000FFF7D0F9B4F90C30190722D4DA0607D4A2
:1005E00009222A6043F04003A3814FF0FF3033E03B
:1005F000580712D5616B41B104F14403994202D00E
:100600002846FFF7DBFB00236363A38923F0240361
:10061000A3810023636023692360A38943F0080357
:10062000A38123694BB9A38903F42073B3F5007F39
:1006300003D02146284600F03FF8B4F90C3013F0FF
:1006400001020AD00022A26062695242A2612269BC
:1006500042B913F08000C5D138BD990758BF62690F
:10066000A260F4E70020F7E71001002070B50C4607
:10067000B1F90E10002996B015461E460DDAA38971
:1006800013F0800F4FF0000114BF40234FF480633C
:10069000002031602B6016B070BD6A4600F048F84B
:1006A0000028ECDB019901F47041A1F50053594297
:1006B00059414FF48063EBE78B89F7B59D070646F8
:1006C0000C4607D504F147032360236101236361CE
:1006D00003B0F0BD01AB6A46FFF7C8FF009F0546B7
:1006E00039463046FFF720F848B9B4F90C309A057E
:1006F000EED423F0030343F00203A381E2E7A389CE
:10070000206043F08003A381019BC4E904075BB12F
:10071000B4F90E10304600F01DF828B1A38923F07B
:10072000030343F00103A381A3891D43A581CFE700
:1007300038B5074D00230446084611462B60E1F703
:100740009EFD431C02D12B6803B1236038BD00BF5E
:100750001C32012038B5064D0023044608462B60A4
:10076000E1F792FD431C02D12B6803B1236038BD31
:100770001C320120F8B500BFF8BC08BC9E4670478B
:0C078000F8B500BFF8BC08BC9E467047EE
:10078C0000000000FFFFFFFFFFFFFFFF0000000065
:10079C00010000000000000000000000010000004B
:1007AC00FFFFFFFFFFFFFFFF01000000FFFFFFFF48
:1007BC00FFFFFFFF0100000001000000010000002E
:1007CC000000000000000000C3060008C506000879
:1007DC0019070008250800086672616D6542756688
:1007EC0066657220213D203020262620224120667D
:1007FC0072616D65627566666572206164647265AE
:10080C007373206D75737420626520736574220098
:10081C007669727475616C20766F696420746F757B
:10082C0063686766783A3A48414C3A3A736574465D
:10083C0072616D654275666665725374617274415E
:10084C00646472657373657328766F69642A2C20EF
:10085C00766F69642A2C20766F69642A29002E2E03
:10086C002F2E2E2F4D6964646C6577617265732F22
:10087C0053542F746F7563686766782F6672616D59
:10088C0065776F726B2F696E636C7564652F746F0F
:10089C007563686766782F68616C2F48414C2E68C9
:1008AC007070007769647468203E3D204449535051
:1008BC004C41595F574944544820262620686569A5
:1008CC00676874203E3D20444953504C41595F4861
:1008DC00454947485420262620224672616D6562A0
:1008EC0075666665722063616E6E6F74206265203A
:1008FC00736D616C6C6572207468616E20646973D1
:10090C00706C617922007669727475616C20766FF7
:10091C00696420746F7563686766783A3A48414C2D
:10092C003A3A7365744672616D65427566666572B6
:10093C0053697A652875696E7431365F742C20752D
:10094C00696E7431365F742900286672616D655F5B
:10095C006275666665725F73656D20213D204E552C
:10096C004C4C2920262620224372656174696F6ED7
:10097C00206F66206672616D6562756666657220B1
:10098C0073656D6170686F7265206661696C656412
:10099C00220073746174696320766F696420746FCC
:1009AC007563686766783A3A4F5357726170706531
:1009BC0072733A3A696E697469616C697A6528294F
:1009CC0000433A2F53544D333246342F7265706FB7
:1009DC007369746F726965732F4749744875622F18
:1009EC0073746D33322F7372632F4C43442F546FD7
:1009FC007563684746582F7461726765742F676515
:100A0C006E6572617465642F4F53577261707065B7
:100A1C0072732E63707000287673796E635F7175D4
:100A2C0065756520213D204E554C4C2920262620ED
:100A3C00224372656174696F6E206F6620767379DC
:100A4C006E63206D6573736167652071756575657F
:100A5C00206661696C6564220030202626202255B0
:100A6C006E737570706F7274656420466F726D6111
:100A7C007421220075696E7433325F742053544DA7
:100A8C003332444D413A3A6765744368726F6D4135
:100A9C0052544F7574707574466F726D617428740E
:100AAC006F7563686766783A3A4269746D61703A3B
:100ABC003A4269746D6170466F726D6174290043BE
:100ACC003A2F53544D333246342F7265706F73691D
:100ADC00746F726965732F4749744875622F73740C
:100AEC006D33322F7372632F4C43442F546F7563E5
:100AFC00684746582F7461726765742F67656E6519
:100B0C0072617465642F53544D3332444D412E63DE
:100B1C0070700075696E7433325F742053544D33AA
:100B2C0032444D413A3A6765744368726F6D415275
:100B3C0054496E707574466F726D617428746F755C
:100B4C0063686766783A3A4269746D61703A3A4202
:100B5C0069746D6170466F726D6174290030202666
:100B6C00262022556E737570706F727465642066E2
:100B7C006F726D617422007669727475616C207687
:100B8C006F69642053544D3332444D413A3A736586
:100B9C0074757044617461436F707928636F6E7300
:100BAC007420746F7563686766783A3A426C69743E
:100BBC004F70262900636F6D70617469626C6546B5
:100BCC0072616D65627566666572284269746D61E5
:100BDC00703A3A524742353635292026262022547F
:100BEC0068652063686F73656E207061696E7465EB
:100BFC0072206F6E6C7920776F726B7320776974CB
:100C0C00682052474235363520646973706C6179BF
:100C1C00732200746F7563686766783A3A41627341
:100C2C0074726163745061696E74657252474235B7
:100C3C0036353A3A41627374726163745061696E0D
:100C4C007465725247423536352829002E2E2F2EC8
:100C5C002E2F4D6964646C6577617265732F5354E4
:100C6C002F746F7563686766782F6672616D657730
:100C7C006F726B2F696E636C7564652F746F75631F
:100C8C00686766782F776964676574732F63616E24
:100C9C007661732F41627374726163745061696E13
:100CAC007465725247423536352E68707000475560
:100CBC00495F5461736B0064656661756C74546153
:100CCC00736B0073697A656F662853637265656E22
:100CDC005479706529203C3D20686561702E7363E2
:100CEC007265656E53746F726167652E656C656DA8
:100CFC00656E745F73697A65282920262620225632
:100D0C0069657720616C6C6F636174696F6E2065C7
:100D1C0072726F723A20436865636B2074686174F9
:100D2C0020616C6C20766965777320617265206137
:100D3C006464656420746F2046726F6E74656E64B3
:100D4C00486561703A3A56696577547970657322D3
:100D5C000050726573656E746572547970652A20E3
:100D6C00746F7563686766783A3A6D616B65547237
:100D7C00616E736974696F6E2853637265656E2A50
:100D8C002A2C2050726573656E7465722A2A2C2089
:100D9C004D565048656170262C205472616E7369F3
:100DAC0074696F6E2A2A2C204D6F64656C547970AF
:100DBC00652A29205B776974682053637265656EB8
:100DCC0054797065203D2053637265656E315669A8
:100DDC0065773B2050726573656E746572547970DB
:100DEC0065203D2053637265656E31507265736585
:100DFC006E7465723B205472616E73547970652009
:100E0C003D204E6F5472616E736974696F6E3B2036
:100E1C004D6F64656C54797065203D204D6F646531
:100E2C006C5D002E2E2F2E2E2F4D6964646C657711
:100E3C00617265732F53542F746F7563686766788E
:100E4C002F6672616D65776F726B2F696E636C754F
:100E5C0064652F6D76702F4D56504170706C6963C0
:100E6C006174696F6E2E6870700073697A656F6655
:100E7C002850726573656E7465725479706529209B
:100E8C003C3D20686561702E70726573656E74658B
:100E9C007253746F726167652E656C656D656E74E7
:100EAC005F73697A65282920262620225072657383
:100EBC00656E74657220616C6C6F636174696F6EC2
:100ECC00206572726F723A20436865636B20746898
:100EDC00617420616C6C2070726573656E746572E0
:100EEC00732061726520616464656420746F2046B0
:100EFC00726F6E74656E64486561703A3A507265D3
:100F0C0073656E7465725479706573220073697AB7
:100F1C00656F66285472616E735479706529203C34
:100F2C003D20686561702E7472616E736974696FAF
:100F3C006E53746F726167652E656C656D656E744A
:100F4C005F73697A65282920262620225472616EE7
:100F5C00736974696F6E20616C6C6F636174696F17
:100F6C006E206572726F723A20436865636B2074F1
:100F7C0068617420616C6C207472616E7369746941
:100F8C006F6E732061726520616464656420746F98
:100F9C002046726F6E74656E64486561703A3A549F
:100FAC0072616E736974696F6E5479706573220027
:100FBC0075736564203E203000746F7563686766D6
:100FCC00783A3A556E69636F64653A3A556E69635F
:100FDC006F64654368617220746F756368676678C7
:100FEC003A3A5465787450726F76696465723A3A1D
:100FFC0063697263756C61724275666665723C7387
:10100C00697A653E3A3A7065656B43686172282966
:10101C00205B7769746820756E7369676E656420F0
:10102C00696E742073697A65203D2031303B2074E1
:10103C006F7563686766783A3A556E69636F646575
:10104C003A3A556E69636F646543686172203D205E
:10105C0073686F727420756E7369676E656420694E
:10106C006E745D002E2E2F2E2E2F4D6964646C65D0
:10107C0077617265732F53542F746F75636867664D
:10108C00782F6672616D65776F726B2F696E636C0A
:10109C007564652F746F7563686766782F5465780F
:1010AC007450726F76696465722E687070006F662A
:1010BC0066736574203C207573656400746F75638A
:1010CC00686766783A3A556E69636F64653A3A5563
:1010DC006E69636F64654368617220746F756368D1
:1010EC006766783A3A5465787450726F76696465BD
:1010FC00723A3A63697263756C61724275666665C1
:10110C00723C73697A653E3A3A7065656B43686107
:10111C00722875696E7431365F7429205B77697437
:10112C006820756E7369676E656420696E742073D0
:10113C00697A65203D2031303B20746F7563686798
:10114C0066783A3A556E69636F64653A3A556E69DA
:10115C00636F646543686172203D2073686F7274BD
:10116C0020756E7369676E656420696E743B2075BB
:10117C00696E7431365F74203D2073686F72742011
:10118C00756E7369676E656420696E745D004944A1
:10119C004C4500546D725100546D722053766300AF
:1011AC002C2066756E6374696F6E3A2000617373E0
:1011BC00657274696F6E2022257322206661696CDA
:1011CC0065643A2066696C6520222573222C206C9C
:1011DC00696E65202564257325730A00232D302B39
:1011EC002000686C4C00656667454647003031321C
:1011FC003334353637383941424344454600303173
:10120C0032333435363738396162636465660000D1
:10121C000000000000000000C30900084B0A000891
:10122C0075090008E10A0008C5090008E109000871
:10123C00470A0008330A0008F97C0008077D0008FB
:10124C0081090008DD880008517F00082B0A00087E
:10125C0095140008250B0008218500080F7D000857
:10126C00558100084D840008B7840008B18100083E
:10127C00B1860008E9850008458800081582000839
:10128C00617F000835870008B9870008150A000837
:10129C00370A00083B0A00083F0A0008430A000806
:1012AC0083090008A10A0008890900088980000840
:1012BC00F58000089D0900089F090008A309000893
:1012CC00AD090008B3090008CB7C0008698200084E
:1012DC00BB090008B57D0008891400088D140008AE
:1012EC002F0A0008697F000867800008590A000867
:1012FC00BD090008BF090008C10900080000000072
:10130C00000000000B0C0008698A0008F90B0008AB
:10131C00490C0008D18A0008030C0008FF0B0008D8
:10132C00110C0008310C00087F890008F58A0008B0
:10133C0079890008910D0008D90C00080B8A000867
:10134C000D8A00080B8A0008B58A0008000000000E
:10135C0000000000BD100008D110000871770008D3
:10136C008577000845770008497700086B770008F7
:10137C004D10000851100008551000085D100008B1
:10138C00000000000000000095100008A9100008E3
:10139C0071770008857700084577000849770008C1
:1013AC006B77000831100008351000083910000860
:1013BC004310000800000000000000006D10000841
:1013CC0081100008717700088577000845770008C0
:1013DC00497700086B7700081510000819100008F1
:1013EC001D1000082710000800000000000000007D
:1013FC00E51000081D110008651000080000000031
:10140C000000000000000000000000006B1300084A
:10141C006F1300087713000825E80108000000008E
:10142C0000000000CD1300083914000871A3000857
:10143C009B130008F9D7000861A400089914000850
:10144C002113000877D70008A7140008B7D70008A5
:10145C0091D7000825130008291300082D13000844
:10146C00311300083513000837130008391300082E
:10147C003B1300083D13000859D800083F1300081F
:10148C0057130008791300087F1300088513000810
:10149C00BD1300080000000000000000CF1300087E
:1014AC00471400088B910008A7130008AB13000821
:1014BC00B1130008B71300083191000881A200088D
:1014CC00479100084D91000871910008C9910008DE
:1014DC0075910008C1130008C5130008C913000852
:1014EC00BA0C020800000000000000000000000020
:1014FC000000000000800000180000000000000048
:10150C0000000000C30C02080000000000000000F6
:10151C0000000000000000000002000018000000A5
:10152C0000000000000000000000000000000000AF
:10153C00D5220008C5220008C7220008842402080E
:10154C0000000000F000400100000000F00040012D
:10155C00000000000000000071230008E1230008D7
:10156C009D230008BD2300080000000000000000BF
:10157C0065C10008DDC10008F1C100080DC20008FA
:10158C00F5C400080F24000873230008EF2300089B
:10159C007523000851C400085B23000841C10008F2
:1015AC005D23000805C200082DCD0008ADC1000860
:1015BC0031C600087DC10008C1C20008000000004F
:1015CC00000000009B230008D3230008952300088B
:1015DC00692300086B230008FF2300086D23000813
:1015EC0000000000000000001D2600087326000803
:1015FC00CFE0000809230008292300082D23000848
:10160C005929000875290008A5D50008C3D600087B
:10161C00BDD500085DD600083123000853D600085C
:10162C003523000839230008412300083926000817
:10163C0063D6000815260008192600084723000861
:10164C004D2300081F2600080000000000000000C9
:10165C00EB260008EF260008F3E60008ED2600084C
:10166C00E3260008E5260008CDE1000875E2000835
:10167C0075E10008E7260008E926000800000000D4
:10168C000000000065C10008DDC10008F1C10008C0
:10169C000DC20008D92A00080F240008C72A000828
:1016AC00C92A00087523000851C400085B230008F0
:1016BC0041C100085D23000805C200082DCD0008BB
:1016CC00ADC1000831C600087DC10008C1C20008C8
:1016DC000000000000000000132B0008132B000872
:1016EC000D2B0008152B0008FCFFFFFF000000006D
:1016FC000F2B0008232B0008000000000000000046
:10170C00412B0008552B0008F3E600087D2B000840
:10171C00E32600083D2B0008CDE1000875E2000827
:10172C0075E10008E7260008E92600080000000023
:10173C000102030400000000000000000102030489
:10174C00060708090403020202010102000000005E
:10175C00000000000000000000000000717700088D
:10176C008577000845770008497700086B770008F3
:10177C0025E8010825E8010825E8010825E8010805
:10178C0000000000000000002778000829780008FD
:10179C00FF7B0008E7770008F9D7000855D7000849
:1017AC00991400089D77000877D7000899780008ED
:1017BC00B7D7000891D70008251300082913000893
:1017CC002D130008311300083513000837130008D7
:1017DC00391300083B1300083D13000859D80008C2
:1017EC003F130008717C0008B577000837780008B3
:1017FC00CF770008E1770008A1770008657800082A
:10180C00F97800080F780008617B0008F37700086E
:10181C00101820000000000808080808000000004C
:10182C00000000004989000855890008118A000849
:10183C000F8A0008C38A0008558A00086D890008C1
:10184C0000000000000000009F900008A19000081C
:10185C006B1300086F1300089D900008E18B0008C3
:10186C000000000000000000F59000081D91000829
:10187C00D99000086F13000819910008FB9000081C
:10188C00B1900008F8FFFFFF00000000F79000087F
:10189C002B910008D190000800000000000000000F
:1018AC00419D000829A00008199B000800000000B9
:1018BC000000000000000000000000008B910008F8
:1018CC00A7130008AB130008B1130008B7130008E6
:1018DC003191000881A20008479100084D91000841
:1018EC0071910008C99100087591000825E801085C
:1018FC0025E8010825E801080000000000000000B0
:10190C00000000000000000071A300089B130008F9
:10191C00F9D7000861A400089914000821130008E5
:10192C0077D70008A7140008B7D7000891D700088C
:10193C0025130008291300082D1300083113000883
:10194C003513000837130008391300083B1300083F
:10195C003D13000859D800083F130008571300081E
:10196C00791300087F1300088513000825E8010887
:10197C00000000000000000029A500082BA50008AD
:10198C00EDA40008D1A40008F9D7000855D7000829
:10199C0039A500082113000877D70008A714000800
:1019AC00B7D7000891D700082513000829130008A1
:1019BC002D130008311300083513000837130008E5
:1019CC00391300083B1300083D13000859D80008D0
:1019DC003F1300085713000800000000000000002F
:1019EC004DA5000881A50008C5A500088FA5000815
:1019FC00F9D7000855D70008B1A500082113000835
:101A0C0077D70008A7140008B7D7000891D70008AB
:101A1C0025130008291300082D13000831130008A2
:101A2C003513000837130008391300083B1300085E
:101A3C003D13000859D800083F130008571300083D
:101A4C004FA50008000000000000000049A6000897
:101A5C004BA60008000000000000000065C1000853
:101A6C00DDC10008F1C100080DC20008F5C4000872
:101A7C0079C1000821C2000823C2000859230008BC
:101A8C0051C400085B23000841C100085D23000815
:101A9C0005C200082DCD0008ADC1000831C60008F4
:101AAC007DC10008C1C20008000000000000000059
:101ABC00B1D80008B3D8000869DC000800000000A9
:101ACC00000000000000000000000000CFE0000853
:101ADC0009230008292300082D2300085929000890
:101AEC0075290008A5D50008C3D60008BDD5000887
:101AFC005DD600083123000853D6000835230008B2
:101B0C00392300084123000825E8010863D60008A2
:101B1C005129000855290008472300084D230008C7
:101B2C0025E8010800000000000000003BE100086F
:101B3C003DE1000829E10008000000000000000061
:101B4C0039E100084BE100082DE10008000000001D
:101B5C000000000037E1000859E1000831E10008FD
:101B6C00000000000000000035E1000867E10008FB
:101B7C00F3E60008E1260008E3260008E526000845
:101B8C00CDE1000875E2000875E10008E7260008C1
:101B9C00E9260008000000000000000035200108C4
:101BAC00AF230108C5D3010885D6010869D80108FF
:101BBC00000000000000000033200108BD230108D4
:101BCC00112B0108B9370108313A01080000000057
:101BDC000000000031200108CB230108652D01080D
:101BEC00B53C01089D400108000000000000000009
:101BFC002F200108DB23010861310108752501083C
:101C0C0000000000000000003D20010865250108CF
:101C1C00ED19010800000000000000003B20010845
:101C2C0057250108151D01080000000000000000E8
:101C3C0039200108492501082DC7010800000000C2
:101C4C0000000000372001083B25010835CE0108B3
:101C5C00000000000000000051200108D9240108F8
:101C6C001710010800000000000000004F200108C0
:101C7C00CB240108A51201080000000000000000A0
:101C8C006D200108152401081FFC0008000000004D
:101C9C0000000000652001084D24010843000108E4
:101CAC00000000000000000055200108F524010888
:101CBC00790A01080000000000000000452001081E
:101CCC002D25010817140108000000000000000079
:101CDC006B20010807240108BFFE0008000000006B
:101CEC0000000000632001083F240108ED020108F8
:101CFC00000000000000000053200108E724010848
:101D0C00470D0108000000000000000049200108F8
:101D1C00A124010863A901080000000000000000D4
:101D2C00432001081F2501080D17010800000000C1
:101D3C00000000005D20010885240108CD04010885
:101D4C000000000000000000472001089324010857
:101D5C00AFAE01080000000000000000692001087F
:101D6C00F923010839690108000000000000000097
:101D7C00612001083124010863740108000000008F
:101D8C00000000004D200108BD24010851950108F8
:101D9C0000000000000000005B200108772401080F
:101DAC008907010800000000000000004120010824
:101DBC001125010871B401080000000000000000AA
:101DCC0067200108EB230108DF6E0108000000000A
:101DDC00000000005F20010823240108B17A0108EB
:101DEC0000000000000000004B200108AF24010897
:101DFC0025A0010800000000000000003F200108A1
:101E0C00032501080DBE01080000000000000000C1
:101E1C0059200108692401083781010800000000DD
:101E2C0000000000572001085B240108158B0108F5
:101E3C0000000000000000002D200108A123010873
:101E4C00AD560108C5210108D54D01086F200108C8
:101E5C00BD440108B5200108E54601087947010891
:101E6C0085FA000889FA00088DFA00087DB300088D
:101E7C0091B3000821B600089DB300089DFA000834
:101E8C0081B40008C15A01080000000000000000E5
:101E9C00CDE70108E5E701086FE2010800000080CA
:101EAC00DB0F4940DB0F49C0DB0F49BFE4CB1640C9
:101EBC00E4CB16C0000FC93F000F494000CB964041
:101ECC00000FC9400053FB4000CB164100ED2F41E1
:101EDC00000F49410031624100537B41003A8A4175
:101EEC0000CB9641005CA34100EDAF41007EBC41AC
:101EFC00000FC94100A0D5410031E24100C2EE41C2
:101F0C000053FB4100F20342003A0A4200831042A4
:101F1C0000CB164200141D42005C234200A529424E
:101F2C0000ED2F4200363642007E3C4200C7424252
:101F3C00000F4942A2000000F900000083000000DD
:101F4C006E0000004E000000440000001500000070
:101F5C0029000000FC0000002700000057000000D2
:101F6C00D1000000F500000034000000DD0000008E
:101F7C00C0000000DB0000006200000095000000C3
:101F8C00990000003C00000043000000900000009D
:101F9C0041000000FE000000510000006300000042
:101FAC00AB000000DE000000BB000000C50000001C
:101FBC0061000000B7000000240000006E0000006B
:101FCC003A000000420000004D000000D20000006A
:101FDC00E000000006000000490000002E00000098
:101FEC00EA00000009000000D1000000920000008F
:101FFC001C000000FE0000001D000000EB000000B3
:10200C001C000000B100000029000000A700000027
:10201C003E000000E80000008200000035000000D7
:10202C00F50000002E000000BB0000004400000082
:10203C0084000000E90000009C000000700000001B
:10204C0026000000B40000005F0000007E000000CD
:10205C00410000003900000091000000D600000093
:10206C00390000008300000053000000390000001C
:10207C00F40000009C000000840000005F000000E1
:10208C008B000000BD000000F900000028000000DB
:10209C003B0000001F000000F8000000970000004B
:1020AC00FF000000DE0000000500000098000000AA
:1020BC000F000000EF0000002F00000011000000D6
:1020CC008B0000005A0000000A0000006D000000A8
:1020DC001F0000006D000000360000007E000000B4
:1020EC00CF00000027000000CB000000090000001A
:1020FC00B70000004F000000460000003F00000049
:10210C00660000009E0000005F000000EA00000076
:10211C002D0000007500000027000000BA00000030
:10212C00C7000000EB000000E5000000F10000001B
:10213C007B0000003D00000007000000390000009B
:10214C00F70000008A00000052000000920000001E
:10215C00EA0000006B000000FB0000005F000000C4
:10216C00B10000001F0000008D0000005D000000A9
:10217C0008000000560000000300000030000000C2
:10218C0046000000FC0000007B0000006B0000001B
:10219C00AB000000F0000000CF000000BC0000000D
:1021AC00200000009A000000F4000000360000003F
:1021BC001D000000A9000000E300000091000000D9
:1021CC00610000005E000000E60000001B00000043
:1021DC000800000065000000990000008500000068
:1021EC005F00000014000000A00000006800000068
:1021FC00400000008D000000FF000000D80000002F
:10220C00800000004D00000073000000270000005B
:10221C003100000006000000060000001500000060
:10222C0056000000CA00000073000000A800000067
:10223C00C900000060000000E20000007B0000000C
:10224C00C00000008C0000006B0000006937AC314E
:10225C0068212233B40F14336821A2333863ED3E66
:10226C00DA0F493F5E987B3FDA0FC93F0000C93F48
:10227C000000F0390000DA370000A2330000842E91
:10228C000000502B0000C2270000D0220000C41F09
:10229C000000C61B000044170400000007000000EB
:0822AC0009000000B43201201A
:1022B400D2CE0321500C00300C00C105004D0000AB
:1022C4000C00000200000F0093ECDE2900F7ADDAE9
:1022D400EF02330000F90A000000F30C000000F5DF
:1022E4000A000010FD030000D56F0000B0CF03000A
:1022F40000E00C000000E00C0000004003000000BF
:102304000000000000F00E000000F00E00000000CD
:1023140000105377570200000083FCFFFFFFDF1714
:102324000000FDFFFFFFFFFFDF0200FDFFFFEFFFE7
:10233400FFFF2E00FD9E150041FAFFBF006B000059
:10234400000060FFFF02000000000000FBFF070028
:102354000000000000F7FF08000000000000F6FF86
:1023640009000000000000F7FF0700000000000063
:10237400FBFF04000000000030FFEF00000000003D
:1023840000C1FF7F000000000010FCFF0C000000F3
:102394000000D3FFDF020000000081FFFF2C0000DB
:1023A400000060FEFF9F0000000000D0FFDF04007B
:1023B40000000000D0FF0B000000000000D0FF0967
:1023C400000000000000D0FF09000000000000D061
:1023D400FF09000000000000D0FF09000000000019
:1023E40000000000000000000000000000000000E9
:1023F4000000000000000000000000004044030052
:102404000000000000F1FF0E000000000000F1FFDA
:102414000E000000000000F1FF0E000000000000AC
:10242400F1FF0E0000000000000000003F0005085E
:102434000800050000000000000000003F00090E35
:102444000E010B0000000000000000003F00111FFF
:062454001F03160000004A
:10245C00000000000000000000000000B422020890
:08246C00CC220208142302082F
:0E2474000000000000000000802402080000AC
:1024840061108110821082108210821082108210DA
:1024940082108210821082108210821082108210A8
:1024A4008210821082108210821082108110821099
:1024B4008210821082108210821081108210821089
:1024C400811082106110611061106110611081101F
:1024D4006110611061106108611061106110610880
:1024E4006110610861086110610861086110610888
:1024F4006110611061086110611061086110611060
:10250400610861086110611041086110611061087F
:10251400611061086110611061106108611061103F
:102524006108610861106110611061106108611037
:10253400611061106110611061106110611061100F
:102544006108611061106108611061106110610817
:1025540061106110611061106110611061106110EF
:1025640061106110611061106108611061106108EF
:1025740061106110611061086110611061106108DF
:1025840061106110611061086110611061106110C7
:1025940061106110611061106110611061106110AF
:1025A4006110611061108110611061086110611087
:1025B4006110611061106108611061106110611097
:1025C400611081106110611061106110611061105F
:1025D400611061106110611061108110611061104F
:1025E400811061108110611061106110611061101F
:1025F400611061106110811061106110611061102F
:10260400611061106110611061106110611061103E
:102614006110611061106110610861106110611036
:102624006110611061106108611061106110611026
:10263400611061106110611061106110611061100E
:1026440061106110611061106110611061106110FE
:1026540061106110611081106110611061106110CE
:10266400611062108110821081108110821082101A
:1026740081108110821082108110821881108110C3
:1026840082108210821082108210821082108110B7
:10269400821081108210811061108110621061100B
:1026A400611082106110611082106210611082103A
:1026B40061086110611061106108611061086110A6
:1026C40061106110611061104108611061106108AE
:1026D40041086110610861086110610861084110D6
:1026E40061084108611041086108611061084108EE
:1026F4006110610861106108611041086110611086
:102704006110610861106108611061106108611055
:10271400611060086110610861086110611061084E
:10272400611061106108611061106108611061102D
:102734006108611061086108611061086108611035
:102744006108611061106110611061106108610815
:1027540061106110610861106110611061106110F5
:1027640061086110611061086110610861086110FD
:1027740061086108611061106110610861086110ED
:1027840061088110611061106108610861086110BD
:1027940061106110610841086110611061086110E5
:1027A400811062106110811061106110611061105C
:1027B4008110610861106110811081106110821014
:1027C4006110611061106108611061106110811065
:1027D40061086110600840086110610861106008B8
:1027E400610861106110610861106110610861087D
:1027F400611061106108611061106108611061105D
:10280400610861106110610861106110610861085C
:10281400611061086110610861086110611061084C
:102824006110611061086108611061106108611034
:1028340061086108611081106110811061086110E4
:102844006108611082108110811082108210811041
:102854008218A11081188210A2108118A21082106F
:102864008218A218A218821081108210821081107E
:102874008210821061108210611082108210611027
:102884008210611062108210610882106110610868
:10289400821061106210611061086110611061089A
:1028A40061086110611061086110410861106110D4
:1028B40061086110411061086110611061106108C4
:1028C40041084110410861106108611061106110F4
:1028D40061104110410861106108610861086110CC
:1028E400610841106110610861106110611061108C
:1028F400611061086010611061106110610860105E
:102904006108611061106108611061086110611053
:10291400610861106110611040086110611061105C
:102924006110611061106110610861106110611023
:102934006110611061106110610861106108610823
:10294400611061106108611061106110610861100B
:102954008110611061106108811061106110811093
:1029640061108110610861106110611061106108CB
:1029740061086110611061086110610861106210E2
:102984008210811062106210811061086110811040
:102994006110811081108110610862108210811011
:1029A40061106108610861086110611061086110BB
:1029B40061106008610861106008611060086008B7
:1029C4006110610861086110610881106110611073
:1029D400611061106110611061106110611061106B
:1029E4008108611061106108611081106108611033
:1029F40081106108811061108110611061088210DA
:102A040081106110811081106110810881106110A2
:102A140081106110611061088110821062108110B0
:102A2400611082106108821082108110821082105D
:102A340082108210821082188210821082108210FA
:102A440082108110821082108110821081108210F5
:102A54008210821061108210611062108210821044
:102A64008110611061088110821081106110821040
:102A740061108110610862106110621061106108B8
:102A840062104108610862106110611061086110F0
:102A940061086110611061106108410861106110E2
:102AA4006108611041086110400861084110610823
:102AB40061086110611061086110611041086110C2
:102AC400610861086110611061086108611061109A
:102AD400610861106110600861106108610861108B
:102AE4006110610861086110611061106108611072
:102AF4006110611061106110600861106110611053
:102B04006110610861108110610861106110600832
:102B14006110610861106108611061106110610841
:102B24006110611061086110611061086110611029
:102B340061106110611061088110611061106110F1
:102B44006110611061106108611061106110610809
:102B54006110611061086110610861106110610801
:102B640061106110611061106108610861086110F1
:102B740061106108611061108110611061086110B9
:102B840061106110610861104008610861106108FA
:102B9400401061104008611061106110610840101C
:102BA40060086008611060086110611061086110BC
:102BB4006110610861086110611061086010811082
:102BC4006110611081106110610861106110611061
:102BD4006110611061106110610861086110611079
:102BE4008110610861106108611061088110611031
:102BF4006108611061086110610861108110611041
:102C04006110811082106110821082108110811075
:102C14008210A21082108110811081108110811005
:102C24008210811081108210611082106110611075
:102C340082106110611061108210610861108110AE
:102C440062106210811061106210621082106108BB
:102C540061108210610861106210610861106110D6
:102C640062106108611061106208611061106108EE
:102C74006110410861086110611061086108410830
:102C84006110600861106110610841106108410819
:102C94004110610861086110611041086110611000
:102CA40061084108611061106108611060086108E1
:102CB40041086010611061084110611061106108E1
:102CC4006108611061086110611060086110611091
:102CD40061104108611061086110610861106110A0
:102CE4006108610861106110611061088110610858
:102CF4006110400861086110611061086110610889
:102D04006110611061086108611060106110610850
:102D14006110811061086110610861086108611027
:102D24006108610861106108610861106108610847
:102D3400611061106108611041086110610861103F
:102D440061106108611081106110611061086110E7
:102D54006108610861106110610861106110610807
:102D64006110611040086110611061106110610808
:102D7400610841106008410861106008600841085A
:102D84004108401041086108611061108110620817
:102D94006110611061086110811061086110611097
:102DA400610861108110610861106108611061108F
:102DB400810881108110611061108110611061100F
:102DC4006108811061106110610861106110611067
:102DD4006108611081106110611061088110621036
:102DE400610882108110611082108110811082109C
:102DF4008110811082108110821082108210821042
:102E04008110821061108210821082108210821050
:102E140061106110821061108210611061086110EC
:102E240061106210610882106108811062106108EB
:102E340081106110621081106110811062106108AC
:102E44006110611061106110610861086110611006
:102E540061106210610861106210611061106108F4
:102E6400611041084108611061104108611061104E
:102E740061086110611041106108610861106110FE
:102E8400611041084108410861106110611060102F
:102E940061084110611061086110601061086110DF
:102EA40061106110611061086108611061086110AE
:102EB400610861106110601061106110611061108F
:102EC400611061106108611060086108611061108F
:102ED4006110610861106108610861106110610886
:102EE400610861106110610860106108611061106F
:102EF400610861108110611061106110611061102E
:102F04006108611081106110611061106110610825
:102F14006108611061106108411061086108611065
:102F24006110610861106110610861106110611025
:102F3400611061106110611061086110611061100D
:102F440061086108610840084108410860104108AF
:102F54006110611060086110611061106010410817
:102F6400400841084110610861106110611061104E
:102F740061106110610861106110610861108110B5
:102F840061106108611061106108811061106110A5
:102F94006108610861088110611081106108611085
:102FA4006110611061108110610861106110610885
:102FB400811061106108611061108210611081102C
:102FC40061108210611082108210811082108210B0
:102FD4008210811082108210821081108210811060
:102FE400821081108210821081108210821082104F
:102FF40082108110621081106110621061086110EA
:1030040061088110611082108110611081106110BB
:1030140061106210610882108210610861106210F0
:10302400610861106208611061086108621061083A
:10303400611061106110410861086108411061105C
:10304400610841106108610861106108611061083C
:10305400610861104108410841106108410861108C
:1030640061084108611041084108410841084008CD
:103074004108611061086010610861086110611005
:1030840061086110610861106010611061086108D5
:10309400611061086108411061086110410861080C
:1030A40060084008611061086010611061086108DF
:1030B400611061106110610861106108611061089C
:1030C40041086110601061086108611061086110B5
:1030D400611061106110611061086110811061104C
:1030E400611061106110611061086110611061105C
:1030F400610861104108611061106108611061107C
:103104006110611061106108610861106108610853
:10311400611061106108610861106110610861103B
:10312400611061106110601040086110610840086E
:1031340041084110610840084108400841086110F5
:103144004008400860104008600861086108611088
:103154006108610861106110610861106110610803
:1031640061106108601061106008611061106108ED
:1031740061106110611061086110611061088110B3
:10318400611061088110610861106110610881108B
:1031940061106110610861106110610861086110BB
:1031A40082108110811081088210621081108110B8
:1031B4008110821082108110811081108210811080
:1031C40081106210821081106110821082108110AF
:1031D400821082106110611061086108621062102F
:1031E40081106210811061106110821062106108F8
:1031F40061108110821061086110821081106110C9
:10320400621061106110621061106110611062102F
:103214006108610861106110611061086110610842
:10322400611061106108400861106108611041106B
:103234006110610861106110611041086110411052
:1032440061084108411041086108411040086110BB
:1032540041104108400861104108410861106008AC
:10326400410860084110611061084110611061104B
:1032740061106110610861106008611060086110DC
:1032840061104010611061106110610861106110DB
:1032940061086110600861106108611041086110E3
:1032A400611061106108601061106110611061109B
:1032B40061086108610861106108611061106108AA
:1032C4006108611061106108610861106108611092
:1032D40061106108611061104108611041086108C2
:1032E4006108611061086110611060086108601074
:1032F4006110611061106108611061106108611052
:103304006008600861106108611061104008611074
:103314004008410841106108400841084010610814
:1033240061104008410861086110400840084108E4
:10333400610860084110410861086110610861106A
:1033440061086108611061106110610881106110E9
:10335400610881106110811082108210611061086F
:1033640061106110611061106110610861106110D9
:1033740061088110611061086110611061086110B9
:1033840082108210610881108210811082106110F5
:1033940082106110621082108110821082108110DC
:1033A4008110821081108210821081108218811085
:1033B400821082108210821061108210811082109B
:1033C4006210811062106110810861106110811017
:1033D40081106110821061106110821081106108E7
:1033E4008210611061086108611061106108611048
:1033F4006110611061086110611041106108610879
:1034040041104108611041084008611061086108D9
:103414004110610861086110611041086110610880
:103424006110611041086008410861104108610899
:1034340060104108610860104110410860084010A4
:1034440041084008411041084008610861086008CB
:103454004110600861106110611061086110611011
:1034640061086110611061086108611061086110F0
:1034740061106108610841106110611061106108F8
:1034840061106110410861106010610861106110E1
:103494006108611061106108611081106110611090
:1034A4006110811061086110611061106108611080
:1034B40061106110611061086110601060084110B2
:1034C40060104108611060106110611060106008A4
:1034D400611061086010601061086110601061087B
:1034E40060086110410860084110600861106110B3
:1034F4006110610860086110611061104110610879
:103504004110610861106110601061106108601061
:10351400611060106108600840106108611060105B
:103524006108611061106108611060086110611028
:10353400611081108110611062108110811061107E
:10354400810861108110811081086110811061105F
:103554006108611061086108611061086110610807
:10356400611082108210621081108210811082100A
:1035740082108110821082108110621082108210D9
:1035840081108210821081108110821082108110AB
:10359400821061108210611061108110811061101D
:1035A400611081086110821081106110610881101E
:1035B4006210621082108110610861106110821023
:1035C4006108611081108110611062086110610846
:1035D4006110621061106108610861104110610896
:1035E40061086110400841084110611060086110D1
:1035F4006108611040086110610861086110610888
:1036040061104108601041104110600841104008E9
:103614006010611061086008410860106110610861
:103624004110611060086108401061106110611060
:103634006108611061086010610861106110600820
:1036440061106108611061106110611060086110FF
:103654006108600861106110600861084110610828
:1036640061106008601061086110610861106108F0
:1036740061106110611061086110611081086110AE
:1036840061108210610861106108611061106108A5
:1036940061086110611061086110611061086010B7
:1036A40061106108601061086108611041106110C7
:1036B40060086108611061106008611061086010A1
:1036C40061106110600861106008400841084008FA
:1036D4006110401061084008611041086108410808
:1036E40061084110600860086108611040084008E2
:1036F40040106110610841084010610861086110C0
:1037040040084008610860086108611060086108A9
:103714006110610861106108811061106108611015
:103724006108811082106110811081108110611074
:10373400610861086010601061086110610861101F
:10374400621061108110611081108210821081104A
:1037540082108210811081108110811062108110FA
:1037640081108210821081108210821082108110C8
:103774008210821081106210621061106110611059
:10378400821061086110611081108210610881103B
:1037940081108210811061108210821061108110DA
:1037A4006110811061106108611061106110621074
:1037B40061086108611061106108611061084110BD
:1037C4006110410861086110400841084008611017
:1037D40061104108601041086110611041086110D6
:1037E40061084108611041086008411041086108FE
:1037F4004110601040084110600840104108600802
:103804006108400861086110400861086110611096
:1038140061086108400841106008410841086110CE
:1038240040106108610840084008410841106110D7
:10383400600841086110611041086110611061085D
:1038440061106110610861106110611061106108FC
:1038540061106110610861106108611061106108F4
:1038640061086110611061086108611061106108EC
:1038740061106108611061106008410861106010F6
:1038840061106008611060086010610841106010E8
:1038940061106008611061106008611061106008B7
:1038A4004010411041086010611041106008610827
:1038B40060106110410840106008611060104110F0
:1038C400410861104010610861104108410861100D
:1038D40041086008601061104110601061106108B7
:1038E4006110611061104008611061106008600887
:1038F400611060086110611061086110611081102D
:10390400611061106108611061106108611061103B
:103914006110610841086010600861086110610865
:10392400821081108210820882108110821082100D
:103934008110821081108210821082108110621016
:1039440082108210811082108210811081108210E6
:10395400611082108210811082108210621061083E
:103964006110821061106110811062106110811069
:103974006110611082108110811062106110811039
:103984006110821081106110611081106110610852
:1039940061106110611061106108610861106110AB
:1039A400610841104108611061084008411040104D
:1039B40061106108611040084008410861106110FD
:1039C400600840084108610861104110400841083E
:1039D40041106108410861086010410840106110FD
:1039E4004008411061084008410860086008601000
:1039F4004108400840104108611040104108400847
:103A04004008401041084108400861084110611015
:103A1400610861104108611061106110400861087B
:103A24006110601061086110611061106110611013
:103A3400610861086110611061086108611061101A
:103A440061106110611061106110611061106110EA
:103A540061106108611061106108601061106108F3
:103A64006010611061084110611060086108411024
:103A74006108411060086110600840086110610825
:103A84006108610840104110611041084110601044
:103A9400611041086008611041086008400860082E
:103AA400410841104108410840106010610861104C
:103AB400410841086010610840086008611060080E
:103AC40040086110610840084110611061086110EC
:103AD40061084008611061086108610861106110A3
:103AE400610861106110611081106108610861084A
:103AF4006110611061086110610860104110610873
:103B040061108210811081106110611082106110A7
:103B14008110821081108210811082108110811016
:103B24008210811082108110811082108110821005
:103B34008110811061108210611081106110821057
:103B4400611061106108821081106110811082106F
:103B5400610862108210610881108210611081086E
:103B640062106108611061086208610861106110E7
:103B740061086110610861086110611061106108D9
:103B8400410840086110410861106008610841085B
:103B9400400860084108601061104008410841086D
:103BA400611040084110610840084008611061102C
:103BB40060086010410860086110610860086110C5
:103BC40061104008611060084110410860106110E4
:103BD400410840084008410840084010611041086D
:103BE4004108401041104108601041084108600834
:103BF4004108400840084008400861086010400837
:103C04006108611041106108611061086108611068
:103C14006110611061106110610861106110610828
:103C24006110610861106110610861106108611020
:103C34006110610861106110611040086110610831
:103C44004008611061106010410861104010600864
:103C54004008410860104008611060086108611064
:103C6400601061106008610860106008410840102D
:103C74006108410860106110610861084110411039
:103C8400610861104108600841086110601061100A
:103C9400611061084108611041084008611060101A
:103CA4006110400841086110610861086010410812
:103CB40041086110611060086110610861106110B1
:103CC4008108611061088108811061106110610828
:103CD40061086010611041084008610860106008C4
:103CE40062108210821082106110821062106110C2
:103CF4008210821081108110821081108210821033
:103D04008210811082108210821082106210821040
:103D140082106110621082106110611061108210B3
:103D2400811081106110821082106108611081106D
:103D34008110821081106110821082106110821033
:103D440061106110611081106210611082106110A5
:103D5400610862106210611061106108410861100D
:103D64004110610841086110410861104008610870
:103D7400401040104110611060086110401061084B
:103D84004108601061104008611061104108410849
:103D94006110400861104110601040084108611032
:103DA4006008411040086110410841084108410879
:103DB4006110601040084110600861084008400824
:103DC4004110610861084008611041104108400831
:103DD4004008411041084008411060084008411063
:103DE4006110611060086010611061086110611059
:103DF4006108611061088110611061106110611027
:103E0400610861106110610861086110611061103E
:103E14006110611061106110611061106110611016
:103E24006008600841086110601061086110611049
:103E34004108410861106110610841106010610877
:103E44006110601061086108411060106108610828
:103E54004008611061086010601061104110600832
:103E64006010610861104008611061086108610810
:103E740060106010611041086110611061106108E8
:103E840061106010410861106110610861106110D7
:103E940040086110610861106110610861106110CF
:103EA400811061086110610861106110600861107F
:103EB40040086108611061086110410861106110D7
:103EC4008110811082108210821082108110611082
:103ED40062106110821062108210611081108210D1
:103EE4008110821081108210811081108110611064
:103EF4008210811061108210821081106110621092
:103F040061088210611061108110621061086110F3
:103F14008210611081106110621081108110611093
:103F24006110610861088110611061106108610805
:103F3400611061106108611061106108611041082D
:103F440061106108400840086108411040084110B0
:103F540041084108411041084108410840086110E6
:103F64004008410861106108410840084008611098
:103F74006110611061086110600841084008611017
:103F84004110610861104008600861106008400831
:103F940040086108410840104008410840084008B2
:103FA4004008600841084008400860104108400883
:103FB4004110400840084108400840086108410891
:103FC400601061086108611061086110611061107E
:103FD400610860086108610861086108610861108E
:103FE4006110610861106110600861108110611036
:103FF400610861086110610861106110610860085E
:104004006110610861104108600861106108601066
:1040140061106008611061084008410860084108A7
:10402400610861106110611060084108411060105E
:104034006008611040086008610840086108400891
:10404400611041084008611041106110611040087E
:104054006108611061104008610861106108601016
:1040640061086108601060086010610860106110E8
:1040740041086108601040086108611061108110F6
:1040840061106110611061086108611061104008DD
:104094004010611061086010410861086010400818
:1040A400810882108210811081108110811081108A
:1040B40081108210811062106110621082108110D0
:1040C400621082108210811062108210821081109E
:1040D40082108210611081106110821081106110B1
:1040E40061086110621081088110821062108110D1
:1040F400621081106108610861088110611061100B
:104104006110611061106108610861106110611033
:10411400611061086108611061086108611061083B
:104124006110410840106110400861086110610885
:10413400410861106008400840106008610841109F
:104144006108400861106110611061106108610824
:104154006110611060086108611061106008400816
:1041640041106108411040084108411060104108A5
:10417400410861104008410861106010611041104D
:104184004108611041104108601061084108401065
:10419400610841086008411061104008411040085E
:1041A400400841086110600840086108611061100E
:1041B40061084008611061106110610861106110AC
:1041C4006108611061106108611061106110601074
:1041D4006110611060106008610861106110611065
:1041E4006110611061086110610861086110400884
:1041F400610860106110611061106110611061103C
:1042040040084108611060106108411041106108C4
:1042140041104110611061084110411060084008CC
:104224004110600841086110600841106110600885
:10423400410861106108610861106110611061102A
:1042440061106110611061086108601061086110FB
:104254006108600861104110610860106110610814
:1042640081106110610861106108611061106108BA
:1042740060086110610860106110610861086110D4
:10428400821082108110821082108210821081109C
:1042940082108110811081106110811082108210AF
:1042A400811082108210821082108110821082107C
:1042B40082108110821062106110821061106110EE
:1042C4008110611062086210611061106110610850
:1042D400610861106108611061106108610861087A
:1042E4006108611061086110610861084108610892
:1042F4006108610861106110610841104108611092
:1043040041086108610861106108400840106110AB
:10431400400861104008611041106010610860108D
:10432400611040086108410860106108611060086C
:1043340041106110400841106110601041084110A3
:10434400400861084110400861084110600861108C
:104354004010401040084008410840084008410807
:104364004108400861106110610841084110411082
:104374006008411040084008411041104008611095
:10438400601040084110410840106110610861103C
:1043940061084110410860106008611060106108F4
:1043A40061106108411061106110610860086110BA
:1043B400610860106108611061086108601061089B
:1043C4006110611061086110411060086110611092
:1043D40061106108410861086010610860084010BC
:1043E4006110600861086110600860086108410894
:1043F40040086108611041106108601041106108B3
:1044040061106010400861084108601041086110A3
:10441400601041084010611061106110610861086A
:104424006010611061106110611061106110610809
:104434006110410861106108611061106110810808
:1044440081106110610861106110610861106108D8
:104454006108401061084108601041106108611052
:10446400611081108210621081106110621061105D
:10447400821081108218821881108110821081109C
:1044840082106110811082108210811061108210DC
:104494008110611062108110811062108110620815
:1044A4006108611061106110610861106108611098
:1044B4006110611061106108611061106108611080
:1044C40061086108611041106010610861106108A1
:1044D40041106008410841084110610861106108F9
:1044E4004008400861104008410861104108410833
:1044F40041104108611041086108611040086110D1
:104504006008610861106008410861106110611061
:104514006108611061106108611060104110400869
:1045240040084010400841086110600840084108F4
:1045340061084008411061084008410840084008EB
:1045440061086008400841106110400841084108B2
:10455400601041084110401060084108400861089B
:1045640061086008600861106108611061106110E1
:1045740060084108611061086010611061086010F2
:1045840061106008410860086110600861106110E2
:1045940061106108610861106110400861086110D0
:1045A40061086110610860086110611040086108C9
:1045B40061106010610861106008410861084108D9
:1045C40061104110600861084110400861106010DA
:1045D4004008410860084008601061104108600804
:1045E40061086010410840106110601061086008A3
:1045F4006110400841086008611061086110610899
:104604006108601061086110611060086110611038
:10461400600841106108611061086110610861104F
:1046240061106108811061106110611060086110EF
:104634004008401061086108611061084008611079
:104644006110621082108110811082108210821019
:104654008110621081108218821081108110621002
:1046640081106110611082108110811082108210FB
:104674008210821061106110821061086210611052
:104684006108611061106108811061106210610895
:10469400611061086108611061106110611061109E
:1046A40061106110610841086110611040084110F7
:1046B40040106110400861086108611061104108F0
:1046C4006110611040084008411061106108410800
:1046D40061106008401060106008410841106110CA
:1046E40041086110611040086110610841086110BF
:1046F4006008601061106110600861086010610852
:104704006110610861086110401041086110411096
:1047140041086110400841084110601041104110E7
:104724006010410841086110401041106108611097
:104734006010611061086110411040104010410880
:104744004110410841086010400860086110610888
:104754004108401060106108410861106108601050
:1047640061106108611060106110611061106108CE
:1047740060086110411060086110611061106110DF
:1047840060106108611060086108611061084108E7
:104794006008410860106110411061106110400808
:1047A40060086110611060086110611061084110B7
:1047B400611061104108400861104108400841102F
:1047C40061106108411060086108611040106110B7
:1047D400410861106110600861106110611061107E
:1047E400610861086110610861106108611060105E
:1047F400610860106110610861106108600861104F
:104804006108600861106008610861106110600847
:104814006110611061106108611060104108610845
:104824006210811061108210811061108210821058
:10483400811081108110611081106110821082102A
:10484400811081108210611061106210611061107A
:10485400821061108110611061106110611061108B
:1048640061086110611061106110610861108110AC
:1048740061086110610861106108610861104108F4
:104884006110610861086110610841084008611005
:10489400610861106010611040084008411041082F
:1048A400610860104108610840104008611041101F
:1048B4006108600841084108601041086008401020
:1048C400610841086110610861106010611061089D
:1048D40061086008611061106110601041084008AF
:1048E40041104108611040106108610861106008BE
:1048F4006010611040086008411060086108601091
:104904004110A110A2180321E3206110611061106D
:10491400611061106010611061106110400840085E
:104924006010411041086008611061106108401076
:104934006110610861106008611060106108611005
:1049440060086108611060106108611061086110FD
:10495400600860084110610860084108600861103F
:104964006110610861104010610860084010611016
:1049740061106008610861086010600861086010D7
:10498400610861084110600861106108600840080E
:1049940041086108601061104108600860106110EE
:1049A400400841086110600841084108400860104F
:1049B40041086010611061104010611060084110DE
:1049C400601061084110600861086110601061089E
:1049D40041086110601061086110601041086110A5
:1049E400600861106110600860084108611061107E
:1049F40061084008600840086110400861084110DF
:104A0400611061088110621082108110611082109F
:104A14006210821082108210821081106110621064
:104A24008210821082106110811082106110811036
:104A34006210811081106110610861108110611091
:104A440061106108821061106110610861106110C9
:104A540061106110611061086210611061086110D9
:104A640061104108611061106110611061106108EA
:104A7400611061106108611061084008600841100C
:104A84006010410861086110410861086110410823
:104A9400400861104108611041106108401061082C
:104AA40060106110400861104108610840106110F5
:104AB40061106108611061086108411061104008CB
:104AC4004008611040084008611040086110610806
:104AD4004008611061104110811061108110611053
:104AE4004108611003218110611081106108611077
:104AF40040084108400840106110610861086010D6
:104B04006108611040106108611041106108611072
:104B14006110611060106110611061086010611013
:104B24006110601061086110611061106110611002
:104B3400611061084110611061104110610860103A
:104B4400400861086010611041084110601061085C
:104B54006110411061106008400861106108411043
:104B6400611060084110611060086110611040100C
:104B7400400861084008611041086010610841085C
:104B840060086010611061104108611061086108DB
:104B940060104110600861086110611060086108CC
:104BA40041106008611041106108610861106110D2
:104BB4006008410861086010610841084108410823
:104BC40061104108611061104008611060084108DB
:104BD4006110611061086110611061086110611059
:104BE40061106110811061106110821061108110D8
:104BF40082108210811062108210611061106110A5
:104C040061106110611082106110811082106110B6
:104C1400821062106110811082106108821061108C
:104C2400610881108210610861108110810861108F
:104C34006108611061106108611061106108611000
:104C44006108611041106108611061086008411039
:104C54004108611040106108611041106008611042
:104C64006110600840084110600860086110610824
:104C74006110401060086110600840084108400855
:104C84004108411041086110610861106110610818
:104C940061104008601060086110400860106110E5
:104CA40061084110610861084010411061106108F9
:104CB4006108601060086108811061106110611062
:104CC4006110E320C2188210A218A218811061108A
:104CD4006108400820084008601061106110400815
:104CE40061086110400841084010600861106110BB
:104CF4004008610860106108600861106010610874
:104D04006110611061106110611061106108610827
:104D14006110610861106010400841086110611061
:104D24006108610861106110400861086108400869
:104D34006008611041106008611041106008601043
:104D4400410840106010610860084008411061107B
:104D54006110601061084108600841084110610851
:104D6400410841086010610840086010410841088A
:104D74006008410841106108601061086008611012
:104D840061086008411061106108610841106010F9
:104D940061086010411061106110600860106108C2
:104DA40061104008610841086110601061086008E2
:104DB40061104110610861104108601061086110C0
:104DC40081106110811082086110821062108110BC
:104DD40061108210611061108110811081108110A6
:104DE40061108110811062106110621082108210B3
:104DF40081108110621081106110811061106108AE
:104E0400611061106110611061106210610861101D
:104E14006110621061086110611061086110611015
:104E2400610861106108610841106108611061083E
:104E34004008611061086010400861104108400892
:104E4400611061086110611041086110611041082E
:104E54006108610841086008411060086110401051
:104E64006008400861086110611041086010611019
:104E74006108410861106110610861086010411007
:104E8400401061086008411061084008400840086B
:104E940041106010611041106110611040106110E8
:104EA4006110A218C218E320C2184108C218C2181F
:104EB400611081104110410861086110601061089F
:104EC4006110611061086110611061086110611066
:104ED400600860086110600860086110611061106A
:104EE4006108601061106108611060106108611050
:104EF4006008600861106108600861106110611049
:104F04006110601061106110611061104010611037
:104F1400611060086108611061084008611061084F
:104F24006008611041086010611041086110600858
:104F34006108611060104008611060106010611019
:104F44004008400861106110610840084010611079
:104F54006108410840106010610840106110610848
:104F64004010410841086010611061084008611058
:104F740061086110610861086110600840086110EF
:104F840061086010611060086108401061086110D8
:104F940041086110610861086110611060086008CF
:104FA40061106210811061108110821082108110D2
:104FB4006110621082106110611082106110811002
:104FC40082106110811081106110821081106110B3
:104FD40061108110611061108110610881106110ED
:104FE4006108611061108110610881106110611005
:104FF4006108611061086110610861106110610845
:105004004108410861106110610841106110610894
:105014006010611061084108601061086008601048
:105024006008610861106108410861106108600846
:10503400611061106010411041086110400841087E
:10504400611060104008410861106008411061104F
:1050540061106008611041106010610861086110FE
:105064006008411041086008411061086110611036
:105074006110611061106110611061106110811084
:105084006110E320C3184429A21861106110A2180A
:1050940081184110200840086110811061106110CE
:1050A40061106008611061104108410861106110CD
:1050B40061084008411061106110611061086010BE
:1050C400611061106008610861106108611061106D
:1050D40041104008611061084108601060084108EF
:1050E40040086110600860086108601040086108A9
:1050F40040106110600841106110611040084008C0
:105104006110610860104110610860086010600857
:10511400600841106108400861106008600861106F
:105124006110610861106110610841084108611053
:10513400600861104108610841086010610861104D
:105144006010400861086010601061106008410838
:105154006110410840086110610841084010601066
:105164006108410861106110610841086010611014
:1051740060086110600841106110611061086110DD
:10518400611081106208611061106110811081103A
:105194006210811082108110611082106110610808
:1051A4006110611061108110811061108110621012
:1051B4008110611081106108621082106110611009
:1051C4008110821082108110811061106110811091
:1051D400610861106110610861106108611061105B
:1051E400611061106108410861106108611061106B
:1051F400611040086110611061106008611041087D
:10520400610841106110600861104110600841108C
:10521400611060084010600861104008600841088F
:105224004110610861106110610861086110610832
:10523400610840086010611040106010410861105E
:10524400600841086110400840086110610861105D
:105254006110611061104008E3202429E3208110CB
:10526400611020084110A2186431E320A218A22082
:10527400210841086110611061104108811061101A
:1052840061086110611061086110610860106110AB
:105294004010610861084010601060086110400807
:1052A4006110611061086110600861106108610893
:1052B400411041086008611041084008410861102C
:1052C400601061084110601061106108610861108C
:1052D40061086008411060084008411061104010E6
:1052E4004008611060106108611061106008410895
:1052F40061104110400841086110410861086010C4
:1053040061086110400840084010610861104008BD
:1053140041086110600841084110610841084008D3
:10532400610861104110610841086110400841089A
:10533400411060106108611060106108611061081B
:10534400611060104110610861106110600861080B
:1053540061106110600861086108610861106110E2
:1053640081108110811082108210811062108210CD
:1053740061108110811062108210811061108110FF
:1053840082106110821061106210821082108210EB
:105394006110811061088110611061108110810811
:1053A4008110611062108110611061086110611038
:1053B4006110811061106110611061086110611049
:1053C4006108611061086110611061086008611072
:1053D40061086008400861106110401041086110C4
:1053E400611040106108611061106108611061086A
:1053F400611061106108611060104108611060085B
:1054040040104008400861104008611061106110AC
:105414006108611061106108610861104010611039
:105424004110600861104108611061106110610849
:105434004010611061106010E32040104010C22041
:10544400C320611040088110811061104008A2201F
:10545400C3204010811841106110400840084008E2
:1054640040086108811061106110600861106110CA
:1054740060086010610860086110611060086110C4
:105484004008610861106010410861104008601014
:1054940061084108611040086010610861106010E3
:1054A40061086108601041086010610860106010B4
:1054B4004108611061106110611060086110611091
:1054C40061086108401061104008601061104110CB
:1054D40041086010601061086010400861104110BC
:1054E40040086010611040086110601040086110AD
:1054F40041086110611040086010410861106108A2
:105504006008600841106008600861106008610864
:105514006110610861086110410861106110400860
:105524006110610861084010610861106108611030
:105534006110610861106110400861106108601019
:10554400621061106108611081108110610862109D
:10555400811061108110611081106110621081103E
:105564006210611081108208811081108210611014
:1055740061108210821081106110821062108210FA
:105584006210811062106110611061108108611055
:105594006110610861106110611061106110611087
:1055A40061106110610841106108411061106110BF
:1055B40061084110411061106110610861106110AF
:1055C400611061106108611061106108611061105F
:1055D40061084108410861106010410841086010E9
:1055E4006108611061086108611061106110600850
:1055F4004110611061106108601061104108601071
:105604004108611061086110821061106008401047
:10561400611023296531611041104110A2188218CC
:10562400A218A2184110611082184110411081186B
:1056340024296118C220A21820082008410800006B
:105644004108400861106110400840086110611071
:105654006108601061104108611061106010410818
:105664006110600861086110400861086110411010
:1056740060086110600861106110611060104008DA
:105684006108611060086108411060086008410801
:10569400601060086108611060086010611061109A
:1056A4006110610861104108410841086010410817
:1056B4006008400841084108400861106010610812
:1056C40040084110610861084010410861086010F9
:1056D40060106108611041106108400841106110B8
:1056E40040086110410841086010400861106010D2
:1056F4006110610841106110610860086110611057
:105704006108610861106110610861106110611025
:105714006008601061106110611061106110611007
:105724006110821061106108811061108110811074
:10573400821061108110821061106110810861086B
:1057440061106110621061106110611061108110AC
:1057540082108110821081106110811082108110DA
:1057640082108210811081108110611081106110EB
:10577400811081086110610861106110610861087D
:1057840061086110410860086110610861086010D7
:105794006110610860086110611060106110600898
:1057A40060086110610861106010610841106008B0
:1057B40061106110611061086110400841084008DF
:1057C4006010611040086010610861106008610891
:1057D40041086108600860106110600841086008B1
:1057E400600841084010811061108110611081101F
:1057F400C220E3280329C220E328811882188218D2
:10580400E320401041108118811841104010811884
:10581400A2200329A220E3284110A220C320821839
:105824006110A218A2188110611040086110611063
:105834006108600860104108601060086110610828
:105844006110611040086110611061084110610825
:10585400611060106108410860104008410861103F
:105864004010401040086110611060106108410848
:1058740061106110400861106108411061086110F5
:10588400410840106110400861106108610841102E
:105894006108610841104108600861084008400837
:1058A4006108601040086110400841086110400818
:1058B40060086008611061086010410840086108D0
:1058C40061104108611061084008611061086010AE
:1058D40060106008400861106008411041086008C9
:1058E4006010601061106108400861106110610867
:1058F4006110610861086008611061106108610845
:105904008110811081108110621062108110610871
:10591400821081108210821061106108821061105F
:10592400811082106108811082108210821082100E
:105934008210821061108110821081106110821017
:105944008210821061106210821061106210821045
:105954008110611061106108810861106110610893
:1059640061106110610861106010610861084110E4
:1059740061106108611061086010611061106008B5
:1059840040086110611061106108611061106008C5
:1059940061086110400861106008611061104008DE
:1059A40041084008611061106110611061106110BC
:1059B4006010611061106110610861106110811044
:1059C400411041086110611060084008E32024314F
:1059D400A220C22044392431A22045314431242953
:1059E400C320611820086118C22041106110C3202F
:1059F400C220243103292431A1206110A2182008D7
:105A0400400881108218A218A218A218611061100F
:105A14006008611061086010611060106108611015
:105A24004008610861106108610861104008611054
:105A3400601041084010611060084108610860105E
:105A4400611061086108601061084010411061082C
:105A54006108411040106108611041086008600845
:105A6400411041084108611040086110611040086C
:105A74004110601061106010611041086110411004
:105A840060106108401061104108601060106110DE
:105A94004108410860106108410861106108611003
:105AA40061104008611061106110400861084110E4
:105AB4006108611061106008611061106110610873
:105AC4004110611061106110601061086110611073
:105AD4006108611061106110610861106108611052
:105AE40061106210821082106110811061106110C7
:105AF40061106110610882106110821062106110DF
:105B04006110811061106110821082108210811066
:105B14008210821081106210811082106110611055
:105B240062106110611061088210611081106110AF
:105B340061106110611061106108611060106110E2
:105B440061106110610861106110611061106108D9
:105B54006110411061084108611061084110611031
:105B640061104008611061106110600861106110DB
:105B7400410841086110601040086010610861101C
:105B840061106110601061086110610841106108C2
:105B940061106110410860106110610861106110AA
:105BA40061106010811041108118A218A22065397B
:105BB4006539C6498641A6416539C2208120C32082
:105BC400A2206118611881186118C218811861181F
:105BD400E3284439A6414431E228A2204110401070
:105BE400811040086110C220811081108110611061
:105BF4004010A21881106108611041084108611029
:105C040061104008411060086110401061104008A4
:105C1400601061086108611061106110601061100A
:105C2400400861086110610860086110611060102B
:105C3400611061086108601061106008611041081A
:105C44006110600861104110410840086108400873
:105C54004110610861086110600861106108410821
:105C6400610840086110600841086110410861083A
:105C7400611060104110611060104008410861100B
:105C840061106108611061086108410860106108D1
:105C940061104108600841106108611061086108E1
:105CA400610861086110600861106110600861108A
:105CB4006110610861106110610860106110611069
:105CC40061106210821061088110811082088210B4
:105CD4008110611081108210611081106110821096
:105CE4006108621062106108611061108210611015
:105CF4008110611082108210811061106210611095
:105D0400811082108110811061108210810861104D
:105D140082108108611061106108611061086110CE
:105D240061106108611061086110611061106110F7
:105D3400610860086110611040086010410861103A
:105D440061106110600861106110610861086110E0
:105D54006010610861104108611061084008611019
:105D640061106110611040106110400860086110FA
:105D740061106108611061104008611040106010EA
:105D8400611061104010A2186118A22085390331F6
:105D9400043185410329E32885392431E32824315A
:105DA400C2208118C32882186110443161188220EE
:105DB400E3280331075265396539A220C22041081E
:105DC400611020086110A21821086110611061108F
:105DD40061104008400840086110611061104008DB
:105DE4006108611060106108411061104108611080
:105DF4006010611060084008611060086110411073
:105E040060084110401041086110400840086110CA
:105E14006110610860106110410861106010410850
:105E2400400860084108600840086110610861107A
:105E34006008611060106108401040086110611032
:105E44006008611041084008611060086010610832
:105E54006010600861106108600861106008410802
:105E640060106008410860106010611061086010E3
:105E740060106110410861106110600861104110E8
:105E840061106110400861086108611060106110C0
:105E9400611061086110610861106110611061088E
:105EA4006110610861106110610861106210811055
:105EB40082108210611082106110821082106110B1
:105EC40061106108821061108110811082108210AB
:105ED4008210611061108210811082106210821091
:105EE40081108110621061108110611061086110CD
:105EF40081108110610861106110611061106110DE
:105F0400611061086110611061086110611061081D
:105F1400610861104108610860104108601061085F
:105F24006110611061106008611061106108411016
:105F34006110600840086110611061104008400859
:105F440060086108601061106108611061106108E7
:105F540060106110611060086110611061106010C0
:105F6400611061106110A218C22085398641C320D6
:105F7400C2202431033144316539A6498541A649FB
:105F84006539A5494439A220A220C649A22023315B
:105F940003292431E75165418541C320C3204110C1
:105FA40041106110C3204008411081188218E32079
:105FB40081106108200841106108610861106008BF
:105FC40041106110610861104008610861106108A6
:105FD400611060104110610860084110610861108F
:105FE400611060086110611040086108610861086F
:105FF4006110611061106108600841086110400877
:106004006110611061104110610840086110611055
:106014006008611061106108610841086110601036
:106024004108610861106110410861106008411065
:10603400611061086110611040086110611060080E
:106044006110411060086108411060084108611046
:1060540061106110610861106010610861106110C5
:1060640060086110611061106110611060086110B6
:1060740061106108611061106110611061086110A4
:106084006110811061106108611061088210611053
:106094008110610861108108610882108110610813
:1060A40081106110821081106110821061106110E2
:1060B4008210821081108110611062108110811091
:1060C40061106110821081106108621082106110E9
:1060D4006108611061086110610861106110610854
:1060E400611061106108611061086108601061103D
:1060F40040106110410840086110610840106110AF
:10610400610860106110400860084008611061086F
:106114006110611061086108601061106110611004
:106124006110601041106108611061106108611014
:10613400611061086110601061106110E320E320B8
:106144008118821861108118821885410329C3209F
:10615400C2202431443145390331C6490331A549AC
:106164000752C651C649E751854185410329233168
:1061740044398541C649C651E65165390331A218EF
:10618400E3288218032961106110A218E22081100B
:10619400611061104108400840084108601041083E
:1061A40061086110611040104108601040106108DE
:1061B40061086010410861086010601040086110B7
:1061C400610860084008611061106008611060088F
:1061D40040086010610841106008610841086108C6
:1061E40061104108611041084008611041106108C4
:1061F40040084108611060106108410840084008E7
:10620400610861106010600861084108610860104D
:10621400610861106010610860084110400860085E
:10622400610840086110610861106108611061082B
:1062340061086110610860106110610860106110EC
:1062440061106110611061106108600861106108DB
:1062540061106010610861108110610861106110A3
:106264006110611061088110621081108110621048
:106274006110821061108110621061108110611030
:1062840081106110621081106210611081108210FF
:1062940061108210821081108210821061108210AD
:1062A400821061088210621061106110811062080E
:1062B4006110611061106110600860106110610864
:1062C4008110611061106110610861106110610832
:1062D400611061106108601061106108611040086C
:1062E4006010610861086110610841106110610863
:1062F400401061106110610841106008610861106C
:106304006010611061086010611041086110611033
:10631400611061106110A1186110E320032941107C
:10632400A220C2202429C2204431E328C228E32821
:10633400E328243165396539033165392439443911
:106344006541C649E751485A285A2439654185416F
:106354008541E65186496541C649A6494439E32841
:10636400A22081180329C320A220811824296110A6
:106374004108C218E32061106110611061086110C6
:106384006110611061106108611061086110601092
:1063940060104110611060086110600861106108AC
:1063A40061104108600861106108411060106110BB
:1063B400611061086110611061106010601061105B
:1063C40041084108400861106108601041086008F4
:1063D4006110611060084110611061106008411083
:1063E4006108611061106110611061104108410879
:1063F400611061104108601061106108611041086A
:106404006110611061084010611060084110611052
:106414006108611061106110611061106108611000
:1064240061106108610861106110611061086110F8
:1064340061086110611081106110611081106108A0
:1064440061106110621062106110811061086210A5
:10645400811082106110811061108110611061102F
:10646400811061088110821062088110611061102E
:10647400611061108110611081106110611082102F
:106484006110811061086110611081088110611030
:106494008110610861106110610861106110611060
:1064A40061106110610861106110610861084108A0
:1064B40061104108610861104110611061084108D0
:1064C400611060084008601041106110600861109C
:1064D4006108611061106110610860106108400872
:1064E4006110610861106110600860084108611062
:1064F400601061086110C2206110401020088218E9
:10650400A2184431A220E328C6414431A220A2208B
:10651400A218C228C228E3288549854985496541CE
:10652400E751E651C651E6596862A641A649A64913
:106534008549E649285A24396541A6496539C32065
:106544002431A2204539C320C2206118E328210840
:1065540040088118C218A2188210611061106008E6
:1065640061086110600861106008610861084108F1
:106574004010611060086110411061084008400833
:1065840061106110610861104008610861084110E0
:1065940061106110610841106110610860086008B1
:1065A40061104008601060106008410840106010DD
:1065B4006108400841104008600841086110600803
:1065C40061084008610861086010400841106008D3
:1065D4006108611061086008611060106110600852
:1065E400601061106008411061106008410861107A
:1065F4006110611061106108611060108110610800
:10660400610861106110610861086110610860101F
:10661400611061086110610861086110610861100E
:10662400611081108108611062106108611081108D
:1066340061086110610861088110611061088210AD
:1066440082108210611061108110821082108110FA
:10665400811062106110821062108210811061102A
:10666400621082108110821061106210811061101A
:10667400610861086110611061108110611061107E
:106684008108610861106110610860106010610880
:1066940041106110611041086110400861106110DF
:1066A4006108411040084108610861104008611008
:1066B4006110610860086110611061086110601068
:1066C400611061106010611041106110611061105F
:1066D400600861106110E32020080000410882185E
:1066E4004110C22081188218243124312431E32836
:1066F40044392331E3286441E651A549E659C6519A
:10670400E659C651E6594862A651075A2339A649A3
:1067140024394441A541033123314439A641E228B7
:106724004431E32824310329C320A218A220C22023
:1067340040106110C2188210611081106110411064
:106744004008611061086110601041104010610838
:1067540061106008611061106008611041086110E7
:1067640060104108601061106110601061086110D0
:106774006008600841106010611041104110611000
:1067840061106110610861104008411061086110D6
:106794004108611061106008611040104108411007
:1067A40040086010410841106008611060086110E1
:1067B4006110601061106110610861086110400887
:1067C400611061106110610861104008611061106E
:1067D400611061106110610861086110600861084E
:1067E4006110601061086110610861106110610836
:1067F40060108110611081106110611061106110CE
:106804006110610861106110821081108110811083
:1068140061108110611081106110611061106108B4
:10682400611081106110611081106110621082107A
:106834006108810881106110811061108110610864
:106844008110621061108110811061106108811043
:106854008110611061086108611081106108811064
:1068640061106110611061106108611061106108AC
:1068740060086110611061086008610861086010B7
:1068840061106110400860084110600861106110D7
:1068940041086110611061104008611061106110BD
:1068A4006010610840106108610861106110611096
:1068B400611061086108C2182008E320E320000089
:1068C40000004110C220C220A22065392431485A58
:1068D4006862654103296549A549C651C651C55930
:1068E400A551A551075A4862A551A5492339E2305B
:1068F40024394439854924392439E228A5494439BD
:106904006539C32024318541243141188118032974
:106914004110E320C2186110610840082008610892
:10692400601040086110611061106010600861100F
:10693400601060086110410861106108601061080E
:10694400410860086108411061106110610861101C
:106954006108411060106008610860106008400818
:10696400610840084110610861104008601061101E
:1069740060106108611061086110601041086108CD
:1069840060104108601061106108611061084008DE
:1069940061086110611061106110611040086108A4
:1069A400610840086010611060086110611060089F
:1069B400610861106110611061106108611061105B
:1069C4006110610860106110610861106110610854
:1069D4006108611061086110811081106110610803
:1069E400611062106110610861106110810861100A
:1069F400611061108110811062108110811061108A
:106A04008110611061106210810861108110811081
:106A14008110621082108110611082108210611046
:106A24008110811062108110620861106110611080
:106A340061106110611061086110611081106110B2
:106A440061106108610861106110610861084110FA
:106A54006110610861106110610841106110400803
:106A640060106110610861106010611061086108B4
:106A740061106110610861106108611060084108CB
:106A84006110600861106110600861106110600895
:106A9400611061102008811861100000200820088E
:106AA4004110611882180331243144392439C6490C
:106AB400E759A54985496441C659066227620762B8
:106AC400E6598551C659C559A551E6596549244128
:106AD400C230233964418549A54903310331043166
:106AE4000331C22024312431243161188118E32078
:106AF4008218E32020084108611041082008411051
:106B04006108200861086110400861106108601084
:106B1400610861086010611061084110611041084A
:106B24004108611061106108600860084110600844
:106B34006110610861104108611061106108601002
:106B440061106008601061106110600841106108F4
:106B5400400860104008600861086010400861083F
:106B6400401061086008601041086010611040081E
:106B740061086108600860086110611061086110B3
:106B840060104108611060106108611061106110AB
:106B9400610860086110611061086108611061108A
:106BA4006008610861106010610861106110611073
:106BB4006110610861106110610861106110611059
:106BC4006110611081106110611061108108611001
:106BD40082108110621062088110811061086110B6
:106BE40061106108821061106110811061088110C8
:106BF400611082106210811081106210811061088E
:106C0400811081106110821061088110611082105E
:106C140061086108611081106110610861106110E0
:106C240061106110610861106110611061106010E1
:106C340061086110600861106110611061106108E1
:106C44004108611061106110610861104008611011
:106C540061086110601061106110611061106110B1
:106C640061086110611061106008611060106110AA
:106C740061106108A2188218A2184108200861183E
:106C84008118C220E3282439854185498541443946
:106C94008549E659E65185496872266A68724772E1
:106CA4004772E661A559E661C559E661C559A55122
:106CB400234123396441C651C65985498551243934
:106CC4000331C228C3282331E328A2200329043135
:106CD400E328210840082008000820084108200073
:106CE4002000000020082008400861106110611095
:106CF4006110601041106108601060086108611043
:106D0400611060106110410861106110400860104A
:106D1400600840106008611040106008410861106C
:106D24006010411040086008400861104008610884
:106D34006110410861104010410861106110400861
:106D44006110401060086110611040086008611013
:106D54006010611061104008610861086010411002
:106D640061106108611060084108611060106108D9
:106D740060106110610861086110600861106110A1
:106D84006110610861106110600861106110610890
:106D94006110611081106108611081106108611037
:106DA40061106108611081108210811061106110FE
:106DB40081106210811081106210611061108210C4
:106DC40081106110821061108110821061106110B5
:106DD4008210821081108210611061108110621083
:106DE400811061108210611061108210811061089D
:106DF40061106110610861106110611062108108F6
:106E040061106110811061088110611061106108C6
:106E140061106110610861106108610861106110FE
:106E2400610861106110611061084008611061100F
:106E340061106108610861086110610861106110E6
:106E440061106110611061106108611061106110BE
:106E54006110E2188110000061102431A22003297E
:106E6400C2204539243124318541A549C651E65112
:106E74002762A97A6872C659066A6872687A887A3B
:106E8400677268720662E669C5610662276AE6612E
:106E94008451644923414449C6590662276A276AD2
:106EA400854964410331E330C2286118C22024318A
:106EB400E328C320821881106110210820080000F3
:106EC40000002008000000006108611061106110DA
:106ED4006010611061106108611061104008611058
:106EE4006008611061086010611061106110411048
:106EF4006108600861106110610861106008400851
:106F0400410861086110611061084110600840087F
:106F14006010610860104108610841104008611068
:106F2400610861106110400861104110610861102E
:106F34006008411041106008611061104008610848
:106F440061086010611061106108611061086110CE
:106F540061106008611060106110611061086108BF
:106F6400611061106110811061108110610881103D
:106F7400611061108110611061108110610861104D
:106F8400611061086110611061086110811061086D
:106F940081108110821061108110821061106110C3
:106FA400611061086110611061106110811081101D
:106FB40061086110611082108110821061108210CA
:106FC40061108110821061108110821062106110B2
:106FD40061108110611081106108811081106110AD
:106FE4008110611061106110611061086108611005
:106FF4006110610861106110611061086110611015
:10700400610861106008611061106008611061100E
:1070140061106110601061086110611061106110ED
:1070240060086010611061106010610861106110E7
:1070340064318210401082188118A22024318641C4
:10704400A6496541E32803314441E759486AA97ACE
:10705400EA820B8B887264516872887A887A4772E4
:107064004772887A67724772276AE661066AE66140
:10707400E561A5598551E659A5510662276A47720B
:107084000762E661A5512339C2286118A220243180
:10709400C220E320611081186110411041100000EA
:1070A400410861102008410820086110611060083F
:1070B4006110611061106008611041086110611075
:1070C400410861106110610840086108610861109D
:1070D40041106010600841086110400861104010C0
:1070E4006110600860106110600860106110610830
:1070F4006110601040086108610840086110600870
:107104004008611061106110600861086010410856
:10711400610860086110600860104108610861102E
:1071240061086110611061106008610861106110EC
:1071340061086008611061106008611061106108E5
:1071440061106008611061106108600861106110CD
:10715400610861086110610881108110611081105B
:107164006110611061106210611061086210821078
:107174006110611082106210611061106108621068
:1071840082106110610882108110621082106110F7
:1071940082108210611061108210611081106110E0
:1071A40082106210811081108210811061106108B8
:1071B400611061106110811081106210610861100A
:1071C4006108611061106108811081106110611003
:1071D400611061106110611061106108611081100B
:1071E4006110611061106110611061106110601014
:1071F4006108611061106110610860106110611014
:1072040061086110611081106010611061086110E3
:10721400611061108118C32003290331E749A64195
:107224000331A64965394441075AC97AEA826C9BFD
:107234006C9B2B93CA82E661E66147726872687A36
:10724400266A47726872887A266A066A4772E56116
:10725400E661E561A559E6610662E661066A48727F
:107264002772687A276AC6594441C228A228E328AB
:10727400C220E328811882188210A218A218611073
:10728400E3202429853144296110A1106110611083
:10729400600861106108611061106110600861107C
:1072A40061106010600841084010601060086110AF
:1072B4006110410860086010601061086108601086
:1072C40061086110400841106110600841086110B4
:1072D40061084108411061104108611061106008A3
:1072E40041084008611061104108601060104110AD
:1072F400611060106108411060106110400840087E
:107304004108600861086110611061106110600833
:107314006110411061106108611061086110610819
:1073240060086110611061106110811061106008C3
:107334008110611081108110610881106110610851
:107344006110611081108108611062106110811058
:10735400610862108110810861108210821061102E
:107364006110821062108210811061086110811016
:10737400821082108110821081108110621081109D
:1073840061108210621081108110811081108210AE
:1073940082106108811082106110821081108210A5
:1073A40082108110611081108110611061106110D0
:1073B4006110611061106108611061106110611049
:1073C40061088110811081106110611081106110B9
:1073D4006110611061106110610861106108611031
:1073E4006110611061106110611040086008401064
:1073F4006110A22065398539C749E7516962E751AF
:10740400C228C2286441A9728CA3ADABCDABCDAB6D
:107414008CA36B9B4B9BA9826872076AA559E66192
:10742400E6614772276A066A066A066A066A066A97
:10743400066AE661C561A559E661E661276A887A4C
:10744400276A887A887AA982477285510339A228E3
:10745400E228A22061188118C3202431C220821896
:10746400C3206110A218611020004108611061104E
:107474006108611060106110611061106110610891
:1074840061106008611061106008611040086108B3
:1074940061106008411061106110611040086110B2
:1074A40061084108611060106108611041106108B1
:1074B40060104108400861106008611061086110A3
:1074C4006108611061106108400841086110610899
:1074D4006110610840086110611061106010611052
:1074E4006110601041086110600861086108611052
:1074F4006110610861106110610860106110610819
:1075040061106110610881106110611061106110D7
:107514006108811081106110611081106110611087
:10752400611061088210611081108110610861107E
:107534008110811062108110611082106110610845
:107544008110811061106110821061088110611036
:10755400611081106210821061108110611062103C
:1075640081106110611061108210811081108110EE
:10757400611061108210611061108110611061103E
:107584006110611061088110611061106110611057
:10759400811061086110611061106108611061104F
:1075A40061108110611081108110611061088110D7
:1075B400600861086108601061106108601060086B
:1075C4006110611061106110600861106110411058
:1075D4008539695A2852E74985416539654124311D
:1075E400C2282339EA82EEB30EBC0EBCEEB3CDAB97
:1075F400ADA38CA36CA30A930A930A8B887AC56102
:10760400C5596451C561C561E661E661E561E66934
:10761400066A066AE661C561C561276A276A887ACF
:10762400677A487A477AE98AC98A687A276A03397D
:10763400C2204110E3284110E328A6410329811800
:10764400C2202429C22040082008200820086110F4
:107654006108811081106108601061106108601078
:107664006110610861084008611061084110410817
:1076740060106110610860106108400841106108E1
:1076840060104008611060086108611060086010B3
:1076940061106008610841086110600840106110C1
:1076A40060084010610861104008611061086008BA
:1076B4004010611061086010410861106110610898
:1076C400601061106108611061106110410861105F
:1076D4006108600861106110601061086110611038
:1076E4006110611061086110610861088110611006
:1076F400611061106110811081106110811061109E
:1077040061106110811061106108621061106110D4
:107714006110821061108210621081106210811059
:107724006210821061086110821081108210821030
:1077340061108110821082108210611082108210F8
:10774400811081108210821061106110611062102A
:1077540081108210811081106108821061108110E3
:1077640081106110811081106110811081108110CD
:107774006108611061106110811061108110811025
:10778400610861108110611061106108811061103D
:107794006110611061086110611061106110611065
:1077A4008110611061106110611081108118863997
:1077B400E851495A2852A649C749A649E228C2288D
:1077C40085494B934FC470CC90D46FCC70CC90CC83
:1077D4006FCC0EBCEEB3ACAB8CAB0A932A93EA8AA3
:1077E400677A67724772477247724772066A4772CE
:1077F400677268722772066AE661066A2772887A77
:107804008882887A687A0A93EA92A982C98A887AED
:1078140023398120A2204118E228443965394431B2
:10782400653903296110200841084008611061107E
:107834006110A2186110610860106110611061107C
:107844004008611061106010411060086008611008
:1078540060086110611060086108611061106108BE
:107864004108611061106010411061086008411006
:1078740061086110611061106110410861086110B4
:1078840061084108611061086110611060086110AD
:10789400611041086010610861086010600861109F
:1078A400610861106110600861106110611061105D
:1078B400611061106110611061086110611061084C
:1078C40061108110611061108110611061086108FC
:1078D4008110811061088110811062108208821069
:1078E40061108110610862106110811061108210B2
:1078F40061086110610881106108611061088210DB
:107904006110610861108210611061108210821090
:1079140081108110821081108210811082108210D7
:107924006110811081108110811062106110621049
:1079340081108110621081108110611082108210F8
:107944006210611082106110611081106110611069
:107954008110611061108110811061106108611043
:107964006110610881108110611061106110601054
:107974006108611060086108611061108110611074
:10798400610861108110811061106110443144312B
:10799400A641A6416539E328A2208120C228844952
:1079A400ADAB90D4B0DC90D4B0D490D490D4B0DC4F
:1079B40090D46FCCEDBB0EBC2EBCACABE98A4B9B18
:1079C4000A93EA8AEA8AC982A982A9826772276A23
:1079D4004772687A687A677A687A67724772477218
:1079E400887A88828882A98A09932A93EA92A9824A
:1079F400A882654982206118C220032945392431AF
:107A0400C3204531611020088118A218811061102B
:107A1400E218811061106110611060106110611032
:107A24006110601061106108611040086110400825
:107A34006108411040086110611061106008611014
:107A4400611060084108610861104110611041082B
:107A54004008400860106008600861104008601029
:107A64006110600840086110400841086108601016
:107A740061084008611061106008611060086110BD
:107A84006010611061106108600861086010611085
:107A9400610860086110610861086110611081105B
:107AA400610881106110610881106110611061101A
:107AB40061108108611081108110621061106110E1
:107AC4006210611061086110821061086210621016
:107AD4008110811062106110821081106210821076
:107AE4008110621061108210821081106110821066
:107AF4006110821081108210611081108110811038
:107B04006110821062108210811081106210611065
:107B14008110611062108210611062108110611076
:107B24008110811061108110811061106110611049
:107B34006110611081108110611061086110811061
:107B44006110811061108110611061108110600852
:107B540061106110611061106110610861106110A1
:107B6400611081106010811040102008C2208539F6
:107B7400C749A6498641C228A220C23007620EB472
:107B8400B0D490D46FD490D4B1DCB0DCB0DC90D459
:107B940070D490D42EC40EBC2EC40EBC8CAB8CA35B
:107BA4008CAB4B9B6BA38CA36BA3C98AA982887AE9
:107BB400687A4772C982A982A982887AC98AC98ADD
:107BC4008982477A687AC98A2A9B0A93EA92C98A7F
:107BD400C98A887A44414118401061182431C2206E
:107BE40003292431E3208110A2186110C21844290A
:107BF400A2186110610861106110610861106108C8
:107C040061106010611061106008611061106008FB
:107C14006110610861086110611061084108611018
:107C24006110610840086110600861086110610812
:107C34006108411061086108411061084108611040
:107C44006110610861104008611061104108401022
:107C540061106108611041086110611041086110F0
:107C640061086110611061106108611061086108A8
:107C74006110611061086110600861106110600892
:107C840061108110811061106110811081106110E8
:107C940081106110611081106110811082106110D7
:107CA4006110611061106110610861086110611058
:107CB40081108110611081108210611061106110B7
:107CC40061086210611061088110621082108110D5
:107CD4006110821082108210821082106210811052
:107CE4006110811081106110611081106110821087
:107CF4006110611081108110621082106110611096
:107D0400820861106110811082106110611081106D
:107D14008110811061108110611081108110611037
:107D2400611061108110811061106108611061108F
:107D3400611061106110611081106110610861109F
:107D44008110611061106110200861182431285AD3
:107D5400285A453965390331E230676A2EBCD1DCD3
:107D6400F1E4D1E4B0DCD1E4D1DCD1DC90DC6FCC43
:107D74004FCC4FCC2ECC4FCCEDBBEDBBEDBB0DBCF3
:107D84000DBCEDBB0EC4CDB3ACAB6BA32A9B0A9365
:107D94002A93E992E98A0A930A930B9B0A930A9B12
:107DA400EA92C98AA98AE9920A93EA92C98AA98AB3
:107DB400C98AEA92687A0339201020106118A22037
:107DC400E328A641A6418539A218A2108531A21044
:107DD4006110610861106110611061086010610830
:107DE4006108411060086010611061106110411059
:107DF4006010611061084008611060086110601033
:107E0400600861106110400841086010610860104A
:107E14006110410861104108401061104108600878
:107E24004008611041086110410861086010610850
:107E340061106108600861106108601061086110D8
:107E440060086110601060086110611060086110C2
:107E540061106110611061086110611061086110A6
:107E6400811061108110610861106108610861105E
:107E740081108110611081108110611081108210B5
:107E84006110610882108110611081106110610815
:107E9400610862108110610862106108811061102C
:107EA40061108210811061108110611082106110C4
:107EB4008210811081108110821081108210821032
:107EC400611081108210811882188218811061104B
:107ED4008210821062106110811082108210821050
:107EE4008210621061108110821061106110821082
:107EF4008110611061108110611061106110811096
:107F0400821061086110811081108110611061106C
:107F1400811061108108611061106110611081107D
:107F240061106110811040104110E32807528962EA
:107F34000752654164416441476A2EBCF1E4F1E4AF
:107F4400D1E4F1E4D1E4D1E4F1E4D1DCB1DC90D4C6
:107F54006FD40EC42EC40EC40EC40EC42EC40EC4DC
:107F64000EBC0EC44FCC2EC40EC4EDBBACAB6BAB7D
:107F74004BA32B9B2A9B2A9B2B9B2B9B0A9B2B9BC8
:107F84000A9B0A93EA92EA920A93EA920A930A9B58
:107F94000A9B2A9B0A9B887AA228611820106120D8
:107FA400E32865398118E320411041082008611055
:107FB4006110601061086108400861106110600878
:107FC4006010611061086108611060084008400891
:107FD4006110611061106008601061106110410847
:107FE4006108400861106110600861104008610870
:107FF4006008600841106008600840106110610862
:108004006110611040084008611061106008610847
:1080140061106110611061106110610861106108E4
:1080240061106108600861106110611061106010D6
:1080340061106108610860106110811061086110AD
:10804400811061086110811081108110811061100C
:1080540082106108811082108110811061108110DA
:108064006110611061086110610861108110611074
:108074006110611061108110611061108210611033
:108084006108811081106210610861108110621012
:1080940061106110621061108110821081108210D1
:1080A4008210821082108110811082186110811058
:1080B40061108210611061108110811081106110B3
:1080C4008110811082106110811081106110621082
:1080D4008110811061106110811082106110811073
:1080E40062108110611062106110611061106110E2
:1080F4006110611061108110811061108110811074
:1081040061106110611040108118A641EB6AE751BB
:10811400243924392762A97AEDB3D1DC11E5F1E4DD
:10812400F1E4F1E4F1E4F1E4D1E4D1E4F1E4B0DC2C
:108134006FD44ECC2ECC0EC40EC42EC42ECC2EC462
:108144000EC42EC42ECC2ECC4FCC0EC4ACB36BAB11
:108154004BA34BA30A9B0A9B0A9B2BA32B9B4B9BD6
:108164004BA34BA34BA32AA34BA34BA34BA34BA3BC
:108174004BA32BA34BA32A9B687AC2284018201038
:10818400A220E3200429821841082008410820087D
:10819400410861106110611061106110601061107C
:1081A40041086010601041086010611061086108A6
:1081B4006008610861106110610861086110611054
:1081C400611060086108611061106108411061105C
:1081D400600840106110610861086110611061104D
:1081E400600861086110611060106110410861103D
:1081F400611040086108611061086108401060085E
:108204006110611061106108610861086110610802
:1082140060086110611061106108611061106110E3
:10822400610860106110811061106110811081106B
:108234006210611061108110821081108110611030
:1082440061106110611061106110611061106110A2
:10825400810882106210611061088210611061103F
:108264006108811061106110811082106110811009
:10827400821061106210821061106110611061102F
:1082840061108110611061108110811061106218F9
:1082940082106110811081108210621061106210CE
:1082A40061108110621061108210821061106110DF
:1082B40081106110811061106110611082106110D1
:1082C40061108110811061106110811061106110C2
:1082D4008110811061108110611061108110611092
:1082E40061106110611020084010443989626539B9
:1082F4002439A549C97AEDB3F1E412E512ED32ED62
:1083040012ED52ED12EDD1E4F1E4F1E4D1E4B0DC8C
:108314004FD44FD4EDC3CDBBCDBBEDC32EC42EC4BF
:108324000EC42EC44FCC4FCC4FCC2EC4ACB36BABCD
:108334008CAB4BA30AA34BA32BA32AA34BA32AA323
:108344004BA34BA32AA30A9B0A9B2A9B2BA34BA3B5
:108354004BA32BA34BA36BAB2BA38882C228201067
:108364008118A220E320E3200321A218200020008A
:108374006010611081106110610861106110610862
:10838400610860106010610860086110611061107C
:1083940041106108600861104008600861106110B4
:1083A40061106108601041104008600840104108E5
:1083B40061104108601061106008610840084010B5
:1083C40061084008611040086108400860106110AD
:1083D400400860086110411060086110410861089C
:1083E400611061106108611060106108611061081A
:1083F40060086110611061086108811081106108D2
:1084040061106110611081086110611081106210A7
:10841400821081106110611081108110611081102F
:1084240061106108610861108110611061086110B8
:10843400611061106110610881108210620861107E
:10844400611061108110611081108210611082101E
:1084540082106110611082108110621082108110EC
:1084640061108210811082108210611081108118B5
:1084740061108210811882106110821881106210BC
:1084840061108210611061108210611061108110FE
:1084940081106210821081106110611082106110CD
:1084A40061108110621061088110811081108110A7
:1084B4008110611081108110611081106110811090
:1084C400611081106118A2188218A641E751654114
:1084D400C64988722EBCD1DC12E512ED11E511ED0E
:1084E40032ED32EDF1ECF1ECF1ECF1ECD1E4B0E48D
:1084F4006FDC6FD40ECCEDC3ACB3ADB30EC40EC4FD
:10850400EEBB0EC42EC42EC40EC40EC4CDBBACB37D
:108514008CAB4CAB2BA32A9B2A9B0A9B0A9B2AA3BA
:108524004BA34BA32A9B0A9B0A9B2A9B0A9B0A9B4D
:108534002AA34BAB6CAB8CB38CAB6BAB8882C228DD
:108544006120E3282431E74924290321210841102B
:108554006110811061106010611060086110611079
:1085640061106108400861104110610861106110D8
:1085740040086010410861106110610860084008FB
:1085840061086110610860084110611060086110A1
:108594006008610861106010611041106108611089
:1085A40061106010600841106108611041086108A1
:1085B4006110611060086008611061106110611041
:1085C4006108611061086110611061086110601038
:1085D40061106108611061106110611061108108FF
:1085E4008110811081108110811061106110810847
:1085F4008110610882106110821081106210811054
:108604006210811061108110621062108108811063
:108614006210610881108210611061106110821073
:10862400611062108210611081106110811082103B
:10863400611082106210811082106110811082100A
:1086440082108110821082186210811081108118AA
:1086540082106110611881106118611081108110FD
:10866400611082108110611061108110621061101C
:10867400611061108110611061106110611061104E
:10868400611081108110611061106110611061101E
:1086940061106118811862108110611081106110DD
:1086A4006110611081188118E3282852075A275A4B
:1086B400686AACA3F1DCF1E412E512EDF1E4D0E474
:1086C40012ED32ED32ED33F512ED12ED12EDD1E48F
:1086D40090DC6FD42ECCEEC3ACBBCDBBCDBBEDBB1D
:1086E400EDC3EDC32FCC2ECCEDBBEDBBEDBBCDBBB1
:1086F4002BA32AA34BA32A9B0AA30A9B2A9B4BA323
:108704004BAB2AA30A9BEA9A0A9B4BA36BAB4BABDA
:108714004BAB6BAB6BAB8CB36BAB8CB36BAB687AA7
:10872400E3306118A220C6418639C318A21861102B
:1087340061106110610861106110610860086010C7
:10874400410860106108611060106110410841081F
:1087540061106108611041106110611061106108BD
:1087640041106010600841106108400861106110F8
:1087740040084008410860086110611060086110F9
:1087840061106110400861106110600841106110AF
:108794006110610841106110610861106108611085
:1087A400611061086110611061086110610861085D
:1087B4006010611061106110600860108110611018
:1087C40081106110611061108110811061106110BD
:1087D400811061108110611082106210811081106B
:1087E40061106110611061106110611061108110DD
:1087F40061108110811062106110611061106110AC
:10880400611061106210811062106110811061109A
:10881400821081108110611081108110811061100B
:108824006110821061108110621062188110611051
:1088340081188210611081108110811081106110E3
:1088440061106110821082106110821081108110F9
:108854006110621061106110611062186110611082
:1088640081106110811061106110611081108110FC
:1088740061108110611881186110811061106110FC
:10888400611061106118611003290752075AE659F3
:108894008C9BB0CCF1DC52ED73ED52EDF1E4D1E4FC
:1088A40012ED33ED53F533ED32ED53ED32EDF1E4EA
:1088B400B0DC90DC2FCCEDC3CDC3CDBBCDBBEDBBC9
:1088C400EDC3EDBB0EC42FCC0EC4CDBBCDBBEDBBF5
:1088D4006BAB4BA36BAB4BA34BAB2BA32BA34AA30D
:1088E4004BA32BA30A9B0A9B2AA34BA36BAB8CB36E
:1088F4008CB38CB36BAB8CB38CB38CB3ACB36BABAE
:10890400E661E32882180329C3204110400861105E
:108914008110811060106110611061106110610894
:1089240060086110611061086008611061106008DE
:108934006110611060086008600841104108410836
:1089440040106110611061106010610861106008CE
:108954004008611040084008600860086110400841
:108964006108610840084008600840086010601011
:108974006008601061106110611060086008600890
:10898400611061106110610860106010611041088D
:108994006108611061108108610861106110811023
:1089A4008110611081108110610881108110811083
:1089B4008110811081108210611081106110821069
:1089C40061106108811061088210611061086110F2
:1089D4008110611062108110611081088210611091
:1089E40061088110611082106110821061106110A1
:1089F4006210821081106210821081106210821045
:108A04008110611062108110811061106210811850
:108A1400811061108218811882106110621881100F
:108A24008110611861108110611062108110611051
:108A34008110611062108110811081106110611029
:108A4400611061106110611061106110611061109A
:108A540081186110811061188110821082188110B0
:108A640061106118C220C220043148622762EA8280
:108A74004FC432E552ED94F573F553ED32EDF1EC5C
:108A8400F1E453ED73F573ED73ED53ED32ED12E54F
:108A9400F1E4B1DC4FD40ECCEEC3EDC3EDBBEDBBC2
:108AA400CDBBEDBBEEC3EDC3EDC3EDC3CDBB8CB30A
:108AB4006CAB6CAB8CAB6BAB6BAB2BA32AA32AA3B9
:108AC4002AA32AA30AA30A9B2AA34BAB6CAB8CB39D
:108AD400ACB38CB38CB36BAB6BB38CB3ACB3ACB384
:108AE4000A9B2341854165392429411020086110DE
:108AF40061106110611060086110601061106110F4
:108B040060106110611061086110611060086108F3
:108B14006010411061086110611061086008601004
:108B2400601061084108611060084010611061081C
:108B3400401061106108411061106108401061101B
:108B440040086110611061106108611061106108D2
:108B540061086108611060086008611061104110CB
:108B64006008610860086110611061106110611093
:108B7400611061086010611081108110610861103A
:108B84008110611081106110611061106110621018
:108B9400811061106210811081088210821082108D
:108BA4006110611061106110610861106110611041
:108BB4006110610861106110610861106110611039
:108BC4006210821061106110811082108110611096
:108BD4008110611082106110821061106110821086
:108BE4008110611082108210811082108210821014
:108BF400821881108110821861108118811061100F
:108C0400821862108110811061108110611062104D
:108C1400811062108110811061186110811081101F
:108C24006110611061106110811061106110611098
:108C34006110611081186110611081186118811030
:108C440061106118C2208118A5492862686A8CA342
:108C5400F1DC52E573ED94F594F553F532ED11ED35
:108C640032ED52ED33ED53ED74F533ED32EDD1DCED
:108C740012E5B0DC4FD42ED40ECC0EC42ECCEDBBFA
:108C8400EEC3CDC30EC4EEC3EDC3EEC3ACBB6CAB3D
:108C94008CAB6CAB8CB36BB38CB34BAB2AAB2BAB45
:108CA4002AA32BA32BAB2AA32AA34BAB6BAB6BAB93
:108CB4008CB3ACBBCCBB8CB38CB38CB38CB3ACBB20
:108CC400ACB3887AA6516441E328A2182000410875
:108CD40061108110610881106110610861106108E0
:108CE4006010610861106110610840106110610832
:108CF4006110611061086110611061106110401011
:108D0400610840084008611060084008611040088C
:108D14004108600861106110610861106108600811
:108D240060106108611060086110610841086110F9
:108D34006110400861106108400861086110611009
:108D440061106108611061106108610861106108B7
:108D54006108611061086110601061106110811078
:108D640061108208811081108110811081106110BE
:108D740081086110821061108210821061108110CC
:108D840061086110811061106110811081106110FF
:108D9400611061106108611082108210611061100D
:108DA4006108611061106110611061088110621026
:108DB4008110811061108110811061108110821066
:108DC4008210611081108210811082108110811034
:108DD400611082108110611081108110611061187E
:108DE4008110611062108110611082106110811075
:108DF400811081106110611061106118611061109F
:108E04006110811061106110611081106110611096
:108E14006110611861106110821061186110611095
:108E2400611081180329A220C649E659E9826FC45A
:108E340032E573ED94F5B4F594F552ED53F532ED56
:108E4400F1E432ED53ED53ED94ED73ED73ED32ED4A
:108E540032EDD1E490DC4FD42FCC2ECC2ECC0EC4EA
:108E64002ECC4FCC2FCC0ECCEDC3CDBBACB38CB33E
:108E74008CB36BAB8CB36BAB6CAB4BAB4BAB4BAB4B
:108E84002AA34BA34BAB2BA34BA34BAB6BAB8CB326
:108E94008CB38CB38CB36BB38CB3CCBBCDBBACBB3E
:108EA400CDB36CABA5518549C2208218411040084E
:108EB40061108010801081106110601060086110D2
:108EC4006108611060086010611061086010611031
:108ED400400860086008400860086110411061089B
:108EE4006110411060106108610840086110410878
:108EF400611060106008400861104008400861106B
:108F0400400840086008611060104008601061105B
:108F14006008401061086110611060086108611008
:108F240040086110611061106008611061106008F0
:108F34006110601061106108610861106110811096
:108F4400611061108110811061088110821062101B
:108F540081108210811061108110821061108110C3
:108F64006110811061086110611082108210610823
:108F740061108110821062108210811061108210C1
:108F840061108110621081108210611062108110D2
:108F940062108110611081106110811062186110DB
:108FA400821081108110621881108110621081106A
:108FB4008210821081188110821082106118821828
:108FC4008210811882106110611882106210611081
:108FD400811062108118811061106110811882184B
:108FE400811061108210611061108110611861108C
:108FF40081186110811081108110821081108110FC
:109004008218611061182431275A27628CA3B0D4C6
:1090140053ED94F5D4F5B4F5B5F5B4FD73F553ED0E
:1090240032ED32ED73ED94F5B4F5B4F594ED74EDE1
:1090340053EDF2ECD1E490DC6FD42ECC2ECCEDBB0E
:109044000EC42ECC2ECC0ECCCDC3EDC3CDBBACB355
:109054008CB3ACB3CDBB8CB38CB38CAB6BAB6BAB05
:109064006BAB6BAB6BAB6BAB6CB38CB3ACB3ADBB7F
:10907400ACBBACB3ACBB8CB38CB3ACBBCDBBCDBBCA
:10908400CDBBACB3A97A8541443141108118400865
:109094006110611081106110611061106110611024
:1090A4006110610861106110611061106108611044
:1090B400611061106110611061106110600861102D
:1090C4006010600861086010611041086008611058
:1090D40041084108611040084108610841106108D5
:1090E4004108411041086110610861106108611074
:1090F4006108611040086110611060086110600827
:1091040060086108601061086110611061086110F5
:1091140061106110610861106110610861108110B3
:10912400811061106110821062108210811082100F
:1091340061106110821082108110821082108210DE
:1091440061106210610861106110610861106110A2
:109154006108611082106108610861106108811062
:109164006110611061106110611081108110611033
:1091740061108210811062108110811081108110A1
:1091840061108110621061108110821081108210B0
:10919400611081108210811061108118811061109A
:1091A4008110611082186110611081108210811089
:1091B40061108110611081186110611061106110DB
:1091C40081106118611061106110611061108110CB
:1091D4008210811061108218611061106118611091
:1091E40061108118611807522762C9720EB412DD2A
:1091F40052EDB4F5D5F5D5F5F5FD73F573F5B4F584
:1092040094F533ED32E573ED74ED74F553ED33ED10
:10921400F2E4B0E490DC6FDC6FD44FD44FCC0ECCCE
:10922400EDC30ECCEEC3CDBBACBBACBBACB3ACBBE3
:10923400ACB3ACB3ACB3ACBBACB3ACB38CB36BAB93
:109244006BAB6CB36CB36BABACB3CDB3EDBBCDBBA1
:10925400EDBBEDBBCDBBACB3ACBBACBBCDBBEDC3CD
:10926400EDBBCCB32B938549E32862182000611031
:10927400A11861106110611061106008611061082B
:10928400611061106110610861086110611061086A
:109294006008411061086110401061106110601095
:1092A40061086110411040086110611060084008B5
:1092B4006008611041086108601041086010611085
:1092C4006108600861106108411061086110411073
:1092D400610860086110611060086110611061101C
:1092E4006108601061106008611061086110610814
:1092F40061086110610861106110610860088110E3
:109304008110811061108110611061106210811050
:109314006110611081108110611081108110821020
:10932400611062108210811061106210811061104E
:10933400621062108110811061106210621081103D
:1093440061108110821061108210611081108110EF
:1093540082106110821061106110821081106110FE
:1093640061188210821062108110821082186110BC
:10937400821081188210821081188110811062106D
:1093840081108110611082108110621062108118A6
:1093940081106110611061108118821861106110D0
:1093A40061108210821861106110821861106110BE
:1093B400811862188110811062106118A21861105E
:1093C40061106118E3280331A6492B8B2EBC11DDF3
:1093D40073EDD5F5D5F5D5FDF5FDF6FDF6F5D5F529
:1093E40094F574ED53ED73ED94F574F553ED32ED9E
:1093F40012EDD1E4B0E490DC6FDC4FD44FD42ECC2A
:109404002ECC2FCC2ECC0ECCCDC3ADBB8CB36CB339
:109414004BAB8CB38CB3ACB3ACB38CB36CB38CB379
:109424008CB38CB3ACB3ACBBACB3ACB3ADBBEEC31D
:109434000EC4EEC3EDBBEDC3EDC3CDBBEDC3EDC3B5
:109444000DC4EDBBACB3E659C651453920088118AB
:109454006110611881106110811061106110811018
:109464006008601061106108611061106110611082
:10947400601061086110601061086108601061107B
:1094840061106010610841086010610840086110B3
:109494004110611060106110611040086108601093
:1094A4006110410840086110610860106110610892
:1094B4004010610861086108610861104008600893
:1094C400610841106110611061086010601060084B
:1094D40061106110610861108110611061106110E8
:1094E4006110810881106110811081106210811057
:1094F40082108110811082106210811082108110FC
:109504006110611081108210610861106210611095
:10951400811081106110621082108110611062103C
:10952400621061108210811061106210611081104C
:1095340081106110821081106110811081106210FD
:1095440081108110821081188110621081108110A5
:1095540081108218611082108110621081108118AC
:1095640081108210611061108210811061106110ED
:10957400611862106110611881106110611861181E
:1095840061108210811061186210811061186110DD
:1095940081108118611081106110A2188218611065
:1095A40061106118A220C228896AADA36FCC11E5AD
:1095B40094F5D5F5D5F5F5FD16FE16FE36FEF6F551
:1095C400D5F594F574F553ED94F574F533ED12ED8A
:1095D40012EDB1E4D1ECB0E4B0DC8FDC4FD44ED466
:1095E4002FCC4FD44FD40ECC0ECCCDC3CCBB8CB32C
:1095F4008CB38CB38CB38CB3ACBB6CAB6BB36BABB9
:109604008CB3ACB3ACB38CB38CB3ADBBEDC30EC4F1
:109614000EC40EC4EDBB0EC42ECC2ECC0EC40EC490
:109624002EC40DC4ACB38872443982184008A21801
:109634008110611081106110601061106110610867
:1096440061106110611061086010600861086110A8
:109654006010611061086110611060106110611088
:1096640061106010611061084008401061084008F2
:10967400611061086108611061086110610861107E
:1096840041104108610860106008610861086008C1
:10969400611061106110611040086110410861108F
:1096A4006110610861106008611061106108611047
:1096B4006110601061086108611061106110610837
:1096C400811061106110811081106110811082106D
:1096D400811061108110811082108110811081101D
:1096E400611081106210611082106110611082108B
:1096F40061106110611061086110611082108110A5
:109704006110611082086110611081106210611093
:1097140081106110811082108210821881108110D2
:1097240081108110611081108210821881108210C2
:1097340082108110821081108110821061106110DA
:1097440082188110611861188110811082186110CB
:1097540061108110621061108110611082108118F3
:109764006110611061106110611061106110811845
:1097740061106110611861188218C21861106110BB
:109784008118811881186441A972CDAB8FCC52ED38
:10979400B4F5F5FD16FE16FE36FE37FE57FE37FE0F
:1097A40037FE16F6D6F5B5F595F594F574ED33ED6B
:1097B40053F533EDF2ECD1E4D1E4B0DC6FD44FD403
:1097C4002ED42ECC2ED42ECC2ECCEDC3CDC3ACBBFC
:1097D4008CBBACB3ACB38CB3ACBB6CB38CB38CB33D
:1097E4008CB38CB3ACBB8CB38CB3CDBBEDBB0EC410
:1097F4000EC40EC4EDC3EDC30EC42ECC2ECC2ECCA1
:109804002ECCEDBBADB3A982C651E3284110032190
:10981400611081106110611061086110811060088D
:1098240061106110611060106110611060084108DE
:1098340061106008411060086110611060086110D7
:1098440060106108611061104008611061084108EE
:1098540061106008400861106110610841106008DF
:1098640061084110610861106110611061106108A4
:10987400611041086110611060086110611061108D
:109884006008611061106108611061106110610865
:109894006110611060106108610861106108811035
:1098A4008110611061088110811061108110821093
:1098B400611081108210611081108110811081105B
:1098C40061108210611061106110621061108210C9
:1098D4006110611082106210811062108110811079
:1098E4006210611081106210821081106110821068
:1098F400611081106210811081106110821081103A
:1099040082188210611081108210811061108218F7
:1099140081108110821882188210811881108110A0
:1099240082188110811082186110821081108210B7
:1099340082188118811881186118811881106110AA
:1099440081188210811861188118621061106110E9
:1099540081186110611881188110821061108218B9
:10996400821882182431C549EA824FC4F1DC94ED8F
:10997400D5F516FE36FE36FE57FE77FE78FE57FE08
:1099840037FE16F6D5F5D5F594F5B5F574ED74F501
:1099940033ED33ED32EDF1E4B0DCB0E46FDC6FDCD9
:1099A4002ECC4ED44FD42FD44ED40ECCEDC3CDC335
:1099B400CDBBCDBBADBBACBBCDBBACB38CB3CDBB16
:1099C400ADBBCDBBCDBBADBBCDBB0EC40EC40EC4B5
:1099D4002ECCEEC30EC40EC42ECC4FCC4ECC2ECC0B
:1099E4004FCC0EC4CDB3E98AC651811861108118D9
:1099F400811061108110611061108110611061107B
:109A040061106110610861106110611060106108DB
:109A140061106008611041106108600861106108FC
:109A240061106010611061084010611061106110D4
:109A340061086110611061106010611061104008CC
:109A440061106110400861106010411061086010DD
:109A5400611060086108611061106108611061089B
:109A6400611061106108611061106110600861107B
:109A74006008611061106110611061108110611043
:109A84008110611081106110811082108110811089
:109A94008210811082106210811081106110821076
:109AA4006110821081108110810861108210611090
:109AB4006210811081106210811081108210621076
:109AC4008210811062108210811061108210821045
:109AD4006110811082108110811881108110811809
:109AE40081108110811882106118821082108118EF
:109AF4008210811061108210611882108118611027
:109B0400611061188110821081108218821061180E
:109B140081108210821081106210811081106218ED
:109B24006110811061188110611081108118611019
:109B34006110611881106110611861108118811021
:109B440061186118811885498C9B6FCCF1DC94ED08
:109B5400F5F536FE37FE37FE78FE78FE78FE78FEA1
:109B640036F6F6F595F594F553ED74ED33EDF2E430
:109B740012EDD1E4D1E4B0DC90DCB0E46FD44ED487
:109B84000ECCEDCB2ED46FD46FD42ECC2ECC0EC4F1
:109B9400CCBBCDC3CDBBEDC3ACBB8CB38CB3ACBB26
:109BA400ACBBCDBBEDBBCDBBCDBBEEC30EC40ECCAD
:109BB4002EC42EC40EC42ECC2ECC6FD46FD44FCC56
:109BC4004FCC4ECC0DBC2B9BC559E33041108110BA
:109BD4006110811081108110811061086110611081
:109BE400610860086110611061086008611061100B
:109BF4004010610861106010611060106008610815
:109C0400401061086110601061086108611040082B
:109C1400610861104108400861086110610860082A
:109C240061106108600861086108610861084010FA
:109C340061086110611041086110611061106108D0
:109C440061106108611061106108600861106110A1
:109C54006108600861108110610861106108611079
:109C640061108108611081108110611081106110F0
:109C74006110821081106110821081108110821095
:109C840061106110821062108110621081108110C5
:109C9400621061086110621061108110611061101E
:109CA40081088110621061108110621062108210AC
:109CB4008110821081106110811082108110811036
:109CC40082108110811881108118821081108218ED
:109CD4008118821082108110821062106118821023
:109CE40082108118821861108110821081188218E4
:109CF40082108210811881188210821881188110B4
:109D0400611082108110621061108110811861103D
:109D140062106118611082188118811082188110F4
:109D2400611881180329C5512A8B6FC4F1E494F595
:109D3400F5F516FE57FE57FE37F657FE57FE58FE4A
:109D440057FE37FEF6FDB5F574ED73ED33ED32EDE8
:109D540012EDD1E4D1E490E490DC90DC90DC4FDCB3
:109D64000DCCEDC3EDC30ECCEEC3EDC3EDC3EEC31A
:109D74000DC4CDC3EDC3EDC3CDBBACBBACBB8CB389
:109D8400ACB3ADBBEEC3EDBBEDC3EEC34FCC2ECC39
:109D94002FCC6FCC90D490D490D4B0D490D46FD432
:109DA4006FD42ECC2EC48CA3E659E32881188118D5
:109DB4006110611081106110611060106110610800
:109DC4006110611061106110610861106110600818
:109DD4006110601061106108610861106110601009
:109DE4006110610861086110611061086010611000
:109DF4004108600841086110610861104108610868
:109E04004108601061104108611060106108611020
:109E14006110400861106108610861106008610800
:109E240061106110610861106110611061106108B6
:109E3400611061106110811061088110611061105E
:109E440081108110621082108110811081108210A3
:109E54008110821081108110811082106110821093
:109E640081106110821061106110811062108110E4
:109E740081106110821062108110621062108110D2
:109E840081108210611082108210811061106210A2
:109E94008210811062108118821081108218811042
:109EA400821081108110821081108218821061103A
:109EB40081188210811881108218811081108218F3
:109EC40082108118811082108118811082108110F3
:109ED40082188110811082108118811082108110E3
:109EE400811881186210811061106118621081104C
:109EF400811881108110611081108110611061102E
:109F04008118A218E328E6598C9BB0D411E5D5F545
:109F140016FE37FE37FE77FE78FE57FE77FE57FEB5
:109F240058FE37FEF6F5D6F594ED94F573ED33ED62
:109F340033EDD1E4B1E470DC90DC6FDC6FDC2ED463
:109F44002ECC0ECCEDCB2ECC2ECCCDC3EDC3EDC39D
:109F5400CDBBADBBCDBBCDBBACB38CB36CB38CB301
:109F6400ACB3CDBBADB36CB38CB36CB3ACB3ADB36A
:109F7400EDBB0EC44FCC6FCCB0D4B0D4B0D46FD43E
:109F84006FCC4FCC0EC4ACABE661033160106110F2
:109F940061108110611061106110811061106110F5
:109FA4006110611060106008611061106010611030
:109FB4006108601060106110611040086108611050
:109FC4006110400861106110400861106110600860
:109FD4006110601040084108611061104010611068
:109FE4006108611061106008611041106008610827
:109FF40061086010611061086110611061086110EE
:10A0040060086110610861106110811061106110B5
:10A01400811061106108611061106110611081107C
:10A02400610861108110821081106110811082100A
:10A0340061108110621082108210621081108110F0
:10A044008210611082108110611061108210611001
:10A0540062108210611081108110611081106210F1
:10A0640082106110611082108110611082108110C1
:10A074006110821082108110811081106110821091
:10A08400811882108210611082108118821082104F
:10A094008110821082108210821082188110811027
:10A0A4008218811081108218811082188210811008
:10A0B4008118821881108210611881108110821019
:10A0C400811081186110811081186110621081184B
:10A0D400811061108118811881108218811061101B
:10A0E4008118A2200331E659CDABD0D453E5F5FD58
:10A0F40016FE37FE57FE78FE78FE57FE58FE78FEB1
:10A1040078FE37F6F6F5D5F594F5B5F573ED12E569
:10A11400F1E4B0DC90DC6FDC6FD44FD44FD4EECBE1
:10A124000ECC0ECCEDC3EEC3EDC3CDC3CDC3ADBBDE
:10A134008CBBACBBADBB8CB36CB38CB36BB38CB30B
:10A144004BAB6BAB6BAB8CB38CB38CB3CDBBEDC3F4
:10A15400EEC32EC42EC44FCC6FD490D490D490D4DC
:10A164006FD46FCC4ECCACAB06624341401081102F
:10A17400611061106110611081108110610861101B
:10A184008110610861106010601061086110611035
:10A19400611061106110611061106008611061103C
:10A1A400600861106108601061086108411061086D
:10A1B400610861106110400840086110610861087D
:10A1C4006110400860086110610861104010400887
:10A1D400610861106110600860106110610861100D
:10A1E40061106108611061086108610861108110E3
:10A1F40061088110601061088110611060086110AD
:10A20400611061086110611061108110811081106A
:10A2140081108210611081108210621081108210EE
:10A2240081108210811081108210811081106110C0
:10A2340081106110811082106210811061108110F0
:10A2440082106110811061108110821061108210DF
:10A2540061108110821061108210821081188110A7
:10A26400811062188110821082186110811882187E
:10A274008110821082188118821081108218821035
:10A284008118821082108118811081108118821027
:10A294008218811082108110821861108118811037
:10A2A4006110611081186210611081108110821098
:10A2B4006110811061186110811081188218611079
:10A2C400611844312331A551CDABF1DC93EDF5FD9B
:10A2D40016F657FE77FE57FE78FE77FE78FE78FE78
:10A2E40058FE57FE16F6D5F5B4F594F553ED12ED78
:10A2F400F1E490DC4FD44FD42ECC2ECC2FCC0ECC0A
:10A30400EDC30DCCADC3CDC3ADBBACBBACBBACBB23
:10A314008CBB6CB38CB38CB38CB36BB38CB36CB39A
:10A324008CB34BAB6CB36CB38CB38CB3CDBBEEC3FF
:10A33400EDC30EC42ECC6FCC6FD4B0D490D4B0DCAB
:10A344008FD46FD44ECCCDB3276AE65981188118C7
:10A354006110611061108110811061106110611031
:10A364006110811081106110610861106010600833
:10A374006110611061106110610861106110611059
:10A384006110610861104108611061106108411099
:10A39400611061106110611061086008400861106B
:10A3A400601061104008601061086108601061105D
:10A3B400600861086108400861106108611061105B
:10A3C40061086110611061106110611081108110C9
:10A3D4008110611061086110811061108108811081
:10A3E40061108110811081108210811081108210FF
:10A3F40081108210811081108210811081108210CE
:10A40400611061108210611062108110611082105D
:10A41400811061108210811082106210611081100D
:10A42400611082106210611082106110611082103C
:10A43400821081108218811082108210821061189B
:10A444008210811881108110821082108110811075
:10A4540082108218811081108218A2108110821833
:10A464008118811882108218821881108218821033
:10A474008210811881108118611081108110821856
:10A48400811882108110621861108110611882187D
:10A494008210811882186110611061106110811896
:10A4A4006118E3280331E6618CA3F1DCB4F516FEF0
:10A4B40036FE37FE57FE78FE57FE57FE57FE57FE10
:10A4C40037FE17FEF6F5B5F5B5F5B4F594F574ED6C
:10A4D40012EDB1E470DC2ED40ECCCDC30ECCEDC3A2
:10A4E400EDC3ADBBACBBADBB8CBB8CBB8CBB8CB36D
:10A4F400ADBB6CB38CB36CB38CB38CB38CB36CAB9F
:10A504004BAB4BAB6CAB6CB38CB3ACB3CDBBCDBB77
:10A514000EC40EC42ECC6FCC90D4B0D4B0D4B0DC66
:10A5240090D46FD44FCCEDB347728551A220611003
:10A534006110611081108110611081106110610837
:10A544006110611061106108611061106110611087
:10A55400600861106010600861106110610861108A
:10A5640061106110400840106110610861106108B9
:10A5740041106108400861106110611041086010C9
:10A584006110410861106010611061086108610880
:10A59400401061106108611061086110601060086A
:10A5A4006110611060086110611061088110611010
:10A5B4006108611061108110811061108110811097
:10A5C400611081108210621081108110821061105C
:10A5D400611082106110621082108110821061106B
:10A5E400811081106110811081108210611082101D
:10A5F400811062108110611081108110611062104D
:10A6040081108110811082108210811081108210BB
:10A6140081108110821081188110821081108110A4
:10A6240082108118811082186210811081106118C3
:10A63400821081108110821082188110A110811063
:10A644008218811081108118821082188110811063
:10A6540081108210811082108110811861106110A4
:10A6640081106110611881108210811061108110B5
:10A67400811061106118811881188110611081188E
:10A6840081188218E328676AEDAB12E5B5F516FE6A
:10A6940036FE57FE57FE78FE57FE37FE37FE36FE6F
:10A6A40016F616F6F6F5B5F574ED94ED94ED74ED35
:10A6B40033EDB0E470DC4FDC0ECCEEC30EC40ECC34
:10A6C400ADBBACBB8CBB8CB38CB3ADBB8CBB8CB304
:10A6D4008CB36CB38CB36CB36BB38CB34BAB6BAB51
:10A6E4004BAB6BAB4BAB8CB38CB3CDBBEDBBEDC306
:10A6F4000EC42EC44FCC6FCCB1D4D0DCD0DCB0D4DB
:10A7040090D44FCC4FCC0EC44772C659C2206118A6
:10A71400611081108110611081106110611061104D
:10A72400610860106010610881106110611061108F
:10A7340061086110610861106010611061086008AF
:10A744006010611061086108611061106010600898
:10A7540061106110610861106110410840106008C7
:10A7640041086108600841086110611061084010E7
:10A77400610841106010611061106110611061087E
:10A784006110601061086010610861086010611058
:10A7940061086110811081106110811061086110DD
:10A7A400611081106110821061108110811061109C
:10A7B400811081108110811082108210811081100B
:10A7C4008210611082188110811082108110811012
:10A7D40082108110811081108210811082108110EA
:10A7E40082108110811081108110821081108110DB
:10A7F40082108110821061108218821082188110D8
:10A804008118821082108118811081108218821898
:10A814008118821082188118821081188210A2185F
:10A824008210821081188110821881108118821080
:10A8340082188118811081108218811861106210A9
:10A8440081106110811082106118611081106218EA
:10A8540061108118611881106110811882186218C2
:10A8640081186118233988720EB432E5B4F5F6FD07
:10A8740016FE57FE57FE57FE37FE36FE16FEF6F559
:10A88400D6F5D5F5D6F5B5F574ED74F594ED74ED0E
:10A8940012EDF2E4B1E490DC2FD40ECCEDC3EDC3A1
:10A8A400CDC3ACBB8CBB4BB34BB38CBB8CB36CB3C5
:10A8B4006CB36CB38CB38CB34BAB4BAB4BAB6CABDF
:10A8C4006BAB6CB34BAB8CB3CDBBCEBBCDBBEDC3D1
:10A8D4000EC42ECC6FCC6FD46FD4B0D4B1D4B0DC52
:10A8E4008FD44FCC4FCC0EC4A97A6449811861101F
:10A8F400611081106110611081106110611081106C
:10A9040061106110611061106110601061086110C4
:10A9140061106110610861106110611061086110BB
:10A9240061106110611061106110611061086108AB
:10A9340061106008611061106008610861104108CD
:10A944006010611060106110610860106110601087
:10A95400611061086110600861108110611061105C
:10A96400611061106110811061106110811061101B
:10A9740061106108811061086110811081106110FB
:10A9840081106108611081106110621081108110C2
:10A994008210821081108110821061108210821046
:10A9A40081108110811061186110611061106110B3
:10A9B4008210811061108210811082106110811048
:10A9C4008110621081108110621082106110821057
:10A9D40081106218811082108110811082108118F8
:10A9E40082108110811082108110621081108110F8
:10A9F4008210811882108218A2108110821881108E
:10AA040081108218A1108218811081108110821087
:10AA140082108110821081108210611081188210BE
:10AA24006110811061108110611881108218611801
:10AA340081106218811881106110821861108118C8
:10AA44006118A2186441676AEDAB53EDF5F516FE83
:10AA540036FE37FE37FE37FE16F6F6FDD5F5D5F58C
:10AA6400B5F574F574F553ED53ED53ED33ED53ED46
:10AA740033ED33EDF2E490DC2FD40ED4EECBCDCB1A
:10AA8400EDCBEECBADC36CB32BAB4BB36CBB6CB3A8
:10AA94006CB36CB36CB36CB34BB34BAB4BAB6CB32D
:10AAA4006CB38CB38CB3ADBBCDBB0EC40EC4EEBBC8
:10AAB400EEBB2EC40EC44FCC4FCC6FCCB0D490D4CC
:10AAC4008FD44ECC4ECC0DBC887A443941106118D9
:10AAD40061108110611061106110611061106110CA
:10AAE400611081106110611061106010611081109B
:10AAF40060106110610860106108610861106110E4
:10AB040061106008611060086110611061086110D3
:10AB140061106110600840106110611060086110DC
:10AB240061106110611061106108611061086110A9
:10AB34006110811061106110610861106108811059
:10AB440081108110811061106110811081106110D9
:10AB54006110811061106110610881106110611031
:10AB640081108210611061108110611081106210D7
:10AB74008210611081108110611081108210821086
:10AB8400821081106110821082108118811082104D
:10AB94008210811082188110821082188110811015
:10ABA4008110821082106110811082108210821034
:10ABB4008118821082108118821081106110821015
:10ABC40082108118811082188118811881106210F6
:10ABD4008218811082188210A110821881108218A4
:10ABE4008110A21882188210A2188118821881106C
:10ABF40081188110821081188110821061108118CF
:10AC0400821061108110611882106110621881181D
:10AC14008110611062188118811881188118A21896
:10AC24008218032944416872EDAB94F5F5FD16FED4
:10AC340036FE37FEF6F5F5F5F5FDD5F5B5F574F503
:10AC440053ED12ED12EDF2E433EDF2E412E512ED00
:10AC540012E512ED12EDD1E470DC4FDC0ED4ADC37D
:10AC6400EDCB0ECCEDCBACBB6CB38CBB8CC38CBB33
:10AC74008CBB6CB38CBB8CBB8DBB8CBB8CB38CB3CF
:10AC84008CB38CB38CB3EEC3EEC30EC4EEBBEDBB7E
:10AC94000EC42FCC0EC42ECC2EC44FCC4FCC6FCCB4
:10ACA4008FD46FD44FCC0EBC887A444161186110A4
:10ACB4006110611081108110611081108110611088
:10ACC40061106110601061106110611061106110F9
:10ACD40061086110611061106110600860106110FA
:10ACE40061086110611061106108601060106110EA
:10ACF40061086110601061086110611060086110E2
:10AD040061106108611061106110611061106110BF
:10AD14006108811061106110611081106110610877
:10AD24008110611081106108811082106110610826
:10AD3400621081108110611081106108611081100E
:10AD4400610861106110811082106110811061101E
:10AD54006110821081108110821082108110811084
:10AD64008110621081108210811082108110611094
:10AD74006110821081188110821081188210821053
:10AD84008118811081108210811081106218811045
:10AD94006110811081108210821882188110821033
:10ADA40082188210821881108118821081188118EB
:10ADB400811082188110811881108210A2188210CB
:10ADC40081108118811081108210811881108218DD
:10ADD4008218811061188210821061106110811034
:10ADE400811861108110611082108110611082102D
:10ADF40081186110821882188118811881188218AC
:10AE04006118E328233988720EB494EDD5FD16FE3B
:10AE140036FE16FEF5F5D5FDD5F5D6FDB5F533EDC3
:10AE240012ED12E533ED13E533ED12E533ED12E5E2
:10AE340013ED12E5F2E4D2E4B1E470DC0ED4EECB0F
:10AE4400EECBCDC34FD4ADC3CDCBADC3ADC3ADC33A
:10AE54008DBB8DBBCDC3CDC3ADBB8CBB8CBBADBBE0
:10AE6400ADBBADBBADBBCDBBEEBB0FC4CDBBADB3BA
:10AE7400EDBBCDBBCDBBEEC30EC40EC42ECC4FCCAC
:10AE84006FD46FD44ECC2EC4887A6441A11861105B
:10AE94006110611081106110611061106110611006
:10AEA4006008611061106110600861106110611028
:10AEB4006110610861106110610861106110611016
:10AEC4006110611061106110600861086110601008
:10AED40060106108610861106110611061086110FF
:10AEE40061106110811060086010611061108110A0
:10AEF4008110611081088110600861106110611077
:10AF0400811061106110811061106108811081103D
:10AF1400610861106108811061106110611061089D
:10AF240061106110811081086210811082108110FB
:10AF340061108210811062108218811061108210D9
:10AF4400811082108110811061108210821081188A
:10AF540082108110621081108110811061108110A3
:10AF64008118821061108210821882108110821060
:10AF7400821082188110611081108210811081105A
:10AF84008110611081108110821082108110811053
:10AF9400821082108118A210821881108218A210C7
:10AFA40082108110A21882108110811081188210E1
:10AFB4008210811881108210821081186110821011
:10AFC400611881186110611882186118811061106C
:10AFD40082108118811882188118821861186118EA
:10AFE4008118A2202339486AEEAB94EDF5FDF6FDF5
:10AFF40016FEF6FDF6F5F6FDF6FDF6FDB5F574F56F
:10B0040033E574ED34E554EDB5ED54ED33EDF2E490
:10B0140012E533EDD1E4B1DC90DC90DC2FD4CDCB60
:10B02400EECBEDCB0ECC0ECC0ED4CDCBEECB0ECCEA
:10B03400ADC3CDC3CDC3EECBADC3ACBB8CB3ADBB45
:10B04400CDBBEEC3CDBBEEBB0FC4CEBBCEBBCDBB25
:10B05400EEBBADB3CDBBADB3CDBBEDBB0EC42ECCFF
:10B064004FCC4FCC4EC42EC468720339811861187A
:10B074006110611081106110611061106110811004
:10B08400611060088110611060106110611061101E
:10B094006108611060106110611061086110601036
:10B0A400610860086110611061106108611061102D
:10B0B4006010611060106110601061086110610817
:10B0C40060108110610861086110811061106108CD
:10B0D40061106010610861106110611081106108D5
:10B0E4008110811061108110611061106110611074
:10B0F400811061106108610861108110610861109C
:10B10400811061108110610861106110811082103A
:10B1140081108110811061108210811082108210C0
:10B12400821081108218821081108118821081107F
:10B134008218811081108218811882108110821067
:10B14400821061108110811082186110821082189F
:10B154008110621082188110821081188210821866
:10B164008210821882188118821881108118821026
:10B174008118811081108218821081108118821820
:10B1840081108218A21881108218821881108110EF
:10B194008218821061188110811081186118811041
:10B1A4006210811081186218811061108218811058
:10B1B40082108118821881188118621081108118F8
:10B1C4006118A2200339486AEDAB94F5F5FD16FE2B
:10B1D400F5F5F6F5F6F516FEF6F5F6F595F595EDB5
:10B1E40095ED75ED95ED54E513DD75ED13E5B1DCE5
:10B1F40090D44FCC2FCC4FCC0EC42FCC0ECCCDC37F
:10B20400EECB2ED42FD42ED42FD42FD42ED40FD48F
:10B21400CDC3EECB0ECCEECBCDC3ADBBCDBBCDBB46
:10B22400EEBBEEBBEEBBCDBBEEBBEEBB0EBC0EBCB1
:10B234000FC4EEBBEEBBEEBBADB3ADBB2ECC2ECC80
:10B244002FC44FCC4FCC2EC4A9824441611861183D
:10B2540081186110811861106110611081106110F2
:10B26400611061106010611061108110610861103B
:10B274006110611061086110611060106110610853
:10B28400611061106010610861106010601061103D
:10B29400610861086110410861106110611061105A
:10B2A400611061106110611081086008601061080C
:10B2B40061106010611061108110811081106110A3
:10B2C4006110611081108110811081108110611052
:10B2D4008110811061106110611081108110611062
:10B2E4008110611061108110811061108210611051
:10B2F40081108110811082108110821081108110C0
:10B3040081106210811081108210611881108210E6
:10B3140081186110821081108210611081108210D6
:10B32400821881108110821881108110811081107F
:10B334008110821881108110821081106110821096
:10B34400821882108210811081108110811082185D
:10B35400821881108218811081108210A11081102E
:10B36400811082108118811082188218811081182E
:10B37400811881106210811061106110821881108F
:10B384008118611061108110811081108218811858
:10B3940081108210811881108118811882188118F7
:10B3A4006118E6592441676AEDABB4F5D5FDF5FDA6
:10B3B400F5F5D5F516FE17FED6F5B5F5F6F5D6F581
:10B3C40095ED74E513DDF2DCD2D412DDB1D470CC8A
:10B3D4002FC4EEBBCDB38CAB4BA3EEC3ADBBADBBA7
:10B3E400CDC30ECC4FD42ED44FDC2FD44FD40ECC9F
:10B3F400EDC32FCC2FCCEDC3EEC3CDBBADBBCDB3D2
:10B40400ADB38CABADB3CDB3EEB3EEBBEEB30EBC0C
:10B414002FBC2FBC0FBCEEB3EEB3CDB3EEC32FCC19
:10B424004FCC2ECC2EC42EC4EA82C65161186110B2
:10B434006110811061106110811061106110611040
:10B444006110811061106110611061086110600861
:10B454006110611061086110611061088110601051
:10B464006008611061106108611061086110611069
:10B47400600861106110610860106110610861105A
:10B4840081106008611081106110611081108110B9
:10B4940061108110611061088110611061106110E8
:10B4A40081106108610861106108811061106108F0
:10B4B40081106110611081108110610861106110A8
:10B4C4006108811081108110821081106110811037
:10B4D400811062108210821081106210821081101B
:10B4E40082188110821082108110821081108110C4
:10B4F40082108218811082108210811082188110AB
:10B5040082108218821082106110821082186210D8
:10B514008110811082108218821081188218811083
:10B524008110811881108210821062188210811893
:10B534008110821082188110821882108218821859
:10B54400821081108218A210811881108210811833
:10B554008210821061106110821882108110811093
:10B564008118611881186118821082186118821874
:10B57400811081188218811861108118811881182E
:10B58400897AB0E4A559276A0EB4B4F5D5FDF5FD62
:10B59400F5F516F616F6F6F537F638F617F6D6ED8F
:10B5A40095ED13DDF2DC91CC90CC50C40EC4EEBB0F
:10B5B400EEBBEDBB6CAB8CAB8CABADB3ADBBACBB82
:10B5C400ADBBEDC34FD48FDC6FDC2ED44FDCEECBA0
:10B5D400ADBB0ECC2ECC0EC4EDC3CDBB8CAB6BA3DC
:10B5E4002B9B0A932B9B4B9B4C9BADABCEB3EEB3E7
:10B5F400EEB350BC50BCEEB38DAB8CABEEBB2FC4E2
:10B604002ECC2EC40EC42EC4EA8A85496110611062
:10B614006110611861106110611081106110611076
:10B624006110611061106110611061106110600897
:10B634006110611060106110600861106110611088
:10B644006010611061106010811061086110611058
:10B6540061106010611061108110611081108110FF
:10B664008110611061106110811061106108611016
:10B6740061106108811081106110811081106110C6
:10B68400811081106110811061106210811082108C
:10B694008210811061106108811062108210811083
:10B6A4008210621061108210821081108210811049
:10B6B40081108210811081108110811082108210FB
:10B6C40081108210821882188210821082108218CF
:10B6D40081108110811082108118821061108110F4
:10B6E40081108210811081186210811882108210DA
:10B6F40081188210811082108110821082108110B2
:10B704008210821881188210821081188110821888
:10B714008218811082108118811082188110821879
:10B7240082108110A2188210811082188118811051
:10B7340061188210811881108210811081106218A2
:10B7440061108110821881106110811881106110BC
:10B754008118821861108118611882188118A1203B
:10B7640012E553F5277A68722EBCB5F5D5F5F5FDCB
:10B77400F6F516F6F6F5F6F537F6F6ED17F695E561
:10B7840070CC70CCEEBB8CABADB3ADABCDB3ADB3C5
:10B794008CAB0A9B2B9B4BA36BAB8CABEDBBCDBB98
:10B7A400CDBBEDC34ED4B0DC90DCB0E46FDC6FDC19
:10B7B400EDC3CDBB0DC4EDC3ACB38CAB6CAB6CA310
:10B7C4000A93EA8AC98A0A930A8BEA8AEA8A8DA3C7
:10B7D400AEABCDABADAB2FBC50C450C4EEB30EC4B6
:10B7E4000FCC2EC40EC42EC42B93C65981186118D5
:10B7F4008110611861108110611861106110611865
:10B8040060106110611061106110611061106110AD
:10B81400811061086110611081106110600861106D
:10B824006110610861106110601060106110811076
:10B83400610861106110810881106110611061104C
:10B8440061106108811081108110610861108110FC
:10B854006110600861108110610861108110610835
:10B8640061108110611081108110611061106110EC
:10B87400611081108210811061108110811061109B
:10B88400811061106110811081108110811062108B
:10B894008110821061108110821061188110811052
:10B8A4008210811081108110821881108110821001
:10B8B40082188110821082108118811082108218DF
:10B8C4008110621081188210821081108110811001
:10B8D40082188210811081188210611081108210E8
:10B8E40081188210811081108218811081108218B1
:10B8F40081188110821882108118A2108110811081
:10B904008218A21881108110811081108210811078
:10B9140081108110811081106110611082108118D2
:10B9240061108110611861108110821882186110F1
:10B934008118821861188118811881188218EA8A7E
:10B9440032FD2ACBA98A486A90C4B5FDD5FDF5FD20
:10B95400F5F5F6F5D5F5F6F517F6D6ED53E512DD62
:10B964004FCCEEBBACAB8CAB8CAB2B9B2B9B6B9BB8
:10B974004BA32B9B4BA3ACB3EDBBEDBBEEC32ECCC7
:10B98400EEC32ECC6FD4B0E4D0E432ED90E48FDC7F
:10B994004FD4ACBBCDBB0DC4ACB36BAB6BA34BA34F
:10B9A4000A93EA92EA8AEA8AA982687A47728882C2
:10B9B400CA8AEA8A2B93CEABD2CC71C470C4EEBBD4
:10B9C400CEBBADB30DBC0EC46BA3C659C651611832
:10B9D400611081108118611061186110611081106B
:10B9E4006010811061108010611081086110611075
:10B9F40061086110611061106110610861086110D3
:10BA040061108010610861106108610861106008AC
:10BA1400601061106110610861108110610881106B
:10BA24006110611061086110611081106110811052
:10BA34008110611061086110811061108110611022
:10BA4400610881106110611061106110810861103A
:10BA540061108110811081108110611061106110DA
:10BA6400610881108210611081108110821082108F
:10BA74008110611081108210821081188110811050
:10BA84008218821082188110821082188118821004
:10BA94008210811881108210611082108210811826
:10BAA40082108210811081108210811882108118F6
:10BAB4006110821081188110821082188210811006
:10BAC40081108210811082188110821082108110DE
:10BAD40081108210A218811881108210821881109E
:10BAE40082188210821081188218811061108118C6
:10BAF40081186210611082188210811082188110DE
:10BB040061188218811081188210811061188110C7
:10BB1400811861188110811882188118812091D4AC
:10BB24000DE46FE44B9B897AD1D4B4F5F5FDF5FDB2
:10BB340016F6F6F5D5F5D5ED94ED53E533E5B1D428
:10BB4400B0D44FCC6FCC2EC40EBCEDBBEDBBCDB38B
:10BB5400CDBB0DC42DC46ED46FD46FD44FD44FD489
:10BB64004ED48FDCB0E4F0E432ED94F5B0E46FDC55
:10BB74006FD4CDBBACBBEDBBACB38BAB8CB36BA305
:10BB84004B9B2A9B2A930A93EA8A687AC561C5610A
:10BB9400266A477289820A93ADAB2FBC91C42FBC2D
:10BBA400EEBBADB30EC4EDBBACABC669CCBB811868
:10BBB40061106118811061108110611061106110B1
:10BBC40061106110611061106110601061106110EA
:10BBD40061106110600861106110601061106110E3
:10BBE40060106110611061106110611061106110CA
:10BBF400610861108110811060108110611061086A
:10BC04008110611061106108610861106110811078
:10BC14006110811061106110811061088110811020
:10BC2400621061106210610881106110811061104E
:10BC340081086110811081108110611081108210BF
:10BC440082106110821061106110811061108210E5
:10BC54006110811081108110621081108110821096
:10BC6400821082108218821081108210821081103A
:10BC74008210821881108210821081108218811023
:10BC84008110811881108210811882108210811015
:10BC940082108218811081108210811082188218FB
:10BCA40081108218821881108210811882188118DC
:10BCB4008218811081188210811082188110A210BC
:10BCC40081108210811882108218811082108218CB
:10BCD4008118621861108110821061108110611046
:10BCE40082188218811061188218811081188110BD
:10BCF4006118611061188218821881180762D2F4E1
:10BD04002AD333F5C98A687212E5B4F516FE16FE15
:10BD140016F636FED5ED94E553E553E574E553E5A3
:10BD240012E5F1DCB0D44FCC2EC4EDBBACB32A9BEE
:10BD34002AA38BB3ACB32ECC8FDCD0E411EDF1ECA1
:10BD4400D0ECD0E411ED52EDB4F5B4F511EDB0DC66
:10BD54006FD40DC48CB3ACBBCCBB8CB38CB36BAB0A
:10BD64006BAB6BAB4BA32A9B0A93E9922A9B2A9356
:10BD74004B9B2A9B2B9B2B9B6CA3ADABEEB30FBCB5
:10BD84002FC4CDB3EDBBEDBBCDB364514BBB276A20
:10BD94006118611061106110611861106110611007
:10BDA40081106110611081106110611081106110A7
:10BDB4006110610860086110611060106110600812
:10BDC40061106108601061106010811061106008DA
:10BDD400611081106110611061088110611061109F
:10BDE4006108811061108110611081106108611077
:10BDF4008110611081106110621081106110611056
:10BE0400610861108210811081106110811081100D
:10BE1400611061106210611081108210821061083B
:10BE240061108110611081108210821081108210C3
:10BE3400611081108218811081108210811081108C
:10BE440081108110A218811082108210811082103A
:10BE54008210821081108218821081108210821048
:10BE64008210821882108118811081108110811033
:10BE7400811881108210811881108110821082181B
:10BE8400811082188210811081108210811081101B
:10BE940082108110821882108110811082188118FA
:10BEA400A21081188218A1108110811081108110B4
:10BEB4006110811081108110811882108118811005
:10BEC4008110611861106110611882186110811865
:10BED40082106118821881188118812030B4CDDB5A
:10BEE400ADDB12F5A98AA98273EDB5FD16FE36FE07
:10BEF40016F616F637FE16F6D5EDB5ED73ED32E50A
:10BF0400D1DC6FCC2EBC2FBCEA92687A066AA459A5
:10BF14006359435106724AA3ECBB4ED4D0E411EDED
:10BF240032F552F5B4F516FE57FED4F552EDB0E4F1
:10BF3400D0DC6FD4EDC3ACBBCCBBACB36BAB2AA32E
:10BF44002A9B099BC98AA882A88209934A9B6BA34E
:10BF5400ACABADB3CDB3ADAB8CAB6CA3CDB3ADB328
:10BF6400EEBB0EBCEDBBEDBBEDBBC561C9A20B9333
:10BF740081186118611081106118611081106118B5
:10BF84006110801061106110611061106110611006
:10BF94008110611061106110610861086110611005
:10BFA40081106110610861088110611060086110DE
:10BFB40061106110811081106110611061106110B5
:10BFC4008110611081106110611061108110811065
:10BFD40061086110610861106108611081108110AD
:10BFE4008110610861108110611061106108611095
:10BFF4006210811081106110811082108110611013
:10C0040081108110621061108210811082108210E0
:10C014008110821081108110821082108210811090
:10C02400A2188210A2188210811082188218811816
:10C034008118821081108210821881108110821060
:10C044008210811082108218821081108218821846
:10C054008110821882108218811082188110821037
:10C064008210811082188210821881108210821826
:10C0740081108210A21882188110821081188210F7
:10C084008110821082108218811082188118811800
:10C094008218811082106210811882106218611057
:10C0A4008210621881188210811082188110811008
:10C0B400811881186118821882188120B1DCA8C205
:10C0C40090ECB0EC487A4B9373F5D5FD16FE36FE32
:10C0D40057FE57FE36FE16F616F6D4F532E52ECC8C
:10C0E4008BABEEB32C93CA7AA651E238A130E2406E
:10C0F4002349A46183612259878A8BBBEDC38FDCFA
:10C1040094F5F5FD57FE98FEB9FE16FE53F5B0E41E
:10C1140011E5B0DC6FD42ECCEDBB4AABC892678A74
:10C124002672845902412349645164498451076A3F
:10C1340088820A9B6CA3ADB3CDB3EEBB2EBCCDB34A
:10C144000EC42EBC4FCC0EC40EC4687AA89A6CA33D
:10C1540081186118811061186110611861106110F3
:10C164006110611061108110611061106110611023
:10C174006110611081106110610860106108611024
:10C184006110601061106110611061106110811004
:10C194008110811061108110611081108110811053
:10C1A40061106110811081106108811061106110AB
:10C1B4008110811081108210811061106110811032
:10C1C4006210611081106110811082106110811061
:10C1D4008210811081108110611082108110611011
:10C1E4008110821082108110811061106110811001
:10C1F4008110821061108110621081108110621010
:10C204008210821881188210821882108110821084
:10C214008110821882108110821082108118821875
:10C224008110811081108210811081108210811080
:10C23400821081108118811082108118811082105F
:10C244008218811082108118811082108218811046
:10C254008110A1108118811082108218811082101F
:10C26400821081188210821081188110811062104E
:10C274008110811062188110811061106218811080
:10C284008110811081188118811081106118821029
:10C29400811061186118811882180331D1EC4BCBDD
:10C2A40032F512ED4872CDB374F5D5FD16FE77FE66
:10C2B40077FE37FE56FE15F693EDD0DC8BB3099B63
:10C2C40088824B9314BDB8C5729C6A620008A03082
:10C2D4008551A561C569678AC471678A8CBB2ECCF8
:10C2E40073F516FE78FEB9FEBAFE37FE12F58FE43A
:10C2F400F1E4B1DCD1E48FD4CDBBC992267A646178
:10C304006130A138E240E338412000182018412070
:10C31400E33885516872A8824BA30EBC2FC44FC466
:10C324006FC42EC44ECC2EC40DC4887A88926CA3DC
:10C334006118611061106110611081106110611049
:10C344008110611061108108611061106110611029
:10C354006110611061088010611061106008611043
:10C36400611081086110611060108108611061081A
:10C3740081106108611061108110611061088110E1
:10C384006110610861106110610881106110611011
:10C3940081106210611081106110611061106108D8
:10C3A40061086110611061086110811061106110F1
:10C3B400811061108110811081106210821081102F
:10C3C400611081106110811062108210611081105F
:10C3D40061108210811081108110821881108210E6
:10C3E4008218A21882108210A21882108110821062
:10C3F400821081188118821081108210821082109C
:10C404008210821882188218811082188118811073
:10C41400821881108110821882108110811882186C
:10C42400811082108210821882108110821082186A
:10C434008210821881108210811881108210811854
:10C444008118821082188110821081188110811045
:10C45400621081108118821082108118611081107D
:10C464008218811061106118821881188218611075
:10C47400811882188218811881208A7A4FE433F552
:10C4840017FED6F527724FC494F5F5FD16FE77FE18
:10C4940078FE57FE16F6B3EDD0DC8BB38CB3ACB399
:10C4A4008CB391C47AE67ADE97BDEC7240202149C0
:10C4B4008451076AC66906728892A7924AAB2ECC49
:10C4C40094F557FE98FEB9FEBAFEF6FD12ED4FDC68
:10C4D40090E4B1E4D1E4B0DCCDB3C992C5690251B2
:10C4E400E240A13803418649495A20100008033923
:10C4F4002D73729C4862E661C561E99A0DBC8FCCCC
:10C5040090CCB0D48FD46FCC2EC4EA92277A6CAB83
:10C51400611861186110811861186110611061104F
:10C52400611061106110611061106110611061107F
:10C53400611081106110611061108110611061102F
:10C544006010610861106110611061086110811050
:10C55400611061108110611061106110611081100F
:10C5640061106110611081108110611081108110BF
:10C5740061106110811061106110811061088210D6
:10C584008110811061106110811061108208811086
:10C5940061106210610861108110611061108110D6
:10C5A400811081108110821062108210821082101A
:10C5B40081108110821082188210811082108210E2
:10C5C400A2188210A110A218A21882108118821831
:10C5D40081108210821082108218811082188110BA
:10C5E40081108210811081108210821881108110B4
:10C5F400821881108110821081108218821081109B
:10C604008218811082188210811881108218821079
:10C614008118811082108218811082188210811072
:10C62400811082108210811881108210811882106A
:10C6340061108118811062108118611082108110BC
:10C644008210611881186110821881188218811073
:10C65400811081108218821881184CA391EC17FE66
:10C6640058FEF2E4C661B1D494FDF5FD37FE57FEE1
:10C6740077FE98FE36F693EDD0DCB0D473ED12E578
:10C6840053E5F2DCD3D47AE6B4ACC561A261825935
:10C69400A4590672A56902594461C5798CB3D0E4E2
:10C6A40094F558FE99FE99FE78FED6FD12F54FDCFE
:10C6B40070DC90E4B0E4B0DC2FCC0A9B4782E24803
:10C6C400402041284449A651E751401800086549D3
:10C6D40056BD97BD319CEB8284598461E99A2EC47E
:10C6E400B0D4D0D4D0D46ECC2ECC4BA3E6796CABE2
:10C6F400611861188110611061106110611861186E
:10C704006110811061106110611061106108611085
:10C714008110611061106110810861106110811035
:10C724006010611061108110610861106110811046
:10C734006110610861106110611061106210811054
:10C744006108811081106110611061108110611005
:10C7540061108210811061108110811081106110AC
:10C7640081106210610881108110611082108110A3
:10C77400611081108210621081108110811081106B
:10C78400811062106110811081108110811062107B
:10C7940082108210811882108110811082188210F8
:10C7A4008218A218821081108210821081108218BF
:10C7B40081108210821082108110811082108218E0
:10C7C40081108110821081108210821082108110D9
:10C7D40082188110811081188210811081108210BA
:10C7E40081188110821081108110821081108118AB
:10C7F40081108110A118821881188110811881106C
:10C8040082108218811082108110611061108110D1
:10C8140081108210811081106110611082188110C2
:10C824008110821881108210811862108118821878
:10C834008118811881188218A1208DBB54FD17FE20
:10C84400B6FDCDCBC661F2E494FDF6FD57FE78FE4D
:10C8540077FEB9FE98FE15F6B4ED52E573ED94F546
:10C86400B4F5F6F554E570CC30BCCA92677A4782C9
:10C874006882688A678A8471C579C9A26BB3B0DC9F
:10C8840053ED58FE78FE78FE58FE95FDB1EC0EDCB3
:10C894000FD470DC90DC6FDCEDC34BABC561E240C0
:10C8A40020284028E3408551C230E138E13802397C
:10C8B400AF8B36BD92ACC98AC98A477A478229A30D
:10C8C4002DC48FD4AFD48ED42DC48CABA5694CBBEE
:10C8D400A220611861106110611061106110801054
:10C8E40061106110611061106110611061106110BC
:10C8F4006110601061088110601061106110611096
:10C904006108611061106010811061106110811064
:10C91400811081106110811081106110611061100B
:10C92400610881106110611081108108611081100B
:10C93400621081086110811061088110611061101A
:10C9440082108110611061108110621061106110F9
:10C9540082108110611081106110621081108110A9
:10C9640061106110811061108110811061108110BB
:10C97400821082108110821082188110A2108110FE
:10C984008218A210A2188218821882188210A2108B
:10C9940082188118A21081108218821082108218C5
:10C9A40082108218821881108218811082108218D5
:10C9B40082108110821882108118811082108218CE
:10C9C4008110A21082188118A2108210811882107E
:10C9D40082108118811082108110811082108210BF
:10C9E40081108118821882108110811882186118B0
:10C9F40082106110821882108210811882188110AE
:10CA040061188118611081188110821882188118A8
:10CA1400621881188118811882202FCCB6FD54FD2C
:10CA2400B1EC4BC3277253F5B5FDF6FD57FE78FE06
:10CA340098FE98FE98FE57FE37FEF5F5B4F5B4F56A
:10CA440016F637F6D5ED33E5B1D42FC42BA3C99A26
:10CA5400678AE681A479847106820AA30AA390D422
:10CA6400B5F557FE37FE38FEF7FD33F52FDCADCBB9
:10CA7400ADD30ED42FDC4FD4CDBBEA92477A846178
:10CA8400A140A1384459C569C56164594449897AAA
:10CA940031A411AC2C9B8CAB4BAB8CB36BAB4AA3CA
:10CAA400ECBBAFD4AFDC6ED44ECCEDBBE679CAB2EE
:10CAB4002872611861108110611861106110611091
:10CAC40061106110611061106110611061108110BA
:10CAD40061106110811061106010601061106108B4
:10CAE400811060106110611061106110811061107B
:10CAF40081106110811082106110811081108210E8
:10CB04006110811061106110811061106110821038
:10CB140081108110621061108110621081108110E7
:10CB240062108110621081106110811081106210F6
:10CB340081106108611081108110621082106110EF
:10CB44008110811061106110811082108110821097
:10CB54008110821081108110821882188210821034
:10CB640082108110A218A210A110A21881108210A4
:10CB74008210811082108218811082108118A210F4
:10CB8400821082108110821082108118821082100B
:10CB940081188210821081188210821881108110ED
:10CBA40082188118821082108118821081108210DC
:10CBB40082108118811082188118811081108210CE
:10CBC4008110811082108110621881106110611827
:10CBD40081188110611881108110811082106110F8
:10CBE40061188210821881108110611882188118CE
:10CBF40081188218811882188220F2E475FD70EC85
:10CC04008CD3EABA898274F5D5FDD6FD16FE57FE9B
:10CC140078FE78FE57FE78FE57FE36F6F5F516F6E2
:10CC240036F637F6F6F594EDD0DC0DCC4AABA89A7F
:10CC3400678AE581C579E579278A678A2AA353ED4E
:10CC4400D5FD16FE17FE58FEF6FDD2EC0FDCADCB7B
:10CC54008CCB0FD40FD42FD4EECB6BA3A56123516F
:10CC6400C2488140C2484359A569E671277AA98A16
:10CC7400EA926CA370C46FC4EDBBEDBBECBBECBB20
:10CC84006ECCAFD4AFD48FD42ECC0DC448824BB36A
:10CC9400CA926118811061106110611861106110ED
:10CCA40081106110611061106110601061106110D9
:10CCB40061108110610861106110610861108010B9
:10CCC40061106110611061106108811081106110A0
:10CCD40061108110611061086110611061106110B0
:10CCE4006110811061088110811061106110811040
:10CCF4006110611081106110811081108210611027
:10CD040081108110611082106108611081108110FE
:10CD140061108110811061108110811081108110C7
:10CD240061106110821081106110821081108210D4
:10CD340082108218811081108110A110821082103B
:10CD44008218811082188210A21882188218821800
:10CD5400A210821081108218A210821082108110F9
:10CD640081188218A21081188210821082108210F9
:10CD740081108118821881108118A21881108218DC
:10CD840081108118821082108110811882108218FB
:10CD9400A1108210811882188210811081188218C3
:10CDA4008110811081108118821081106118821005
:10CDB40082108118811862108118821081108218E3
:10CDC40081108110811882186118811882188110CD
:10CDD4008218811881188118443974FD13F58CDB8D
:10CDE400A8BA2BC3687A74FDD5FDF6FD36FE57FE4E
:10CDF40077FE57FE57F657F657FE57F678FE57F666
:10CE040037F6F6F593EDF1E48FDC0DCC6BBBE9A2BC
:10CE1400A99A88928892C99AA9926CB3F1DC94F584
:10CE2400F6FDD6FDF7FD79FE17FEF2EC0EDC8DCB98
:10CE3400ADCB0FD42FDC0ED4EECBCDBB477A235928
:10CE4400E248A140E24823598469067AA88AC89234
:10CE54008CAB2FC4D1D4B1D46FCC4EC44ECC6ECCD9
:10CE6400AFD4F1DCD0DC8ED44ECC0DC4898AEECBA9
:10CE7400898A81186118811061106110811061180C
:10CE840061106110611061106110611081106110F6
:10CE940061106110610860108110610861106110F7
:10CEA40061106110611061086110611081106108E6
:10CEB400811081106110811061088110811061104E
:10CEC400811061086110611081106110611061109E
:10CED40081106110811081108110811081108110E6
:10CEE4006210811061108110811062108110611034
:10CEF40082108110811061108210621081108110E3
:10CF040082106110821081108110821061108210D1
:10CF1400821882108210821082108118A11082104F
:10CF2400A210821081188218821081108210A11020
:10CF34008118821882188110821082188110821040
:10CF44008210811082188110821081108218811041
:10CF54008210811082108210811082108218811038
:10CF64008210A2108218A1108210811882108110E0
:10CF7400821881108110811082106110811082103A
:10CF8400821881108218821081108110611881101A
:10CF9400811081108210811082188210611081101A
:10CFA4006118611881108218811881108218811803
:10CFB40081188218811881188A7A34FD70ECEACAC3
:10CFC40047AA6CC3A98A74F5D5FDF5FD16FE16FEB5
:10CFD40057FE37FE16F616F637FE37F637FE16F608
:10CFE400D5F594ED53ED12E5D1DC2ECCCDC3ADBB1C
:10CFF4006CB36CB32BAB2BABEEBBF2E494F5D5FD69
:10D00400D5FDD6FDF7FD58FE38FEF3F40FDCADCBAD
:10D01400ADCB2FDC50DC2FDC0ED4EECBACB3487A96
:10D02400445964592359235963612682C89A2AA30F
:10D03400ACB32EC490CC90CC8FCC8FCC8FD46FCC8F
:10D044008FD4B0D4D0DC8FD42ECCEDC3898A50D405
:10D054008982811861186110611861106110611072
:10D064006110611061106110611061106110611034
:10D0740081106110601061106110811060106110E6
:10D0840061106110610861106110611061108110FC
:10D0940081106110611081106110611081106110A4
:10D0A4008110611081106110811081106110811054
:10D0B4008110611061108110811061108110611064
:10D0C4006210821061108110811061108110611052
:10D0D4006110811062108110811062106110611062
:10D0E40081108210811081106110811081108210D2
:10D0F4008110811081108210821882108110821890
:10D1040082188210A218A210A210A21082108118F4
:10D114008210A2188118A110821082188110A218FE
:10D124008210811081108210A21882188110A21816
:10D1340082108218A1188218821881108210811816
:10D144008218811082188210821082188210811035
:10D154008210821882108110811881188110811028
:10D164008110821081106110611082106110811889
:10D17400811081106218811061108110811061107A
:10D1840082188118821881188118821882188118CF
:10D1940081188218821881184C9B33FDEEE367BA1C
:10D1A400E5A1CDC34CA394F5D5FDF6FD16FE57FEBF
:10D1B40016FE16FE16FE37FE37FEF6F516F6D5F504
:10D1C40073ED74ED53E512E5B1DC70D42FCCEEC3EE
:10D1D400CDC3CDBBEEC350D453EDB5F5D5FDF6FDAF
:10D1E40017FE38FE18FE38FE17FE13ED50E48DCB03
:10D1F400ADCB0FD42FD450DC2FD42FD40ECCACB362
:10D2040068820672C671C571C571067A888AE99A00
:10D214002AA38BAB0EC490D4F1D4F1DCD0D48FD438
:10D224006FD48FD48FD46FD42ECCCDC36882EECB81
:10D23400EB9261186110611061108118611861101E
:10D24400611061188110611061108110611061100A
:10D25400611081106008611061106008611061083C
:10D2640081106110600881106110611081106110DB
:10D2740061106110810882106110611081106110C9
:10D2840061108110611081086110611061106110DA
:10D2940061108110611061108110811062106110A1
:10D2A4008110811061108210611081108108821038
:10D2B400611081106110821062108110811082103F
:10D2C4006110611081108110611061108110821051
:10D2D40081106110821081108110811082108110E0
:10D2E400A21882108118A218A2188218A210A218DB
:10D2F4008218A21081108218A21081108210821844
:10D30400A218821882108110821881108110821054
:10D31400821881108210811081188210811081106E
:10D32400821081108118821081108110821882105D
:10D334008110811881108218821081108218811046
:10D34400811062188110811082108118611082107E
:10D35400611082188118821082108118821881103D
:10D36400811082186118611061188118821882185E
:10D374008118821881188120CEB354FD2FEC67BA2E
:10D38400E5998CB3ADB374F5D5FDF6FD16FE37FE05
:10D3940037FE57FE37FE16FEF5F5F6F5B4F553EDF8
:10D3A400B1DCF1E412E512E590DCB1DC2FCC2FD432
:10D3B4000ECC2FD490DC12ED74F5B5FDF6FD17FEFE
:10D3C400F7FD17FEF7FD38FEF7FD54F52FE46CC3A7
:10D3D4006CC3CECB0FD42FDC4FDC2FD42FD40ECC88
:10D3E400CDBB2BA36882688268826882C9922AA313
:10D3F400ACABACB3CCB34FC490D490D490D48FD452
:10D404004ECC8FD48FD48FD42ECCEDC348820FD47E
:10D414002CA38118611861108110611061186110CA
:10D424006110611061106110611061106110611070
:10D434006110611061106108811061106108601051
:10D444006110611061106110611061106110811030
:10D4540081106110811061108110811061106110C0
:10D4640081106110811081106110611081086110B8
:10D47400611081108110821061106110811082107E
:10D4840081106110811061106210611081106110AF
:10D49400811061088210611081106108821081106E
:10D4A400621061108110811061108110811082104E
:10D4B40081108210821882108210821081188110CB
:10D4C400A21082108110811882188218A11082186B
:10D4D400A218811082108118A2188210821882105A
:10D4E4008110821882108210821882108210821099
:10D4F4008110821882108110821882108118821083
:10D504008218811081108210A21081108118821853
:10D514008210811081188210811061108110821094
:10D52400611082108218821861108110811082109B
:10D534008110811081188110811062108110811076
:10D54400621881108110611882188118811881185D
:10D55400821882188118A2200FC475FD54FD0BCBCC
:10D56400C599889ACDBB32E5B5F5F6FD37FE57FE71
:10D5740058FE57FE37FE57FED5FD53ED74F5F1EC1A
:10D5840070DC4FD4B1DCD1E44FD44FDC4FDC4FDC42
:10D5940090DC50DC90E4D1E454F595F5F7FD17FEEA
:10D5A40017FE17FED6FDD7FDB6FD34F550E48DCB3E
:10D5B4002BBB8DC3CED30FD42FDC50DC50DC4FD427
:10D5C4000EC4ADB32BA3EA9AA992E9920A9B2A9BB3
:10D5D4004BA38CABCDB32EC44FCC6FCC6FCC8FD4BC
:10D5E4006FCC90D490D48FD44ECCCDC32782EED3BD
:10D5F4004CAB8118611861106110611061108010CA
:10D604006110611061106110611061108118611066
:10D614006010611081106010611061106110611060
:10D624008110611061086110611061106110811036
:10D6340061108110611061108110611061108110FE
:10D6440081106110610881106110811081108210B5
:10D65400611081106110811061108110811081109E
:10D66400811061108110811081108110811061106E
:10D67400611081108110811081108110821082103C
:10D68400611062108210611061108210811081108B
:10D6940081108110811081188210821081108210F3
:10D6A4008218A218A210A210A210A1188210811030
:10D6B400A218A21881108210811882188110821871
:10D6C4008210A11881108210A11082108118821872
:10D6D40081108210A218821881108210A118811062
:10D6E4008210811881188110821882108110811093
:10D6F400A210821881108110821081188110811863
:10D7040081108110821081108110821061186118BB
:10D7140061108110821081108110821882106110B2
:10D724008118811082108218811882188118821839
:10D73400A118A1188220A220CEBB34F596FD91EC4D
:10D74400ADDBE9B28CB3F1E494F5F6FD57FE58FE77
:10D7540057FE57FE58FE57FEF6FD53F553F5D1EC30
:10D764008FE44FDC2ED46FDC0ED42FDC4FDC4FDC87
:10D774002FDC0FD450DCD1EC13ED95F5D6FDF7FD7D
:10D78400F6FDD6FDD6FD95FD54FDD2EC30DC6DCB17
:10D794000BBB0BB38DC3CECB0ED42FDC70DC2FCCE4
:10D7A400EEC38CB32BAB2AAB0AA3EA9AC9920A9BA9
:10D7B4004BA36CAB8CAB8CB3CCBB2EC46FD490D4CA
:10D7C40090D48FD48FD46FD44ED48CB30782ADCB86
:10D7D4006CB36118611861188118611061106118C7
:10D7E400611061108110611061106110611061108D
:10D7F400611061106110611061108110611061107D
:10D80400611061106110811061106110611081104C
:10D81400611061088110611081106110611081082C
:10D824006110611081106110610861106110611054
:10D8340081106110611081106110611081108110DC
:10D84400821061108110811081106110821081108A
:10D854008210821081106210821081106110811078
:10D864008210811061108210811081108110621069
:10D874008210811062108110811082108110821038
:10D8840082108110A218811881108218A21882189F
:10D894008210A210821082188210A218811082189D
:10D8A400A218821082188110821881108210A21886
:10D8B400821881108210A21881108210821881109F
:10D8C4008210A2188218811082108218811081108F
:10D8D40082188210811082188110821882106110BF
:10D8E40082188210811061108218811062108110D8
:10D8F40081106218821882106110811881108210C0
:10D904008118821882188118811882188118821847
:10D91400A218811882188220AEB3F3F475FD54F571
:10D9240091ECE9BA4BBBB0D474F516FE17FE58FE61
:10D9340037FE37FE37FE37FE37FED6FD74F5F2ECC0
:10D94400F1ECB0EC90E4B1EC70E470E44FDC2FDC6B
:10D954000ED4EED32FDC91E413ED75F5B6FDD6FDB0
:10D96400B6FDD6FDB6FD75FD13F592ECEEDB4CC3AA
:10D97400EBB2EBB22CBBADCBEED32FD42FD4CEC3B2
:10D984006CB32BABC99AEAA20AA30AA3EAA2E99A46
:10D99400E99AE99A0AA34BAB6BB3EDC32ECC90D4AE
:10D9A400B0DCB0DC8FD46FD44FCC4BAB06826CBBF5
:10D9B4004CB36118811861108110611061188110D5
:10D9C40061106118611061106110811061106110A3
:10D9D4006110611081106110611061106110810883
:10D9E400611061106110610861106110610881109B
:10D9F400811061108110811061106110811061101B
:10DA040061108110811061108110811061108110EA
:10DA140081106210811081106210611081106110F8
:10DA240081108110611061108110611081106210E9
:10DA34008110811081106110811081106110821099
:10DA440061108110621081108110611081108110A9
:10DA54008210811082108218811082108118811026
:10DA6400A210811882188210A2108218A1108110AD
:10DA74008218821081188110A210821882108218D4
:10DA8400811082108218A2108210821082108110DC
:10DA9400A2188210821082108118811081188110BE
:10DAA400A210811082108118A11082188210811096
:10DAB40082108110811882108110811081108110D0
:10DAC40081108110811882108210811081106110E0
:10DAD40081108210811081108210611881108218C7
:10DAE40061106118811081108218811082188118C8
:10DAF4008118A2188118A1204C9B13F533F595FDCC
:10DB040013F56BCB0ECC6FCC53ED16FE17FE58FEFF
:10DB140058FE58FE37FE58FE17FEF6FD95FD13F528
:10DB240013F512F513F512EDD2EC70E471E450E440
:10DB34002FDC4FE470E4D1EC54F595FDF7FD37FE8E
:10DB440017FEF6FDD6FD75FD13F5B2ECAED32CBB76
:10DB54000BB3EBB22CBBADCB0FD450DC70DC0FCCD1
:10DB64000FCC8DB30AAB0BABEAA20AAB2BAB2BAB3E
:10DB74000AAB0AAB2AAB4BB3ADBBEECB4FCCB0DC9C
:10DB8400B1DCD1DCB0DC90DC2ECC0A9BCAA20FD471
:10DB94004CB38120811881186110611061186110E3
:10DBA40061106110611061106110611061106110E9
:10DBB40061106110611061106110611061106110D9
:10DBC40061106110811061106110600861106110B2
:10DBD4008110611061108110611081108110611039
:10DBE4008110611061108110811061108110611029
:10DBF40061108110811081108110811081106110D9
:10DC04006110811081108110611081106110611008
:10DC140061106110811081108110811082108110B7
:10DC24006110621081106110621061108110811006
:10DC34008118811082108118821881108210821834
:10DC4400A218A218A2108110A2188218A210A21859
:10DC540082108218A11082108118A21881108218D3
:10DC6400A11081108210A2108118821882108210D3
:10DC740081108118821082188210A21881188218CB
:10DC840082108118821882108110811082188110EC
:10DC94008210811082108110811882186110811005
:10DCA400821061188210811061108118611882102D
:10DCB40081188110611081188210811082186110FE
:10DCC400821881188118811882188110811882188D
:10DCD40081188218A12081200B8B54FD75FDF6FD5F
:10DCE40017FEF2F4D1E42EC453EDF6FD37FE58FED0
:10DCF40038FE58FE58FE58FE38FEF7FD75FD54F503
:10DD040033F533F533F533F5F2ECB1EC91EC70E423
:10DD14002FDC4FE450E4F2EC54F5D6FD17FE58FE28
:10DD240017FE17FEF7FD55FD54FDD2ECEFDB4CBB9F
:10DD3400EBB2AAA22CBBADCB0FD470DC91DC70D4B7
:10DD44000FC4ADBB4CAB0BABEAA2EAAA2BAB2CB312
:10DD54006CB34CB36CB38DBB0ECC2FD490DCD1DC44
:10DD6400B0DCD1E4B1DCB1DC4FD4CA92ADC3CEC3D4
:10DD74006DB3611861186118811061106118611028
:10DD84006110611061106110611061106110601008
:10DD94006110611060106010611061086110601002
:10DDA40061106110611061106110811061108110A7
:10DDB4006110811081106110611081106110611077
:10DDC4008110811061108110611061108110811027
:10DDD4008110611061106110611062108110811056
:10DDE40081106110811081108110611082108110E6
:10DDF4006110811082106110611081108110611016
:10DE040081108210811061108210821082108210A1
:10DE14006110821081108210821082108210811091
:10DE2400A21882188218A210821881108210A218D7
:10DE3400A218A218A21882108210A21881108118A8
:10DE4400A2108210811082108110A218A218A218A8
:10DE54008210821081108110821081108210811032
:10DE640081188218811082108218821081188118FA
:10DE740081108218821881108210821081108118FA
:10DE8400611082108110611082108210811081183B
:10DE9400821862188110811882108110611082101A
:10DEA40082188110821882108118821882188118B1
:10DEB40082188118A2188220A64975F595FDF7FDF0
:10DEC40058FED5FD94F52FCC53EDB5FD37FE38FE45
:10DED40038FE58FE59FE38FE18FEF7FD95FD75F51F
:10DEE40075FD95FD34F575F5F2ECD2ECD1EC70E4EA
:10DEF4004FE44FE42FDC90E4D2ECB6FDF7FDD6FD01
:10DF040096FDD6FDD6FD75FD34F5B2EC0FDCAECB37
:10DF1400EBB2EBAA2CB38DC3CECB0FD470DC71D48F
:10DF24000FCC8DBB6CB32BAB0BAB2BB34CB36CBB1B
:10DF34008CBBCDC3ADC3CEC3EECB2FD4B1DCF2E4E6
:10DF4400B1DCD1E4B1DCB0DC2FCC2BA3CDC38DC3C9
:10DF54004CAB821861186110611061186110811056
:10DF640061186110811061108118611061108110B5
:10DF74006110611061106110611061106110611015
:10DF840061106110811061106108611061106110ED
:10DF940061108110611061106110611081106110B5
:10DFA4006110611081108110611081106110811065
:10DFB400811081108110621881106110611081102C
:10DFC4006110611081106110811061108110811045
:10DFD40081108110811081108110621082108110D3
:10DFE4006110611081108110811061108110821004
:10DFF4008110811082108110811082108110811093
:10E00400A21082108218A210821082108210821034
:10E0140081108210821081188218A210A210A210FE
:10E02400811882188210821082108110811082104F
:10E03400821882108218A110821881108110A218EF
:10E044008210811082108118821081108210821037
:10E054008110821081188110811081108110821822
:10E06400811081108218811081106110811061105B
:10E074008110811082106118811881108110811023
:10E0840081108118821081188118811881108218DA
:10E094008118811881188118A22091CC75FDB6FDD4
:10E0A400D6FD17FEF5FD70D4F2E4B5F517FE58FE63
:10E0B40058FE58FE38FE18FE38FE17FEF7FDD6FD52
:10E0C400B6FDB6F5D6FD95F554F5D2ECD2EC70E478
:10E0D4004FE4EED3CDD32FDCF3ECB6FD54F533F59A
:10E0E40054FD75FD75FD55FD54F5D3F450E40FD47E
:10E0F4002CBB2CB36DBBCECBADCBADC3CECB50D4F0
:10E10400ADBB2BB30BAB4CB30BAB4BB38DBB6CB3F5
:10E11400ADBBEEC3EEC30FCC0FCC0ECC70D4D1E4A8
:10E12400D1DCB1DC90DC90DC2FCCADBB0FCCADC32B
:10E134000B9B8118811861106110811861106110A6
:10E144006110611861106110611061106110611833
:10E1540061106110611081106110811061108110D3
:10E164006110611061106110611061106110611023
:10E1740061108110611061106110811081106110B3
:10E1840061106110611081106110811061106110C3
:10E194006110811061108110811081108110821032
:10E1A4006110811081108110811082106110611042
:10E1B4006210811081108110811081106110621031
:10E1C4008210611061108210611081108210811020
:10E1D40081108110821881108110821082188110A0
:10E1E400A218A218A2188110A218821881188210ED
:10E1F400A218A21082188210A21882108218A218E3
:10E20400A110A218A2188218A218A2108210A21893
:10E214008110A218811082188210A218811882100D
:10E22400821882188110821882108118821082103C
:10E234008110811882108218811081188210811037
:10E24400821061108218821082188210611861187D
:10E254006110821881108218621062188210811075
:10E2640082188118811882188118811882108110EF
:10E27400821082188218A218A220AA7A75FD95FD30
:10E2840095FDB5FDF6FDF1E4D1DCB5F517FE58FEBC
:10E2940058FE38FE38FE58FE58FE18FE17FEF7FDED
:10E2A400D7FDD6FDD6FD95F595FDF3EC70E470E44D
:10E2B400CED38CCB4BC30EDCB6FD95FD54F554FD8B
:10E2C40075FD95FDB6FDB6FDD7FD55F571E4EFD3AB
:10E2D400AECB6DC3EFCBEFCBAECBAEC38DC3CECB4A
:10E2E400CEC3A99AA9A2CAA22BB34CB38DBB8DBB32
:10E2F400CEC32FCC2FD44FD44FD450D491DCB1DC27
:10E30400B1DCB1DC90DC70D4EEBBEEC34FD4EECB09
:10E31400CA8A8118811881108118811061186110CE
:10E324008110611061188110611060186110611012
:10E334006110811861106110611061106110611029
:10E3440061106110611061108110811061108110E1
:10E3540061106110611061108110611081108110D1
:10E3640081106110811061106110811081106110A1
:10E3740081106110611061106110611081108110B1
:10E38400811081106210611081108210811061105F
:10E394008110811061106110821081106110811050
:10E3A400811061106210811081108210821081101E
:10E3B40061108218821081108110821081108210E5
:10E3C400A218A210A218A218A2188210A118A218AA
:10E3D400A2188118811082108210A1108218811055
:10E3E4008210A21881108110821882108210821863
:10E3F400A21882108218A210821082188110811033
:10E4040082108210A1188218811082108118811044
:10E41400811082108110811082108118611881107E
:10E42400811082106110811081108210811061109E
:10E43400821881108110611081108110611882107E
:10E44400821881108110811882108118811082181D
:10E454008118811881188118A118A2208DAB74FD30
:10E46400B5FDD6FDD6FD32ED8FD494F5D6FD17FE5D
:10E4740038FE58FE59FE38FE79FE79FE38FE17FE46
:10E48400F7FDD6FDD7FDD6F575F5F2EC2FDCCDD32F
:10E494004CC3EAAA2BBB33EDD6FDD7FDF7FDF7FD40
:10E4A40059FE79FE9AFEBAFE9AFEF7FDD2EC30DCF4
:10E4B400EFD30FD4D2DC55E530D4EFD3EFD3EECB8A
:10E4C4000FCC0BA3899A6892A9A20BAB8DBBCEC3C8
:10E4D4002FD450D471D491DC91DCD2DC91DCB1DC4A
:10E4E400B1DC90DC70DC4FCCACB3EECB0FD40FCCF2
:10E4F400A7518118611881186110611061106118A9
:10E504008110611061106110611861108110611037
:10E514006110601061106110811061106110611050
:10E524006110611081106110611060106110610848
:10E53400611081106110611061108110611061100F
:10E5440061108110611081108110611061106110DF
:10E5540061106110611081108110611061106110EF
:10E5640061108110611081106110611081106110BF
:10E57400811081108110821081106110611081104E
:10E58400611082108110611061108110811082105D
:10E5940081108110811081108110821081108110EE
:10E5A40082108218A1108210A2188210A210821068
:10E5B4008218A218A218A218A218A218A218A218A7
:10E5C4008218A2188218821081108218A210811059
:10E5D400A218821081108218A218A2188210821820
:10E5E400811082188210811082188210821881187A
:10E5F400821082108118811081108210811081187C
:10E60400821881108110811861108118621081189C
:10E614008218811061108218811081188110811074
:10E624006118821881108218811882188110811053
:10E634008118811082188118A220A220A2202C9374
:10E64400D2E433F5F2EC0EC490D453ED94ED17FEFE
:10E6540058FE38FE59FE79FE79FE59FE79FE58FEC1
:10E6640038FEF7FDD6F5B6F554F591E4CED34CC398
:10E67400A9A288A2CDCB75F5F7FD58FE79FE79FEE7
:10E684009AFE79FE59FE38FE79FE18FEF3EC0FDC93
:10E694000FD430D4F3E4F3E450DC71DC70E490DCA8
:10E6A40050DCAEBBA99AE681278AEAA24CBBCDC353
:10E6B4004FCC50D491D4B2DCF3DCF3DC13E5F2E4B8
:10E6C400D1DC90DC70D470D44CABCECB50DCAEB388
:10E6D400811881186118611081106118611061102E
:10E6E4006118611061108118611061186110611066
:10E6F4006118611061108110611061106110611066
:10E70400611061106110611061106110611080105E
:10E71400611061106110611061106110811061104D
:10E7240061108110611061108110811061106110FD
:10E734008110811081108210611881108110611084
:10E74400811061108210811081108210811081105B
:10E7540081106210811081106210611081106110AB
:10E764006210821081108110821082106110811059
:10E774008110821881106210811082106110821041
:10E784008210A21882108210A218A2188218A21055
:10E79400A210A210A218821882108218A21882183D
:10E7A400A210A218A210A218A218A21881108210F6
:10E7B40082108118821082108118821881108218A8
:10E7C400821881108218811081108210A110821881
:10E7D40081108218821081108118821081106110BA
:10E7E400811082108218811082108110811881108A
:10E7F400811081108118811082186110821081109B
:10E804008118611082188110811881108110811083
:10E814008218821881188218A118A2208120A220AF
:10E82400E330C661444944412FC433E595F5F7FD0F
:10E8340058FE58FE38FE38FE9AFE59FE58FE58FE21
:10E8440017FEF7FDD6F595F513F50FDC4CC3A9A219
:10E854004792C9AA2FD433F5F7FD38FEF7FD74FDAE
:10E8640033F574F5D6FDD6FDF7FDD6FDF3EC50DC9B
:10E874000FD40FD430D40FCCEECBEECB0FD450DC6E
:10E8840050DCCEC3C99AC579278A48920BAB8DBB9D
:10E894002FCC50CC70D413E534E534E533E513E5DF
:10E8A400D2DC90DC4FD44FD4ADBB30D4EFCB854910
:10E8B400811861188118611061108118611081102C
:10E8C40061106110611061106110611061106110BC
:10E8D400811061106110811061106110611081104C
:10E8E400611081106110611061108110611061105C
:10E8F400600861106110611081186110811061104D
:10E9040081108110811061108110611081108110BB
:10E91400611061108110611061108110611081100B
:10E9240081106110611081106110811081108110BB
:10E93400611081108110811081106110811081108B
:10E9440061106110611061108110811081108210BA
:10E95400811081106110611081108110821081106A
:10E96400A218A2188210A210A218A218A21882102B
:10E974008218A2108218A210A21082108118A2106C
:10E9840082188110821082188110A210A21882109D
:10E994008218A1108218A210821082188218821084
:10E9A400A21882188210A1108218A2188110811056
:10E9B40082108110821081108118811062108110E0
:10E9C40081108218811081108210811082106110D0
:10E9D40082108218811081108118821062186118C7
:10E9E4008210611881188110811882188118811889
:10E9F40082108118811882188118A2188118A2180F
:10EA04008220E320A220E3304FC4D1DC94F595F5B5
:10EA1400F7FD17FE17F679FE58FE79FE79FE79FEAA
:10EA240018FEF7FDD6F554F591E4ADCB0AB3689A18
:10EA3400689A6CBB4FDCF2ECB5FD75FD4FE447A260
:10EA4400C5894892ADBBF2E4B6FD95FD13ED50E4E3
:10EA54000FD4EECBEECB6DBB488AA571A8A2CDCB6B
:10EA64002FD4CDC30BA30782A571068AA99A4BB3F1
:10EA7400EECB70D491D413E533E513DD74E513E5DF
:10EA8400B1DCB1DC2FCCEEC36CB34CA324398118B8
:10EA94006118811861106110811881106110611072
:10EAA4008118611861106110811861106110611082
:10EAB4008110611061188110811061106110611062
:10EAC400611061108110611060106110611061109B
:10EAD400611061108110611061106110811081104A
:10EAE400611061108110811061106110811081101A
:10EAF400611061108110611081106110611081102A
:10EB04006110611081106110611061108110811019
:10EB140061108110811061106110811081106110E9
:10EB24008110811082108110611081108110621097
:10EB3400811081106110811082108210811081185F
:10EB4400A218A218A218821082108210A210811892
:10EB5400A2108218A2188210A218A2188218A21851
:10EB6400A21081188118A21882108110A218A21074
:10EB7400A2108110A21882108110821882108118AC
:10EB840081108110821882108210821882188110DC
:10EB940082108218811082108210811881108118CD
:10EBA400811082106110811082186210811061102E
:10EBB4008118811062108110811061188110621017
:10EBC4008110811882188218811881188218811086
:10EBD40082188218811882188218A218A118A120FC
:10EBE4008218C220A120C2200EBCD1DC12E5D6FDC1
:10EBF400F6F517FE17FE58FE18FE79FE58FE18FEAD
:10EC0400F7FDD6F574F5D2EC50DC8DC388A268927A
:10EC14004AB34FD4D1ECD2EC33F513F52FE4ACD393
:10EC240070DC75ED75E550D4F2EC74F5D2EC2FDCA4
:10EC3400CDC3CDC3ADBBCEBBAEBB899A67A2ADCBB2
:10EC44004FD42FCCCEBBEA9A8471A57968920AABD3
:10EC5400ADBB2FCC70D4D2DC13DD34E5F3DC13DD93
:10EC640090D470D44FCC4B9B855181188118821855
:10EC740061188110811861186110611061106110B0
:10EC840061108110611061106110611861106110D0
:10EC94008110611061106110611061108110811088
:10ECA4008110811081106110611061108010611059
:10ECB4006110611061106110611081106110811088
:10ECC4008110811082108110611061108110611017
:10ECD4006210821082106110621082108110621022
:10ECE40081108210811081106210811061106110F6
:10ECF4006110611061106110611081106110611068
:10ED040081106110811081108210811061108110B6
:10ED140082106110611081108210811062108110C4
:10ED2400A218A210A218A218A2188210A210A2104F
:10ED34008110A21881188110A218A218A218A21872
:10ED44008210A218A21882108218811882108118C9
:10ED5400821882108218A21881108118A2108218B9
:10ED64008218A218811081188110811082188210D3
:10ED74008118811082108110811861108210811015
:10ED840082188110811082186110811081188110FD
:10ED940081106118811082108210811081188218EC
:10EDA40081108110821881188110811082108118BD
:10EDB400A11081188118A218A1188120A2208218FC
:10EDC400A218A220A220C220CDAB33ED32E595F5E6
:10EDD40094F5F6F5F7FDF7FD38FE38FE38FED6F566
:10EDE400B6F595F533EDD1EC0ED44BBBA9A22AB3FD
:10EDF4004FD4F2EC13F533F554F553F513F513ED45
:10EE040054ED96EDB2D4ADBBB1DC13ED0ED46BB3BF
:10EE14006CBBEEC32FCC30CC0FC46CB3ADC350D499
:10EE240070D42FD42FCCADB32782A579268AC99A62
:10EE34006CB3CDC32FCC90D4F3DCF2DCB1D4F2DCD0
:10EE440090CC2EC4EEBB4872811861186118611809
:10EE540081186210811061106118611861106110CD
:10EE640081106110811861106110611061106110CE
:10EE740061186110611081106110611081106110BE
:10EE840081106110611061106110611061106010D7
:10EE94008110601060108110611081106110611088
:10EEA4006110611061106110811082106110611095
:10EEB400611081106110811061108110611861105E
:10EEC4008110611061108110811061108210811015
:10EED40081106110811081108110811081106110E6
:10EEE4006110611061106110811062106110811055
:10EEF4008210811081106110611081106210611004
:10EF0400A218A218A210A218A218A218A21882105D
:10EF14008210A218A21082188210A21082108218E5
:10EF2400A21082108210A210821082188210A218DD
:10EF3400A11082188210821082188210A2108110EF
:10EF44008218A21082188110A218811081108218D0
:10EF54008210821082188110821882108110811010
:10EF64008210611882108110811082108210821820
:10EF740081108218811881188210811081108218E2
:10EF840081188110811881188110821881108210D3
:10EF94008218821881188118811881188218A21881
:10EFA400A220A1208220C2208C9B12E512ED53EDF9
:10EFB400F6F5D6F517FED6F5D6F517FE95ED94EDD4
:10EFC40074F574F513ED70DC2ED44BB38CBB4FDCAD
:10EFD400F2EC33F533F554F513ED74F513EDB1DCC0
:10EFE40091D42FC4CEB30A9B0A9BADBBCDC36BB3E4
:10EFF4004BABCA8A2772487A2BA3CDBBCEC370D43D
:10F0040091DC70D42FCC0EC46CAB067A0682A89A1D
:10F014000AA36CB3EEC30ECCB1DC90D4B1D490D4BB
:10F024004FCCEEBB8CAB2439811881186118811840
:10F0340061186110611881188110611061188110C4
:10F044006110611061106118611081106118611004
:10F0540081106110811061106110611061106210E3
:10F0640061108110611061108110611061106110D4
:10F0740061106110611061106110611081108110C4
:10F084008110611081108110621081108110621052
:10F094008110811081106110811081106210811023
:10F0A400811061106110611881106110611061108C
:10F0B4008110611061106110611061108110811064
:10F0C40081108110811061108110611082108110F3
:10F0D40082108210611082108110821081106110E0
:10F0E400A218A218A210A210A218A210A21882108C
:10F0F400A218A11082108210A218A2188110A218BE
:10F10400A218811882108110A218A210A218A218A5
:10F114008210A110A218811081108218A2188210E6
:10F12400811082188218821082188210821081182D
:10F134008210811081108218811081188218811820
:10F144008210811062188218811861108110811850
:10F15400811081106110811062108110611861109A
:10F16400811082186210811082188118821081180F
:10F174008218821881188118821882188118A1189F
:10F18400A220A218A220A2202B8B53ED53ED74EDE4
:10F19400B5F5D5F5F6F5D6F5F6F5D6F5B5F533EDC1
:10F1A40074ED74F554F5B1E44FDC0ED4B1DCF2E443
:10F1B40033F553F554F534F5B1E450D40FCC2FCCDA
:10F1C400EFBB30C48DABEA92888A477A0672067226
:10F1D400687AC661A661487A697AA98A4CABCEC3BB
:10F1E4002FCC50D450D42FCCADB30A9B688AA992AB
:10F1F4002AAB6BABACB3EDBB6FCC90D44FCC2FC46C
:10F204002FC40EBCEA8AC2288118611061106118EB
:10F214008110811861106110611062106110611019
:10F22400611061106110611061106118611061104A
:10F234006110611061108110611061106110811002
:10F24400811061108110611081106108811081109A
:10F2540061106110811061106110611081106110E2
:10F264008110811061108110611081108110611072
:10F274006210811081108110811061108110621060
:10F284008110821061188110621081108110611048
:10F2940061106110611081106110611061108110A2
:10F2A4006110811061108110621081108110811031
:10F2B40061108110611081188110821081108110F9
:10F2C400A210A2188218A21882108210A218A218E2
:10F2D4008210A2188218A110A118A21882188210F4
:10F2E40082188218A218A218811082188110811025
:10F2F400821882188218A11082108210821081183C
:10F30400811082108118A110821882188110821035
:10F314008218821081108210811082108110811055
:10F324008118811081108210811082106110811067
:10F33400811062108118811082108218811882183D
:10F34400611081188110621081188110821081105F
:10F35400811882188218811881188118A218A2189D
:10F364008218A220A1200331887233E574F533EDAD
:10F37400B4F5B5F5B5F5D5F5D5F5B5F574ED94F564
:10F38400B5F5B4F594F5F1E4B1E412EDD2E474F515
:10F3940074F554F533EDB2DC0FC46CAB2C9B0C93B9
:10F3A4002C9B0B930B93C98A2772E661C561645148
:10F3B400066A6451C661076A076A697ACA8A2BA316
:10F3C400ADBBCEC32FCC0EC4EEC38CB32BA3C99A52
:10F3D4002AA38CB3CDBBCDBB2FC470CC0EBC2FC421
:10F3E400CDB38CABE6598118611881188110611076
:10F3F4008118611061106118611881108110611801
:10F404006110811061106110611061108110611030
:10F414006118611061106110811061106110811018
:10F4240081106110611061108110811060106108F9
:10F43400811060086110611061106010611061102A
:10F4440061106110611061106110611081108210EF
:10F4540061106110611082108110811061106110BF
:10F46400811061108110611061108210611081108F
:10F474008110811061108110611061108110811060
:10F484006110611081108110821082108110821825
:10F4940082108210811081108218811081108210D4
:10F4A400A218A210A218A218A21882108210A218E0
:10F4B400A2188210A210A218A210A2188218A210D8
:10F4C400A1108210A210A21881108218821082103A
:10F4D4008110A218A210821881108218A218821812
:10F4E400821882108110821082108110A21882105A
:10F4F4008110811882108210811882188210811064
:10F50400821082108110821882108210811081185A
:10F514006210821881188110811081108210811864
:10F524008118821881188110811081188218811025
:10F53400811882188110821882188118A118A218C3
:10F54400A2208218A22003314B8B32E5B4F553ED8F
:10F5540094F5B5F594EDB5F5F6F5B5F594F5D5F561
:10F56400D6F5D5F594F574ED33EDB1DCD1DC13E5C6
:10F5740034ED13EDB2DC50CCCEB38DAB6D9BAEABA2
:10F584004C9B0B930B93076A855985512341645116
:10F5940064492449A551076AC761C661E761698264
:10F5A4002BA34CA3ADB3CEBBCDB38CAB8CAB6BABAD
:10F5B4004BABACB3ACB3CDBBACB3EEBBEEBBEDBBB2
:10F5C400CDB34B9B243982186110811861108110CE
:10F5D400611861106110821881106110611861183E
:10F5E400811881106110611881106110611061101F
:10F5F400811061106110811061106110611061103F
:10F60400611061106110611061106110611061106E
:10F61400611061108110611061106110611081101E
:10F62400611061106210611061108110611061102D
:10F63400611081108210611081106110811081109D
:10F6440062108110611061108110611061106110ED
:10F65400811061108110811081108110611081105E
:10F66400811061108110611061106110811081108E
:10F674006110821881108110811082108110811014
:10F68400A218A218A210A218A218A210A2188210DE
:10F694008210A2188218A218821082188118A21847
:10F6A400821882188210A2188218A218821882184E
:10F6B4008110821082188210811082188110A21881
:10F6C4008118821882188118A11082188210811062
:10F6D4008218821082188218811881108218811071
:10F6E4008118811082108218611081108218811093
:10F6F4008110811882108218821081108210821069
:10F704006110821881108110821081188218811072
:10F71400821881188118811881188218A118A120D3
:10F72400A220A218A2200331C97A12E594F574ED3F
:10F7340074EDD5F574ED74E594EDF6F553EDB5F58A
:10F74400F6FDF6FDD6F574F5D1DCF2DCF2DC91DCE5
:10F7540091D40FC430C40FBC6DA36D9B0B93AEA3A7
:10F764000B932B930B8B276A85516451244944498D
:10F774002441444985514449A551A6590762E76982
:10F78400697AA98A2C9B6CA30B934CA34CA38CB3CE
:10F79400CDB3CDBBCDBBCCBB8CB38CAB0EBCCDB38E
:10F7A4006BA36872C2206118611862108210611024
:10F7B400611081108118811081106218611061102C
:10F7C400611061106110611061186110611861109D
:10F7D40061108110811081108110811061106110FD
:10F7E4006110811061106110811061086110801036
:10F7F400611061108110611061108110611061103D
:10F8040061108210611081106110811081106110EB
:10F8140061108110611061108110611061108110FC
:10F8240061108110611061108210611061108110EB
:10F8340062106110811061108110611061106110FB
:10F844008210611081108210811061108210821068
:10F854008110821081108210811081108210811019
:10F86400A218A218A218A210A210A218A218A210DC
:10F87400A218A21882108110A21882108210A21855
:10F88400A218A11881108210A210A110A218811828
:10F89400A21082108110A21882108210A110A2104E
:10F8A4008118811082108218811882108210A21887
:10F8B40081108210811082108110821881108110B1
:10F8C4008218811081108210811882108110811891
:10F8D40061108110811081188110811081186110CC
:10F8E4008210611081188118821081188218821880
:10F8F4008118821082188118811882188118A21820
:10F90400A218A220A220C220486AD1D453EDB4F593
:10F9140073ED74E594ED74ED74E5B5EDD6F5F6F597
:10F9240016FE16FE95F512E5B1D450CC0FBC0FBCF3
:10F934000FBCCDAB0FBC8DAB0B930B93EB8A0B932E
:10F944004C9B897A486AE7618551444903410341E4
:10F9540003414441C659A659A6590762E661076A9C
:10F964004872286A897A48726872C982A982EA92BE
:10F97400EDBB0DC44EC42EC40DBC0DBCEDB3EDB334
:10F984006C9B2762811861188110611061188118BD
:10F99400821061188110611061186110811081104A
:10F9A400611061108110611061106110611081108B
:10F9B400611061106110611061106110611081109B
:10F9C400611061108110811061106110611081104B
:10F9D400811061106110601061106110611081105C
:10F9E400811061108110611061106110611061104B
:10F9F400611061106110811061108110611061103B
:10FA040061108110811061108110611081106110EA
:10FA1400811081108110811081106110611081109A
:10FA24006110811081108110811081108110821069
:10FA34008110821882108110811081188110811028
:10FA4400A218A2188210A210A2188218A210A2183A
:10FA54008218A210A210A218A218A2108110A21833
:10FA64008210811082188210811082188210A118CD
:10FA740082108210A218811882108218A218821093
:10FA8400A2188110A2188210821081108110821095
:10FA940081188210811082188210811082188218B5
:10FAA40082108118821881108210811082188110AE
:10FAB40082108210811081188210621082188110C5
:10FAC40081108118821882108118611082108118A7
:10FAD40081188218821881188218A218A118A220ED
:10FAE4008220A220A220C2204862D1D494F5B5F588
:10FAF400D1DC33E573E574E5B5EDB5F5D5F5D5F5AC
:10FB040016FEF6FD13E550C42FBC2FC4EEB3CDABE7
:10FB14008CA34B9BEEB3ADABCEABADAB4C9B6CA30C
:10FB24006C9B2B9BCA8A277264510341E2382341A0
:10FB3400E2380341A559C661E661276AC661E661F8
:10FB4400C661C661276AC659276A6872A97A687A43
:10FB54008BAB4ECC6FCC4FCC2EC40EBC8CA3ACA3C1
:10FB64002A93233961186118811081186118811052
:10FB74006110611081186110611081188110621088
:10FB84006110821081188110811081186110611038
:10FB940061106110811061106110611061106110B9
:10FBA400611081106110611061106110601081108A
:10FBB40081086110611061106108611061106108B1
:10FBC4006110611061106110811061108110811049
:10FBD4006110611081106110611081106110811039
:10FBE4006110611061108210611061108210811027
:10FBF40061108210821061106110811082106110F6
:10FC040061108210611881108110611082106110DE
:10FC14008218811862108210811081108210811064
:10FC2400A218A210A218A218A218A2108210821060
:10FC34008210A2188218A2108210A218A210A21870
:10FC440081108218A2188118A2108110A2188210A3
:10FC54008118821082108210A210811882188110DB
:10FC64008210A21882188110A2188118811882109B
:10FC740082108118821081188110821081188110DD
:10FC840081108110821081188110611082108110FE
:10FC940081106118821881108210811081108110E6
:10FCA40081108118611882188118811882188118AE
:10FCB400821081188118821881188218A21881185C
:10FCC400A218A220A220C220075A90CC94EDD5F508
:10FCD40033E574ED94ED53E594ED53E5B5F5F6F5A0
:10FCE40017FED5F5B1D470C4EEB38CA34B93CDAB52
:10FCF4004BA38CABACB3EDB3ADB3ADB3ACB3EDC30D
:10FD04006CAB2BAB0AA3EA9AE6694451445184597B
:10FD1400A561C5616782A98AA98A888A2772276A28
:10FD24000772887A266A276A0662276A887A887A36
:10FD34004BA32EC490D46FCC0DBC8CAB2A934B9B9D
:10FD4400A982C220611861188110611081106118A4
:10FD5400611081188110611881108110611061187F
:10FD640061108110611861106110611861106110D7
:10FD740061106110611061106110611061106110F7
:10FD840061106110611061108110611061106110C7
:10FD9400611061086110811081106110611081107F
:10FDA40061106110811061106110611061106110A7
:10FDB4006110811061108110811061106110611057
:10FDC400611061088110811061106110811061104F
:10FDD4006110611061108110611061108110811037
:10FDE40061106110811081108110811082108110C6
:10FDF4008110811081108210811081108210811075
:10FE0400A218A218A318A218A218A2188210A21845
:10FE1400A21882108210A2188218A2188218A2189E
:10FE24008110A210A21082188118A210A2188118A1
:10FE34008210A21881188218A210821081108210D8
:10FE44008110A218811081108218821881108210EA
:10FE540082108218811082108110821882188110F9
:10FE64008218811081108210821081108218611012
:10FE740082188218811081108118811082188218CA
:10FE840082188218811881108218821881108218B1
:10FE94008218A2188118821881188118A218821851
:10FEA400A118A220A220A22064390EB474EDD5F5C5
:10FEB40053ED94ED94ED74ED94ED94EDB4ED16F6EC
:10FEC40036F653E58BA30EB46C9B6B9BE992878249
:10FED400E9924AA38BAB0EC44FD46FD470DC2FD4F9
:10FEE4002FDCEED3EED38DC34BBBEAAAA9A2889A2A
:10FEF400A99A0AAB6CBB6CB34CB30AA3E99AC99236
:10FF04006782477A2672266AC561E561E661276AD7
:10FF14000A93EDBB8FCC4FC40DBCEDB32B93EA8A8F
:10FF2400897AA220811861188118611082108118C1
:10FF340061186210811061186110611061106118FC
:10FF44008110611081106110611861108110811895
:10FF540061188110611061108110611861106110C5
:10FF64008110611061108110611081106110811085
:10FF740061106010811061106110611081106108BE
:10FF84006110811081106110611061106110811085
:10FF9400611082106110611081108110811061085C
:10FFA4006110811082106110611061106110811064
:10FFB4008210611081106110811061106110821033
:10FFC40081106118611081108118821061108110F4
:10FFD40082108210811062108110811082188110A9
:10FFE400A218A218A210A210A2188210A218A21875
:0CFFF400A218A210A2188218A2108210FD
:020000040803EF
:1000000082108210A2188210A21881108110821012
:100010008210A2188110A21082188110A118A218B3
:100020008210A2188210A2188210811082108218E9
:10003000A1188218821081108218821082108118F3
:100040008210821081108110821881108110821814
:10005000811081108110811061188110821082102E
:1000600082108110821062188118811882188118FC
:1000700081188110811882188218A218A11881187D
:10008000A2208218A218A220A220A2204431CDAB27
:1000900053EDD6F5F6F553ED54E574E574E5F6F554
:1000A00037FED6F5B4ED33E5CDABEDAB8CA3C98A05
:1000B0008782C78AC892ACBBACBBCDC3CECBADCB1D
:1000C0004CBBADCBAECB8DCB4CC3EBBACAB2CAB234
:1000D000EAB2CAAA89A268A2699A699ACAA2CA9A05
:1000E0008992688A678A87822672056AE561E56176
:1000F0000662E661A8820DBC6FC46FC4CDAB8CA351
:100100002B934B9B276A81206110811082188118E4
:1001100061108210811061106118611081188210C5
:100120006110621061106110611061106110611046
:1001300081186110811081108110611061106118A7
:100140006110611061108110611061106110601008
:100150006110611061106110611061106110611017
:1001600061106110810861106110611081106110CF
:1001700081106110611061106110811061106110B7
:10018000611061106110611061108110811081088F
:100190006110811061108110611082106110811056
:1001A0006110811082108110611081106110811026
:1001B000811061108110611082106118821081100D
:1001C00061108110A218A218A218A210A218A218D9
:1001D000A210A218A210A2188210A218A218A2108F
:1001E000A218A2188218A1188218A2188110A218A9
:1001F000811881108218A218821082108218821031
:10020000A2188218A218821081188210A2108110E0
:100210008118A21082108118821082188118A210F1
:100220008110811881108118821882108118821023
:100230008110811081188218821081188118811014
:10024000811881108110821881108218821861181B
:1002500082188218811882188218A2188218A11890
:100260008120A218A218A220A218A2200329CDAB97
:1002700053EDB5F5D6FD74ED53ED73E553E594ED0F
:10028000D5EDB5EDD5EDB0D4ADAB2A930A8BA87AF8
:100290002672C4614782E679CAA26DC3ADCBAED3E4
:1002A000AECB4CC36DC38DCBCED30BBBCAB2EBB2BE
:1002B000CAB2CAB2A9A2AAA2AAA2AAA2AAA2AA9A87
:1002C000AA9A6892A571E679267AE569635102399E
:1002D0002341C561A882EDB32EBCEDB38CA32A9B4C
:1002E0008CA32A9B033981188118821082108110F7
:1002F00061108118811881188110611061108110BE
:1003000081106110611881186110611881106110ED
:10031000611061106110611061186110611061104D
:1003200081188110611861106118611061106110ED
:1003300061106110611061106110811061108110F5
:1003400061106110611081108110611061106110E5
:1003500061106110811061086110611081086110E5
:1003600061106110811061106110611081106110C5
:10037000811061106110610881106110821081107C
:10038000811061106110811081108210611082183B
:1003900081108210811081108110811082108118CB
:1003A00081108110A218A210A218A218A210A218DF
:1003B000A2188210A210A218A218A210A218A218A5
:1003C000A2188210A1188210A2108218A218A218D6
:1003D0008210A218A2188210A218A21881108210EE
:1003E0008110821081108110821882188110821071
:1003F00082108210A11882188110A2108218811810
:100400008218821882108110821081108218821046
:100410008110821882108118811882106110821850
:100420008218811081188110811882188110811022
:100430008218821881108218811881188218A218D7
:10044000A220A118A218A220A220A220C2202B8B99
:1004500032E5B5F5F6FD94F574ED12DD74E533DDA6
:1004600012DDD5EDB4EDF2D4CDAB2A9BC982C982A1
:100470004772C9924FCCF2EC50DC31E492ECB3F409
:10048000D3F4F4F430DCAECBEBBAAAAA489ACAAAE9
:10049000CBAAAAA22892499ACBA28EBB8EC32DB317
:1004A0002CB30BAB6DB30EC44BA3E5698451E2389A
:1004B0000341C5612A9B0EBC2EBCEDB3EDB36B9B13
:1004C0006B9B2A93E22861188118811062108110B9
:1004D0006110611861106110611881106110621063
:1004E0006118611081106110611061108118611034
:1004F0006110811861106110811061106118611024
:10050000621061186110611061106110611061105A
:100510006110611080106110611061106110611034
:1005200081108110611061088110611061108108D3
:1005300081108110611061106110611081106110D3
:100540006110611061106110611081106110611003
:100550008110811061108110611061108110611093
:1005600062108110611081106210811061106110A1
:100570006110611082108210611081106110821070
:1005800081108110A218A218A318A210A21882101C
:10059000A218A2188210A2188210A2188210A21803
:1005A000A210A218A2188210A218A11882108118F5
:1005B000A2108218A11082108118A218A21881100E
:1005C0008210A2188110A218A2108210A2188118FD
:1005D000A2188210A218A21881108110821082180D
:1005E0008110821081108118821081108218811070
:1005F000811081108210811881108210821882105F
:100600008118821082188118821081188118811037
:10061000821881188218A11081188218A2188118D6
:100620008218A220A120A220C220A218A2204862E3
:10063000D1D4D5F5B5F5D5F553E574EDF2D494EDF7
:1006400053E5D6EDD5ED12DDB0CC0A93887AC98298
:100650002A93B0D4D6FDF6FDF6FDB6FD35F514F5BA
:1006600014F535F535F5B3EC10E4AFD32CC32CC33A
:100670004DC3CBAACBAA2CB310CCCFCBAEC36DBB92
:10068000AEC30FD44FD470CC0EBCE98AE65964498E
:100690006451C882ACAB0EBC0EBCCDAB2B938CA30B
:1006A0004B9BC982822061186110811881108218C9
:1006B0008110811081186110611081186110611022
:1006C0008210611061106118611061106110611079
:1006D0008110611081106110611081106110611032
:1006E0008110611861106110811861106110811012
:1006F0006110811061106110611061106110611052
:100700006110611061106110610861106110610871
:100710008110611061106110810861108110610801
:100720006110811061108110611061106110611001
:1007300081106210611081108110611081106110B0
:100740008110811061106110811061108110811879
:100750008110811081188110811082108110611028
:1007600082108210A218A218A318A218A318A2100F
:10077000A210A218A2108210A218A2188210A21809
:1007800082108218A21882108218A2188218821869
:10079000A21881108218821082108210821882188A
:1007A0008110A2188218A21881108218821881184C
:1007B00081108210A218821082108218811082107B
:1007C000A21881108110821881108218811082185D
:1007D000821881108110821881188110811881106F
:1007E000811882188210811882186110821882186C
:1007F0008118811882188218A118A2188118A118CE
:100800008218A218A218A220A218C220A220276231
:1008100090CCD5F595F5F6FDB5F574ED73EDF1D405
:1008200033E553E594E573E532DDACABEA8A6B9BC7
:10083000B0D494ED16FE17FE17FE17FED7FD18FE76
:10084000B7FD35F5B3EC31E4CFDB4DCB0CC30CBBBE
:100850000CBBEBB20CBB6DC38EC38EC310CC30D4BB
:1008600070DC90DCD1DCF1DC90CC8CA3887A8451F4
:1008700067726B9BCDB32EBCCDAB8C9B2A93CDB353
:100880008CAB686A811881188118821082108110DF
:100890008218611881188110811082186110611806
:1008A0008110611081106110611881106110611058
:1008B0006110611061186110611061106118811080
:1008C0006110611881106110611061106110601079
:1008D0006110611060108110611061106110611071
:1008E0006110811081106110611081108110611000
:1008F00061108110811061106110611081108110F0
:1009000081106110811061108110611082106110DE
:1009100061108110610881106210611081106210F5
:10092000811081106110811081106110611082109E
:100930008110611082108118811082108110811045
:1009400081108110A218A218A318A218A218A21030
:100950008218A218A218A218A2188210A218A2180F
:100960008210A210A21081108110A218A210821071
:10097000A21881108218A210A118A210A21881102A
:100980008218A2108210821882188110A210821878
:100990008218A21881108210821882188110A21861
:1009A00081188110821882188210811081108210A3
:1009B0008118811081108210821881108110821894
:1009C0008210811082188118821881108218821872
:1009D0008118A2188218A2188118A21882188218E9
:1009E000A220A118A118A218A220A220A22065412D
:1009F0004FBC94EDF6FDF6F516FE94ED74ED94ED16
:100A000053E594E573E574E573E50EBCCDABCDB36A
:100A100032DDD5F5D5F537FE16FEF6FDD6FDF7FD30
:100A200038FE38FE76F5F3ECF0DB8ECB4DCB2CC3E5
:100A30000CBBEBB22CBB8EC330D471DC71DC71DC2F
:100A400090DCB1DCB1DCF1DCB0D4CDB30A8B6872E0
:100A5000C98A8CA3CDA3ACA34B9B2B9BCDAB0EBC67
:100A60006B9B4439811881186110811861108110C5
:100A7000611881186110611061188110611861108E
:100A8000611861108110611061106118811061108E
:100A90006110811061186110811061108110611066
:100AA000621061106110811861108110611061186D
:100AB000811061108110811081106110811061100E
:100AC000611061106110811061108110811061103E
:100AD0006110610861106110811061106110811056
:100AE000611061108110611061106110811061103E
:100AF00081108110611081108110611081108110AE
:100B000061106110811082106110821081186110D3
:100B10008218811081108210811082106210811061
:100B200081108110A218A218A218A218A210A2184F
:100B3000A2188210A218A210A2108218A218A2183D
:100B4000A21082188218A210A2188210A118821076
:100B5000A210A2188210A218821882188210A2185D
:100B60008218A2108110A118A218A1108218821850
:100B70008110821081108118A21082108118A1109A
:100B800082108218A11081188110811082188110A2
:100B900082108118821081108118821882108118A9
:100BA000811882108118811082188118811882188A
:100BB000821881188218811881108218A218811851
:100BC000A218A220A218A220C220A220A220233173
:100BD0008C9B53E5D5F5F6FD16FED5F5B4F553E53A
:100BE00032DD53E533E573E532DDB0D46FCC70CC44
:100BF000B1D4B4ED16FE17FEF6FDD5F594F512E569
:100C000012E5F2E491D450DC0FD4CFCBAECB8DC340
:100C10006DBB2CB34CBB6DB36DB36DAB2B9BACB349
:100C20000EC470D4B1D4B1D44FC4CDAB6B9BE98AA0
:100C30002A93ADA3EDAB4B9B8C9B2B934BA3EDBBAE
:100C4000A97AC22861186118611081186118821090
:100C5000611061188110621881106110811061109B
:100C60008210611881108118611061106118811063
:100C7000611061108110611081186110611081187C
:100C8000611061108110811081106110611081105C
:100C9000611861106110611081108118611061107C
:100CA000811061106110611081106110611061107C
:100CB000811061106110811081106110811061102C
:100CC0006108611081106110611061108110611064
:100CD000811061106110811081106110611081100C
:100CE00061108210811081106110811081106110DB
:100CF0008110811082106210811081188110811082
:100D000062188110A218A210A218A318A2108218AB
:100D1000A218A310A218A21082188210A210A21862
:100D2000A218A210A218A218A21881188218811065
:100D300082108218A118A210811082188118A210A6
:100D4000A2188210821882108210821881108110DD
:100D5000A110A218A218821082108218811082108D
:100D600082188110821082188218821081108110DE
:100D700081108218811082108110811882108118D0
:100D800082188110821082188118821882188118A6
:100D90008218A218811882188118A118A218811827
:100DA000A218A220A218A220A220A220A220C22023
:100DB0002B8B13DDD5F5D5F516FED6F5F6F553EDEF
:100DC00032DD12DD32DD53DD73E553E5D1D490D44D
:100DD00012DDB5EDF6FDF6FD17FE37FEB5F553ED68
:100DE0006FD4CDBB2B9BA98A477A2772C98AA98267
:100DF000687AE66127722772E661C661477A2BA39B
:100E00000EC4B0DCD1DCD1D42FC4EDB36B9B8C9B72
:100E10004B934B938C9B6B9B6C9B0A8B4BA3CCB3E0
:100E2000686A8120811881108118811082186118E8
:100E30008210811081188118811061186110611071
:100E4000611061106110611061106110611061101A
:100E500061106110611061106110611061188110E2
:100E600061106110611061106110611861106110F2
:100E700061186110811061106110611061106110C2
:100E80006118611061106110811081106110611092
:100E9000811061106110811061106110611081106A
:100EA000811061106110811081108110611081101A
:100EB0006210811061106108811061108110811031
:100EC0006110611061106110811881106110821031
:100ED0008110811062188110811082188110821097
:100EE00081108210A218A218A218A218A210A2188B
:100EF000A210A2188210A218A218A218A210A2185A
:100F0000A218811082188210A218A2188210A218AA
:100F1000821882188218A218A210A21882188210B1
:100F20008110821082188210A218821882108110FB
:100F30008218A21882108218A2188218A210811892
:100F400082188218811882108118821881108218E4
:100F500082108218811082188118811062188218FC
:100F600081108218811881188218811082188218C5
:100F700082188218A218A2188218A2188118821842
:100F8000A218A118A220A218A220A220A220A21872
:100F9000EA7A70C474EDB5F5F5F5F6FDD5F594ED86
:100FA00033E5B5ED73E594E594E532DDB4E553E55D
:100FB00012DD73E5F6F5F6F5F6FD16FEF6FDB5F570
:100FC00013ED0EC42A9B477A076AC6616451C6595D
:100FD000444965490762477288820AA38CB3EDC30E
:100FE0002FCC70D4D1D46FCC2FBCACAB0EB48C9BB7
:100FF000ACA36B9B8CA38CA36C9B4B9B6B9B0A93AE
:101000004441811861188110811882106218811082
:1010100061186110811881108118821862106110A6
:10102000811061108210811081186110811061108F
:1010300061188110611061186110611061108110D8
:1010400061106110811861106110611061106110F0
:101050006110811861108110811061108110611080
:1010600061106110611061106110611081106110D8
:101070008110811061106110611061106110811088
:10108000611081106110811062108110611061087F
:101090008110811061108110811061108110811008
:1010A00061108110821061108110821881108210ED
:1010B00081186110821881108110621082188110CD
:1010C00081108110A218A318A210A210A218A218B1
:1010D000A2188210A210A2188210A218A2108210C8
:1010E000A2188210A2108110A210A2188110A210C2
:1010F0008210A210811081108210A210A2188218F2
:10110000A218A11881108110A1108218A2108118B4
:10111000A21881108110A210811882108210A110D3
:10112000A2188210811881108218811082108110FB
:101130008110821881188210821081188218811003
:1011400082188118821081108118821081108110FC
:10115000821882188118A118A2188218A218A21841
:101160008118A218A218A218A218A220A220A220B8
:10117000275A2FBC33E553E594EDB5F5F5F5D5EDDC
:10118000B5EDB4EDB5EDD5EDB4ED94E553DD70C43A
:1011900012D594EDB5EDD5F5B5F5B5F5D6FDD5FD82
:1011A000B4F553F512ED4FD46CABEA9A477A487A0E
:1011B0006882A9920BA3ACB3CDBBEDC32ECC4FCCB0
:1011C0002FCC2EC44FC4EEABCDA32EB4ADA38CA3B5
:1011D000EDABEDAB6C9B2B932A936CA3ADAB887AF4
:1011E000E32861188118611081108110611081104D
:1011F00061186118621061106110811081188110EE
:1012000081186218811061186118611061108118CD
:1012100061106110811061188110611061186118EE
:1012200081106110611861186110811061186110DE
:1012300061106110611081106110811081108110A6
:1012400061106110811061108110811061106108BE
:1012500061106110611061108110611081106210C5
:1012600061086110811061088110611081106110A6
:101270008110611061108110611061108110611086
:101280008110811061108210611081108110611035
:1012900081108110821082108110621881108210DA
:1012A00061108110A218A218A218A218A310A218E7
:1012B0008210A210A218A218A2188210A218A218B6
:1012C000A218A2188210A2188218811082188218FF
:1012D000A218A110821882188210A21882188210F7
:1012E00081108218A2188210A21882108218821807
:1012F000A210A210821882188210A21882188110DF
:1013000082188218A2108218821082108218821805
:101310008110811882108110811882188218811022
:101320008110821082108118821882188118821808
:101330008118A21882188118A218A2188118A21860
:101340008220A218A220A220A218A220A220A220BD
:101350006441F1D490C433E5B4EDD5F5F6F5D5F597
:10136000D5F5F6F516F6B5ED74E554DDF2CCB1CC55
:10137000F2CC70C4D2D4F2DC73EDD6F5B5F594F5A9
:1013800073F532ED12EDB0E42ED46BABA992688206
:10139000898AEAA26BABACBBEDC3EDC32FCC4FCCBB
:1013A000CDB3ADABEEB3EEABAC9B4B93ADA3ADA366
:1013B000ADA30EB4EEB34B9B6B9BEDB3CDA3C6595F
:1013C00082188118611081188118621081188218A2
:1013D00082108110811881108110811861106210B3
:1013E00081106110611861106110811861108118FD
:1013F0006110611061186110611861108110621034
:101400006110611061108118611061108118611004
:1014100061108118811061106110611061106110FC
:1014200061106118611061108110611081106110EC
:1014300061106110611081106110611061108110E4
:101440008110611082106110611081106210811092
:1014500062106110811081106110811062106110A2
:10146000811081106110821861108110811081102B
:1014700082108118811081108210811081108210D9
:1014800082108110A218A210A318A218A218A218E4
:10149000A2188210A218A218A210A2188210A218D4
:1014A000A210A2188218A21082188118A21082100D
:1014B0008110A21882188110A210A2188210A21006
:1014C0008210A210821082188210A118A21882180D
:1014D000811081108218A210A118A21882108218FF
:1014E00081108110811081188110A1108118821043
:1014F00082188110A2108110811082108118821828
:101500008110821881108110821881188218811030
:101510008218821882188210811882188118A118E6
:10152000A218A220A118A218A220A218A220A220CC
:10153000E32812D570CCD1D433DDD5F5F6FDD5F541
:10154000B4EDD5EDF6F594E532D512D5F2CCF2CC6A
:1015500013CD90C4F1D453DD74EDB5F574F511E5F8
:10156000B0E4F1E4B0E490DC4FD46CB3898A4882F3
:101570006882C99A0AA36BAB6BAB8CB3EDBB6FCC23
:10158000EEB3EEB3ADA34B938C9B0B8B8C9BCDA397
:101590000EB4EDAB0EB4CDAB0EBCEDB36872887A71
:1015A00081186118811061108110811081186118F3
:1015B00082106118611882108218611082188110DF
:1015C000611081188110611061106110611061104B
:1015D000611061106110611081108110611061183B
:1015E0008110611061106110611061106110611053
:1015F00061186010611081188110611081106110F4
:10160000611081106110611061108110610861101A
:1016100081106110611081106110811081106110C2
:1016200061106110811081106110611081108110B2
:1016300061108110611061108110611081108110A2
:101640008110611081108110811081108218811029
:101650006110811081106110811882106110811851
:1016600081108110A218A318A210A218A218A21803
:10167000A218A210A218A2108218A218A2188210F2
:10168000A210A218A218A210A218A218A2188210C2
:101690008218A218A2108110A218A2188218811014
:1016A000A218A218A2188218A1108218A2188210DB
:1016B000A21881108210A21881108210A21882181C
:1016C0008218821881108210821881108110821075
:1016D000821881108118821882188110821082105D
:1016E000821081188218821881188110821882183D
:1016F000A218A21881188218A218A218821881189C
:10170000A218A218A118A218A218A220A220A220F2
:10171000E328D1CC74E5EEABD1D494EDF5F5D5F555
:10172000D5F5B4EDF6F574DD74E595DDD2C4D2C41B
:1017300012CD13D533DD74E553E594ED74ED12E568
:1017400094F5B5F533EDB1E490DCEEC36CB34CAB7E
:101750004BAB8CB38DB3CDBBEDBBCDB3CDB3EEBB3B
:10176000CDB30EB4ADAB6C9B2B8BEA828C9BCDA31F
:101770008C9B0EB4ADA36FC40EB46B9B48720A8BE6
:10178000811861186118821081106118611082102F
:1017900081186118821061108118811882108110DF
:1017A0006110621081188110611861108118811810
:1017B0006118811061106118611061106110621070
:1017C0006210811881106110811881106110611000
:1017D00080108118611061108110611061108110FA
:1017E0008110611061106110811061106110611031
:1017F00061108110811061108110611061108110E1
:1018000061106110611081108110611082106110EF
:1018100061108110621081108110611061108210BE
:10182000811081106110621081106110811081108F
:101830008110821081108218821082108110821013
:1018400081188210A218A218A218A218A218A31810
:10185000A210A218A318A218A210A218A218A218C7
:10186000A218A210821882188110A2188210A11842
:101870008218A118821882108218A2108210A21851
:1018800082188218A2108210821882108118821881
:10189000A2188210A2188218821081108218A1103A
:1018A0008118A21882108110A2188218811081104C
:1018B000A218821081108218811881188210A21833
:1018C00081108210821881108118A210821881184C
:1018D00081108218A218A11881188218A218A118C4
:1018E0008218A218A220A218A218A220A120A22029
:1018F000C2204FBCF5F5F2D4CEA353DDB5EDB4ED67
:1019000073E553E533DD33D533D554DD4FB42FB410
:1019100013CD74D5F6ED74E594E594ED33E512E559
:1019200053E574ED54EDD1D470D4EEC36CAB6CAB15
:101930008DABCEB3ADB38DAB6CA34B9B4C9BCEB3F9
:10194000CEB3CEAB0B8BEA828972A972AD9BAC9BF6
:101950002B936CA30EB42EBC8CA3276A2B9BC9823D
:10196000811861186118811861188218811061103E
:101970008110811881106110611081188118821006
:1019800061106110611061106110811861106110A7
:101990006110611081186110611061108110611077
:1019A0006110611061106110611881106110611087
:1019B000811061106110811061108110611081101F
:1019C000811061106110811061106110611061104F
:1019D000611061106110611081106110611082103E
:1019E00061108110621061108110811061108110EE
:1019F00081106110811061108110611061106110FF
:101A000061108110821081106110821861106110C4
:101A10008110621081108110811081108218821053
:101A200081108110A218A210A318A210A218A21847
:101A3000A218A218A218A2108218A210A218A21806
:101A4000A218A210A218A218A210A2188218821816
:101A5000A2108210A218A1188110A218A210A21020
:101A60008218A2108210A118A21881108218811069
:101A70008110A21882108110A110A218A21081104A
:101A800081108218811082108218A2188210811091
:101A9000821881108110821881108118811081189C
:101AA000811882108218811881108210811881108B
:101AB0008218A218A2188118821881188218A218F8
:101AC0008118A220A220A218A218A220A220A2203F
:101AD000A220EEABD5F5B5EDCEAB0EB473E5B5ED0A
:101AE000D1D433D533D5B5E5F1CC12CDD1C4B1BC09
:101AF00013CDD5E533D594DD33D5F2D474E553E574
:101B000033E5F2D470CC91CC91D4ADB36CAB2CA3B3
:101B10002B9B2B930B932C93EB8A2B93487268721D
:101B20004C930B8BA972EA7ACA722762A97A8C9BB2
:101B30002A8B2B93EDABCDABC982897AADB30A93D7
:101B40008218811861106110811061108118811054
:101B5000821061188118811062186110611861107B
:101B6000811881108110611061188110611061105D
:101B70006110611081106110611081106110811875
:101B8000811061108118811061108118611061103D
:101B90006118611061106110611081106110611095
:101BA000611061106110811061106110811081104D
:101BB0006110611062108110611081106108811044
:101BC000611061108110621061108110611061104C
:101BD00061108110611081106110811081108110DD
:101BE0006110811061106110811061106118821004
:101BF0008110611881108110811081106110821094
:101C000081108210A218A318C318A218A210A2183B
:101C1000A318A210A2108218A218A218A21082184B
:101C2000A2108218A218A2188210A2108110821885
:101C30008218A11882108210A218A218821882108D
:101C4000A218A2188210A218A218A218821082103C
:101C5000A218A2188218821082188210A218821864
:101C600081108218A11882108210811082188110B0
:101C7000A218821881188218A2188218811882105E
:101C80008118821882188218811881108218821097
:101C900082188118A1188210A2188118821882183F
:101CA000A2188118A218A220A220A218A220A12066
:101CB000A220AD9BD5F5D5F554DD2B934FBCF2D4C6
:101CC000D1CC12D512CD73DDF2CC91BCF2C4AE9B57
:101CD00091BCD6DD13CDD1C4D2CC33DDD2CC91C4EE
:101CE000D2CCF2D491C490C40EBCEEBB2FBC4C9BA2
:101CF000CA8ACA820B8B2C936D9BEB82E661A6513C
:101D00000762CA7A486ACA7AA9722B8B0B832B8B1B
:101D10006C9B2EB4ADAB0A8B276A6CA3CDB3CA8281
:101D20008218811861186218811061108218811060
:101D300081108210811881188118811082108218F8
:101D4000611081108118621061106110811081187A
:101D50006118611061108218811882106110811061
:101D60008210611861106118611061188110611092
:101D7000811061106118611861106110611081108B
:101D8000611081108110611061106110811081104B
:101D90006210811081106110611061106110821059
:101DA0006110611061086110811061108110621072
:101DB00081106210811061108110811061108110FA
:101DC00081106110821081108110611081108110CA
:101DD0008110811081108210611082108110821890
:101DE00061108210A218A218A218A218A210A3189B
:101DF000A218A218A218A218A210A218A218A2181B
:101E0000A218A218A210A2188118A218A218A21033
:101E1000A2108110A21882188210A21082188110BC
:101E2000A2108210811882188218A218A21882109B
:101E3000A118821081108218A218811081188218AE
:101E4000A2108110821881108218A11882108110AE
:101E50008218A110821881108218A1188110821096
:101E6000811081108218811081188210A1188118A8
:101E7000821881108110A21882188118A118A11847
:101E80008218A218A218A220A2208120A120C2306C
:101E900003412B8BD5F5F6F594E5F1D4CDA3B1C470
:101EA00012CD33D553D533D56FB4CD9B6C8B71B474
:101EB00013CD13CD13CD34D5D2C433D5D2C471BC18
:101EC00091BC91C450BCEEB3ADAB8DA32B930B8BE7
:101ED000CA8A0B8BCA7ACA7A4C93A97A696A486A09
:101EE000486AA972CA7ACA7A2C83AA7AC97AC9823C
:101EF0008C9B6B9B8CA30762C9820EBCEEBB687A7D
:101F0000811881186118811882108110811062185F
:101F10008110811861106110611881108118811081
:101F200082106110611081186110811061106110C0
:101F300081186110821861106110611861106110C0
:101F400061106118611061106118611081106110D9
:101F50006110811061108110611061108110611099
:101F600081106110611061106110611061108110A9
:101F70006110811081106110811061086110611081
:101F80006110811061108110611061108110611069
:101F90008110811061106210611081108110611038
:101FA0006110811081106110811081106110811009
:101FB00061108110811082188110811081108210AF
:101FC00081108110C218C318A218A218A318A21059
:101FD000A218A218A318A210A218A218A218A21838
:101FE000A218A210A218A21082188218A218821891
:101FF0008210A218A2188110A2188210A218A2188A
:102000008210A218A2108210A110A11882188218A2
:10201000A1188210821081188218821082108118F3
:10202000A2108218811082188218821082108218E1
:1020300082188218811082188110A21882108110D3
:10204000A21882188110821882188218A218821889
:102050008218A218821082108210A2188218821888
:10206000A218A218A220A220C228A4614359235179
:102070008138A97AD5F5F6F5D5EDB5EDD1CC8D9BA6
:102080004FBC90BC6FBCB1BC90BC0FA4AD9BCE9BB1
:1020900071B4D1BCB1BC13CDD2C4F2C491BC70B484
:1020A000EEA3EEA3AEA3CEA3CEAB8DA30B93897A02
:1020B0006872897289726872A972696A2862CA7ABA
:1020C000CA7AEA82CE9BCA7A2C8BA972A972A97AA3
:1020D0002B93A9826872887A2EBC0EBCCDB348724D
:1020E00061186118811061108218611882108210C5
:1020F0008118611082188110811081186218611096
:102100008118611082108118611881186110811086
:1021100081186118611061106110811082106110C6
:102120008110611881108110611881108110811057
:10213000811881108110611081108110811061104F
:1021400061106110611081108110611061108110A7
:102150006110611061106110811082108110611096
:102160006110821061108110611081106110621085
:102170006110811062106110811061106110811076
:102180006110611081108210811081106210821024
:102190006110821861108110821861108110821004
:1021A00061108110A218A218A218A218A218A210D9
:1021B000A218A218A210A318A218A210A218821086
:1021C000A2188218A210A218A218A210A218A2186F
:1021D0008218A2108210A11082188218A210A218D0
:1021E000A2188118A218A2188210A21081188210B9
:1021F000A21082188110A21882108210A2188210D8
:102200008118A21882188210811082108118811002
:1022100082188218A21881108110821881108110F2
:1022200082188110811882188118811081188218F3
:102230008110A218A118A118A21081108118A2184B
:10224000A118A220A220A4592682E1508040403843
:102250004030A559B5F516F6F6F5F6ED73DD2FB459
:102260008C930EAC70BC2FB46C93EEA34FAC8D93DB
:102270002FACCEA370B450AC50B4D2C4B1C40FAC28
:10228000AE9B6D930B8BEA820B8B2B93A9824872CA
:10229000486A0762E659E7592762E761496ACA7ADC
:1022A000AA7AA9722B83CA7AAA72486A27628872AC
:1022B0004B938872C6598CA32EBC2FC48CABA97AC1
:1022C00081188118611881108110611082186110C5
:1022D00081186118611082188110811061106110DD
:1022E0008118611061106110811061186110611016
:1022F000611061106110811061106110611861102E
:10230000611861106110611861106110611861102D
:102310006110611061108110611061106110611015
:1023200061108110811061108110611061106108CD
:1023300061106210611081106110611081108110B4
:1023400061106110811061106110811062106110C4
:102350006110611081108110811061108110811055
:102360008110611061108110811081106110811045
:102370008110811081106110811081106110821014
:1023800081108110A218A218A318A218C218A318AD
:10239000A218A218A218A218A218A210A218A21875
:1023A000A218A2188210A218A2188210A218A218AD
:1023B000A210A21882188110A1108218821882100F
:1023C0008110A21082188218A2188210A2108218FE
:1023D000821082188110A210A218A11882108110F8
:1023E000A218811082108110A21882188210821007
:1023F0008218811081188210811082188210821830
:102400008110821882108218811881108210811820
:102410008218A218821881188118A2188218A2188E
:10242000A218A2200572268AE15861404038203067
:102430004030E24073EDF6F5B5ED16F6F5ED74DDDE
:10244000EEAB2B8B8D9B2FAC8C934C8B8D936C8B2D
:1024500050AC91B450B4EEA350B491BC50B4AE9B08
:102460004C8B0B83EA828972A97AAA7A897A476AA5
:10247000C65965494441E659C659E75927628972E8
:10248000CA7AEB8228628972C651C6518872687214
:10249000A97AE6596C9B4FBC6FC42FBCEEBBCA8AAD
:1024A000E23081186118811861108210811881183A
:1024B00082106110811081188110621881106110E2
:1024C0008110821061186110621061106218811809
:1024D0006110611082186110611061186210611042
:1024E00061108118611061108110811061108110DC
:1024F0008110611061106110611061106110611034
:102500006110611061106110611081108110611003
:1025100061108110611081106110611061106110F3
:1025200061106110611061106110811081106110E3
:1025300061108110811061106110811061106110B3
:102540008110811082108110611061108110811042
:1025500082108210811081108210811081108118E8
:1025600082108110A218A310C218A218A318A210DA
:10257000A218A318A210A318A218A21882108218D9
:10258000A210A218821882108218A218A210821813
:102590008218A118A2108218A218A210A218A218BC
:1025A000A210A2108210A2108118A2188210811805
:1025B000A2188210811082108218A218821081182D
:1025C000821082108118821081108118A218821046
:1025D000A21881188218821081108218A218811006
:1025E00082188218A210811882188218811081180E
:1025F000821882108218821882188118A218A218D4
:10260000A2200572679AE1608048804841384038CE
:102610006138E24033E5F6F5F6F5F6F5F6EDB5E5A9
:1026200073DD90BC8C934B8B8C930A838D936C934E
:10263000CE9B8D93EEA3AE9BAD9BEEA36D93EB82F1
:10264000A9728972897207628972A9720762E76149
:10265000854923394441E659C651E6592862076243
:10266000686A696A0B83486A4862E6512762E659DC
:102670000762EDAB2EB490CC70CC70CC4FCC687AA6
:10268000635903498118611881108118611061181C
:102690006110811061106118811061186218811039
:1026A0006110621861108118611881106110811029
:1026B000611081186110611081186110811061181A
:1026C00081108218811861108110611081106110D1
:1026D00081188110611061108110611081106110EA
:1026E0006110811061106110611061108110811002
:1026F000811061106108611061106110810861082A
:1027000061108110611061108110611081106110E1
:1027100061106110811061108110811061106110D1
:1027200061088110811061106110811061108118A1
:10273000811061108110621081108110621081106F
:1027400081108110A218A218A318A218A210A21812
:10275000A218A218A210A218A218A218A3188210D8
:10276000A218A210A218A2188218A218A218A210C9
:10277000A218A1108218A218A2188210A218A218DA
:1027800082188218A210A2188218A218A210A210F1
:1027900081188218A2188110A2108218811082104C
:1027A0008218A21882188110821882108218821052
:1027B000811882188210A218811082188118A21024
:1027C00081108110811082108110A218811082184E
:1027D000821081108218A21881188118A218A220D4
:1027E000845109B34371C158E15880488048604022
:1027F0006038A138B1D4F6F557FE37F694E594E584
:1028000032D573DDF1CC8972EA826C934C830B83F1
:102810002B838C936C934C8BEFA38D93EA7AAA72E3
:10282000486A686A2862285A286289726872A551C3
:102830004441854944416541A651C651486AC6593B
:10284000075A07622762A551075AE6592762E659D7
:102850002B932EBC6FC4B1D470CC2FC44FCC487A0C
:102860002028846123498118611861188118821811
:102870006110811881186110811081106110611040
:102880006110611081186110811061186110611070
:10289000611081106110611062106110611061108F
:1028A0006118611081106110611081186110611050
:1028B0008110611061106110611861106110611068
:1028C0008110611061108110611061106110611040
:1028D0008110611061106110811061106110611030
:1028E0008110610861108110611061108110611008
:1028F00061108210811061106210811081108110AE
:1029000081106110611082108110821061106110BD
:1029100062106110811081106210811062108110AC
:1029200061108210A218A318C218A218A318C21806
:10293000A218A218A218A218A218A210A218A218CF
:10294000A218A2108210A2188118A218A210821830
:10295000A21082188210A110A2188218A210811051
:1029600082188210A218811082108218A118821871
:10297000A2108210A2188118A210A2188218811029
:10298000811082188110A2188210A2188110811063
:10299000821882108118811881108210811082188B
:1029A000821082108218811081188218811081187B
:1029B00082188118A2108218A118A218A220C22879
:1029C00009AB058AC1580161C158804881488140DE
:1029D0006038603890CCF6F5F6F533DD73E574E5D4
:1029E000D1CC32D5D1CCD1C4CDA3886A0A83696A4F
:1029F0004C83AA72896AEA7A0B830B83AA72686A8B
:102A00004862075AE6518549C651486A2762A6516D
:102A1000854965410439243965494441E659A54948
:102A20008549A649A5496549075AE659C6592A93D1
:102A3000EDAB90CC6FC4B0CC90CC90CC2FC42872AE
:102A4000A1404028C4714351811861186110811060
:102A5000821881186110821082186110811081180B
:102A60008110611061106110611061108118611096
:102A7000611861106118811861106118811062106D
:102A80006110811061186110611081106110811056
:102A90006110811061186110811061108110611046
:102AA000611061108110611061106110611061107E
:102AB0006110811061086110611061108110821035
:102AC000611061088110611061088110811061102E
:102AD0006108811061108110611061108110611016
:102AE00081106110811061108110611082108110BD
:102AF0008110811081108110811881108110821045
:102B000061108110A218A218A318C218A218A31845
:102B1000A218A318A318A210A318A218A210A218F2
:102B2000A2188218A218A218A218A218A218A118F6
:102B3000A218A218A218A21082188218A21082103D
:102B40008218A2108218A2188210A2188210821075
:102B50008118A218821082108110A218821882187F
:102B60008110A11882188110811082188218821099
:102B700081108218821881108218821882108110A8
:102B80008118A21882188118821882108118811861
:102B9000A2188210A21882188218A218A220678296
:102BA00029BB42690161C158C158A050804880408A
:102BB000613840384FBCD5F5F6F5F6F594E573DD90
:102BC00033DDF1D412D5F1CCF1CC4FB42862486298
:102BD000486A896A2862896AA97248624862C6514D
:102BE000E6518549444124394439C651A651243916
:102BF000454103312439243903392439C651443934
:102C000024390331C65148620762E6594B932EB40A
:102C10006FC48FC4D0D4F1DCF1DCB1D450CC2872B5
:102C20008140C140A140E47923498218611881188C
:102C300061106110811861106118811861106110B4
:102C40008218611861108110811061186110811063
:102C5000611061108118811061106110811061187C
:102C60006118811081188118611081108110611024
:102C70008118811061108110611081106110811024
:102C8000611081106110611061108110611061107C
:102C9000611061108110611061106110811061106C
:102CA000811061106110611061106110611061107C
:102CB000611081106210611061106110611081104B
:102CC0006210821061108210611061108110611019
:102CD00061108210811061108110821082106210C8
:102CE00061108110C218A210A318A218A210C31854
:102CF000A210A218A218A218A218A218A218A21014
:102D0000A218A210A210A21082188210A110A2185C
:102D10008218A21082188218A210A2108218A2187B
:102D20008210A2188110A218A21881108110A21876
:102D30008118A218821081188218821081108210C6
:102D4000821882108210A2188110811082188210BD
:102D500081108218821882108110821881188210C6
:102D600081188110821081188110811882108218B8
:102D70008210811081188118A2188118C22849BBBD
:102D8000469AC1584269C158A050805060404038AE
:102D9000403840302FBCD5F5F6F5F6F516F694E53B
:102DA00074E532DD32D553DDF1D490C4EEB38972CF
:102DB000E759075AE751E751075A454165414439F8
:102DC000043945390339E330C328243944414539AE
:102DD000E330C3280331C3280331E3280431243905
:102DE00065498549C659286A486AEDAB4FBC6FBC36
:102DF0006FC4D0D4F1DCF1DCF2DCB1D470CC276A42
:102E00004038E250A1400251C47123498118611039
:102E100081106110811861108110811061106110A2
:102E2000611081106118811081106110611081188A
:102E30008118611061108110811081106110821061
:102E400061106110811061106110811061106110BA
:102E50006110611061108118611081108110611082
:102E6000611061106110611081106110611081109A
:102E70006110611081106110611081106110610892
:102E800061108110611061106108611061106110A2
:102E90006110611061108110811081106110821029
:102EA000611061108110811061108110811061101A
:102EB00061106110811081108110611081108118E2
:102EC00082108110A218A318C218A218A218A21862
:102ED000A218A210A218A218A210A210A21882185A
:102EE0008218A218A218821882108218A218A2189A
:102EF00082188218A210A21882108118A2188110BC
:102F0000A2188218A21081108218821881188218C3
:102F1000A2108110A210821881188210A2188110AC
:102F200081108110821882188218A11882188110CD
:102F30008210A118811082188110811882108218C5
:102F400082188110821881188110A21881188110AE
:102F5000821881188210A218A218A120067249BBFB
:102F6000637102590269C15880488040213040286D
:102F7000202821280EB4D5F5F6F595EDF6EDD5ED22
:102F800032DDF1D432DD73DD94E552DD90CC6FCCCF
:102F9000CDB3686A8549E7592762E651A65185494C
:102FA000C65165416541444165498549444165498A
:102FB0006541444124414441C651A651C651654929
:102FC0008551276AC65988728CA36FC46FC490C498
:102FD0006FC490CCD1D412DDB1D4B0D44FCC4872F0
:102FE00040388140225940308469A47103418118DE
:102FF0006118821881106118611861188118811098
:1030000061106110811862186110811061106110E7
:1030100061108110611061188110611061108110C0
:1030200061106118611061186110811061106110E8
:1030300061106118611861106110611081106110D8
:1030400061108110611061108108811061086110A8
:1030500081086110611061106110611061106110D0
:103060006110611061088110810861108110611088
:103070008110611061108110611061108110611068
:103080008210611081108110621081106110621035
:1030900081108110611081108218821061106110FE
:1030A00082108110A218A218A318C218A210A31887
:1030B000A218C218A210A218A218A218A210A21830
:1030C000A218A210A218A218A218A218A218821858
:1030D000A2188218A21882108218A218A210A21890
:1030E000A2188218A2188218A2188210A2188210A0
:1030F0008110A2188210A210A21882108218A218A1
:1031000082188110811082188210A2108110821002
:103110008218821881108110A218811081108218E3
:10312000A110A218821082108118821081108118BB
:10313000A118A2188218A118A218A22049B387A228
:10314000E1580259C058A058403840302128201872
:1031500000102118ADABB5F537F617F6D6EDD5ED65
:10316000B5ED53DD53DDB4E573DD32DDD0CC6FC496
:10317000EEBB8CA3CCA3EA82C659075AE759486A2A
:103180002762476A276A276AE661E6612762066264
:10319000E661E661C659C659C6516449855165491B
:1031A000C559887A4B932EB46FC46FC4B0CCB0CCE1
:1031B000D1D4F1DCF1DCD1DCB1D490D470D4687A14
:1031C000403840380259E248A1404361C571E238B5
:1031D0008118811861188118821861108110621895
:1031E0006110611061106110611061188118611027
:1031F00061106110611081186110611061108110FF
:10320000611061106118611061106110611061102E
:1032100061106110611061106110811061108110E6
:1032200061106110611081108110611061108110B6
:1032300061106110811061108110611061088110AE
:1032400061106110611061108110811061086110BE
:103250008110611081106110611081106110811066
:103260008110811081108210611062108110611034
:103270006210611081106110611081108110821044
:1032800081108110A218A218A318A218A218A218BF
:10329000A218A218A218A218A210A218A218A2106E
:1032A0008210A218A2188210A210A110A218A210B7
:1032B000A21881108218A110A210A21882188218D8
:1032C000A210A2188110A218A210A21882188218A7
:1032D000A218811881108110821081108110A2180B
:1032E0008210811082188218821881108110821831
:1032F000821881108218821881108110821081102A
:103300008110811881108210811881108218811813
:103310008218A1188218A218A2200672ABCB058AC7
:10332000A150C158C058A0502028212020180008C2
:10333000001021188CA374ED16F616F6D5ED74E581
:10334000D5EDF6ED32D512D553DD53DDF2D411D5DE
:10335000F1DC12DD2EBCCDA30EACCDAB4B93EA82DB
:103360008872A97A6872276A0762E661E661E66197
:10337000C659C55964496549C551A551276A887A16
:103380004B9BCCAB0EB46FBC8FC4B0CC4FBCB0CC9D
:10339000D0D411DDF2DCD1D490D4B1D44FCC697249
:1033A00040384038A04022596030435922590582A4
:1033B000A469C23081186110811861106110611018
:1033C000811081186110611061106110611061102D
:1033D0008118811061106110611061106118611015
:1033E00061108110811081186110611081106110CD
:1033F00081186110811061108110611061106118D5
:103400006110611061106110611061106110611034
:10341000611061106110611061108110611061080C
:10342000811081108108611061106110611081109C
:103430008110611062106110811082106110811082
:103440006110611061108110811061108110611094
:103450008110811081106110811081106210811023
:1034600081108110A218A318C218C218A218C3187C
:10347000A218A218A210A318A218A210A218A2188B
:10348000A218A218A2188210A218A2188210A218BC
:10349000821882188210A21882188210A210A21814
:1034A00081108210A218A11882108218A118811010
:1034B000821882108210821881188110821082185E
:1034C00081108110A2188218811082108218811038
:1034D000A210811081188210821881108218821027
:1034E000821881188210821881188210811882181F
:1034F00082108118A118A218A22008A38BCBA4794E
:10350000A148C150805060402118001000080008F8
:10351000200881284BA333E5D5F5F6F5B5EDF6ED9A
:1035200094E573E5B5E553DDD1CC53DD73DD73E58B
:1035300073DD32DD12D532DDB0C44EBC8FC48FC412
:103540006EBCACA36B9BE9822A8B0A8BC97AC982B9
:10355000A87AA87AE9820A8B0A8BEA928BA30DBC1F
:10356000EDAB2EBC8FC46FC490C44FBC8FC4B0D41D
:1035700012DDF1DCB1D4F1DC90CC70D470CC4872A7
:103580002030403860380259E25040304359836956
:10359000268A057A234181186118811881108118C3
:1035A000611061106118811061188110611061183B
:1035B0006118611082106118621061188110821800
:1035C000611861106110611881106110611861103B
:1035D000611061106110611081106110611861103B
:1035E0008110611061106110611081106110611013
:1035F000810861106110611061106110811061100B
:103600006110811061106110611061106110611012
:1036100081106110611062108110611061106110E1
:103620008110611082106110611081108110621090
:10363000621061108110611082108210811062107E
:1036400082106110A218A218A218A218A318A21022
:10365000A218A318A218A210A318A218A218A218A0
:10366000A21082188218A2108218A218A218811023
:10367000A2188218A1188218A218A110A210A218CC
:103680008210A21881108218811882108218A21844
:1036900081108210A21081108218A2188210821844
:1036A000A11081108218811081108210811082185F
:1036B0008210821081188110811081188110821867
:1036C000811082188218811882108110821881104E
:1036D0008110A2188118A21822418AC36AC3837973
:1036E000C150C150604020200008000000080008C0
:1036F0002110A138E992D1DC74ED74ED16F6B5E530
:10370000D5EDB4ED53DDB4E553DDF1D432DD73DD39
:10371000B4E516EEB4E553DD12D58FC44FBC6FC4CB
:10372000F1D4D0CC90C42EB4CCAB8CA36B9B0A8BC1
:10373000E982E98A0A934A9B4A9BACABEDB32EBC63
:103740006EC48FC4D0CC2EBC90C4D1CCF1DCB0D42C
:1037500012DD12DDD1DCB1D4F2DCB1DC70D46972DF
:10376000202040386038A140225961302359E14877
:10377000058AC479268AE238811881186210811876
:103780008210611061106110811061186110811048
:103790006110611061106110811081106110811041
:1037A0006110611061106110611061186110611089
:1037B0006110611861106110611061106110811059
:1037C0006110811061106110811061106108611039
:1037D0006110611061106110611061106110611061
:1037E0008110611061106110811061106110611011
:1037F0006210611061106110811061106110811000
:103800008110811081106110611081106110811090
:10381000811061106110811082106110611082109E
:1038200081108110A218A218A318A218A218C218F9
:10383000A218A218A218A218A218A2108210A218E8
:10384000A218A218A218A21882108218A218A210F8
:10385000A218A218A210A218811082108218811832
:103860008210A210A2188210A218A2108218A21010
:1038700081188118821082108210A1108218811084
:10388000821082188210811082108110821882109A
:10389000811082188218821081188118821081107C
:1038A000811081188218811881188218811082185D
:1038B000821081188218A218267A8BCB29BBA47992
:1038C000C150A150002800080008000000000108B5
:1038D00081308138A88A90D453E594ED95E516F6A9
:1038E000B5ED54E5B4E553DDB5ED94E512D512D54B
:1038F00073E5D5EDB4E5D5EDD5EDB4ED12D5F1D444
:10390000B0CC8FC46FC46FC42EB40DB4CCAB4A938B
:10391000098B2A93098B4A936BA3CCABACAB0DB448
:103920004EC48FC46FBC2EBC8FC490CCB0D4F1DC1D
:10393000F1DC12DDF2DCD1DCB1D4B1D470D4286A70
:103940002018202840386038A148C24860304361C0
:10395000C479058A058A057A811882186110611870
:103960006118611061188110611061108118611077
:103970006118811061106118611061106118611087
:10398000821061108118611061106110611081183E
:103990006110611881106118611881106110611047
:1039A000611061106110811061106110611081104F
:1039B0006110611061108110611061106108611067
:1039C0006110610861106110611081106110611057
:1039D00061106110811061108110611081106110FF
:1039E00061106110811082108110821061188110A5
:1039F000821062108110611082108110821061109B
:103A000081108110A218C318A218A218C218A310FE
:103A1000A218A218A210A218A218A210A218821806
:103A2000A210A218A2188210A218A218A21082181E
:103A3000811082108218A2188210A218A210A21857
:103A40008210821881108110A2108218A110A21871
:103A5000821082108110A1188210821881108210A9
:103A600082188118811082188210811082188118A2
:103A70008110821082188118821082188218821098
:103A80008110811082108110A21882188118811073
:103A900082188218A118A22009AB8BCB09BB8479AC
:103AA000E258C15000184128613000100008612818
:103AB0008138813027720EC412DDB5EDD5ED17F6D1
:103AC000F6ED94E5B5E5B5E512DD33DDB5E573DD7D
:103AD00053DD94E5F5ED58F678FEF6EDD5ED32DDE3
:103AE000F1D4F1D4D0CCF1D4D1D4B0CC6EC4CCAB21
:103AF000ACAB8BA36B9B8CA38CA38BA30DB40DB42D
:103B00006FC48FC44FC46FBC90C4D1D412E5F2E42B
:103B100012E512E5F1DCD1DCB1DCB1D470CCC659D0
:103B200000182020413840386038A14820286361BF
:103B300063696692C47946920241811881186118BE
:103B40008110611061108118811061108110611065
:103B50008118611081188118611061108110611045
:103B6000811081106110611881106110611861105D
:103B7000611061106110611081106110611061109D
:103B8000811081106110811081106110611061102D
:103B90006110611081106110611061088110811045
:103BA000611061106108811061106108811061105D
:103BB00061108210611081106110811061108110FC
:103BC000611061108110611061108110611081100D
:103BD0008110611881108110821081108110811074
:103BE00081106118A218A218A210A218A318A2107E
:103BF000A218A218A2108210A218A218A21082184D
:103C0000A210A2188218A210A118A2188210A2183D
:103C1000A2188110A2188210A118A2188210A2184E
:103C2000A218821082108118A218811082188110A7
:103C300082188218A11082108210821881108210BE
:103C400081188210821881188110811082108210D0
:103C500082188110811082188110611081108218E1
:103C600081108210811081188218811882188118A1
:103C70008218A218A218A4616AC3ABCB29BBC48165
:103C8000C1500261202041308138202061308138CC
:103C900060384030C5618CABB1D474ED94EDD6F58D
:103CA00037F616F6D6ED94E594E594E594E594E5BB
:103CB00012DD53DDF6ED57FE98FE16F694E5B5EDF0
:103CC00094E532DD53E552DD53E511DD8FCC6FC451
:103CD0006FC44FC4EDB32EBCEDB32EBC6FC44FBC4C
:103CE0002EBC6FCC2EBCEEB390CCB0D4F1E4D1DCC2
:103CF000D1DCD1DCF2DCF2DCD1DCB1DC2FC444411C
:103D000041180010403061406038C1488140025184
:103D100063694692E581258AC57181186118811809
:103D2000611861188118621061188118611081187A
:103D300061106110811082106118611062106118A9
:103D4000611881106110611061186110811061109B
:103D500061106110611081106110611061106118B3
:103D600061106110611061106110611061108110AB
:103D7000611061106110611061108110611061109B
:103D80008110611061108110610861106110611073
:103D90008110611062106110811061086110811042
:103DA00081108110811081108110811061106210CA
:103DB00081106110611061108118621081108210F1
:103DC00082108110A218A318A218C218A218A21853
:103DD000A218A218A318A218A210A218A218A21022
:103DE0008218A21882108218A2108110A2188218BC
:103DF000A218A218A2108210A2188210A218A2184B
:103E0000811081108218A2108210821082108110FD
:103E100082188118821082108218A11081108210DD
:103E200081188110821081108210821881108110F7
:103E300082108110811081188110811082188110E8
:103E400082108210821881108110821881188218C5
:103E50008118A218A220A79A6AC38BCB4AC3058AED
:103E6000E2584269813840306138403081388138C9
:103E70006138403064510B9B4FCC12E554E5D5F5C9
:103E8000F6F5D6ED17F6D5EDB5EDD5EDD5EDD5EDCD
:103E9000B5ED74E5D5ED57F678FE78FEF5ED94E5D1
:103EA00094E512DD12DD32DD32E552E5F1DCB0CC15
:103EB00090CC4FC48FC490C46FC46FC44FBC0EBCB1
:103EC0004FC490CC8FC4F1DCF1DCB0D4F1E4F1DC70
:103ED000F2DCD1DCD1DCD1DCD1DCB1DC8DABA228D1
:103EE00021180010202860406140A140E250603855
:103EF0008371058A4692058A258A235943512349AD
:103F000081186118611861106118611081186118B9
:103F100061108118611061106110811061106110D1
:103F200061106118611061106110611061108118D9
:103F30006118611081106110611081106110811091
:103F400061106110611061106110610881106110D1
:103F500061106110811061106110611061106108C1
:103F60006110811061086110611081106110821070
:103F70008110611081108110611061108110611039
:103F80006108611061108110611061108110811051
:103F900081106210821081108110621081106110F6
:103FA00081106110A218A218C318A318A218A21891
:103FB000A318A218A218A218A218A210A218A21838
:103FC000A210A218A218A2188218A210A210811082
:103FD0008210A2188210A21882108210A2188110DA
:103FE0008210A218A2188118A11082188110A210A4
:103FF00082108110A21881188210811882188210F4
:104000008110821881108218811082188118A110E5
:1040100081108218821882108110821881188210F3
:1040200081108118821082188118811082188118DD
:104030008118A218C22809B36AC38ACB6AC3269220
:1040400042714271C1482028613861388140A138ED
:1040500061304030E3408982CDB3B1D433E553E5DC
:1040600053E5B5ED16F6D6EDD5EDF6ED74E553E571
:10407000F6F5B5EDD5ED36F637F678FE37FEF6F502
:10408000B5EDB4E573E553E553E532DDF1DCF1DC84
:10409000D1D490CC90CC90CCB0CC90C44FC40EBCBA
:1040A0002EC4B0D4D1D412DDD1D4F2DCF2E4B1DC30
:1040B000D1DCF2E4F2E4F2DCB1D470CCC98A612044
:1040C0000008001020288040A148A1482259A140A2
:1040D000836983716692058A4692A479C479C4790A
:1040E000A46963518120C228812061186118811858
:1040F00061186118611861186110611881186110E8
:1041000061108110611881108110611861106110B7
:1041100061106118611061106110611061108110EF
:1041200061106110811061108110611061108110A7
:1041300061086110611081106110611081106110BF
:10414000611081108110811081106108811061104F
:104150008210811061108210611082108110621033
:104160008110811061108210811061108110811006
:104170006110811061108110821061106110621055
:1041800081108110A218A218A218A218A218A310B8
:10419000A218A218A218A318A218A2188210A21876
:1041A000A218A2108210A218A218A2188218A21097
:1041B000A2188110A218A2188110A21882188210C9
:1041C0008210821082108110811882188218821841
:1041D000811082188210A218821082188218811011
:1041E0008210811082188110811082108210821832
:1041F000821081108118811081108210821061104C
:104200008118821881108218611081188218821812
:10421000A218A220434949C36AC38ACB6ACB87AAA2
:10422000C4816271C14800204030813880388138B3
:1042300060302028C23806724BA34FC4F2DC74ED04
:1042400094ED94EDB5F5F6F553E595ED74ED33E5A4
:1042500033E594ED94EDF6F516F617FEF6F5D5F583
:10426000D5F5B4ED94ED73E533E532E532DD12DDDD
:10427000F1DCB0D4B0CCB0D46FCC70CC90CC90CCBE
:10428000B1D4F1DCF2DCD1DCD1DCF2DCD1DCD1DC8C
:10429000F2E4F1DCF2DCD1DC70CCADB3E6614118C4
:1042A000000800082020A048C150C1482261436195
:1042B00022596369459245926692E481C48183697B
:1042C00002514359E240A2304449E2382349C23006
:1042D000812061186118611861106110611061100E
:1042E000611861106110611861106110811861100E
:1042F00061106110811061188110611861106110E6
:104300006118611081106110611061106108611005
:1043100081106110811061086110611081106110BD
:104320008110611081106110811061106110811085
:104330006210611082108110811082108110611052
:104340008210821061108110811082108110811002
:1043500082108110811062108110821082108218E8
:1043600082108110A218A218C318A218A218A218AD
:10437000C218A318A210A218A218A318A218A2105B
:10438000A218A218A21082108210A118A218A218B6
:104390008218A218A2108218A110A218A218A2189E
:1043A000A2188110821082108210A210811082182F
:1043B0008218821082188110811082108110821858
:1043C0008110821882108110821881108218811049
:1043D000811082108118811861108110811082185B
:1043E0006210811081186210811082188118811862
:1043F00082188220846149C34AC36ACB49C329BB5E
:10440000469A8479613820202028613860386030ED
:104410004030402881308559CA92EDB390D412DDE6
:1044200033E595ED94E512E533E573E594ED74E538
:1044300074EDB5ED94ED94EDF5F516F6F6F5D5F5CC
:10444000B5F574ED73E574ED53E532E532DD12DD5B
:10445000F2DCB1D4B1D4B0CC70CC70CCB0D4D1DC5F
:10446000F1DC12DDF2DCF1D4F1DCD2DC12E5F2DCBD
:1044700012E512E5F2DC90D4EEBBEA92E3402010A4
:10448000000800082020A150E150C150025963618A
:10449000C1488371048A669A469A058AC479E248BB
:1044A0006030225102512010E238812802414359E4
:1044B000635943512349C230A1286118611861181A
:1044C0006118611861186118601861186118611825
:1044D0006118611861186110611861106110611034
:1044E0008110811061108110811081106110811084
:1044F0008110611061108110811081106110811094
:1045000062108110611061108110811061108110A2
:10451000821081108210821081108110821082100E
:104520008110811082108110811081108110811002
:1045300082108110821882108110811081108110E8
:1045400061188210A218A218A218A318A218A2100B
:10455000A318A218A218A210A2108218A210A218C2
:1045600082108218A218821082108218A11882105C
:104570008210A21882188110A21082108210A11835
:10458000A11882108218A218811082108118811837
:104590008210A21081108218A11082188218811036
:1045A0008110811082188110821081108218811070
:1045B0008218811082108110821861188110611098
:1045C0006210611081188118611881188118811892
:1045D0008218A120E5714AC349C34AC309BB4AC333
:1045E00087AA059281382018002020286138613080
:1045F0004028202841282349487A6CA32FC4D1D4CD
:10460000B1D413E533E553E574E553E553E553E5DC
:1046100074ED94ED74ED53E594EDD5F5D5F5B5ED68
:1046200053ED53E554E553E553E512DD32DD12DD7C
:10463000B1D4D1D4B0CC90CCB0D490D490D4F1DC5F
:1046400032DD12DDD2DCF2DCD2DCF2DCF2DCF2DCD8
:10465000F2DC12DDB1DC70CC6CA3E669813020188D
:10466000000820082020C150E158015902598371E7
:10467000A140A479A371679A4692E481A371613045
:1046800040300251435900084210211021104220AD
:10469000A230E24023592251E240E240C238E230E7
:1046A000A130A228A128A228A128A228C230E23045
:1046B000E23002412341E330812061186118611822
:1046C0006110611061106110811061106110811022
:1046D000611061108110611061106110610881101A
:1046E00061108110811061108110611082106110C1
:1046F000811082108110821081108210821881181E
:10470000811082108110821881108110821882100D
:10471000811881108110811062108118821081101F
:1047200081108110A218A318A218A218A218A2180A
:10473000A218A218A218A218A210A2108218821001
:104740008210A218A218A218A1188218A210A118EB
:10475000A218A210A218A2188218A2188210821001
:10476000811082108118A118811082108218811086
:104770008210811882188210A21881108210A2184B
:10478000821882188110811882108110821881107D
:104790008210821881108110821061188210811895
:1047A000811862188218821882204441A22823416D
:1047B000E5698792A8A249C349C309C329C308BBB5
:1047C00049C3669AE581A23800180020413061385B
:1047D000202820202020C238C561EA92ADB34FC402
:1047E000B1D4F2DC33E533E553E553E574ED74ED14
:1047F00053E533E553E553E533E594ED94ED74ED7E
:1048000033E533E553ED12DD53E513DDF2DCD1DCA6
:10481000B0CC90CC70CC4FCC90CCB1D4F1DCF2DCED
:1048200012DDF2DCF2DCF2DCD1DCD1DCD1DCF2DC5A
:10483000F2DCB1D450CCCDB389824451412041182F
:10484000200800082118C1500159226102618371BA
:104850002259A4714269669A469AE48142612028ED
:10486000813843614359000043102208010043107E
:1048700042082208211040206128411821102010F0
:10488000201020080108000800082108210800085D
:10489000000821108220E338444964512341E33069
:1048A0008118611861106110811061106110811010
:1048B00061108110811061108110621081108210CE
:1048C00061108210611081106110821082108210BC
:1048D0008110821082188118811082108118811035
:1048E0008218A218821881108218821882108118EA
:1048F0008210821082108110821882108210611042
:1049000082108110A218A218A210A318A218A2182F
:10491000A210A218A218A210A218A2188218A210FF
:10492000A2108218A210A2188218A218A21882102F
:104930008218A11081108210A21882108218821091
:1049400082108218A21082108218821081108210A8
:10495000A2188110821082108110811081108210A3
:1049600082188210821081188210821081108110AA
:1049700082108118821861108110811062188218CB
:10498000821881188218E230878A26820341C57115
:104990008471C579058A09B34AC308BB08BBE8BA64
:1049A00009BB08BB2692C4812351402820284030EF
:1049B00040302020002061284451687A2B9BCDB3E1
:1049C00070CCD2DCF1DC12DDF2DCD2DC12DD13E5DE
:1049D00013DD33E512DD12DDF2DC12E553E554EDB3
:1049E00094ED53E533E533E512DDF2DCF2DCD1D4AE
:1049F000B1D490CC70CC90CCB1D4D1D4F2DC33E52E
:104A000012E5F2DCD1DCB1D4B1D4D1DCF2DCB1DC22
:104A100090D44FCCCEB32B9B076AA23841204118CB
:104A2000001000082008A148226142694269837190
:104A3000A471436943612592669AC479C1484028AC
:104A4000E248836922510000431022082100230814
:104A500043082208000000000000000022080000B7
:104A6000000000000000000000002208010000001B
:104A7000000000000108430842104210C228E33839
:104A8000034144492341A22861186110611081103B
:104A9000811061106110611061108110621061104D
:104AA00082106110811082106110811082108210BA
:104AB0008110821081108218821081108210821061
:104AC0008218A218A11081108218821081108118FA
:104AD000821081108110821881108110811082183B
:104AE00081108110A218A218C318A210A218A2182F
:104AF000A318A310A2188210A218A2188218A2103C
:104B00008218821082188118A2108118A218A21887
:104B1000A21082188110A218A21082188110A21867
:104B20008218A118821082108110A218A218821077
:104B300081188210811082188110821082108110D9
:104B400081108110811882108110811881108210CB
:104B5000821081188110821881188118821881189A
:104B6000811864494782C471646184204410C24042
:104B7000C571C148426187A249C308BBC8B2E8BA3F
:104B8000C8B209BBC8B2469AE589837163612359EB
:104B9000C148402800202020E240C669A98A8CAB89
:104BA000EEBB70CC91D4D1D4D1DCD2DCD1D4F2DC48
:104BB000F2DCD1DCF2DCF2DCD2DCB1D4D2DCF2DC2F
:104BC00033E533E513E512DDF2DCF2DCB1D4D1D408
:104BD000B1D490CCB1D490CCB1D4F2DC12DD32E5BA
:104BE00012DDD1D490D470D4B1D4B1D490D450CCFF
:104BF0002FC40EBC4BA36882444982288228201807
:104C0000011000080008813822696379837163719B
:104C1000E48102598369058A869A847181386130FA
:104C2000E24883712251200043102208010022082B
:104C300022000000000000000000210842080100DE
:104C40000000000000000000210002000000000041
:104C50000000000022084308220801000000421062
:104C6000220842088228244164496449A22061182C
:104C7000611861108118811061108110611081101C
:104C800081106110811081108210811081108110BB
:104C900081108210811882108210A2188118A2102F
:104CA000811082108110A218A21881108110811821
:104CB000821882108210821081188110821082184E
:104CC00081108210A218A218A218A218A318A21864
:104CD000A210A218A218A218A218A2188210A21834
:104CE000A218A218A218A2188210A2188218A2183C
:104CF0008118A2188210821882188110A2108110C7
:104D00008218A2108118A2188110A2188210811096
:104D100082188210821081188218821881108218DD
:104D2000A1188218811082188218821081188218A6
:104D3000821081188118821882188218A220A56119
:104D400067822682245164208420851885184310A8
:104D500023596369A140837108BB29C3E8B2E8B253
:104D6000E8BAE8B2E8B2C8B2669A058AA379C4790B
:104D70002692058223592020612824492772EA922D
:104D80008CABCDB34FC450CC90CC70CC90D4B1DCB4
:104D9000B1D4D1DCD2DCD2DCD2DC90D470CC91D4D2
:104DA000F2DCF2DCF2DCF2DCF2DCD1D4D1D4B1D42E
:104DB00091CC91CCB1D4B1D4B1D4D1DCF2DCF2DC61
:104DC000D2D490CC70CC70CC70CC2FCC2FC4CDB3BF
:104DD000ADAB4CA38882C661C23841208228201026
:104DE00020100008000861304269A479A481837909
:104DF000C48102598371C479879A636140306030FD
:104E00002259A479E2482110822042102208010090
:104E100000000000000001082110211042102100B4
:104E200021080000210801002208210800000000DC
:104E3000000021002208431022080000010022087F
:104E40002200010000004210A418A328644965490B
:104E50002441822081186218821061108110821012
:104E60006110621061108110811082188210821806
:104E7000821081188210821881108210A218A21844
:104E8000A218821881108218A2188110A21882100C
:104E9000821881108110A218821082108210811055
:104EA00082108110A218A218A210A218C218A21073
:104EB000A218A218A218A218A210A210A218A2103A
:104EC000A218A218A210A2188110A210A218811074
:104ED000A218A110A2188210A2188218A110821084
:104EE00082188110821082188110A21882108110FD
:104EF0008110811082108110821081108110821027
:104F000082188110821881108110821081188218F5
:104F100061188218821881184449067AA792268A55
:104F200044596418641864104410441085186518B6
:104F30002210436102598140669A49C309BBC7B236
:104F4000E8BAE8BAC7B2A7AAC7B2A7AA2592E48965
:104F5000C479A4792592268A0249A2386459477AED
:104F60000A934BA3ADB3EEBB0FC42FC40EC42FC422
:104F700070CC90D491D4D1DCB1D4B1D470CC90D4D5
:104F8000B1D490D4F2DCD2DCF2DCB1D4B1D491CC87
:104F900090CC70CC70CC90CC90CCD1D4D1D4F2DC6D
:104FA000B1D470CC50C42FC40FC4EEBBADB36CA34E
:104FB0006CA3EA92277244496128612820182010C6
:104FC00000102008000841202161C4810592C4819D
:104FD000A4814361C4798371669A2251403081383B
:104FE0002259E579035140280251C240211820106E
:104FF0000000000820206130A140C140A138612894
:1050000020202018402861308130412020080008ED
:1050100020188130C140A130210821082108220830
:1050200000000000000022086410641063104210A9
:10503000C32844498551E3306118811081108210E2
:1050400081108110821882188210811081108210C4
:1050500081108110821081108118821081108110BE
:10506000A2188210A110821081108218A210821042
:105070008110A2188218811081108218A118811045
:1050800082108110A318A218A318A318A218A2189E
:10509000A318A218A2108210A2188218A2188210B7
:1050A000A218A2188218A210A218A218A218A21858
:1050B000A21882188218A110A218A21882188210B1
:1050C000A2188218A21882108118821882188110E2
:1050D0008118821882108210821882108210811822
:1050E000811082108110611882188218821882182B
:1050F00082182341E5718792A79A66928469642099
:105100008518651064106510441023084310641856
:10511000431041202359C1482261E7B249C329C342
:10512000C7B2E8BAE8BAC8B2C8B229BBC8B2669A70
:105130002592E489A479C4814692A4690349A561B2
:10514000487AC98A0B9B4BA3ADB3ADB3EEBBEEBBA4
:105150000FBC2FC42FCC90D491D470CC70CC50CC39
:1051600091CCB1D4D2D4D1D470CC70CC91CC70CC01
:1051700091CC90CC90CC70CC70CCB1D4D1D4B1D4F3
:1051800090CC50C44FC42FC4EEBBCDB38DAB6CA339
:105190002B9B487A8559E338612841202110001063
:1051A000211020104020A140E150C389459A05926A
:1051B000A4814369E481C479669AC148403081384A
:1051C0002259E581C14081380251C2402020201877
:1051D000001020206030C148E148E150A1408138F2
:1051E0006130613060308138A1386030202020206B
:1051F00040288140E248E248A1408138613061287E
:105200002018201020106120632063100208000085
:105210002108A418C5208549855181186118811875
:10522000811081108210811882108218A2188110BA
:105230008218A2188110A210A21882108110821068
:1052400082188110821082188118A218A210821868
:1052500082188210A210811082188210A218811068
:1052600081188210A218A218A218A218A218A318B6
:10527000A218A218A210A218A218A21082108210BE
:10528000A218821081188210A218A2188110821010
:105290008110A21881188210811082108110821052
:1052A0008218A11082188218821882108110811829
:1052B0008210811081188210821882108110811052
:1052C0008110821881188218821881180231E569CC
:1052D00047828792468AE581435963286518A61854
:1052E000A618861845086410441043102308832824
:1052F00043610351E24823598140E48108BB29C33B
:1053000008BBE8BAE8BAE8BAC8B208BB49C3C7AA3A
:1053100066A246922592E589C481E481E5814359DC
:10532000A56127728882C98A0B9B2BA36CA38CABC7
:105330008DABEEBB0EC42FC44FC450CC50CC2FC489
:105340004FC44FC470CC90CC91CC70CC70CC70CC8E
:1053500070CC70CC50C470CC70CC90CCB0D470CC2D
:1053600070CC4FC40FBCCEB3CDB38DAB0B93E98AD9
:10537000487A6551E33861286120411820180010EF
:1053800000108130E250C1488138A38166A2259A7D
:10539000C3798371C479E489669A40304030E24829
:1053A0008371E4816030A140E25040280010001079
:1053B00000184028C14801590259E148803860303E
:1053C00040286130813860308130403020282028EA
:1053D000A138E148E150C148C140A140A13881381D
:1053E000813861306130A140025103498130622827
:1053F00082308320C620A5180439C661821882181D
:105400008110621081108210811081108218811029
:105410008210A2188110821881108218A1188110A0
:1054200082108118A1188210821081108210A11898
:10543000A210821081188210A2188110821081108F
:1054400081108210A218A218C218C218A218A2189D
:10545000A210A218A218A210A21882108218A218D4
:105460008210A118A218A218821081188210A21806
:105470008218821082108218A218A2188210821834
:1054800082108110821081188110A1108210821068
:10549000821081108110811081188118821081186A
:1054A0008218811882180339E56947828792E5716D
:1054B0008461E34883302210641064104410651046
:1054C000861085106510651085104220C24043612A
:1054D000E4818371C148E248C248A148259AC8B214
:1054E00029C309C3C7B2E8BAE8BA08BB469AE48937
:1054F000459AA7AAA7AA86A2469A058AA479837183
:1055000043596459E66906722772A982EA924BA34D
:105510002BA36CA3CDB3EEBB0EBC0EC42FC40FC423
:105520000EC40EC42FC42FCC50CC4FC44FC44FC494
:105530004FC44FC44FC450C44FC470CC50C44FC4A8
:105540002FC40EBCCEB38CAB6CA32B9BA98247722D
:105550006451E238A2302018201840182018201872
:10556000C1402259C15060382030637966A266A2DA
:10557000C4818371C481058A46922028613002511A
:10558000C471E57981308138C140201800100010C5
:1055900020208138015922612261C14860384028A9
:1055A00020286030813060306030402820288138E9
:1055B000C148E150E150A148C140A140A14081381B
:1055C000A138803881386038C148025122592259A7
:1055D000225984610349A5188418E528C661C328A7
:1055E000811081108218A2188210811081188218EF
:1055F000811081108210811082188210A2188210EE
:105600008110A2188110A218A2188118A218821065
:10561000A110A21882188210A110A2188210821064
:10562000A1108210A218A218C310A218A218A218C2
:10563000A218A218A2188210A21082188210A2101A
:10564000821882108110A21082188210A218A2184B
:10565000A118A11882188210821081108118A2103E
:1056600082188218A210821082188218811081106C
:105670008218821082188218821881188218821863
:10568000E230066A4782878AC571E3408328221088
:1056900063106410230823082308230843084410D8
:1056A00085108518A618841844596371837963712D
:1056B000C481E58963718138C148C1480251459A66
:1056C000E8BA49C329C3A7B2E8BAA7AA426968C31E
:1056D00027B3459A669A87AAC7B2C7AA058AE48102
:1056E00083712251034944518559C66927726882E2
:1056F000CA8A0A934CA36CAB8DB3ADB3CDB3CDBB0B
:105700008CB3EAA247920582A479A479C581068266
:10571000688AC99A2AA3ACB3CDB3EEBB0EBCEEBB6C
:10572000ADB3ADB38CAB2B930A93A98227726459A6
:105730002349A230412020100010001021182259C6
:105740004261A148403840302020426966A2A7AAA1
:10575000E4812261058A058A268A4030A138E15019
:10576000A37105822028A1388138000800080010A4
:105770004028A140426163690259A1404028202885
:105780002028613060302028202841304130A1405D
:1057900002510251E150C148A140A140A140A140A5
:1057A0008140803860388138A140025943614259B4
:1057B00042596369A4718469A5208510C520C65922
:1057C000A3188218A21081188210A21082108218C9
:1057D000A11082188210A11881108210A1188110C6
:1057E0008210A110821881108210A21082108218DB
:1057F00081108110A21882108218A210A218A1187C
:10580000A2188210A218A210A218A318A218A218F7
:10581000A218A218A2188210A218A218A210821010
:10582000A218811082188110A218A2188118821063
:1058300082188118811082108218A218A218821072
:1058400081108218811881108110811881108218AE
:105850008110811882188218A2182339E669267AE5
:1058600046826459E33863202310851064100208CF
:105870002308641064102408230823002308440824
:1058800064108518A420A471058AA47983796371B2
:105890006371C481C48163716038A1408140025941
:1058A000459AA7B229C349C3C7AA86AA048A07B3DF
:1058B00048C3C6AA0159E489A7AA08BBC7AA469A41
:1058C000058AA479E2488138E24023494451856140
:1058D000E6696882A98AE9920AA3C99A879A058A21
:1058E000A379C481C481E589E481C481C481A47998
:1058F000A479A481A479837983718371A471C5711A
:10590000067A067A067A067A277A067AC56964598B
:10591000E2408130813020180010201843598371F3
:10592000E1486138202820200020025965A286A283
:10593000E4892261469A2592058A6038A14022595D
:10594000C479A4712030A13840280008000800184C
:105950006138E15062698371E15060302028202075
:10596000202040282028202020284030813801593C
:105970000259E258E150C148A140A140A140A140D4
:10598000A140813880388138E14822594261426122
:10599000225922618369A4796361A520A61822088F
:1059A0008310A318821082108118A210821881100F
:1059B000A21882108110A218811082108118A218DA
:1059C000A210811881108210A118A2188210A218AA
:1059D000A218A210A21082188110821081188110C2
:1059E000A2108118A218A218A218A218A210A31817
:1059F000A218A210A218A218A21882108218821847
:105A00008110A218A2188210A2188218A218A21837
:105A10008218A210A210A218A21881108210821857
:105A2000A21081108218A210811082108118821891
:105A300082188118C2280662678206722449832868
:105A4000641843102308230844106510A61865083D
:105A50000300020824086408441043082308441083
:105A60004410A330C579E589058AE489A479637176
:105A7000837983790592C48122616038813840300E
:105A8000E150059266A2A7AAC7B2C7B2459AA6A2DC
:105A900027BB85A2A3798138E481459A66A287AAAB
:105AA000A7AA2592E4814261A138A138C140E24809
:105AB00023598369C579A479E4812592A481E4817D
:105AC000058AE489058A058A058A0592058AE481A2
:105AD000E481C481E581E581C481C479A3796371DE
:105AE000636983698369636984718379A479A3791C
:105AF000837142612259C24861280251A47102593E
:105B000081380020001800180018C14866A286AA33
:105B1000E4892261669A459AE5798038E1504261CC
:105B2000E4816361A138A1402020000800102028F2
:105B3000A1400159A3796369A14020282020202099
:105B4000202021282020202020288138E1500159C0
:105B500022610159C148C148C148C148C148A1405A
:105B6000A04081388138C140E1502361436122590E
:105B7000015902596369E481E481034984180108E9
:105B80004310C418A3188218A218A11881108218F3
:105B9000A218811081108218A21081108210A21800
:105BA00081108210A2188118A21082188110A210F0
:105BB00082188118A210821882108110A2188210F7
:105BC0008110A218A218A218A218A218A218A2182E
:105BD000A218A2108210A218A210A218A218A2182D
:105BE0008210A210821082108118A2188210A218AE
:105BF000A21882108118A1188210821881108218B0
:105C000082188210A11882188210811882188218B6
:105C1000E228677AA78A856184286310431064109C
:105C2000A518851023002300230844088510A61812
:105C3000440802000200230844104310431062206D
:105C4000E250A479C481E589E489C481A47983718F
:105C5000A379A379C481469AC481426160302251FC
:105C6000E581469A2592C48963796371E48965A2C6
:105C7000E7B2C5AA44926030A1406371C389E48948
:105C8000259A86AA86A22592C4816369225922593F
:105C900063696371A379258A2592058A058A058A35
:105CA0002592058AE489E489C481E489048AE4812F
:105CB000C481C481C481C479C47983716371636907
:105CC000636943694269636963696371A479C481E3
:105CD000A379636902518138402843612261A14060
:105CE00040280018001800200020E25086AAA7AA29
:105CF000C4816369659A669A8471A1400259636997
:105D0000E481A138A138412800100010001861304A
:105D1000E1486371C4812261613020282020202065
:105D200020202020002000202028C1480159226185
:105D300042610151C148C148A040C148C148A14089
:105D4000A040A040A140C148225943692261E150CE
:105D5000E15002596369048A05928471C2382010A7
:105D60006220A320E520A21882188110A2108218B8
:105D70008110A118821882108118A218A110821017
:105D80008218A11881108210A21882108118A21006
:105D900081108218A210A2188210A218A1108210DD
:105DA000A2188110A218A218A310A218A218A21853
:105DB000A210A218A218A218A210A2188210A2184B
:105DC00082188110A2188118A210A11081108218C7
:105DD0008210821082188110821082188118811816
:105DE000821082188110811882188218A2204672AF
:105DF000E89A8659A620A6186510230803004308D0
:105E0000430864104408230802002308441085183E
:105E100085184310230822084218A13802516369EB
:105E200083718479A479E481C481C481C481A37914
:105E30008371A3798379469A469AC489226187A29D
:105E4000C7B2A7AA86A2E8B2C7B287AA25920492CF
:105E5000A8D3E6B2C5AAC14000104028E15063694A
:105E6000A381C481E4890592259A469A25922592B8
:105E700025922592058A048AE489C481E481E4811B
:105E8000C479C479A379A379E481C481A479C48154
:105E9000A479A379A379A379A3798371636942690A
:105EA0006369436942694261226142698371637136
:105EB00063690259A0382010A1402259C1486030BE
:105EC00000180018201800180018426187AA86A23E
:105ED000A4818371459A469A0259C148226183710F
:105EE000E481202861300018000800182020803844
:105EF000E150A379C481C14840282020002001201E
:105F000020200020002020204128E150015922615A
:105F10002261E150C148C148C148C148C040A140C8
:105F2000A140A040A148E150226142612259C150E4
:105F3000E15022618371058AE4812259A1306128F0
:105F4000E240A46984618549A220A21882188210C7
:105F500082108110A210A21881108110A218811045
:105F60008210A2108110A118A21882108210A2180B
:105F7000A2188210A118A2108210A11881108218F4
:105F80008110A210A218A218A210C318A210A21861
:105F9000A218A210A2188218A2188210A2188218A1
:105FA00082108118A2188210A2188218A218A218B2
:105FB000A11881108210A21881108218A2188110D5
:105FC0008210A21881188218A220A559099B468226
:105FD000C628C720C718C718A61865102308430885
:105FE00022082308440843082208220844104410C9
:105FF0006318A238E24802510259226123614369C1
:1060000063718371A481C481C481E589C48183796A
:1060100063718379A379E489C7AA469AE589E48103
:1060200028BB459AC489A381059286A2C7B2C7B28C
:10603000E6B206B3649A6269001000086128E25073
:1060400001592261426942716371426963718371CE
:1060500042696269426942692261426942694269F0
:1060600042694269637183718371637163714269CB
:10607000426142612259025902590251E150C1481C
:10608000C148C148C148E150025901592261225911
:10609000C150603800106030E250E250814020284A
:1060A000001000100010201820188371A7AA259254
:1060B0008371C48125922592C04801514269A37918
:1060C000A471402881300010001020184028A14001
:1060D0000261E481A371813820200020002021206A
:1060E00020200018001820208138015922614361C6
:1060F0002261E150C148C148A048C148A040A04029
:10610000A140A040C148C148426123610251E15011
:10611000E1500259A379048A4369C1402020202814
:10612000C138846905828561076AC228811882188E
:106130008210811881108210A11881108218821893
:10614000A110A21882188210A118A110821882181A
:10615000A210821082188210A2188110A210821838
:106160008118A210A218A218A218A218A218A21888
:10617000A310A218A210A2188210A218A218A21886
:10618000821881108210A218A11882188210A118FA
:10619000A218A2188210A218A110821882108110D1
:1061A00082188218A2182341E892C89A0449A618B6
:1061B0008618E820E8200921C71886188518A52028
:1061C000220823082308431022104218823002516B
:1061D0004361636922612261436922612261236113
:1061E00063698371A479C481C481E489C481A3797A
:1061F000637163718371A481048A87A2469AA48122
:10620000469229BBA7AAC481837122698379E38955
:10621000E6B206BB2492C38120182018A14002597F
:106220008371C479A479268AE5816361C14881407C
:1062300061388138813881388038A140A148A14037
:10624000A140A140A140814080388038603060305A
:1062500061306138603040304028403020282028AC
:1062600020282028403041308140C148C148C148E1
:10627000603000086028C148E250C140603000181A
:1062800000100010001000182120258A86A2E48941
:106290002161469A2592048AA14822616371A379FB
:1062A0008469A13881380008001000186130C148A5
:1062B0006269E58963698038202000200018201871
:1062C0000018001800202028A1402259426163696B
:1062D0002259E150C148C148C148C148A140A0402D
:1062E0008040A148E150E15843612361C150E15031
:1062F00022594269A379E581E248402800184128E3
:10630000C1488369268A268204418551234123415D
:10631000A218A2188218A110821082108218A1104F
:1063200082108118A21081108218A2188110821088
:10633000A118A2188210A210811882108110821850
:10634000A2108110A218A318A218A218A210A218B5
:10635000A218A218A210A218A218A218A210A21085
:10636000A218A21081108110A218A2188210811008
:106370008210A21882108210811882188218A11827
:10638000A218E228678229ABC569A620E720A718D2
:1063900066088610C81809214929E62885614461E4
:1063A000C240813841288130E24822594361636903
:1063B000636963694369436943694369226143616E
:1063C000436963718379A381C481C481C481A47941
:1063D000637122616371A479A381459A87AA048AB3
:1063E000626987A249C3E8B287A22592C481C381AA
:1063F000EADBC9D365A2C38160300018813883719C
:10640000058A25920592A3798379C481058A258A14
:1064100005826361A1406130402840204028402827
:106420004028402020282028603081388138A14031
:10643000C148E248C148E250C148C148C248A140F1
:106440008138C2488138A140A140C140A1404028C4
:1064500000086028E148E250C1488138202000103F
:106460000010001020100018225986A22592C48125
:106470006369669A048A8371C1486269A379A379C2
:106480002259C14060300008000800186030E15017
:106490008379058A226160302020202000180018AE
:1064A0000018001821202028C14001596369426169
:1064B000E150C148C148C148C148C148A148A140B4
:1064C000A040E1500151015963692259C148E15886
:1064D000226142698371C4798130201800188138A3
:1064E000E248A471268A4692645941204351E579D5
:1064F0000341A2188118811082108118A110821006
:1065000081188110A1188218A1108218A21082107F
:10651000A2188118821081108118821081188110B0
:1065200082108218A218A218C318A210A318A218C9
:10653000A218A2188218A210A218A2188218A218D3
:106540008218A218A2188218A218A218A218A118BC
:106550008218A210A21882188210A218A218A218DB
:10656000A55909ABC89A0449A620A618A718E8207F
:10657000E82086106510C820E728879AA7A2E58141
:106580002361E250C148C250025902592361436954
:1065900043696369436942614261436922612261DF
:1065A000436963698371A379C481E489C481A4794F
:1065B0006371226142698379058A6371259225920C
:1065C000C4810261669AE8B208BBE8BAC7B266A2A3
:1065D00048C3C9D327BB817101594128201881388C
:1065E00063692592669A86A266A2669A2592E481DC
:1065F000A379C479E481E581058A0582C479C479E7
:106600008471636942614261226143614261226136
:1066100043614261226123614361436942612259BE
:1066200022590251E148C148A14080382028000881
:106630006130E1500251E2488138402800100010DA
:106640000010001000108138259287A20492637117
:10665000258AE489459A025902596371C479C4793B
:10666000A140C14020280008000800186038E1500F
:10667000A379058A0159603000200018001001102C
:106680002018001820204130E148226183714269BE
:106690000151E150C148C148C148C148A040A04093
:1066A000A148C1500159226163690259A0400159B2
:1066B000626942698371A471402800102018C148A2
:1066C0000259C479058A4692846981306369258AB2
:1066D000A471A218A2188110A2188110A210821809
:1066E000A21081108218A21082108218A2188110A4
:1066F000A210A1188210A218811082188210A1186D
:106700008218A210A218A218A210A218A218A218E9
:10671000A218A218A218A218A218A218A210A218B1
:1067200081188210A21882108110A2188218A11854
:10673000A21082188118A218A218A218E230878A23
:106740008BC3067AA520A618A61886108610C7182F
:1067500008210821C718A620468AE8B2E8B266A236
:1067600084710259E250E2500259025922594361A0
:1067700043694369426122614369436943614261FC
:10678000436942698371A379C481058AE489C4811C
:106790008371025902596369058A259262710592D3
:1067A0002592C481E1502592A7AAC7B2E7B2C7B229
:1067B000E6B267CB26BBC2816271E1484028001077
:1067C000202081386269E489259287A2C7AAA7AAF6
:1067D00087A2669A2592E481A379A3818371837944
:1067E000A479C479C479E4810582E481E481E481F7
:1067F000A47963692261426963696269837163692B
:1068000063696369636943612259C14060288138C3
:10681000E1500259C148A138403000100008001072
:10682000001000102018A4792592669A048A6271DB
:1068300086A2A379258AC1504269A379C481A37134
:106840004030A1402018000800082020A13802593B
:10685000C481E489E148402820200018001020105D
:106860000018002020286130E150426183714269A4
:10687000C150C148C148E148C148E148C048A040B2
:10688000A0480159015942616369E1508140226188
:1068900062716271A371A471001000084028C148A0
:1068A0000159C47946924692A140E248C479869A39
:1068B000058AE23882188118A218A2108118811066
:1068C00082108118A118811081108210A1188110E6
:1068D00082108210A118A11081108210A1188210BC
:1068E00081108210A218A218A318A218A218A21030
:1068F000A218A218A2188218A210A2188210821040
:10690000A2188110A218A2188218A218A218A21008
:106910008218A21881108218A218A55909AB6ABB67
:106920008561C720A7188710A7108610651065100D
:106930008618E720A6200582C7AA08BB08BBE8B2D4
:1069400025924369E158C150E1500259025943610F
:1069500042694269436143694269436943614361F2
:106960002261436963698379C481E489C489C481EC
:1069700084792259E1502261C48146A2259242695C
:10698000E5890592C4812259E481E8B2A7B2A7B291
:10699000C6B288CBE6B2E2818271002000102018D6
:1069A0006030A140E150E15022616371C481E4890B
:1069B0000592259266A2669A669A469A469A25920A
:1069C000058A058AE481E489C481837183798371AE
:1069D000C479A479C479C479C481E481C479E48197
:1069E000E481058AE581C479837163694269426102
:1069F000426142610251814040280008001020108D
:106A0000001000100259C481E489259AA3792592C7
:106A1000C481E4816371E1586269C479E4812259D7
:106A2000A13881300008000800102020A140226118
:106A3000E481E589C14840282018011800100010A1
:106A40000018202041288138E2504269A471226157
:106A5000C148C148C148C148E150C148A140C148EE
:106A6000C1500159226162696369C148803821615E
:106A7000837162718379846920102010613002591A
:106A800022610582669AE58180386369669AA7A2C9
:106A9000058A63618118A218821081188110821002
:106AA000811882188210A218A2188110A2188210D0
:106AB00082188210A210821882108210821881100F
:106AC00082108218A218A218A218A218A218A2183E
:106AD000A210A218A218A218A218A2108218821836
:106AE000A210A2188110A218A110A218A218811039
:106AF000A218A218A218A220E56949B3ABCB656120
:106B0000C720C818E820E818A71886108510651057
:106B10008510A430C57987A2C7AA09BB29C329BBA0
:106B2000A7AAA4792261E150C150E1500259026143
:106B300023614261436923614261436122612261B1
:106B40002261236143696371A479E481E489E4816A
:106B5000A4792261C148E1508379459A66A2E4890B
:106B60002261E4812592C481636949C38AD329C320
:106B700028C34BECA9D32392416900202020613027
:106B8000E148436163718471A471A479837142699E
:106B9000426942718379C48105922592469A86A200
:106BA000669A66A2669A469A659A459A25922592B1
:106BB0002592048A048AE489E481C3798371837904
:106BC000837183718379A479C479C479A479E481C8
:106BD000E581C4798371636922590251C1488138C2
:106BE000412861308371A379A481058A059283715C
:106BF0008371048A025922618371E481A371613037
:106C0000C14040200008000800102020A140626917
:106C1000048AC481C14840280018001000100010E8
:106C2000001820204030A14002596269A3792259FE
:106C3000A148C148C148C148E148C148A048A1484D
:106C4000E1502261216162716369C1488038426903
:106C5000837163718379846920100010813822590F
:106C60006369058A879AC2400151E481C8B2A7AA24
:106C7000C4798469A1208218811882108218A11019
:106C80008210821881108210A21081188210821046
:106C900081188218821081188110A2188110A21008
:106CA00082188210A218A218A218A218A210A21864
:106CB000A218A218A218A2188218A210A218A11035
:106CC000A2188218A210A218A218A218A218A2181C
:106CD000A218A118A22067826AC3CBCBC571E82095
:106CE0000921E818092129210921E720A518833065
:106CF00002498471E581058A66A208BB6ACBAAD3E2
:106D000028C3269243712261C150E250E1500259DA
:106D10002261226123612261426123612361226138
:106D200022612261226183718479C481E481C481FA
:106D3000C4816369E250A1484261E489669A469A37
:106D4000058A4369E4892592E589636986A2E7BAE1
:106D5000C7B247C367C3E6B2048AE140202081304E
:106D60000259436142614369A479C481058A26922C
:106D7000058AA3796271426942716379C381E489AA
:106D80002592259A459A469A869A469A459A459218
:106D9000259245922592469A459A259225922592CA
:106DA00025924692469245924592258A058AE5812A
:106DB000A47983718371837183718371A3718371EA
:106DC000837183718371A479837183712261A37943
:106DD000C481A37901596369A379048AE248C14057
:106DE000A14020180008001000104120C148827105
:106DF000058AE481C1402028001800100010011805
:106E0000202020286130A14022596371A3790151CB
:106E1000A040C148C148C148C148C048A140C1487C
:106E2000E158016142698371637180408138427128
:106E3000A3816271A479A46900102010C148226165
:106E4000C479869AA469C1486369669A08BB669A40
:106E50008371636923518118A21081188210A110D7
:106E60008118A210A2188210A118A2188210A118CD
:106E7000A2108210A1108210A21081108110821025
:106E8000A1188110A218A218A218A318A210A21863
:106E9000A218A218A210A218A218A218A210821852
:106EA0008118A210A218A2188218A1188218A2187C
:106EB000A218A22087928ACBECD32682E720092150
:106EC000E92009212A292A292A29C628E579469272
:106ED000058AA479A479C479058AA7AA49C3EBDBFA
:106EE0008AD3C8B2A4792261E158C150C150E25896
:106EF0000259236143612261226142612261226160
:106F000002592259225943698371A479E489C481C1
:106F1000C48163712259A148C1488371259266A238
:106F2000469AE4892261E481469AE5894261459264
:106F300086AA48C3A8D3A5A2E3816261001881385C
:106F4000226183714261C150E15022618371058ADF
:106F50002592469A26920592C4818371637163716A
:106F60008379A379C481048A05920592259225929A
:106F7000258AE489E489E489E481E481C481C481C7
:106F8000E489048AE481E481058AE489E481E4896E
:106F9000E481E481C481C481C479C479A47183711A
:106FA000836963694261426183696371837162715C
:106FB000637122612261A379E4898369A140E14878
:106FC000403000080008001000104128E1486271BC
:106FD000058AC479A140202800180010001000186C
:106FE000202040306138C148426183718371E15093
:106FF0008040C148C148E148C148C148C048E1504B
:10700000015901614269A47963698038A1386271CC
:10701000A4818279C479A471001020102259636977
:10702000258A469261384261C481C7AA08B3E481C7
:10703000226142618369811882188118A110821827
:1070400081188110811882108110A2188210811875
:107050008218A110A118821882188210811081183C
:107060008210A210A218A210A218A218A218A21888
:10707000A218A210A218A218A218A210A118A21851
:10708000A210A218A218A218A218A218A218A21838
:10709000A220056A8AC3ECD3C8A2C7208618A7100D
:1070A000E91809212A214A29E820268AE8B2C8AA33
:1070B000679A058AA4796371A479E589A7AA8AD316
:1070C000ECDB49C3669A43690261C150C148E25092
:1070D0000259226122614369226143692361225975
:1070E00002590259025942616371A379C481E58949
:1070F000E481A4796369C148A1482261C481469AA8
:10710000669A4592C481E150E581669AE4890261FC
:107110002592C6B22AE426C3E381426100106130A1
:107120004261C481E58183690259C148C14802595D
:107130006371E481058A058A469A4592058AE58944
:10714000A379837163718371A379A379E481E48165
:10715000048AE489058AE481C481A481A3796371E6
:107160006271637163716369426963718371837171
:10717000637163694269436942616369626942613B
:107180004261426122612259E158E1580159626924
:10719000048A42698371C481E481A1400251E148BB
:1071A000201800080008001000186130E1508371B9
:1071B0000592A379C1404028001820100010001843
:1071C000202861308038E15042618371A379E14821
:1071D0008138A140E148E150C148A140C14801596E
:1071E000016121616269A3794269803881388379BC
:1071F000C481A379C481A471001040204261A479A4
:107200004692445942618371058A08BB459242699E
:1072100001592261A4710241A118821081108210CB
:1072200082108110821882108218811082108110C1
:10723000A1188210811081188210A110811882106B
:1072400082108210A218A218A210A218A218A218C6
:10725000A218A218A218A2108210A218A2188210B6
:107260008218A218A218A218A218A218A218A22066
:10727000033149BBCCD38BCB0639E820C718A71004
:10728000E820E92009212929E57108BB09BBE8B2FA
:10729000C8AA67A2058A837143696369E481C8B299
:1072A000CBDBEBDBC8B2A47943690259C150E15092
:1072B00002590259226143614369236122610259E3
:1072C000226102590259226143698379C481E489A8
:1072D000C481A481637102518040C1486371048AF2
:1072E000459A469A25928479C150A479669A259246
:1072F000A379A38147C388CB64A2A2710018201888
:107300000251C4812592469A05828369E150A040CA
:107310008138C14801596269C481E489058A0592AE
:1073200045920592E589A3798371837163718379AD
:10733000C481E489058A058A058A058AE489E4818D
:10734000A479A379637163694269426943690261FF
:10735000026122612261025922614261226143611C
:1073600022612261226102590159015942618271EF
:10737000248A4269A379058A0351C1482259813878
:107380002020000800080018001861300259A37975
:107390002592A379A1402028001800100110002098
:1073A000202861308038025142698371A479C14834
:1073B0008038A140E150E150C148A140C14801617D
:1073C000226121618379A3796369603881386271B0
:1073D000E4898379C481C471001081384269058AC7
:1073E00005824361A479A379669AE8B28371E1507A
:1073F00001594361A4798461A2188118A210A218CE
:107400008110A210A2188110A21082108110A2185F
:10741000A21082108210811081108118A210811098
:1074200081108118A218A218A218A218A210A218DE
:10743000A218A218A210A218A218A218A2188210AC
:10744000A218A218A210A218A218A218A218C2204C
:10745000C89AABD3ECD3067AE720C718C820C71860
:10746000C818E820C7206459C8AA29BB29BB09BB92
:10747000E8B2A7AA87A2058A636922614369E48109
:1074800029C34DE429C3059242694269E150C150C4
:10749000E15002592261226142612361426122610D
:1074A000025902590259025942696371C481C48167
:1074B000E581C48183794361C1488140E150C38142
:1074C0000592259A469A2592837102594261259226
:1074D000669A049209E4E9DBA5AAE389A0400018B2
:1074E00040304269E489669A87A2669AC4818371B2
:1074F00022596038202840288138C14822594269E1
:107500008371A379C481058A058AE48183718371BB
:10751000637183798379C481E489058AE489E58983
:10752000E481E481C481A379A379837162692269CA
:10753000426122610159015901590259E158E15052
:10754000E150E15842612261A14862618271449236
:10755000E6AA837905828469804022590251202855
:107560002018000800100020202081300259A37943
:107570004592A379A138202000100008001820208F
:1075800020286030A14002596369A379A479C148D9
:107590008038A140C148E150C148A040C15022619B
:1075A00022696271A379A47962716138803882712D
:1075B000E491A381E489A4712010A1408371058A1C
:1075C0004359C4818379C481C7AA058AE150C15057
:1075D00001598371E481E57981188118811081183E
:1075E0008110821882108110A218A1188110A21097
:1075F000811881108218A2108210821082108110CE
:107600008218A210A218A218A218A218A218A210DA
:10761000A210A2188218A218A218A218A210A218CA
:10762000A118A218A210A218A218A218C22047825C
:10763000ABCBECD34ABBE730E820E820E820C81801
:10764000A718E720A569C8AAE8B2E8B208BB29BB19
:1076500029BBC8AAC8AA669AE5810259E1504261CD
:10766000469A0CDCAAD367A2837143710259C150B8
:10767000E150025902592261226143612261436152
:10768000225902590259025943696369A379C48195
:10769000E589C481C4816369E2508040A1404261B0
:1076A000C3812592669A86A2459AA379E150C1507A
:1076B000C481459AC9D30AE4E5B24492048AA14040
:1076C000002081386269048A469A66A2869A4692A8
:1076D000E58983712259C2484028002000184028BB
:1076E0006130A138E15042618371E481E481E48139
:1076F000C479A4798379827183718379C481E481A7
:10770000E481E481C479A479A479A379A37983710C
:10771000A37962716369426922612261E150603834
:1077200040380151426142690159C150E381A5A22B
:10773000C6A2E4818471A14022594261A14040283F
:1077400000180110001800202020A1402259C481F7
:107750002592837181382020001000100010202015
:1077600041308138C14822616269C381A479A14056
:107770006030A140E148E248A140A040E1584269A0
:107780006271A379A379C481637180386030837991
:107790000492C389E489C4790010E148A479436163
:1077A000A371A481A379459AC7AA2261C048C148A0
:1077B0004369C481048A258AA22082188118821014
:1077C000A210A210811081108218A21082108110C4
:1077D00081188210A218811082188110A2188210BC
:1077E00081108110A218A210A210A218A218A2182B
:1077F000A218A218A210A218A218A210A218A218C9
:10780000A218A118A218A218A218A22046828ACBF8
:10781000ABD3ECDB478A0829E820E9202921292974
:10782000C620E579A7A2C8AAE8B2C7AAC7AAE8B243
:1078300008BB08BBE8B287A24692A479E150C148D0
:107840008371E8B2ECDBE8B2C48163712269E15074
:10785000E150E250025922612261236122614361B9
:10786000226102590259025922616369A479A481F3
:10787000E489E481C48183710259A1408040E250CF
:107880006371048A669A66A266A2058AC481025957
:107890008040A27926BBA8D367C3C381C381058A70
:1078A00042612028A140837105922592669AA7A281
:1078B00087A24692058AC48183712259E2506130C1
:1078C0000018001000104020A138E24822618371A6
:1078D0008371C479E481C479C479C481A379837143
:1078E0008371837183718371837162718371837119
:1078F0004269226942692261E158814020200018D2
:10790000A1402261636942694269E381A59A849A30
:10791000C5A28371C1482261636902598130202860
:1079200000180018202020202028A1404261C48196
:107930004592837181382020001000100018202803
:1079400061308038C14842698371C381A379A14005
:107950004030A140E148C148A140A04002616271AD
:10796000837183798379C481837180388030A38166
:107970002592E489E489C4790010E1486369E15003
:10798000E481C481058AC7AA468AC148C148E1503A
:107990006269C481258A669A03418218A1188210FF
:1079A0008118A2188210821081108118821082180A
:1079B00082108210811081188210A210821881100A
:1079C00082108110A218A218A218A2108210821888
:1079D000A218A218A218A218A218A218A218A218D7
:1079E000A218A218A218C220C22087926AC329BB7B
:1079F000C8AAC8B2068A675929316A314A3147494B
:107A0000A8A2C8AA87A2A7AA87A2A7AAA7AAA8AA23
:107A1000E8B208B3E8B2C8AA87A2058A6369A140A0
:107A2000C148C481ABCB29BB259263714371025914
:107A3000C150E15001512261436143694261436198
:107A40002361225902592259426143698379C481D1
:107A5000E589E589E481A4794361E1508140A14849
:107A60002259A481469A86A287A287A24592E481E0
:107A70002261A14868C3C9DB06BB449A459A837951
:107A8000C481A3718140A1486271C3810592459A66
:107A900086A287A287A2469A2592E481A47983715F
:107AA00063692259C1488138402000102018613094
:107AB000C140025122616371A479C479C4796369B8
:107AC0000259C148A140E150025122592261025994
:107AD00001590159C150A148402800180010201830
:107AE000C140426963698371A379A279E389C5AA18
:107AF000A6A2E1508371A3714261A1408138202088
:107B000000180018202020282128C1484269E48953
:107B10004592636961302018001000102020402831
:107B20006038A140E15042696271E481A479A138D2
:107B30004030A140C148C1488038A14022698379C2
:107B4000A47963714269C481837981408038A381BB
:107B5000259AE489058AC47900180251E2486369CC
:107B6000E489058A459A08B32259A140A1400159E8
:107B70006369E4894592669AA46981188218A21003
:107B8000811081188210A218A218A110A2188210C8
:107B9000A110821081188210811082188110821029
:107BA000A1188218A2188218A218A210A218A2184E
:107BB000A218A218A218A210A218A218A218A218FD
:107BC000A218A218C218A220878AABCB69C349C3E6
:107BD00049C369C36ACB29BB87A2A771274129B3CF
:107BE00049C308B387A267A2669A679A469A669ABB
:107BF000C8AAE8B2E8B2C8B2A7AA469AC47902599C
:107C00006038025108B38ACB469A6371637122616E
:107C1000E150C150E15822594361226142694369F0
:107C20002261226122612261226142698379C481D9
:107C3000E581058AC481A48163690259A140A040FD
:107C4000E1506369E489459A87A2A7AA66A2469A89
:107C5000E481426907B36BEC27C3659A659A469A3B
:107C6000259242692261C148A04022618379C48182
:107C70004592669A86A2669A669A46924692058AC6
:107C8000C481A479A4798371636943690259E14885
:107C9000C140A138A138A140C150E250E250813822
:107CA0002018001020180018202020284030814083
:107CB000C148E150E148E1488138402800182018C7
:107CC000C1484269A479A479C481C381E5AA85A287
:107CD000E6AAA379A4796369E148C1486038202005
:107CE000001820202020202841300251636925926D
:107CF00025924269613000180010001020204030A9
:107D00008138C148015162698379E481A379814056
:107D10004030C140E248A1408038C148226983799F
:107D2000A37922610159048AA37981388038C381FB
:107D3000459AE489048AC4792018C148C140E48185
:107D4000048A058A86A2879AA0406038A04002591A
:107D500083712592469A4592258AE23082188218CC
:107D6000A210A2108218811082108218A11881100E
:107D70008118A218821081108210A1108110821027
:107D800082108110A218A210A210A218A218A2108C
:107D9000A218A218A210A218A218A218A218A2181B
:107DA000A218C218A220C2208BC3ECDBCBD349C3DC
:107DB0008ACB8AD3CBD38AD36ACB08BB469246926E
:107DC00049C349C309B3C7AA669A05922592269268
:107DD00067A2A7AAA7AAE8B2C8AA67A22592636960
:107DE00081404030A479AAD3A7AA837963794269F4
:107DF000E158E150E25802594261436943694369DD
:107E00004369436922612261226163698371C47994
:107E1000E481E589058AC481A4794261E150A148E1
:107E2000C1482259A379259266A286A286A266A29B
:107E3000469AC4810492A8D387CBC6AA038A259206
:107E40002592E4896369A14060308038E15042693D
:107E50008379C481048A469A669A669A669A669A73
:107E60002692058A058AE481C581C479837183716C
:107E70008371837163718371837163696369426123
:107E8000436122590259E250025922592259426152
:107E90004269636942610259A140202000182028EC
:107EA000E1508371C481E4818371E38106B3649AF4
:107EB000C5AA8371837122610151A1406030002005
:107EC0000020212820282028603022598371259203
:107ED00025924269603000200010001820204130B7
:107EE0008138A148015963718379048AC48181383A
:107EF0004030A138C140A1408038C1506271A3799F
:107F0000C4810159C148048AA3798038A148E48911
:107F100045A204922592C479001881406369E489DE
:107F200005920592C7AAE57981386038A14042617F
:107F3000A3792592669A45922592A469A218811880
:107F4000A11882188110A21882188110A210821024
:107F50008210A21081108218821081108218821063
:107F600081188210A218A218A2108218A218A218B2
:107F7000A210A218A218A218A218A210A218A21841
:107F8000C218A218C220C228ECD3ECDBCBDB8ACB10
:107F90008ACBABD3ABD3AAD3AAD38AD328BB469A76
:107FA000058A49BB49C329BBA8AA2692C481E58199
:107FB000058A469AA7AAC8AAA7AA87A2679AA479F7
:107FC000E2502030C1488ACBE8B2C481637163714A
:107FD0000161015902510259226143614369636998
:107FE0004261436123612261226143696369A4792B
:107FF000C481058A058AE489C48183712259A14814
:10800000A148E1504369E489459286A286A287A2ED
:1080100066A2459AE489A8CBE5B2C5AA2492A379C1
:108020000592E489A4794269A14020282028A14032
:10803000E15022616371A379E481059245924692F1
:1080400025922692259225922692058AE589C48159
:10805000C479A479A479A479C479A379A479A379FA
:108060008371A4798371837183718371A479A479F5
:10807000A371837143690151803800200018813851
:10808000226183716371E150E1588271849AA5A2E3
:10809000E6AA426942612259E150C14041280020CC
:1080A0000020412841282028A1382259A371259277
:1080B00025922261603000180010001820206030E6
:1080C000A040E14822618379A479E489C3818138A1
:1080D0004030A140C148A14080380159A379C381F3
:1080E000A379C1486038E489C4816038E150C3890C
:1080F00066A204920492C47920186130C38105926B
:108100004592659AC7AA225920304030A140626941
:10811000E481669A459225922592E581E23882189B
:108120008218A210A21081108210A1188110821052
:10813000811082108110A11882108110811081108D
:1081400081108210A218A218A218A218A218A218B0
:10815000A218A210A218A218A218A218C218A21837
:10816000C218A220C320A5512CDC0CDCCBD3AAD38F
:10817000AAD3AAD38AD38AD3ABD3CBDB8ACB08BB0F
:10818000669AC47909B36AC349C3A7AA058AA481B8
:10819000A479258A669A87A287A287A2669AE48133
:1081A00043618138403029B308BB058A637163712C
:1081B0002269E158015102592261426142614369D9
:1081C0004369426942614261436942698371A379AB
:1081D000C489058A058A058AE489A4792261C1488F
:1081E000C148C15022618371058A669A87AAA7AAED
:1081F00086A266A2459A0AE427C3449A048A627159
:1082000063718371A379A3790259A14081386130E8
:108210004038A040E150025943698379A379E48151
:10822000058A058A46922592269225922692058AEB
:10823000058AE581E589E481E481C481E581A47949
:10824000C481C479C479A479C481C479C481C48146
:10825000A47963692261C148402800182020C140E8
:108260000251E15022618371C481E38988CBC6AA9F
:10827000E5B2426943610259E150A1404028202003
:108280002028402840304028A1404261A3794592EF
:1082900025920251612800180018201820288138E2
:1082A000A04801512261A379A379048AE481A14005
:1082B0006030A140C140813881400259A381C4810E
:1082C000A379C1504030E481A379A148E150E48909
:1082D00065A204922592C4792018E150048A45923F
:1082E0004592669AA7A2A14020282028E1488371E0
:1082F000048A669A459A05922592058A8469A2188D
:108300008218821082108218A2188210811081189F
:1083100081188210811082108110821882108110C1
:1083200082108110A2188218A218A210A210A218FE
:10833000A218A218A218A218A218A218A218C2184D
:10834000A318C220C220C9922CE40CDCABD38AD380
:108350008AD3AAD38AD38AD38AD3AAD3CBDBAAD38C
:1083600029C386A2C481E8AA6ACB49BBA7AAE5892A
:1083700083798371E5812592669A669A4692258A69
:108380008371E2504030679249C387A28379837139
:108390004269E158E150E1582259436143696369F8
:1083A0006369436942694269436943696369A379BF
:1083B000C481E5892592058AE489A4796369E1503D
:1083C000C148C15002596369A481059266A286A280
:1083D000A7AA66A286A206BBA8CB2392A27942696D
:1083E00083796371226122614369E250C140C148CF
:1083F000C148C148A148C148E158E15822614269D9
:108400008371C481E489E481058AE589E481058A70
:10841000058A058A058AE481E581E589C481C481EC
:10842000C479C479C481A379A479A379A379837128
:1084300083712261A148602800180010202061305B
:108440000151A379C481C481C381A379E6B285A215
:10845000E6AAE38142610259E150A1404030202860
:108460002028603040304030C1484369C47945928B
:10847000048AE15061300018001820204130813812
:10848000C14801594261A379C4810592C481A140C8
:108490006030C140C140803880384269A381C381C7
:1084A0008371A1404028E481A379E15001590492ED
:1084B00085A2459A2592E481201863690592469A1F
:1084C000459AA7A2268A6028202061300259A37904
:1084D0004592469A0592C481058A058A0582C2287A
:1084E00081188118A118A2108110811882108210A1
:1084F0008110821082108118821082108118A110C0
:1085000082108218A218A21082188218A210A21833
:10851000A218A218A218A210A218A218A218A21893
:10852000C320C220C3204AAB2DE40CE4ABD3AAD3B2
:108530008AD3ABD38AD36ACB49C38AD30CDCEBDBB7
:10854000AAD329BBC7B2E489469249BB29C387A2F3
:10855000E58163716371C481259226924692058AF2
:10856000C47923618138C571AACBA7AAA48163719C
:1085700042690261025902592261436143694369B8
:1085800043696369436942614369436983718371E4
:10859000A481058A0592058AE489E48183790259D8
:1085A000A148C148E25042618379E489669A86A273
:1085B000A7AAA7AA66A207BB88CB649A248A2161CE
:1085C0006369A47983714269E150C1488140A14047
:1085D000E148025942612261E150C148C150E1586D
:1085E000226143694369A379A379A479C481E481B1
:1085F000E481E581C481A479A479E481C481E48122
:10860000A479A3798371837163718371637122612A
:10861000E150803820280018201820204128C14827
:108620004269C481E481837142692161859AC6AA45
:10863000A5A2459243610259E150C140402820283B
:10864000413061304030613002516369C481459AE4
:10865000048AE15041280018001820206030A14011
:10866000E15001594269A479E4812592C481A14075
:108670004030A140C1488038A1402261C481E489D2
:10868000A37980384020A379A479015942692492C2
:1086900085A2259A2592E5814028E481469A669A2A
:1086A000659AC7AAA46920202020A1406369C481DB
:1086B000669A669AE489C381058A2592258A435180
:1086C00081188210A21881108210A11081108110CF
:1086D00081108210811082188210811081108118FF
:1086E00081108110A218A21082108218A218A2185C
:1086F000A210A218A218A210A218A218C218A31899
:10870000C220C220C2208BC30CDCECDBCBDB8AD3C3
:108710008AD36ACB49C328C328BB28BB6ACBAAD358
:10872000CBDBABD349CBA7AA058A669249C349C321
:10873000A7A2C48142696371C479E4812692058A43
:10874000E4818471C1488138ABD3C7AAA47963712D
:108750006371226101590259226122616369837147
:108760006371637163696369636943696371A37961
:10877000C481E489058A05920592E481C48143613C
:10878000C148C148E15002618371C481259266A24B
:1087900087AAA7AAC7AA07BB6BEC449A249241698F
:1087A00002596369837163714361E2508140804083
:1087B000A140C14802596369E479E481847122616E
:1087C000E150C150015902612261426963718371B4
:1087D00083798371837183798379837183718379D9
:1087E000626943694269026101590159C148804087
:1087F0008140A140A138A238612840286130E25070
:108800006369A379226922614269426948BB649A1B
:10881000E5AA2492226122590151C14040304030E2
:10882000603060304030803802598371C481669A6C
:10883000E489E15040280020002020206030A14041
:10884000E15022616371C481E489459AE481C140A9
:108850006038A140A1408138A1404269E489E4899F
:10886000A37961304020A379A479216162692492BF
:1088700085AA249A259A0582A138E4894592459AC9
:10888000659AC8AAA1400018402802518371E48962
:1088900087A2258AC481C481259225922592C5711B
:1088A0008218A210811081188218811082188110FC
:1088B000821881108110821081108110A2188210FC
:1088C00081108110A218A218A210A218A210A2183A
:1088D000A218A218A218A218A218A218A218C218A8
:1088E000C320C220E328ECD30CDCECDB0CE4CBDBB4
:1088F000ABD38AD349C3E8B2C7B2A7AA08BB8AD30D
:10890000EBDBCADBAAD369CBE8B2058A46926ACB15
:1089100049C3669A847142616369A479C479C48148
:10892000C481A471025980406AC3E8B2C4818279CB
:108930006371426902610259226122614369837154
:108940008371847163716371636942696371847156
:10895000C479E481058A25922592058AE58183718F
:10896000E1508040C148025943698379E489259ADE
:1089700066A286A286A265A2E9DB07BB8171A27905
:10898000E158026142614361226122590251E1488A
:10899000C148A140A148E15042618371E581058A47
:1089A000258A058A258AC479836922610159E150A3
:1089B0000259015901590159015901590159E15807
:1089C000C150E158015901590259225922592261D5
:1089D00022592251A1406130202840288138E1509D
:1089E00022590261216142696371A379649AA5A247
:1089F000649AE7A2226122590259A1408130613074
:108A0000603040304030803802598371048A86A239
:108A1000C481E14820280020202020286038C14857
:108A2000015922616371C481E489669AE481C14875
:108A30008038C140C1408038A1406271E489E48936
:108A4000827160304020A479A3792169A379249AA6
:108A5000A6AA459A44920582A140E4894592469A85
:108A6000669A879A4028001881384261C479259215
:108A7000669AE481A481E489058A25924692258A32
:108A8000E238A21882108110A11082108210A21068
:108A90008218821081108218821881108210821030
:108AA00081108210A2188210A218A218A218A21077
:108AB000A218A218A218A218A218A218C318C2209D
:108AC000C220C32064490CDC0CE40CE40CE4EBDBB6
:108AD000ABD3AAD349CB08BB86AA259A66A228BBEA
:108AE0006ACBCBDB0CE4CBDB69CBE8B2E48146920A
:108AF00069C349C326928371226943696369A47972
:108B0000A479A4716369A14849BB29BB46928379C2
:108B100083794271226122612261636943696369D9
:108B20008371847183718371636963698371A479CB
:108B3000C481E589058A4592469A2592E589A479FA
:108B400022618140A140E15022618371C481058A84
:108B5000459A86A286A2A7B2C9D368CBE389038AC5
:108B60000159E1580259025902590251E150E148B4
:108B70002251225902590251C148C15042616369D0
:108B8000A479C481E581058A258A258A268AE5811A
:108B9000E581E481C581C479C479A479C479A479D3
:108BA000A479A471C47983718371426122590259F5
:108BB000E148A1408138202800204030A140C14830
:108BC000E150E15863698379A3798379C6AAE6AA5B
:108BD0004492A5A2226122612261C148A138603875
:108BE00061306030403081382261A379058A86A2E5
:108BF000C481C14820282020202841288138E15004
:108C0000026142698371E481048A669AC481E14801
:108C10008040C148C140603880386271E489C481B5
:108C2000627140282020A371A3796271A3792492F4
:108C300086A2449A659A258AC140048A669A45921A
:108C4000459A268220184020E150A379C4812592BC
:108C5000669AC481E481E481058A4692669A4692C6
:108C60008361811882188218A2108118A2108210C4
:108C70008210821082188210A2188210811081182E
:108C800081108110A218A2188210A218A218A2188E
:108C9000A210A218A218A210C218A218C318C218B3
:108CA000C220C320677A0CE40CDC0CE42CE42CE436
:108CB000EBDBCBDB6ACB08BB86A22592E489469A24
:108CC00028C3AAD3CBDBEBDBCBDB49C3C8B2C47967
:108CD000679A8ACB28BBE5894369025922594361C7
:108CE000637184716369E15009AB29C366A283791A
:108CF00062714269426922614261436963698371B9
:108D000084718371837183716371837183718379DA
:108D1000C479E48105922592469A469A058AE481AF
:108D20006369A1488038A148015942698379E4897F
:108D30000592469A66A2A7AA2AE427BB2392649AC0
:108D40004269E158E150E150E250E150C148E14848
:108D5000E2500251225943614361636922612261F9
:108D6000025922618371837183718371A379A4791C
:108D7000A379C479A479A4798379837163714269F1
:108D8000426921610159E158E150C150C148A140F7
:108D9000814040302028202840288138A140C14807
:108DA000E150026163718371C481C38127BBA6A2B4
:108DB00023924492426942614261E150A14080386D
:108DC000603020304030A1404361A379259266A2F3
:108DD0008371C14040282028212840288138E15053
:108DE000226162718379E489E48966A2C481C14801
:108DF000A140C148C1488138A1406371048A048AF6
:108E00008371202021186269A3798379C381259A0F
:108E100086A2249A459A258AA140E489669A669A90
:108E200086A2A469001861306369E489E489259207
:108E30004692C481C481048A2592669A469A4592D4
:108E4000E48182208118A218A2188118A110A1180B
:108E500082188110A1108110811081108210811060
:108E600081108210A210A218A210A2188210A218BB
:108E7000A218A218A218A218A218C318C218C220B9
:108E8000C320C220E99A2CE4ECDB0CDC4DEC2DEC89
:108E90002CE4EBDBCBDB29C3C7AA2592A381A47901
:108EA000669A28C38AD3CBDBCBDBABDB8ACBC7AAE2
:108EB000A479C8AA8ACBE8B2C4792261E1580251E8
:108EC0002361636963694361A79A49C387A2C48127
:108ED00084796371426922612261436963696371C4
:108EE000A479837984798479837183718371847996
:108EF000A479E58925922592459A669A459A058A2C
:108F0000A379025180388040E15042698379E48935
:108F1000058A459266A286A248C3E9D3449A249260
:108F200083710259C150C150E150E148C148E2503B
:108F3000E148E150E1502259225943698471A471FA
:108F4000C481E481A479A379A479837142694269D7
:108F50004269426922694269627142696269837148
:108F6000636942612261426143612261226102516F
:108F7000C148C14081304028402840308138C14834
:108F8000025922616269C481E481C381C6A2649AE4
:108F90004492E6AA426943694269E150A14081389E
:108FA000603020306030C1488371C481459A469A50
:108FB000A379A1402028402840286030A1400159D1
:108FC00042698371A379E489048AA6AAE481E1480D
:108FD000A1480251E148803881406271048AE489E5
:108FE000C379201821186369C4818279C3810492EE
:108FF00066A2459A65A24692A140E481459A469AA6
:10900000669A81300018C148C4812592048A25924D
:10901000E489A379E489459286A2669A25922592ED
:1090200025924351A1188110811082108210A2183C
:109030008110821082188110811082188110811095
:1090400082108110A2188218A218A218A210A218C9
:10905000A218A218A218A218C218A218A218C220F8
:10906000C220C2206BBB0CE4ECDB0CE42CE42CE44F
:109070004DEC2DECECDB69CBE8B2669AC4816371F0
:10908000A47986A249C349CBAAD3CBDBAAD349C3CF
:10909000A7AA637108B38ACB87A283710159C1481B
:1090A000C148225943612361268A8ACBC8B2C48150
:1090B00083716371426922614261426963718371A4
:1090C000A4798371837984718371847983718371C5
:1090D000C481E589058A469A469A669A469A469ACE
:1090E000C4814361A1406038A14002596371A379F2
:1090F000058A0592459A66A207BB88CBE6AAE3815A
:10910000E3810259C150C148C148C148C148C14862
:10911000E250E150E1500259225942616369837182
:10912000A479A479C481058A058AE589058A058A16
:10913000C481E481058A058AE481C481A479E4813B
:10914000C481A479C4798371847163696361226184
:109150000251A1406130202820288140C148E150BF
:10916000025122594269A379E489E4894492E6AA2A
:10917000659AC6AA8271837142690151A140813802
:10918000403020286130E1488371C481459A659A56
:109190006371A1404030412840306138C1482159B5
:1091A00062698379C481048A049286A2E389E150CA
:1091B000E1500259E150803881408371E489E489AB
:1091C0008371402020106269E481A381C389449A9D
:1091D00086A2459A659A46928138E4812592049246
:1091E000258A202020204269048A058AE489058A8C
:1091F000A481048A2592669AA7A22592048A2592C0
:109200004592A471821882188110821082188110F0
:1092100082108218821081108210821081108110B9
:10922000821082108218A210A218A218A218A210EE
:10923000A218A218A218A218A218A318C318C22014
:10924000C220C220ECCB0CE4ECDBECE3EBE32CE43F
:109250006DEC4DEC0CE4CBDB29C387A2058A83714E
:109260000161C47987A228BB69CBCBDBCBDB8AD376
:1092700049C386A2A4716AC349C346924369C150D7
:109280008040C14002592259A4718AD308BB058A83
:10929000837162714269426922616369837183717A
:1092A000A479A479A379A479A479A4798479847917
:1092B000C479E4810592469A469A459A469A469A16
:1092C000058A6369C24860386138E1504269A37910
:1092D000E48925924592459AE7B22AE4A5AA249208
:1092E000248A4261E150C150C148C148C148C148C7
:1092F000C148025122592259226142616369837136
:109300008371A479C479C481058AE481E589058AD9
:10931000058A25922592058A058AC481C481E48143
:10932000C481C4798379A47183716369226102590C
:10933000C148803860308138A14002510251E1506B
:10934000C150E1502261A381E489C481659A07B3C9
:10935000449A2492A379837983710259C140603879
:109360002028202861380259A479E481669A669AF7
:109370006371A1406030613061308038C14842691A
:109380006271A379C48104922592A6AAC381E15097
:10939000E15022590259A138A1406271E489048A3E
:1093A000A379412020104261E489C389048A459A47
:1093B00086A2459A65A225926030A3794592669A65
:1093C000A47100108138C38105922592E489E48953
:1093D000048A459266A2C7AA86A20492E489048AF6
:1093E0002592258A024182188118A21082188210C3
:1093F000A1188110811081188110811082108210B3
:1094000061106110A210A218A210A218A218A2182E
:10941000A218A210A218A218A218C218C318C2201B
:10942000C22003312DDC2CE40CE40CE4EBDB0CE477
:109430004DEC8EF44DECEBDB69CBE8B2669AC4815F
:1094400042690259C48186A208BB49CB8AD3CADBD0
:10945000AAD349C34592058A8ACB08BBE48122611D
:1094600081386038C14802512259CBD329BB25929B
:10947000A479837963714369436943698371A479EA
:10948000A479A479C481A479C479A479A479A479AC
:10949000A379E481058A4592669A66A286A2469AD5
:1094A000469AC4812259A1384030A140226163719B
:1094B000A37905922592459A65A2C9D307BBE38992
:1094C000248A6369E258E150E150C148C148C0486C
:1094D000E1500251225922614361426183718369E3
:1094E000A471A479C479C481E481E581048A058AE0
:1094F000E481E489E589E481048AC481C481C4816A
:10950000C379A479A479A471637142612259025983
:10951000E148C1480251E150226122610259C15023
:10952000A140A14802598379058AC481C381649A04
:10953000649A449A048AA37983790259A1406030DD
:109540002028202881384261C479E48966A22592C6
:109550004269A138803860308138A140E1502261F1
:109560008379A379E48905922592A6AA048A0259EF
:10957000015942612259C140804062692592059299
:109580008379402000106369E489E4890492459A54
:1095900086A2659A659A669A4130837145922592B2
:1095A000A1402010E150C48125922592048AE489CB
:1095B000259286A2A7AAC7B2048AA379C481E489A6
:1095C00025924592C479A12081188210A1108110A2
:1095D0008110811081108110811081108210611022
:1095E00061108210A21882188210A218A218821884
:1095F000A218A218A218A218A218C218A318C22052
:10960000C320E6614DEC0CE42CE40CE40CE4CBDB71
:109610000CE44DEC4DEC2CE48AD328BBA7AA058AB8
:10962000837102590259E481C7AAC7B228C38AD3F9
:10963000AAD38AD308BBC479E8AA8ACBC7AAA479DB
:10964000E25040286130E148E1508ACB29BB669A5C
:10965000A379637163714269426963698479A4790A
:10966000A479C479A479C481C481C481C479A3795B
:10967000A479C481E589469A469A66A287A287A200
:10968000669A058A6369C14840306038C1504261BA
:10969000A379E48905920592459AA9CB68CBC2814A
:1096A000249283710259C148C148E150E1500259E6
:1096B000E150E15802592259436943698371847129
:1096C000A479C479E481E589C481E481E481058ACF
:1096D000258A058AE589058A058AE481E481E48191
:1096E000C481A479A479837183714369436143611F
:1096F0002261226143694269436942612259C1483A
:1097000060306030E150A379C4818379827927B3D6
:10971000649A84A24592A37983710259A140403092
:1097200020202028A1404261C479E489669A2592CC
:109730004261A140A138A038A140C14801516269ED
:109740008379A381E4892592459AA7AA05920259B3
:10975000025942614261C1488040426904922592A7
:10976000A379412800082159048A25920492659A18
:10977000A6AA66A266A266926130A3714592C479D8
:10978000201820286371E4892592058AE48945928E
:1097900086A2C7AAE7B286A28379A381C481E4899D
:1097A0002592469A058A43598118811082188210A1
:1097B000821082188110811082108210811082180C
:1097C00081108210A218A210A218A218A210A2182A
:1097D000A218A218A218C318A218C218C220C32027
:1097E000C220A88A2DE42CE42CE40CE40CE40CE464
:1097F0002CE42CEC6DEC4DECCBDB28C3E8B2469AA4
:10980000C4812261C1502259058AC7AAE7B228C380
:10981000AAD38AD38ACBC7AA637169C369C3469A9C
:10982000436980380020A138C14829B36AC3669AC9
:10983000A48183796371636963696371A371A47996
:10984000C481C481C481C481C481A479A479A37969
:10985000C481E589E4890592469A86A266A2669A41
:1098600087A24592A479E14860304030A140225956
:109870006271A379E48905924592E9D3C5B2649AED
:10988000659A83710151C148C148C148E1500251F4
:10989000E150025921592261226143696369637170
:1098A0008371A479C481E481C481E581058AE58955
:1098B000058AE481E481058AE589E481058AE589F0
:1098C000E481E481A479A379A479636983718371C4
:1098D000627163718371A47963694261025981384D
:1098E00020286030E1508371A3798379A27968C31D
:1098F000649A23922492C38163712259A140402823
:1099000000202028C1406369C481048A86A2259270
:109910002261A1408140A140C140E1500159427102
:10992000A379C481059225922592A6AA2492015971
:109930000261426163690259A1402261048A259251
:10994000C379602800080151048AE4890492459A89
:1099500086A265A266A246926030A379048A225943
:1099600000108138C381259204922592048A459A79
:10997000A7AAE7B2E7B2E48142698371C481E489AE
:109980002592659A469AA371E23881108118811058
:10999000811081108110811082108110611082105D
:1099A00081108110A210A218A218A210A218A21849
:1099B000A218A218A218A218A218A218C218C3208E
:1099C000C22809A34DE40CE40CE42CE40CE4EBDB2A
:1099D000ECE3EBE34DEC8EF44DECABD308BBA7AA64
:1099E000259283790259A04843692592A7AAC7B254
:1099F00028C369CB8AD349C3669AC579CBD3E8B269
:109A0000C479025900204030A14009AB69C3A7AA1C
:109A1000C48183718371637142698371A479C48144
:109A2000C481C481C481E581E481E481C481A481CD
:109A3000A479C481E5894592469A87A286A287A225
:109A400087A2469AC4812259813840306138E1505A
:109A500042698371C481E489059227BBEADB2492C1
:109A6000E381C3810159C148A140C148E150025975
:109A700002592261226122614269636963698371CB
:109A8000A379A479C481C481C481E489E481048A6E
:109A9000058A048AE481E489E489C481E481E4815B
:109AA000E481E481C481C479C481A479A3798379F0
:109AB00083798379A379A47983714269E148402845
:109AC000002061300259637183798379A379C6AA32
:109AD0004492449AC6AAC38183712259A140202886
:109AE00000204028E1508371E489049287A22592E6
:109AF0002261C148C140C148C148E1502259627148
:109B0000A379C481259225922592A7AA048A42614D
:109B10004269636983712261A0404261E4890592D0
:109B2000A379612800100151E489259204922492BE
:109B3000659A66A266A245926038A3798371603007
:109B4000201801510492459A25920592058A659A3A
:109B5000E7B208BB4592426962698271A381E489D8
:109B600025924592669AC4816361A228811881106A
:109B70008110811062108110811861108210811093
:109B80008110811082188218A2108218A218A218BF
:109B9000A218A2188218A318A218A218C220C220C4
:109BA000C2286BB32DE40CE40CE40CE4EBE3CBDB58
:109BB000CBDBEBE32CE46EF44DECEBDB69C3A7AA43
:109BC000469AA4794269C150C1488371259286AAF8
:109BD000A7AA08C369CB69CB08BBA471C8A26ACB8A
:109BE000879A6369613820208138879269C3E8B217
:109BF000058A83716371637163716371A479C48130
:109C0000C581E589E589E481E489E489E589C48140
:109C1000C479E481058A0592469A87A286A2A7AAFA
:109C2000A7A286A2058A6369C14860304030A1407E
:109C300022596371A379E489058A86A2C9DBC5AA82
:109C4000048AE3810259A140A140C148015102594F
:109C500022612261226142614269436963718371B9
:109C6000A479A379C481E581E581E489C481058A69
:109C7000058AE589058A058A058AE489C481E4891B
:109C8000E481E489C481C481C481A479A379A381D6
:109C9000C481C481C481C48183714361C1482020CF
:109CA0000020603002596271A4798379A37927B3C7
:109CB00026BB649AE6AAE38963710159A14020207A
:109CC0000020402801518479E481459A86A2058AC2
:109CD0002259C148E148E148E150E25022618371D4
:109CE000C481E489049225922592A6AA259242690C
:109CF0004269637183714369C1482261E489048ABE
:109D0000C48181382008E148E489259A259A65A212
:109D100086A266A286A2869A8140626902590018CC
:109D20006130226104922592048A25922592A7AA85
:109D300048C386A28379216142698371A379C38173
:109D40000492459286A2048A2261435961186110E7
:109D50008110821081108210811062108110811098
:109D6000811081108218811082108110A21882182F
:109D700082108218A218A218A218A218A320C2202A
:109D8000C228CCC32DE42CE42CE4ECDBEBDBECE3CD
:109D9000CBDBCBDB0CE44DEC6DF44DECCBDB08BB4B
:109DA00087A2058A83712261C148E150A371459A57
:109DB00086A2A6AA28C349CB69CBC7AA236169C3D7
:109DC00049C3E481025900204028E5718ACB08BBD1
:109DD0002592A3796371637163718371A479C481DE
:109DE000E581E481058A058A058AE489058AC481BA
:109DF000C481E489E4892592459266A2A7A2A7AA14
:109E0000A7AA86A2469AA4790251814040308038A0
:109E1000E15042696371A379E489459A0AE4C5AACD
:109E2000E389248A0159A140A140C1480259226115
:109E3000426122614269426942616369637183716F
:109E40008371A379C481C481E481C481C481E4891C
:109E5000E489E489E589E481C481E481E481C48101
:109E6000E489E589E481C481C481C481A379C48182
:109E7000E489E489058AC48183714261A14020207C
:109E800000186030E1506371A379A479A38168C39D
:109E9000E6B22392649AE489A37901598140202093
:109EA000002061300259A379E489459A66A2C481F1
:109EB0002259C148E150E150E250E15042618379BA
:109EC000C481E4892592058A2492A6AA2592636911
:109ED00062698371A4798369C0502259A379058A84
:109EE000C481A1380010C1480492459A459A66A2DF
:109EF00086A2459A459A669AA14022598038202028
:109F0000A1400259049204922592459A86A228BB48
:109F100008BBE4814269226142696371A379E489E3
:109F20000592459A86A22592E150426123518118FB
:109F300061188110811061108110811082108110D0
:109F4000611081108110A218A21882188110A21825
:109F5000A218A218A218A218A218A218A218C32008
:109F6000E228ECD34DEC2CE40CE4ECE3CBDBAAD3FD
:109F7000CBDBAAD3CBDB0CE44DEC6EF40CE449C391
:109F8000C7AA469AC4814269E158A1480259C479D6
:109F9000459A459AA6AA28C36ACB49CB058A268248
:109FA000AAD387A26371403000202351AAD329BBD2
:109FB0004692A479837963716371A479C479E48149
:109FC000E481E5892592058A058A058A058AC48186
:109FD000C481058A058A058A469A669A86A286AA57
:109FE000A7AAA7AA669A058A4369C148613860385A
:109FF000C140225942698379A47904922AE406BBBC
:10A00000E381038A215980388030A140225942617E
:10A010002261436942696369426983718371847112
:10A020008371A479A479C481C481C481E481C48189
:10A03000E581E481E489058AE481058A058AE58968
:10A04000E489E489E481C481C481C481C481E48950
:10A05000E489E489E489E481837122598130002014
:10A0600000206130E14822618371A379C381659A40
:10A07000A5AA649A85A2659AA379225960382020FE
:10A08000202081384261A479048A459A66A2C4815D
:10A090002259E150E1500251025102594261A3811B
:10A0A000E489058A259225922592A7AA25926271B4
:10A0B00062718379A4798371E1502261A379E48983
:10A0C000E489A1382010E148048A459A259A459AE6
:10A0D000659A459A66A24692A040E1502020403001
:10A0E000A1400251E489048A2592459AA6AA29C36F
:10A0F00086A263692259015942616369C479E4897E
:10A100002592459AA6A24692E148A0408361E33891
:10A1100061186118811062108118821882108110F4
:10A12000811082108210A218A2108210A118A21011
:10A130008218A218A218A218A218A218A220C2203F
:10A14000E3304DE42DE42DE40CE40CE4EBE3AAD37E
:10A150008AD38AD3AAD3EBE34DEC6DF46DECCBD369
:10A1600008BB469AC48163712269E158E1502261BB
:10A17000C481259266A2C7B248CB69CBE7B2225907
:10A1800029B329BB058AE150002061308ACB28BB66
:10A19000669AA4818371837163718371A479C48188
:10A1A000058A058A058A2592058A05922592058ADF
:10A1B000C481C481E4892592469A669A66A2A7AAB8
:10A1C000C7AAA7AAA7AA4592837102598138603805
:10A1D000A140E250226142696371C37968C3A8D388
:10A1E000C279248A015181384030A140015942612D
:10A1F0004261636942694369436963718371A47908
:10A200008371A479A479A379C481E489E481E5897F
:10A21000C481E589E481E481058AE489E489E489EB
:10A22000E589E481C481E481E489E481E489E48905
:10A2300025922592058AA4796369025181382020EC
:10A2400020206130C14822616371A379E48127B382
:10A2500067C3649A85A2C6A2837902596030001848
:10A260002028A1404261E481048A459A669A837954
:10A270000159E15022592259225922596369A38177
:10A28000E489048A45922592259286A225928371BB
:10A2900062718379C379A37922612161A479048AE7
:10A2A000C481C1400008C1400492259A2492259A95
:10A2B00065A2459A669A4692A048A0400018402898
:10A2C000A0382261049204924592459AC7AA08BB1D
:10A2D000048A2259E150E15042616371C4812592A0
:10A2E000459A459AA6A2669AC1482028E150A469D9
:10A2F00081188110821082108110811082108110CB
:10A30000811082108118821081188218A218A21858
:10A31000A218A218A218A218A218A218C220C2201D
:10A3200064414DEC2DE42DEC2CE40CE4EBE3ABDBD1
:10A33000AAD369CB8AD3AAD3EBE34DEC6DEC0CE442
:10A3400049C3C7AAC481637163714269226101591B
:10A350004269C481E4892592C7B249C369CB259279
:10A36000A5698ACBC7AA63692028202849BB29C3CD
:10A37000A7A2C4818371637183718371E581C481F4
:10A38000058A058A25922592259245922592058A6D
:10A39000E489E589058A058A2592459A86A2A7AAB5
:10A3A000A7AAA7AAA7AA86A2E4814261C1488138C8
:10A3B0008038E250226143694269837148BB67CBB0
:10A3C0002492E381827161304028813802514361D7
:10A3D00043694269637163718371637183718371CE
:10A3E000A479A479A379C479A379C481E481E481AF
:10A3F000E589058A058A058AC481C481E481058AC4
:10A40000E589E489C481E489E489E5892592058A9E
:10A4100005922592E589A3796369E150613040286E
:10A4200040286130C14001596371A379C489659A9C
:10A43000659A2492028A44928279E1504030001851
:10A440002020C1488371E489058A669A469AC381AF
:10A450002259025922614261226122616271A38103
:10A46000E4810592469A2592659A86AA2592A37957
:10A470008371A379C479C481426922618371048A9A
:10A48000E489C1400010C140C48125922492459ABC
:10A4900065A2459A669A459280406130001820284E
:10A4A000A14063690492E489459A459A28BB669A5B
:10A4B0004261A140C14801596369A379E489048AD2
:10A4C000459A459AA7A24592A1482028E25063697F
:10A4D000234981188118621082108110611082183E
:10A4E0008110811082108110A110821882108218B0
:10A4F000A218A218A218A218A218A218C220C2203C
:10A5000006624DEC2DE42CE42CE40CE40CE4CBDBF3
:10A510008AD38ACB69CB69CBAAD30CE44DF44DEC3A
:10A52000CBDB29C3469263716371636943696371CD
:10A53000426942698379E481459AE7BA49C3E8B23E
:10A540004361E8AA29BBC5798138002029B349C3F2
:10A55000A7A2C4818371637163718471A479E4815A
:10A56000058A058A25924592259245922592259243
:10A57000058A058A058A25922592669A669AA7AA6F
:10A58000A7AAA7AAA7AA87A2259283790251A140C8
:10A590008040C1480259426122616369A6A2C9D3C1
:10A5A0002392C379C379813820284030E148426141
:10A5B00063696371637163716371837183718471A2
:10A5C0008371A379A479A479C481C481C481C4812D
:10A5D000C481E481E489E481E481E589E489E4815A
:10A5E000C481E481E489E589E58925922592058A7B
:10A5F0002592058AC48183714269E25080386130B6
:10A6000081388138A14001596269C481C3810492B3
:10A6100047C306B3E28107B3A379C14820280018D5
:10A620006028E1508371E481E489459A459AA379D1
:10A630000259226142614369426142616371C4818E
:10A64000E4890592469A2592659A86A22592A37975
:10A65000A379C481C481C48183710159A379048A17
:10A66000E481E1480008C140C38104922492659AC4
:10A67000259A2492459A048A4030402000184028A8
:10A68000C140A37904920492459AA7AA28BBE48109
:10A69000E2508038E1504361A479E481E489259255
:10A6A0004592669AA7AA258AA0402028A140436126
:10A6B000A4698118611081108218811081108110A5
:10A6C00082106110821882188110A11882108218DD
:10A6D0008218A118A210A218A218A218A220C220A3
:10A6E000687A4DE42CE42DEC2CE40CE4EBE3CBDBBA
:10A6F000CBDBAAD3AAD38AD3AADBEBDB0CE44DECE9
:10A700000CE4AAD308BBC481427142696371A47985
:10A71000A379637142696271E48986AA08BB08BBA8
:10A72000459243596AC3A7A202592028E8A26ACBDE
:10A73000E8AAE589A479A47963718371C481E48965
:10A74000058A259225924592269225924692459217
:10A750000592048A058A05920592469A669AA7A2EE
:10A76000C7AAC7AAC7B2C7AA669AC4814369C14823
:10A77000A140C1480251025942614269A379E9DB13
:10A78000A5AA4492C379A14020284028C14022595B
:10A790006369837183718371637183718371837161
:10A7A00083798379A379A379A379A379C479A379E8
:10A7B000058AE481C481E589E481C481E481E48976
:10A7C000E489E589058A058A05922592058A2592FC
:10A7D0002592E481C48183712261E150A140C1408E
:10A7E000A1408038804002516269A379C481C3814D
:10A7F00007B32492E2892392C379A140001800187C
:10A8000061300251A479E589048A669A459A837178
:10A810002259226143614361436942698379C3815B
:10A82000058A25924592048A459A66A22592A379C3
:10A83000A379E481E481048A83714269A379048A5B
:10A84000E481E2502010A140C3810492259A459AE8
:10A8500066A2459A459A058A402820180018402883
:10A86000C148C4890492459A469AA7AAC7AA2261F8
:10A870008138A14022598371C481E489048A0592F8
:10A88000259A659AA6AAE48140304028C1484269C9
:10A89000E581A22881108110811061108110811042
:10A8A00082188210A1188210A118A218A218A11053
:10A8B00081188218A218A218A218A218C220C220B9
:10A8C000A88A4DEC4DEC2DE42CE40CE4ECE3EBDB3E
:10A8D000CBDB8AD38ACB6AD369CBCBDBEBDB2DEC2A
:10A8E0004DECABDB49CBA7AAA379426942618371E6
:10A8F000E481E48183792261E158837986AAE8B210
:10A90000C7B22259A89A08BBC4794030A8926ACB32
:10A9100008B32692A479A47963718371A479E5813F
:10A92000058A45924592469A2592469A469A4692BB
:10A93000259225922592259225922592469A86A2C5
:10A94000A7AAE8B2C7AAA7AAA7AAE5898371025154
:10A95000A148A140E148025942612161A279C9DBC5
:10A9600085A2038AC379C14040282020813802593A
:10A9700063698371A3798371837183718371837137
:10A980008379A379A479C479A479A379C479C4819A
:10A99000A379C481E481E481058A058AE589058A71
:10A9A000058A058A048A048A259225922592469270
:10A9B000E489C479A47983712261E150C148E148F6
:10A9C000C14881388138E15042618371C481E48992
:10A9D000449AC6AA2392449204828138001800182F
:10A9E000A1382259C481258A2592669A25928371BD
:10A9F000226142614269636942694269A379C48103
:10AA0000058A2592469A2592469A66A22492A381A7
:10AA1000C381C481048A048AC479626983792592D6
:10AA2000E481E2500010A138C381048A459A65A2EE
:10AA3000459A04924592E48121200010001861306B
:10AA40002259E4892492459A66A208B34692C148E5
:10AA50006038E1486369A479E481E489058A259234
:10AA6000459A86A286A2636920206030E15042693F
:10AA7000A479645981188118811082108110811085
:10AA8000821081108110821082108110A210A218F1
:10AA9000A2188110A218A218A218A218C220A220DF
:10AAA000E99A2DE42DE42DEC2DEC2CE40CE4ECDB08
:10AAB000CBDB8AD3AAD38ACB69CB8AD3AAD32CEC9B
:10AAC0004DEC0CE4ABD349C387A283710259025900
:10AAD0008371E481058AC4812261C150A479A6AA48
:10AAE000C7B2258A025108BB4692A140067A8ACB9A
:10AAF00008B32592C479837183718371A479E48149
:10AB00002592469A469A469A469A669A469A669A2E
:10AB1000469246922592469225922592459266A2A9
:10AB200086A2C8B2E7B2E8B2A7AA4692A379426960
:10AB3000C148A148C148015102592261A3792AE4C0
:10AB400085A2C279248AE148402800206130025160
:10AB50008371A479A479837163716371837183793B
:10AB60008471A479A379A3798379A479A381A47941
:10AB7000A379C481E589E481E589058A058A058A86
:10AB8000E489058A058A25922592058A25922592CF
:10AB9000058AE481C48183714261025902510251E4
:10ABA000C148A140A140E15022614269A381E489EA
:10ABB000E6AAA5A2A279649A6592603000182020C6
:10ABC000A1404261C481E489048A459A2592627158
:10ABD000226143696269636943694269A379E489CF
:10ABE0000592459225922592659A459AE489C481F9
:10ABF000E481E489E489048AC48162698271E48918
:10AC0000C481E1482010A138A381048A459A65A235
:10AC1000459A25922592E481212000180018602889
:10AC2000A37924922592469A86A208BBA371803804
:10AC30008138E2488369E481058AE4892592459256
:10AC4000459A86A24592E1480020A1484269637175
:10AC5000C379E579811881188110811081108210E3
:10AC6000611081108218A218811881108218A21810
:10AC7000A118A218A218A218A118A220C220A220CE
:10AC800029A32DE42CE42CE42DEC0CE40CE4EBDB08
:10AC9000CBD3AAD3AAD38ACB69CB69CB8AD3ABD384
:10ACA0000CE42CECEBDB8AD329C3669A6369A148D8
:10ACB000C1486269C481058AE48963698040E4818E
:10ACC000A6AAA7AA42616692C7AA63614459CBDBD0
:10ACD00029BB4692A479A4798379A479C479E481C3
:10ACE0002592469245924692669A669A669A869A06
:10ACF000469A469A4592669A259225924692669A77
:10AD0000A7A2C7AAC7B2C7B2C7AA66A2E5816371E4
:10AD10000259C148A148E150226101592161A8D3DB
:10AD200047C3449244922259603000204028E148B1
:10AD30006369A479A479A479A479837183798371EF
:10AD4000A47983718379A379A479A379C481C48117
:10AD5000C481C479C481E589058A058AE48904929D
:10AD6000058A048A04922592269225922592E489E6
:10AD7000C481E48183714269426142610259025196
:10AD80000251A140A148C148226163718379C38106
:10AD9000A6A2659AE381C281C379402800182120C8
:10ADA000C1404369C481E4892592459A0492837124
:10ADB000426963718371636963696371A379058A09
:10ADC0002592459A25920592669A669AE489C481ED
:10ADD000258A048A058A048AC48162718371E481A8
:10ADE000E481025100108030A379C481259286A2AB
:10ADF00066A2459A25928371201800100010C14068
:10AE00002592459A0492659AC7AAC7AA0151603053
:10AE100061302259A379C481E481058A0592259283
:10AE200066A2669AC381603061302261827183714B
:10AE3000C381058AC230811881108110611082108F
:10AE4000811081108110A118A218A1188210811000
:10AE5000A218A218A218A118A218A218A220C220F3
:10AE60002AAB2DE44CEC4DEC4DEC2CE4EBDBCBDBD6
:10AE7000CBDB8ACB69CB6ACB29C349C369CBABD3C4
:10AE80000CE42CEC2CECECE36ACB28BB86A24369E7
:10AE90006030A1404361C4812592E48922618140F0
:10AEA000C48186A2048A235108B3E4818140CBD3B4
:10AEB00028C3669AC4798371A3798379A379E481DD
:10AEC000058A4692469A459A669A87A2669A87A20A
:10AED000869A669A469A469A469A669A459A459AF4
:10AEE00086A2A7AAC8B2E8B2E8AA87A22592A47946
:10AEF0004261E150C148E148025122612261C9D357
:10AF0000A5AAC281038AA371613020204028C140D4
:10AF10004261A479C481E481A4798379A47983719D
:10AF2000C479A479A479A479A479C479E481E58168
:10AF3000C481C481C481E489E489048A059225928C
:10AF40002592058A2592259245922592058AE489C3
:10AF5000048AE481637122610259226122592259D3
:10AF60002259E148C148E148225963698371C3818C
:10AF7000048AC6AA649A038A869A40280018402840
:10AF8000E2486369E481058A2592459AC481837108
:10AF9000626983718371837183718371A379E48999
:10AFA000459A469A2592469A459A2592E489E481E3
:10AFB000058A048A048A258AC4798371A379048A5C
:10AFC000E4890251201060308371E489249265A2E3
:10AFD000259A459A259262690018001020188371FD
:10AFE00086AA669A2592459AE7B20582813820287A
:10AFF000C1484269E481058AE489258A059225923F
:10B0000066A2049222592028E1506271A379C4817A
:10B01000E489048A8461811881108110811082186A
:10B0200081108110821082188110A210A11882183C
:10B03000A110A2188118A218A218A218A220C2203A
:10B040002AAB2DE44DEC2CE44DEC2CE40CE40BE4A9
:10B050008AD369CB6ACB6ACB69CB49C349CB6ACB6C
:10B06000ABDB0CE42DECEBE38AD349C328BB459260
:10B070004261202860300259C4792592E48902593E
:10B08000A140048A669A42614692669AC148AACB58
:10B0900069C3A7A2E4818371A47983718371E48178
:10B0A0004592469A669A669A669A87A287A2869A77
:10B0B000669A669A469A669A4592469A469A469A39
:10B0C00086A2A7A2C7AAC7AAC8B2E8B2469AA3791D
:10B0D00063710259C148C148E1500259025968C31D
:10B0E00067C385A26169248281384028202081308D
:10B0F00002518371C481E481C481A379A4798379E5
:10B10000A479C479C479A379C479A479A379C481D1
:10B11000E481E589048AE489058A2592048AE48920
:10B12000E48905922592259225922592E589048A43
:10B13000C481837122614261436143614261236141
:10B140000259E150A0480251025942698371A3811A
:10B15000A6A247BB44920392A59A2028002040282B
:10B16000E2508371E489058A4592459AC4816371EE
:10B1700063718371837183718371A379C481048A3C
:10B180002592669A259286A22592E481C481C48183
:10B19000E581E589058A048AE48183718371E48904
:10B1A000E4812251000860286269A381249266A28A
:10B1B000459A459A058A2261201000088138E48961
:10B1C00086A2459A459A259AE7AA426120286030CE
:10B1D0002259A371E481058A048A25922592459A11
:10B1E0004592A379813881404269C481C47925920E
:10B1F000C481C381C47981186118811081108218BB
:10B2000061108210A11882188110A218A218821849
:10B21000A21881108218A218A218A218C220C22057
:10B220006ABB4DE42DEC2DE44DEC4DEC2CE4CBDB76
:10B230008ACB8AD369CB49C349C329C328C349C32D
:10B240008ACB8AD30CE42CE4EBDB6ACB49C308BB82
:10B250004692436940282028C148C479058AC481A0
:10B26000C048C248048AC4792351A6A263696ABB54
:10B2700049C3C8AAE581A37983718371A479C4798C
:10B28000058A669A869A869A87A2869A86A287A255
:10B2900066A286A2669A669A469A46924692869ACE
:10B2A000669AA7AAC7AAC7B2E8B2E7B286A2E581A2
:10B2B00083714261E150C148C14802590159C5A298
:10B2C00088CBC6AA038A0482A1406130202861305D
:10B2D000E1486369C481058AE481A3798379837134
:10B2E0008379C479C481A379A479A379A479E58108
:10B2F000E481E481E481058A058AE5892592058A4D
:10B30000048A2592259225922592058AE481058A50
:10B31000E5898371226142614261636963694261C7
:10B3200022610259E148E150025922618271A379F8
:10B3300085A2649A038AE289E3892028201840289C
:10B34000E148A371058A259225922592C4818379CB
:10B350008371A479837183718379A379C481059200
:10B36000459A669A66A286A2A471454166416641E5
:10B3700086498649C669268AC48163698371058ABC
:10B38000058A2259000840284261A381259286A29D
:10B39000469A459A258A225920102010E150C481EE
:10B3A00066A2459A659A669AA7A2E1480020A1384C
:10B3B0006369E481048A2592459245922592669AB2
:10B3C0002592226140304269A379A379048A86A23A
:10B3D000048A6371E481E2386118811061106110A0
:10B3E0008210811082108110821881108210A218A0
:10B3F000A210A2108218A218A218A218A220A2209D
:10B40000ABC32CE44DEC2CE40CE44DEC0CE4ECDB95
:10B41000EBDBAAD36ACB29C349C349C308BB49CBD9
:10B4200049CBAAD3CBDBCBDBECE3AADB8ACB29C3AA
:10B43000E8B2669A847140282028C140A479058A20
:10B44000A3796038E248C479E150258AE48929BBB0
:10B4500069C3E8B2058AC48163718371A379C48129
:10B46000058A2592669AA7A2A7A2A7A267A287A289
:10B4700086A287A2669A669A469A4592669A669AC4
:10B4800087A2A7A2E8B2E7B2E8B2E8AAA7A2058A13
:10B49000A47942690251C148C14802510259E7AA40
:10B4A00047C385A22392248AC1488138202840308E
:10B4B000C2402259A479058A058AC481A47983717E
:10B4C000A379A479C479A481A479A379C481C4811E
:10B4D000C481E589058A058A058A258A25922592EF
:10B4E00025924592469245922592058A048AE489DE
:10B4F000E48163690259226143696369836943692D
:10B50000636942590251E1500259015962698379D4
:10B51000E48968C3C5AA248A85A2A13800204128ED
:10B52000E148A479058A058A2592048AC481A37911
:10B530008371C4798379837163718379C48104923F
:10B54000459A669A669A258A042967318739A83907
:10B55000A839A741A7398651A47143616269E48182
:10B56000E4812259010841202261A3790492659A5D
:10B57000669A259AE48901510008201801518371C7
:10B5800066A2259286A2A7AA258A40302020C1481B
:10B590008371E489259225922592058A2592259228
:10B5A0008371A0400259C481A381E48986A2A7A225
:10B5B000A3792161A37184696118811082108110BF
:10B5C0008110811082108110A2188210A1108118A0
:10B5D000A218A218A218A118A118A218A220C2206D
:10B5E0008BC32CE44DEC4DEC4CEC2CE44DEC2CE4FA
:10B5F000EBDBABD369CB28C349C328BB08BB28C34B
:10B6000029C349CB69CBCBDBEBE3CBDB8AD349C383
:10B6100029C308BB869A84718138202081388371C0
:10B62000048A63692028E248225943592592E8B2E6
:10B630008ACBE8B24692A4798371A379A379C481B5
:10B64000E4892592669A87A287A2A7AAA7A2A7A2A1
:10B65000A7A286A287A286A24692669A669A669A50
:10B66000669AA7A2A7AAE8B2E8B2E7B2A7AA25926B
:10B67000C481A3712259C148C148E2480259626994
:10B68000E9DB88C3449A4492A369A1406030402812
:10B69000813002518371E481058AE581E4818371FF
:10B6A0008371C481C479A479A479A379C481C48144
:10B6B000E481C481058AE489058A258A0592259258
:10B6C00025922592459246922592058A048AE48124
:10B6D00083712261225963698371837183718371DC
:10B6E0004261225902590151015122594269A379FB
:10B6F00085A227BB449223926592024900204028EC
:10B70000E250A371E481048A2592048AA4798379A2
:10B71000C379C479A379A3798379A379E48945921C
:10B72000459A469A4592A4692529873949620A8B28
:10B730000A83EA82696A66398559C1480259E481F7
:10B74000E481225900082018E15083710492659A1F
:10B75000659A669AE481C14800084120E14862691F
:10B76000459A2592659AE7B2636120206030226194
:10B77000A379058A258A4592469A25922592A3792E
:10B78000025922618379C481C481459AC7AA669A05
:10B79000215901596371E57981186110821082186D
:10B7A000811082188218A210A1188218A21082108B
:10B7B0008218A110A218A218A218A218C220C2288A
:10B7C000CBCB2CE44DEC0CE42CE42DEC4DEC2CEC30
:10B7D000EBDBCBDB6ACB8ACB28C328BB28C308BBF7
:10B7E00008BB29C329C38AD3CBDBCBDBAADB89D334
:10B7F00029C329BB08B3A7AAE481C148002060304F
:10B800006369E48122612020C1488138E481C7A2B4
:10B8100069CB08B3669AE48183796371A379C479AB
:10B82000E4812592669A87A287A2A7A287A286A210
:10B83000A7A287A286A2669A469A669A669A669A8E
:10B84000669A669AA7AAC8AA08B3C8B2E8B286A23E
:10B85000E589A4794361C148A140C148E15001593B
:10B8600047C368C3859A649A0482C1406130402806
:10B870006130E1484261C481E481058AC4818379F1
:10B88000A379A379A479C481C481C481E481C481EA
:10B89000C481E481C481048A25922592258A259257
:10B8A00025922592459A0592C481E4892592C48106
:10B8B000426901592259436983718371837183718C
:10B8C000436143612259E150025902592261A3792F
:10B8D0002492C5AAC6AA0392E38163590020602876
:10B8E0000251A479048A048A0592058AC481A37945
:10B8F000C481E481C481A379A379C381E4890492DA
:10B90000459A2592459AA5692529C7498A9BC74921
:10B91000C849C749E982896A243981380251C481FA
:10B92000E481025100082018E14842692592459AB5
:10B93000459A2592C489A14000084020A1408379FE
:10B940002592459A86A2A7A280380018C148637143
:10B95000058A25924592469245922592C481426974
:10B960002161C379C481C381E489659AE7B2058AFC
:10B97000C148E1508371058A2251611881108118F4
:10B98000811081108110811082108218A1188218F4
:10B99000A210A110A218A218A218A218A220C228B0
:10B9A000CBCB2DE44DEC4DEC2DE44DEC4DEC2DECE2
:10B9B0000CE4EBDBAAD369CB69CBE8B208BBE8B2F5
:10B9C000C7B2E8B208BB29C369D3AAD3AADBAAD3FA
:10B9D00069CB28C308BB08B3C7AAE5812259001860
:10B9E000402822598371C148201860304261259255
:10B9F00069C308B387A2E481837983718379A479C9
:10BA0000E4812592669A669A86A2A7AAA7AA87A227
:10BA100087A2A7AAA7A2869A66A2669A669A669A3B
:10BA2000669A669AA7A2C7AAC7B2C7AAC7AA86A2D9
:10BA30002592C4794369E250A140A148E1500259DE
:10BA4000A9CB27C3649A4492448AA140A1384030CC
:10BA50004030A1382259A479058A2592058AC481EB
:10BA6000C479C479C481A479A379E481C481E481CF
:10BA7000E581E481058A058A058A2592258A059251
:10BA80002592469225922592E489048AE489C3810D
:10BA90006369225922614269837184718371837160
:10BAA0004369426142610251E15002592261626977
:10BAB000C38147C3E6AA2392A5A22582002040287D
:10BAC0002259A479058A059225922592E481C379A9
:10BAD000E481C481C481C479A379A37905922592B4
:10BAE0004592459A459AC57146318772E982E88A3E
:10BAF000C749E78AE6596A9B253981300251E481BA
:10BB0000E481225100082110C1406369049265A2BA
:10BB1000259A2592A379803800102018A140E48945
:10BB20000492669A659A4592402840280259C47941
:10BB3000258A45922592469A4592058A83716271BB
:10BB4000A379C481E481C4810592A6AAE7AA83717E
:10BB5000803801598371E481E581C23881188110F0
:10BB60006110821081108218811082108118A21831
:10BB7000A218A218A218A218A218A218A220C228BD
:10BB8000ECD30BDC2CE42CE42CEC2CE42CE44DEC7E
:10BB90000CE40CE4CBDB8AD349CB08BBE8BAA7AAF8
:10BBA000A7AAA7AAA7B208BB49C3AAD3ECDBABDB01
:10BBB000AAD369CB28C328BBE8B2C7AA058A6369A0
:10BBC0002028202002514361613020204128A379A0
:10BBD00069C329BBA7AAE589A47983718379A3796D
:10BBE000C481058A4692469A86A2A7A2A7A2C7AA9E
:10BBF000A7AA87A2A7AAC8AA86A266A287A287A286
:10BC0000469A669A86A2C7AAC7AAE8B2E8B2A7AAC5
:10BC10002592C48163710259C140A040E250E250B4
:10BC2000248A2AE4C5AA44922492E148C1406130A2
:10BC300060308138E1486369E481058A058AE481DE
:10BC4000E481C481C481C481C481C479E481C48194
:10BC5000C481E481E481E589258A45922592469A4A
:10BC6000259245922592259205922592058A837107
:10BC700022610259225963698371A479A47983717D
:10BC80008371436922610259025901590259426183
:10BC9000A3792492E6B2038A038A416120286130A5
:10BCA0002259C479E481E489048A048AE489A47964
:10BCB000058AC481C481A479A379E481C4892592C9
:10BCC000669A459A869A258225318549499368A3C3
:10BCD00068A3C68A28930993453981300251E481CB
:10BCE000058A225100082010814042610492459A41
:10BCF000459A24928371813000102018A14025922A
:10BD0000259266A2A7AAA479202081386369E489D4
:10BD10002592459245924592E489A4798271A3794E
:10BD2000C481C481048A259266A2E7B24592E1509B
:10BD3000803822618371C479E581A471A1206118E2
:10BD4000821082188210821881108110A210A2180D
:10BD50008218A218A110A218A218A218A220C22804
:10BD60000CDC0CE40CE42CE42CE44DEC2CEC2CE48A
:10BD70002CE40CE4EBDBAAD36ACB49C308BBE7B2E3
:10BD8000A7AA86AA86AAA7AAC7B229C36ACBAAD39A
:10BD9000CBDB8AD329C308BB08BB28BBC8AA258A2A
:10BDA000837161382020E148025120200018C148E9
:10BDB00049C329BBC7AA058AC479A379A379A47901
:10BDC000A379E4812592669A669AA7AAC8AAC8AA06
:10BDD000A7AAC7AAC7AA87A287A287A286A2669A8D
:10BDE0004692669A66A2A7AAC7B2C7B208BBE7B2D4
:10BDF000669A048A83712259C148A040A148E15043
:10BE0000C379C9DB26BB859A85A20159C148A138EF
:10BE100060306030C1402259A371058A258AE581CE
:10BE2000A379A381A481A379A379E481A479C481AE
:10BE3000C479C481E481E489058A259225924592DA
:10BE4000259245922592C481048A25922592637198
:10BE5000015902594261A371A479A479A371A4790B
:10BE60008371636922612259225902510259226168
:10BE70008371E6B247C384A24492248220286130B1
:10BE80000259A379E4810592058AE489E489E48171
:10BE9000058A048AC481C481A379C381E489249278
:10BEA000459A2592669A258A04292531699B479BE4
:10BEB000C78AC68A289B088B443982302251E48184
:10BEC000E481E2480008200860380251E489459A7C
:10BED0002592259263696028001020180259459226
:10BEE000459A669A86A222590020E1508371E48126
:10BEF00025920592058AE481C481C481C381C481ED
:10BF0000E489048A048A2592C7AAC7AAC479813819
:10BF1000A1404261A379C381258A8371636181183D
:10BF20008118811081108210A2188118A110821826
:10BF3000A210A21082188218A218A218A220E22829
:10BF40002CDC0CE42CE40CE42DEC2CE42CEC2CE4A8
:10BF50000CE4EBE3EBDB8AD3AAD369CB49C308BB80
:10BF6000C7AA87A2459A669A66A2C7B249C3AADB46
:10BF7000AADBAAD38AD349C308BBE7B2E8B2A7AA0F
:10BF80004692A479E1482020C14081380020202039
:10BF900008B329BBE8B24592A479A379A479A3791F
:10BFA000C479C481258A669AA7A2C7AAA7AAA7AA04
:10BFB000A7AAA7AAA7AAA7A287A2869AA7A2869A93
:10BFC00087A2669A87A2A7A2C8B2E8B2E8B2C7AAB7
:10BFD00086A22592A4712261C1488138A140C1483E
:10BFE00021612AE467CB859A44920159E250C1400D
:10BFF00060306030813802518371C481258A259276
:10C00000E481A479C481C481C481C479A479C47948
:10C01000C481C481E581058A058AE4892592259237
:10C0200046922592E589E48925922592C481426150
:10C03000E15022596369A479A379A379A479837122
:10C040008371836943612259025901512261426916
:10C050008371659A64A2449A439A6592202860305D
:10C060002261C479058A0592258AE489E481E489FC
:10C07000058A058AE481A379C481E489048A25922A
:10C08000459A2592259A4592822066314993E7592F
:10C09000489B489B085A29936539C2302259E4814C
:10C0A0000482C140000800088030E148E4892492FD
:10C0B0002592048A2261202000102018C47925923C
:10C0C000669A669A86A2A14040282261C481E489CA
:10C0D000258A2592048AE489C481E489C489E48993
:10C0E000058A05922592669A86A2669A0251603860
:10C0F000E1506371C481C48145924261C479435166
:10C100008118811081108118821082188110821884
:10C11000A210A118A218A218A218A218A220E330F7
:10C120002CE40CE42DEC2CEC4DEC2CEC2CE40CE48D
:10C13000EBE3EBE3CADBCBDBCAD36ACB69CB29C326
:10C14000E8B2A7AA86A246A2459A669AA7AA28C3D9
:10C1500069CBAAD369CB8AD328C3E8BA08BB08B392
:10C16000A7A2258AA379E250202041282120201867
:10C17000A7A249C308B34692A37983798379A479A6
:10C18000C479E5812592469286A287A2C7AAC7AA4A
:10C19000C7AAC7AAA7A2A7AAA7AA87A286A2669A81
:10C1A000669A87A287A287A2A7AAC7AAC7B2C7AA68
:10C1B000A7AA2692C48163690259A1408038A14090
:10C1C000E15067C3E9DBC5AA859A6269E150E25094
:10C1D000A13860306138E1482261A379258A26922E
:10C1E000E481C481A379C481C481C479A379A47989
:10C1F000C479E481E581E481058A058A058A45924E
:10C2000025922592E489058A459A459AA379226167
:10C21000025922598369A479C479E481C481A4793B
:10C22000A4718371636922610259015122594261EB
:10C230006271038A47C327BBE281C279202861303B
:10C240002259A479258A2592E489048AE481E4812B
:10C25000E489E589048AC481A381E489058A459239
:10C26000669A469A2592469A812845314A93A7496B
:10C27000ED72AD6A4B5A29934541C3300251E481B6
:10C28000E481A138000820084128A140E489459AAA
:10C29000048AE489226120202010A138048A259292
:10C2A000459A459A2592804080388371C481E48103
:10C2B0002592058AE489058AE489048A048A05921C
:10C2C00025922592259286A2C7AAC4798138803802
:10C2D00022618379C481C38146920161048A058207
:10C2E000C230811081108210A11882108210A21811
:10C2F000A118A218A218A218A118A218A2202339C6
:10C300002CE42CE42CE42CE42CE42CE42CEC0CE4C5
:10C310000CE40BE4EBDBEBDBEBDBAADB8ACB69CBDE
:10C3200049C3E7B2C7AA46A2659A259A459A66A26A
:10C3300008BB28C369CB8AD349CB28C308BBE8B262
:10C34000C7AAA7A225928379225920202020202045
:10C35000058249C308BB669AC481A4798379837135
:10C36000A479C481058A469A669AA7AAC7AAA7A2F1
:10C37000C8AAA7AAA7A2C8AA87A286A2A7A287A27C
:10C3800087A2669A869A87A2A7AAC7AAE8B2E8B245
:10C39000C7AA469AE48183712259A1408038A140FE
:10C3A000C14888CB47C384A2038AC3790151025193
:10C3B000C14880388138A14002518371E481058AE7
:10C3C000058AA379A381A381A479A379A379837131
:10C3D0008371A379C481E481C481E589058A058AD2
:10C3E0002592258AE481E489459A048A8371015162
:10C3F000015122618371C479C479E481C481C47913
:10C400008371637143694261225902590259226161
:10C410004269659A47BBA5A24392A5A22028813014
:10C420000259A371E481058A048A058AE589058A8F
:10C43000058A048AE489C481C481E4890492669AE5
:10C44000659A459A459A2592C1402531E87A686AED
:10C4500037BD37C5D28B098B453904312259C38189
:10C46000E4818130000800084020A138A3790492BB
:10C470002592048A025920180010A4712592459A29
:10C48000459A2592C4814030C1488371C481E489B2
:10C49000058A048A048A048A259225922592259287
:10C4A00045924592669AA7AA469242618038C14851
:10C4B0006269C381E481C481469A22618371459295
:10C4C000A47181188218A21881108118A218A210D4
:10C4D000811882188218A118A218A220A2208449CB
:10C4E0004CE40CE42DE42CE42CEC0CE40CE40BE424
:10C4F000EBDBCBDBCBDBEBDB0CE4CBDB8AD3AAD3F4
:10C500006ACB49C3E8B286A286A2469A04920592F3
:10C51000459A86A208BB8AD3AAD369CB28C308C38D
:10C5200008BBA7AA86A2058AA47922612020201828
:10C53000635949BB29BB87A2E581A37983718379BC
:10C54000A479C479058A2592469A87A2A7AAA7AAA0
:10C55000A7AAA7AAC8AAC7AAA7AA86A2A7A286A26C
:10C5600087A287A286A2A7A2A7AAC7AAE8B2E8B212
:10C57000A7AA869A258A83792261E1488038803883
:10C58000A14827B32AEC26BBC281248A025102515A
:10C59000C148A14080388138E1484369C479258A7F
:10C5A0004692E489C481E481C481A379A37983712B
:10C5B0008371A479C479C481E481E481058A0592F8
:10C5C000048A0592058A048A469AE4814369E15007
:10C5D000025943616369A379C479C481A479C48190
:10C5E000C479837183712261225922612261426977
:10C5F0008371E48985A227BB2392649A2030813815
:10C600000151A371C481058A048A058A058AE481DF
:10C61000058A058AE489E481E481E4892592469AC1
:10C62000459A459A86A245922259463166394A93DF
:10C63000C749C849C8492A93463925312259A3799F
:10C64000E48120200008200820188038A379259252
:10C650002492E489E15020180249259205922592FE
:10C660002592048AA37140300159A479E481048A97
:10C670000592E489E48905922592259225922592D6
:10C68000669A2592669A86A2A3790151C1482261D1
:10C69000A379C481048AE489459A63612259058A91
:10C6A000058A43618110811082188110A1188218B7
:10C6B000A210A218A218A218A218A218A220844997
:10C6C0004DE42CE42DEC2CEC2CEC0CE4EBE3EBDB5C
:10C6D0000BE4AAD3AADBEBDBCBDBAADBCBD3CBDB34
:10C6E000ABD38ACB29C3E8B2A7AA669A669AE48933
:10C6F0000492059266A207BB69CB48CB28C328C326
:10C7000028BBE8B2C7AA669AC4798371C1480018E9
:10C71000813008BB08BBA7A2058AA37983718379FE
:10C720008371C481E581058A459286A2C7AAA7AA1A
:10C73000C7AAC7AAA7AAC7AAC7AAA7A2A7A287A229
:10C74000A7A2A7A286A286A286A2C7AAC7B2E8B25B
:10C75000A7A287A2058AC479426102518138803834
:10C76000A040248AC8D347C3038AA5A2025902590C
:10C77000E150A140A138A038C14822598371058AEF
:10C780002592E589C481E481E489C481C481A479C6
:10C7900083718371A379C479E481E481058A259248
:10C7A0002592058A048A469A4592C4812261E1480D
:10C7B0000259226163698371C481C481E481C481A7
:10C7C000A379A4798371426122612261436122616C
:10C7D0008371E48947BB47C385A2A5A20251813872
:10C7E00002516369C481058AE489E481E489048A89
:10C7F000048A058A058AE489048A058A0592459295
:10C80000669A2592469A45926369C3206631E8513B
:10C81000E982EA8A0A8B08522531E3302261E481F9
:10C82000E4810018000820102010613083792492E0
:10C830002592E489E1504028058A0592048A459AA8
:10C840002592E489226180384261A479A481048A16
:10C850002592E489E4892592459A259205922592AC
:10C860004592469A86A245928371E15001596369C7
:10C87000C481048AC481048A2592C579E158A379C8
:10C880004592A37981108118A2108210A2188110FC
:10C89000A1188118A218A118A218A118A220E56158
:10C8A0002CE42CE44DEC2CE42CE40CE40CE40CE43F
:10C8B000EBE3CADBABD3AADBCBDBCBDBCBDBEBDB4A
:10C8C000CBDBCBD38ACB49C3E7B2A7AA86A22592FA
:10C8D0002592E489E48966A2C7B208BB29C349C38B
:10C8E00008BBE7B2E8B2A7A22592A4794261613001
:10C8F0002018E8AA28BBC7AA4692C4818379837905
:10C90000A479A379C481E4892592669AA7AAA7AAE3
:10C91000C7AAC8AAC8B2C7AAA7AAA7AAA7A2A7A215
:10C92000A7A2A7A286A266A2A7A2C7AAC7B2C7AAA1
:10C93000C8B2669A669AC47963690259C14881404F
:10C940008040047AE9DB06BB028A248A0159025935
:10C950000151E148A140A140A14022596369A47955
:10C96000058A258AC481C381E489C481A37983713E
:10C9700083718371A371A479C479C479E481E48952
:10C98000058AC481048A459A2592C3794261E148A7
:10C99000025122616369A471C481C481E581E4818B
:10C9A000E481A47983716361225942614261226109
:10C9B0008371C381E6B2649A038AC5AA8361A138F0
:10C9C00002518371048A058AE481E4810482E4814E
:10C9D000E481058A048A048AE489058A2592459AB5
:10C9E00025922592469A2592C481C138252946313F
:10C9F000C841C841C841A7394541A1384261E481D5
:10CA0000E481001000082110001080308371048A36
:10CA10000492E489C1484361459A4592259A25923A
:10CA2000E489E3890159A0404261A481E481E48959
:10CA3000E489E4892592459A259A459A048A459283
:10CA4000459A669A4592C37942612261426983712F
:10CA5000C48105920492048A0492468AC1484269BC
:10CA60004692C4818218821881108118A218A218D7
:10CA700082188218A1188118A118C220A220066A63
:10CA80002CE40CE44DEC2CE42CE42CE40CE4EBE37F
:10CA9000CBDBCBDBAAD3AAD3AAD3EBDBABD3CBDBE9
:10CAA000CBDBAAD38AD349C349C308BBA7AA66A2D2
:10CAB0002592E489A381048A259286AAA7AAC7B2EF
:10CAC000E7BAE8BA08BBE8B286A2E48163718040A5
:10CAD0002020879A49C3C7AA258AC481C481A47922
:10CAE000A379A479C481058A058A669AA7AAA7AA08
:10CAF000A7AAE8B2C7AAC8AAC8B2A7AA86A2C7AA04
:10CB000087A286A286A286A286A2A7AAC7AAE7B201
:10CB1000C7AA87A2459AE48183712261C148A140D6
:10CB2000A140215909E4A8DB659A4492626922591F
:10CB300002590251C148C140A140E1482259A4799B
:10CB4000058A2592058AC381E4890492C481A37968
:10CB500062718371637183718371C479C481E48963
:10CB6000058AE4892592459A259283790251C14824
:10CB7000E150426183698371E481E481E481C4818D
:10CB8000C481A479A3716369226122614369426906
:10CB90006371837106B367CB06BB239262618040E9
:10CBA00002518371C481E481E481E481E481E48100
:10CBB000E489048A258AE481058A2592469A669A40
:10CBC00045920492459A2592E481A379E248252969
:10CBD000663167398739C7518561E1508371C479FE
:10CBE000A371200800082010001040288371048AD7
:10CBF000E489C481A1408371259204920492259214
:10CC0000E4814269C148C1486369C481E481E48127
:10CC1000048A058A2592459A459A2592049225927E
:10CC2000669A4592E48183798371837183718379F4
:10CC3000C4810492058A0592259266928040015132
:10CC4000E581258A81188110811081188110A21830
:10CC50008218A218A218A218A218A218A12026723F
:10CC60002CE40CE42CE40CE40CE42CE4EBE30CE406
:10CC7000CAD3CBDBAAD3AAD3CBDBAAD3AAD3ABD359
:10CC8000CBD3AAD3CBDB8ACB69CB28BB08BBC7AA43
:10CC9000A7A2469A0592E489E489048A66A2A7AA13
:10CCA000A6AAC7B208BBE8B2C7AA46928371C15010
:10CCB0000018268A49C308B3469A058AA379A3793E
:10CCC0008371A379C479C481058A469A669A86A23B
:10CCD000A7AAC7AAE7B208B3E8B2C7AAA7A2A7A2A1
:10CCE00087A287A2869A87A287A2A7A2C7AAC7AA55
:10CCF000C7AA87AA669AE581837143610259A14058
:10CD0000A148C14826C3E5B284A2038A65920159AD
:10CD100002592259E148C148C140C14801518371BB
:10CD2000E4812592058AC481048A2592E489A37945
:10CD300063718371636983718371C479E581E58966
:10CD4000058A048A469A459A058A6371E150C1486A
:10CD5000E148226163698371C481E489E481E481EB
:10CD6000C481A379A371636942612261226143692D
:10CD700062698371A5AAA5AA64A2A4AA659280404B
:10CD800022596269A379C481C481C381E481E489A1
:10CD9000058AE489058AE489E489259225924592E9
:10CDA000469A2592048A048AE489E489E481C4814C
:10CDB000C571A471E5790682837142698371C37973
:10CDC0008369001020100008001041288271E48956
:10CDD000E381E481A040A37125920492E489C48197
:10CDE0006271E1508040C1508379048A258A09AB81
:10CDF0004ABBE8AAE481A381E48904922592459282
:10CE0000469A2592C481C479E481C481A47962716F
:10CE1000C4810492048A2592259246924030A14012
:10CE20006269258A811082188218A21081188118DF
:10CE3000A1108218A218A118A218A220A220677A15
:10CE40002DE42CE44DEC2CE40CE40CE42CE40BE499
:10CE5000EBDBCBDBAAD3AACB8ACB8AD3EBDBAAD37F
:10CE6000AAD3AAD3AAD3AAD38AD38ACB49C308BB4D
:10CE7000C7AA86A22592E589E489C38105922592F5
:10CE8000659AA7AA86AAC7B2C8B2A7A2E4812261FE
:10CE90002020636148BB08B3A7A2C481A379837132
:10CEA0008379A371A479C479E4814592669AA7A293
:10CEB000C7AAC7AAE8B2C7AAA6A2A7AAC7AAA7A232
:10CEC000669A86A286A286A2A7AAA7AAA7A2C7AA8E
:10CED000C7B2C8AA87A2058AA47942612259C1486B
:10CEE0008040A148C9CBE9DB27BB4392859AE1503A
:10CEF00022590159E150E148C148C148E1506369F4
:10CF0000A4790482058AC481C38125920492E481B4
:10CF1000837163714269436963698371E481C48188
:10CF2000E481048A0492459AE4896269C148C1484F
:10CF3000025142618371C479E481C481C479E4817E
:10CF4000C481C479A37963714369426143696369A8
:10CF500063718271649A47C306B323922482A1400D
:10CF600001516269C379C479A379C481E4810482DF
:10CF7000E489E481E489258AE489058A469A459210
:10CF800005922592058A048A048AE481058AE48947
:10CF9000E481E489C481A47983718371C379C481F4
:10CFA0004261001020082010001020206271E489E6
:10CFB000E489A3796038A4712592E489C4818371DE
:10CFC000015960388138025983712AAB6FDCF2E471
:10CFD000F1E48FE42DDCC671E150A37945922592EE
:10CFE000469A258AE481E489E589E481A3798371FD
:10CFF000C38104922592058A2592879A4030403059
:10D000000159058A811082188110A218A118821076
:10D010008110A1188218A118A118A218A220A88A0C
:10D020004DEC0CE40CE42CEC0CE40BE4EBE3CBDB7C
:10D03000ECDBEBDBCBD38AD349CB69CBCBD3ABDBFC
:10D04000AAD3ABD3AAD38AD3AAD369CB8ACB49C3F9
:10D0500028BB08BBC7AA469AE489A381A381E489B7
:10D060000492259A669AC7AAA7AA86A2669A6371AD
:10D070006030603028BB08B3A7AAE4818379837944
:10D08000A379837983718379C4812592469286A29C
:10D09000C7AAC7AAE8B2C7AAA7A2A7AAA7AAA7A26F
:10D0A000A7AAC8AAA7A286A286A2A7A2C7AAC7AAF9
:10D0B000C8B2A7AA87A22592C47963692259E15010
:10D0C000E150C148659A67D3C5B244922492015990
:10D0D00022592259E150E250E148C148E148225921
:10D0E0006369C4812592058AC38104922592E489EB
:10D0F000A3796369426142616369A371C479E48180
:10D10000058A2592659A669AC4812261C140C14808
:10D11000E15043618371A479C479C481C481C4811D
:10D12000E481C481C479837163694261636963691D
:10D1300063716269649AC5AA27BB649A4492C04825
:10D1400002516369C481C481A379C481E481E5810A
:10D15000E481058A048A058A058A058A2592459212
:10D1600045920592E489E489E489058AE489058A7F
:10D17000E489E489C481C381C379A379A3798379DC
:10D180002259001001082008001021208371048A10
:10D19000E4896371403083712492E489A3814269F8
:10D1A000A1402030603802594BB32FD414E5D2E4AB
:10D1B000F2E4B0E490E40ECC20300159E4892592E9
:10D1C000469A2592058A258A058AE581A37983797D
:10D1D000E489048A048A04924592C7A26038202810
:10D1E000C148C4818210811081108110A218821858
:10D1F0008118A21082108210A218A220A120C89229
:10D200002CE42DE42CE42CE42CEC0CE40CE4EBE317
:10D210000CE4CAD3CBDBAAD3AAD3CBDBAAD38AD361
:10D22000AAD36ACB8AD349C36ACB8ACB69CB8ACBD0
:10D230006ACB49C3E8B2C8AA66A2058A8379837912
:10D24000A381C381048A2592459A459A86A2E481E6
:10D25000C1480018E8AA08BBC7AA258A8379837940
:10D26000A47983718371A379C481E5892592669A33
:10D2700087AA87A2C7AAC7AAC7B2E8B2A7AAA7A2C5
:10D28000A7A2A7A287A286A2869AA7A2C7AAE7B248
:10D29000E8B2C7AA869A2592C481636922610151C6
:10D2A000E150C148458A87D346C3A5A2859AE1507B
:10D2B000225921590159E1502251E148C1480251F6
:10D2C0006369C481258A058AE489048A459A05929E
:10D2D000A379A3714369226142616369A479C4811E
:10D2E000E489048A45924592C3812261C148C140C4
:10D2F000E148226183698371A379C481E481C48197
:10D30000C479C481A4798371836963694261626964
:10D31000626942698279859AE6B20292E6AAC148B8
:10D32000E15021618371A379A379C479C481C48157
:10D33000E481048A258A058A258A259225922592E8
:10D340002592048A25922592E489058A048A048A12
:10D350000492048AA381A379837983798371837189
:10D36000E248001000082008200820208371C481B2
:10D37000A38142612028C4814592E48983790159BF
:10D380006038203081404BB32EDCF2E475ED55ED72
:10D3900014E590E46FE4F1EC86598140C479058A84
:10D3A000258A25924592258A4592E4818371837965
:10D3B000E481E481C48125924592C7AAA138002066
:10D3C000A140A379811082188218811081108210E7
:10D3D000A118A118A218A2188118A220A220E99AC7
:10D3E0002CE42DEC2CE42DEC2DEC2CE40CE40CE4E2
:10D3F000CBDBAAD3AAD389CB8ACB69CB8ACB8AD3FE
:10D4000069CB8AD38ACBAAD38AD3AAD3AAD38ACB0D
:10D4100049C349C329C328BBC7AA86A22592C48190
:10D420008379A379C481C481E489E48945922592F2
:10D4300043612020468A28BBC8AA469AC481A379A2
:10D44000A479837183718371C479C4812592669AAA
:10D4500087A2C7AAA7AAC7AAA7AAC7AAA7AAA7A214
:10D46000A7AAA7A2A6A2A7AA66A286A2C7AAA7AA97
:10D47000E8B2C7AA87A24692C48183694361025178
:10D48000E150E15081714AEC27BB84A243920159DB
:10D4900001592259226102590259E1500151E150CA
:10D4A0006369A371048A258AE4890592659A2592A5
:10D4B000C481C4816269436122614369A3790582A1
:10D4C000C481E489459A259283712259A140C148BB
:10D4D000E148225963718371A479C479C479A3792D
:10D4E000C479C479A379837162696371426963699C
:10D4F00063694269C37947C326BB439A038AC0481C
:10D500000159226183698371A379C479C481C4817B
:10D51000E489048A058A058A048A048A4692259247
:10D52000258AE489058A058A048AE589E489048ACA
:10D53000E489C481C481A37983716371426962699A
:10D540008130001000080008001041208371C48160
:10D55000A38142612020058A2592C3816371E15035
:10D56000804081406CBB70E42FE4B1E455ED55E59B
:10D5700014E550DC2FDC4FDCA66180408371C48150
:10D58000E481C481258AE9AA0ED46FDC0DD48AC354
:10D59000469262716271C4812592C8AAA1380020A6
:10D5A0000151A379811082188110A218A11082184C
:10D5B0008218A210A1188118A218A220A22009A3E3
:10D5C0004DE42CE42CE42DEC0CE42CE40CE4EBDB3B
:10D5D000CBDBCBDBAAD3AAD36ACB8ACB49CB69CB33
:10D5E0008ACB6ACB8ACB8AD38ACB69CB6ACB49C335
:10D5F00049C369C349C328BB08B3E8B2869A2592D8
:10D60000C481627162718379C481A379E4810482E7
:10D6100063694028E57928BBA7AA4692048AA379C2
:10D62000C481A379A37963718371A371048A25925C
:10D6300086A286A2A6AAA6AAA7AAA7AAA7A286A2E7
:10D64000A7AA87A286A287A2A7A286A2C7AAC7AABC
:10D65000A7AAC7AA87A2669A469283714361015915
:10D660000259E150E15006BBC5B284A24492416127
:10D670000259025922590159225902590251E150C5
:10D6800042618371E581258AE489E489459A65A22E
:10D69000E489837142694261436963698371C47932
:10D6A000058A05922592059283710159A040C148CF
:10D6B000E25022596369A479C479C479C481C481D0
:10D6C000E481E481C481A4718371837163696371AE
:10D6D00063692261837984A2E5B2639A27BB4261C0
:10D6E00001512159426162698379A379C481E4813E
:10D6F000E481058AE481048A258A2592259225926F
:10D700002592E489C481E481058A048AE589E4815B
:10D71000E489C4818379837183716269626962710A
:10D720006128001000080008200841206371C379B7
:10D730008379E158202825922592A3814269C14826
:10D7400081406CB390EC90EC50E40FE44FE470DC5B
:10D750002FD48CC3ACCB2ABB2028C1508379C48181
:10D760008379C4792AB32ED491DC4FD46FDC6FE473
:10D770004EE4A992E15063710482C7A2C2404030D6
:10D780002261A37981108110821881108218A11062
:10D79000A21881188218A218A218A218A22029ABD8
:10D7A0002DE44DEC2CE40CE42CE42CE40CE40CE42F
:10D7B000EBDBAAD3ABD38AD38AD369CB69CB6ACB51
:10D7C00069CB69CB69CB8ACB49C369C349CB69CBE8
:10D7D00029C349C328C329C349C329BB08B387A2A6
:10D7E0002692A481627162718379627183718379F7
:10D7F00063698138C24008BBE8B286A2E481A3799C
:10D80000A379C481A371637143698371C481259233
:10D8100066A286A2C7AAC7AA87A2C7AAA7AAA7A2C2
:10D82000A7AAC7AAA7AAA7AA86A2A7AAA7AAC7AA59
:10D83000C7AAA7AA869A469A058A847142610259A4
:10D840000259E150E050A8CBA8D384A2859A62691E
:10D850000159225902590159225942612259015153
:10D8600002596369C4812592058AE489259266A2DA
:10D870000492A47983714261226163696369A37927
:10D88000E4812592459A058A6271E1488140A14070
:10D89000E14802514269A371A379A479A379A379DC
:10D8A000C479C481C4798371636983716371626966
:10D8B00042614269426926BB47C30292E6AAE1502F
:10D8C0000151015922618369A4798371E481C48182
:10D8D000E481E481E489058A2592058A048A2592F7
:10D8E000E489E489E489058A048AE489E481E4819D
:10D8F000C381A379A3798371626983718371426162
:10D900004020211000080008001061286371C481C4
:10D91000A379C148E148459AE48962712261C15006
:10D920002BA312EDF2ECD1ECB1EC70EC2FE40ED4A1
:10D93000CDD3ACCB0ABB8479403022618379837923
:10D94000C481CCCB0ED434E555E5F3E4B2E470E405
:10D95000B0ECB0ECA661E258C379A7A2E24060380F
:10D960004269A379821082188110A2108110811857
:10D97000A2108210A218A218A118A220A1206AB396
:10D980002DE42CE40CE44CEC2CEC0CE40CE40CE466
:10D99000CBDB89D3AAD349C349CB69CB6ACB8ACB2A
:10D9A0006ACB49C349CB69CB69CB49C369C349C376
:10D9B00049CB49CB49C328C329C329BB29BB08B3D9
:10D9C000A7A2058AA3794271426962714269226104
:10D9D000225980382028A7A2A7A286A2058AC4813E
:10D9E000A379A3798379636963698371A379048ACD
:10D9F000669AA7AA86A2C7AAE8B2C7AAC7AAA7AA70
:10DA0000A7A2A7A2C7AAA6A286A286A287A2C7AAE1
:10DA1000C7AAA7AA86A2669A058AA4796369225929
:10DA200022590159E150C6AA26BB649A0392238A5F
:10DA30002259015922592259015922592261015171
:10DA400002594261A371058A058AE481048A469AD3
:10DA50002592A37942692259025942616269A379E8
:10DA6000E4892592469AC4816269E150A140A038B8
:10DA7000C148015122618371A4718371C479A37972
:10DA8000A379A479A379A4796371626963716369E5
:10DA9000226122614261A5A2E6B2A5AA649A225936
:10DAA000E1502259426183718371A379C479E48181
:10DAB000C481258A058A058AE489258A25922592CA
:10DAC000058A2592058A058A048AE481E481E4892D
:10DAD000C481C481A3796369426963694269025957
:10DAE0002018201021102008200840206271C381D6
:10DAF0008371A1408369058AA38183712261A89201
:10DB000012ED94F573F5F2ECD1EC90E42FDCEED34A
:10DB10006CC3EABA06926138E150A379A379A89A56
:10DB20002EDC0ED4EDD3B1DC75E575E535E5D2E438
:10DB30004FDC33F58EAB2261A37966928128813860
:10DB40002261A47981108218811081108218A11895
:10DB50008218A118A118A218A218A218A2206ABBA4
:10DB60002DE42CE42CE40CE40CE42CEC0CE4ECDBD5
:10DB7000ECDBAAD369CB6ACB8ACB8ACB69C36ACBED
:10DB800049C349C369CB69CB6ACB49C329C349C3DC
:10DB900069CB49C349C308BB08BB28BB08BB08BB4A
:10DBA000E8B2A7AA4692A479627142714261E1503B
:10DBB000A14860302020258A66A266A2058AC48119
:10DBC000C381C48183716269426963718371E48135
:10DBD0000492459A87A2A7AAA7AAC7AAC7AAC7AAB2
:10DBE000A7AAA7AAA7A2669A86A286A287A2A7AA80
:10DBF000A7A2A7AA87A2669A058AA3796369225970
:10DC000001590159C150048A88CB06BB248A038A72
:10DC1000015102592259225922612261226122595D
:10DC2000025922618369E481058AE589E48966A253
:10DC3000459AE48983714269225963698371A479A1
:10DC4000E481258A2592E4816369C1488038814056
:10DC5000E148E1504261636983718371A379C479BA
:10DC6000C479A479C479A3796371636962696369CA
:10DC70002261226142614492C6AAE28967C32259A5
:10DC8000E150225942618371A3718379E481E48177
:10DC9000E481058A058A258A25924592258A058A86
:10DCA000058A048A048AE481C481E489C481E48108
:10DCB000C481A37983716369426922610159015961
:10DCC0002018201001102010211061286271C479E1
:10DCD00062716038C479058AA3794271478AB0DCE1
:10DCE000D0DCF1E433ED12EDF2E490DCCDCB6BC38C
:10DCF000C9AA0692E25860386271C4816BBBB0E475
:10DD000090E42FDCCDD3CDD370DC34E555E591DC48
:10DD1000EED313F5CEB30259A379A4792018803835
:10DD20002261A379811082188110A21882188210B2
:10DD3000A218A218A2188218A118A218A2208BBBA0
:10DD40002DE44DEC4DEC2CE42CEC2CE42CE4EBE33A
:10DD5000CBDBAAD36ACB8ACB8ACB49CB8AD369CB1C
:10DD600069C369CB69CB49C369CB49C328C349C3DC
:10DD700029C328BB49C349C328BB08BB29BB08BB6F
:10DD800008BB08B3A7A22592A47963714269E15840
:10DD90006038202000208369459A869A669AE48933
:10DDA000C479A37983796371426942696371E481BB
:10DDB000259286A287A286A286A2A7AAC7AA87A220
:10DDC000A7A286A2A6A287A2A7AAA7A2A7A287A265
:10DDD000A7AAA7AA87A2669A469AE48183712261BC
:10DDE00042610259E15045922AE484A223920382BF
:10DDF0000159E1500159226122614361436122616D
:10DE0000225922616369C479058A058AE481459AA9
:10DE100086A2048AC4816269216142616371A37927
:10DE2000C48105922592E4894269E1488138A1388C
:10DE3000A140025122616369837183718379A4795E
:10DE4000C479A379A3798371637162696269426954
:10DE5000426121612161C5AA67C3A4A2038A015955
:10DE600001512259225942698371A479E481A3792D
:10DE7000E5892592048A058A058A25922592058AD4
:10DE8000048A058A058A048AE481C481E489E481DC
:10DE9000A379837963694269226121590259C1508A
:10DEA00000100010001020080010612862698371C2
:10DEB00021614030058AE4898379678A90D4D1DC76
:10DEC000D1DCD1DCD1DCF2E4B1DC4FDC6CBBA9AA43
:10DED0000692226920280261C481CCC312EDD1ECE4
:10DEE000B1EC0FDC2FE450E470DCB2E434E5AECBEF
:10DEF0004FE4D1F48A8A02594261E1500010A140F6
:10DF00006371E48982188110A1188210A210A110F7
:10DF1000A218A218A110A218A118A220A120ECCB2F
:10DF20002CE42CE44DEC0CE40CE42CE44CECEBE3A2
:10DF3000CAD3AAD38AD369CB49C349CB49C369CBD6
:10DF400069CB49C369CB49C36ACB69C369CB49C3B0
:10DF500049C349C329C328BB09BB29C349C308BB5B
:10DF6000E8B2C7AAA7A286A2E589A379626921615E
:10DF7000803800180018C140E489469A669A258ABC
:10DF8000E481A37983796371426922616269A4792A
:10DF9000E489669A459A669AC7AA86A2A7AAA7AAFA
:10DFA000C7AA87A2A7AAA7AA87A286A286A2A7AA6B
:10DFB000A7A287A286A2869A4692C48183694261FB
:10DFC00022612259E158626906C3C5AA038A659293
:10DFD0000259E1500159226122614261626963691B
:10DFE0002261225943618371E481E481E4892592AD
:10DFF00086A2459AA3798371426122614269A37125
:10E00000A37925922592C3814261C148804080381E
:10E01000A140E14822592261636983718371A37928
:10E02000A479A379A37983716369426942694269DA
:10E03000426102592161E389449A028AE6B2626927
:10E04000E15001512259626983718371A379C479C6
:10E05000E481048A058A058A2592259225922592D3
:10E06000258A258AC481E489C481E489A379C4818D
:10E07000A379837142692261225901590159A1484A
:10E080002010201021100008201060286269837180
:10E090000261A140058AC4812AABD1DCF2E412E519
:10E0A00012DDD1DC90D44FD4CDC3ADC3C9AA069242
:10E0B00042714038A148A379CCC3F1E412EDD1EC10
:10E0C00090E470E490E4B1ECB1E4D2E4D2E42FDC6B
:10E0D00071ECCECB8048E1500259603020200259CB
:10E0E000A381E4898210811882188118811882180E
:10E0F0008118A118A218A218A218A220C220ECD33D
:10E100004DE42CE40CE40CE40CE40CE42CE40CE40E
:10E11000CBDBAAD38AD369CB6ACB8ACB69C369CB61
:10E1200049C369CB49CB8ACB6ACB89CB69CB49C37D
:10E1300029C328BB08BB08BB08BBE8BAE8B2E7B2F2
:10E1400008B3E8B2E7B2A7AA669AE581A47962713A
:10E150000161613000102020C3814592669A469A81
:10E16000A3798379A3798371626942616369C47910
:10E17000E489469A669AA7AAA7AAC7AAE8B2A7AA54
:10E18000C7AAC7AAA7AAA7A2A7AA86A286A2A7A229
:10E1900086A287A2669A669A669A058A83716369DF
:10E1A00022612259015921616BEC67CB2392649A59
:10E1B0000159015101592159225942616269436152
:10E1C0004261225942618369A479058AE4890492F3
:10E1D000A7AA659AC4816269226122616269A371FA
:10E1E000C379048A048AA3790259C140813860380E
:10E1F000A140C1482259226142618371A371A37178
:10E20000A479A4798371A371837163696369426995
:10E21000226122612161649A68C364A24392015918
:10E22000C148E1502259636963698371A479E4812B
:10E23000E481E481048A258A2592048A058AE4819E
:10E24000E489E489E481E489E489E489A479A3790F
:10E25000837162712161015901590259E150814074
:10E2600020100008210820080010613063716369E4
:10E2700001592259E4818CB3F2E412E5F2E4F2E4AC
:10E28000F2DCD2DC90D4CDC30AABA9A2E58922711D
:10E29000603881406369EDC3B0DC6FDCD1E4F2EC3F
:10E2A000B1EC91E491E4F2ECF3EC13ED91E430DCA9
:10E2B0002BBBEAAAC9A2067AA140202040304269BD
:10E2C000048A258A81188210A218A218A11882181F
:10E2D0008110A2188118A118A218A220C2280CD45B
:10E2E0004DEC2CE40CE42CEC2CEC0CE40CE4EBDB1F
:10E2F000EBDBCBDB6ACB69CB69CB49C369CB28C3EA
:10E300006ACB6ACB49C349C369CB69C328BB49C33C
:10E3100029C349C329BB08BB28BB08BBE8B2E8B284
:10E3200008B3E8B2C7AAC7AAA7A24692C48183715C
:10E3300063714269402000102261A3814692669A6F
:10E34000E489C379A3796371626942692261837147
:10E35000E481259266A286A2A7AAA7AAA7AAA7AA2D
:10E36000A7AA86A2A7A2A7A2A7AA86A2669A87A200
:10E37000A7A2A7AA669A669A469A048AA3716269B6
:10E380002261225922610161E5B2A4B2A5A2659A77
:10E390002159E15001512261226163696369636916
:10E3A0004261226122616369A479E481048A048A5A
:10E3B00086A266A2E489837122612261426183712F
:10E3C000C3810592E489A3790259A0408038603066
:10E3D0008038C1480251226142616369837183714F
:10E3E000A479837183718371637162694269426147
:10E3F000426101592261038AC6AA84A2859AA37147
:10E40000E150E150225922616269A379E581E481FA
:10E41000058AE589058A048A058AE489E481E48914
:10E42000048AE481C481E489E481C481A379837985
:10E4300062716369426122610151E150C150403013
:10E4400000102010001000102010813063696269F4
:10E45000E1508469CDC312E513E513E512E5F2E45A
:10E46000D2DC70D4EEC32BAB4792A481016960402B
:10E470006138277A6FD4F1E490DC90DCD1E4B1E428
:10E48000D1E491E4B1EC33ED13EDB2DCCECB078AED
:10E49000CDCBB1E42EDC0EDC4BAB41288138426998
:10E4A000E489058A8110821081188110A118A118B1
:10E4B0008210A218A218A118A118A220C2280CD458
:10E4C0002CE42CE42CEC2CE42CE42CE40CE4EBDB2E
:10E4D000ECE3CADB8ACB8ACB49C349C349C349C3EE
:10E4E00049C349C328C369C369CB69CB49C349C37D
:10E4F00049C308BB08BB28BBE8B2E8B208B3C7AA47
:10E50000C7B2E8B2E8B2C7B2C7AAA7A22592C4812F
:10E51000837162710159001081386271058A4592D8
:10E52000058A8379A37983714269226101596369FC
:10E53000A479048A259A459AA6A2A7AAA6A2A7AA60
:10E54000C7AA86A286A287A286A286A286A286A241
:10E55000A7AA86A2869A469A058A048AC481426935
:10E560004261226122610159EAD30AE484A2C5AA68
:10E570002261015101590259426142616369636933
:10E5800063692261225943698371E481E589048AC0
:10E59000459A66A20592A379226142696369637113
:10E5A000C381E489E48983712159C148813860308D
:10E5B0008138A140E14822594261636983718371C6
:10E5C0008379A37983718379837183714261426115
:10E5D000426122610159827127BB0392C5AAC371AE
:10E5E000E150E150015163698371A371C479C48121
:10E5F000C481048AE489E481E489048AE481058A87
:10E60000048AC481E481C3818379A379A379837166
:10E610004269426122610259E150C048A04820206D
:10E62000201020102110201000106130426922615A
:10E6300022590EC4D1DCF1E4F2E4F2DCF2E4D2DCE3
:10E6400091D4EEC34BB36892647901698040413044
:10E650002A9BF1DC12E512E5F1DCD1DC90DCB0DCC8
:10E6600091E4B1E4B1E4D2E470DC4CBBC581EAAA28
:10E67000F3E491DC91DC2FDC4FDC2BA32030216113
:10E68000E481058A8118811082188118A1188218E6
:10E690008118A110A218A218A218A12003312CDC05
:10E6A0004DEC4DEC2CE40CE42CE42CE40CE42CECD0
:10E6B0002CE4AAD389CB69CB49CB69C349C328BB16
:10E6C00028BB28BB08BB29C329BB49C349C369C3AD
:10E6D00069C369CB49C329BB08BB08BBE8B2C8AA58
:10E6E000A7A2C7AAC7AAC7AAA7AA669A669A048AAF
:10E6F000A37963716271202020182159048A459200
:10E70000058AA379A379A3816371426122612261A1
:10E710008371E4892592669A86A286A286A286A241
:10E7200086A286A2A7AA87A286A287A2A7A286A25D
:10E73000A6A2A7AAA7A2669A2592058AC481837178
:10E740004269636901590159A4AA67CBE5B284A261
:10E75000A271E150225922610159636963696369B9
:10E7600063694261226122616369E481E481E48931
:10E77000459AA6AA259283714269426142696271F3
:10E78000C479258AE48163710151C14060306030F1
:10E790008038A140E148015122614269637183716F
:10E7A00083718371A379A371837163694269216164
:10E7B000226122612159048A47BBE5AA028A626963
:10E7C000E1500151015142616369C479C479E48126
:10E7D000E481E481E5892592058A058AE481C48182
:10E7E000E481C481C481E481C481C379837183716C
:10E7F000226122610259E150A148A04081400018E5
:10E80000001001102010201020106130426163615F
:10E81000EDBB70D490D4B1DCB1DC91DCB1DC91D42F
:10E820000EC44BB3689A8479E16880506138EEB3C6
:10E8300033E512E512E512E512E512DDF1E4D1DC73
:10E84000F2E4D1E4B1E40FD40AABC6810BB3F2DC3D
:10E85000B6E555E5F3DCF3E470D491DCE338E15838
:10E86000C48125928210A2188118A210A2188218C1
:10E87000A118A11882188118A218A22044414DE4C1
:10E880002CE42CE40CE44DEC2DEC0CE42CE40CE436
:10E890000CE4EBDBCBDB49CB69CB49C308BB28BB22
:10E8A00028C328C328BBE8BA08BB49C369CB29C31E
:10E8B00069C369CB29BB49C308BBE8B2A7AA87A231
:10E8C00086A2669AC7AAA7AAA7AAA6A2A7A24592A5
:10E8D000048AA3798371C1480008C140A379058ADD
:10E8E0002592C481A381A379627142612259226178
:10E8F0006369A381058A459A86A2A7AAA7AAC7AA7F
:10E9000087A287A286A286A2669A86A287A2669A14
:10E9100086A286A286A2459A258A0482E481A371F2
:10E92000636962692261015907B34AEC649AC5AA16
:10E930006269015922612261226122614269426950
:10E9400063696369226122596369C479058A048A0B
:10E95000048AA6AA459AC379A37963712161837158
:10E96000C381048AE48962710151A1406030603042
:10E970008138A140E148E150225963698371A37154
:10E98000A371A47983798371827163694269226179
:10E99000226122612161627185A2039284A2248A8C
:10E9A0000151E1500259426183718371A379C4819D
:10E9B000E481C481E481048AE489E481E481E48916
:10E9C000C481A379C481C481A379837962714269C6
:10E9D00042690159C048C148A040804060302018B9
:10E9E000001000102010201020108130C5692FC4A5
:10E9F00070DC50D490DCB1DCB1DC90D470D40EC4A7
:10EA00004BB3689A84790169A050034170C433E51F
:10EA100013E512E5D2DC12E533E533E533E533E502
:10EA200033E5B1DC0ECCA99AE6790ED450DC2FDCAC
:10EA3000D2E455E596E596E5F3DCF2E4A6594269A1
:10EA4000E489058A811081188210A110A11082101A
:10EA50008118A21881188118A220A120A5512DE4A7
:10EA60002CE42CE42CE44DEC0CE40BE42CECEBE378
:10EA7000CBDBCBDBABD369CB69C369CB28C308BB8A
:10EA800008BB29BB28C308BB28BB49C329C349C34A
:10EA900069CB49C329C328BB08B3E8B2E8B2A7A22F
:10EAA00086A2669A669A459A669A669A669A669A5F
:10EAB000058AC48183794269001040282261048A52
:10EAC0002592C481A379C38183712261015922599E
:10EAD0006269A379058A259A66A2A7A2A7AA86A237
:10EAE00086A286A286A286A286A286A286A286A2E6
:10EAF00086A286A2669A459A25922592E581A379F7
:10EB00006369426122610159E6AA06B3A4AAE281BF
:10EB1000E3792261015901512259426142696269D6
:10EB2000A47983716369226142618371E481048AFB
:10EB3000058A86AA659AE489A379837163696371FA
:10EB4000A379E489E48162710151A14061304030D0
:10EB500060308138A140C1480159426163696371E5
:10EB600083718371837183716269837142614261D0
:10EB7000226122612161626967C3C5AA449AE38167
:10EB8000E15001510251015142698371A371C48165
:10EB9000C481C481E481E481E481E489E481C481A5
:10EBA000A379A479A379A3798379626942694269D7
:10EBB0002259E150C1488040804060382028211807
:10EBC00020100010211020102010E238EEBB70D46D
:10EBD000B1DCF2EC13EDD1DC90D44FCC0ECC6CB3A5
:10EBE000689AA4790169A0506551B1D433E533E541
:10EBF00013E5F2E4D2DC12E533ED74ED54ED33E5C8
:10EC000012E5EECB8892A5694FDCB1E471E42FE404
:10EC10004FDCB1E496E5F7ED0FC450D4E348C47976
:10EC20004692258A821881188218A110A11882188C
:10EC3000A218A118A118A2188118A120E6592DE444
:10EC40002CE42CE40CE42CE40BE42CE42CE40CE4A5
:10EC5000EBDBEBDB8AD389CB49C38ACB69CB08BB1F
:10EC600028C329BB29BBE7B228BB28C329C349C392
:10EC700028C349C349C328BBE8B228BBC7AAC7AA4F
:10EC800066A2259225922592058A4592659A669AF2
:10EC90004692048AC3798379A1380010C148C4819F
:10ECA0004692058AA379A379837922610159015992
:10ECB00042618371058A059266A286A266A286A237
:10ECC00086A2A7AAA7A287A287A286A2669A87A2DF
:10ECD00087A286A2669A669A4692258AC48183791B
:10ECE0006369426942612261449A2AE405B344920D
:10ECF000038A01594261225921594261626962695C
:10ED0000A37183716269225922616371A479E489D4
:10ED1000048A66A286A2C489827162696271627184
:10ED2000A379E481C3814261E148A1386030403079
:10ED300060308038A140C1480159426163698371E4
:10ED4000837183716271837163714269426122616F
:10ED50002159426122614169249284A2649A248AE1
:10ED6000E150E1500251025942618371A479A479C2
:10ED7000A379A379E581E481C481C481E481E4813C
:10ED8000C481A379A379C48183718371636921618B
:10ED9000E150C148A0488040613840302020011037
:10EDA000201020100110211040186CA370D491DCA9
:10EDB000B1E433ED54ED90DCCDC30ECC6CBBA9A215
:10EDC000A581E160A050A659F2D453E554ED54ED6D
:10EDD00053ED33ED54ED54ED54E554ED53E5D2DCF1
:10EDE000EEC3689A446150DCD2ECB1EC71E450E4BB
:10EDF00070E4F3EC18F618EED2D42C9B0259C481BF
:10EE0000259225928210821881108118A2188110F3
:10EE100081188118A218A2188118A120276A4DEC28
:10EE20002CEC0CE42CE40CE40CEC2CEC0CE40CE4EA
:10EE30000CE4EBDBCBDBAAD389CB69CB49C349C359
:10EE400049C328BB08BBE8B208BB29BB29C329C3F7
:10EE500049C328BB49C349C328BB29BBE8B2A7AAF9
:10EE600086A22692058AE489E489048A048A0592A6
:10EE70002592E489C479837142610008613083710D
:10EE8000058A4592C481A381837962690259E15060
:10EE900022618379E481459A86A266A2669A66A277
:10EEA00086A287A2A7A286A286A287A287A287A2FD
:10EEB000869A87A2459A669A45922592048AC479D1
:10EEC0006369636942612261048AE9DBA5AAC281A0
:10EED000A279015942612261015942614269836903
:10EEE000837183716269015922596369A371E48155
:10EEF000E481459A86A2048A627162694269A379B3
:10EF0000A379A37983712261C148803840304028B9
:10EF1000613080308038C1400151225942616269BC
:10EF200062718371636963696269426943612261E5
:10EF3000226122610159216106B3449A449A458AAB
:10EF4000E0500151015101594261A3718371C479AB
:10EF5000A371A379C481E481E481C481C481C481A3
:10EF6000C481C481C481A479837142692261015939
:10EF7000E150C1488040603820282020201800102F
:10EF8000001020102110411007624FD470D470DCA3
:10EF9000B2E413E5F2E42FD42BB36CBBEAAAE58903
:10EFA0002271A050E661F2D412E513E553E554E571
:10EFB00054E554ED54ED54ED74ED54EDF2E4EEC32C
:10EFC0002792C1500EC453F5D2EC90E470E471E482
:10EFD000B1EC95EDBAF69AF6D3CCE3508379048A76
:10EFE000048A25928110811082188210A218A1181B
:10EFF000821881188118A218A218A22087822DE4F5
:10F000004DE40CE40CE42CE40CE40CE40CE42CECF7
:10F01000EBE3CBDBCBD38AD38AD36ACB49C369C3B7
:10F0200069CB69C328C308BB08B308BB08BB49BB8D
:10F0300028BB49C349C329C328BB29BB08BBE8B2C5
:10F04000A7AA669AE489C481C481C481C481E48189
:10F05000058A058AC381A379837980384020426973
:10F06000048A058AE481C381A37942690159E15088
:10F0700002596269C3810592669A659A659A86A269
:10F08000A7A286A286A286A2869A86A286A2869A2F
:10F09000669A86A286A2869A45922592E481A479F0
:10F0A0008371426942614261216946C326C323924A
:10F0B000C5AA2261226122612261226142616269E4
:10F0C0008371837183712261225942618371C4818A
:10F0D000E4894592A6AA04928379426942698379B8
:10F0E000C381A37983790159C14060302028202849
:10F0F000202860308138A140E1502259226183717B
:10F100008371636983714269626942612261015955
:10F110002261015921612161A5A2C5AA449AA2795F
:10F12000E150015101510259426183698371A4790F
:10F13000C479A379C481C481A479C479E489C481E0
:10F14000C481A37983716371627142692261E15064
:10F15000C048A140603840302020202021182110D4
:10F16000201020102010E238EEC370DCB1E4D2E4AD
:10F17000F3E433EDB1DCCEC3C9A2EAAA2692427908
:10F18000C1582349B1D412E5F2DCF1DC12E553E5B4
:10F1900053E554E574ED54E553E512E50FCC479A79
:10F1A000E1586CABF2EC13EDD2E470E470E491E45E
:10F1B000F3EC38F6BAF6D7E5297AE150C3814592E7
:10F1C000669A25928218A11882108218A2188218B5
:10F1D000A218A21881188118A118A220A88A2CE4CC
:10F1E0004DE40CE40CE4EBE32CEC2CE42CE40CE418
:10F1F0000CE4EBDBAAD38AD38ACBAAD369CB69C34D
:10F2000069C349C328BBE8B208BBE8B208BB08BB66
:10F2100049C349C329C349C349C328BB09BBE8B291
:10F22000A7A286A22592C481A379A379A379C381D9
:10F23000C481C479A3798371837142610008E1506C
:10F24000C379058AC481C481A37942712261E150E6
:10F25000025942698379048A459A459A86A2A7AAE7
:10F2600066A286A2669A66A2669A669A86A286A216
:10F27000669A459A669A669A469A2592058AC48144
:10F28000626942692261216121614AE406B34392C5
:10F29000E381E15821592259226121594261837148
:10F2A0008371837162694361225942616371C479D8
:10F2B000E481E489A6AA2592A37962716269A3799F
:10F2C000C481A37962712259A138402820282020C6
:10F2D00020284028A138A140015122614269626979
:10F2E000636962696269837163694261015922617C
:10F2F0002261015921592261249284A2649A859A3B
:10F30000C148E15002590251226163698371A379B6
:10F31000C479A379C481C481E481C481C48183791F
:10F32000A479837183716369426922612159C15053
:10F33000A1488040403821202020202020180010A3
:10F340002010211041208CAB70DC91DCD2E413E55D
:10F3500013E5B2DC2FD42BB388A2479A6379C15846
:10F36000E67170CC90D4F1DC33E533E5F2DC33E5C3
:10F3700053E554ED54E533E5F2E42FCC89A2026164
:10F38000CEB312E5F2E4B1DCD2E491E470E491E4AE
:10F3900054F558F659F6EFB361386371048A259233
:10F3A000669A469282188118A210A21881108118BC
:10F3B0008118A118A1188218A120A220C8924DE49A
:10F3C0002CE42CE40CE4EBE30CE42CE40CE42CE45F
:10F3D000EBDBEBDBEBDBABD38AD36ACB69CB49C38B
:10F3E00049C329C329BB49C308BB08B308B308BB39
:10F3F00008BB28BB28BB28BB08BB29BB08BB28BB54
:10F40000E8B2A7AA4592E489A37962716271A379EF
:10F41000A379837183718379837183712018A140EB
:10F42000A379258AA3798279837962690259E150A7
:10F43000015942618371E4812592459A86A286A290
:10F4400086A287A266A286A286A2669A669A87A2EA
:10F45000669A669A86A286A245922592058AC481FA
:10F460008371636922612261216188CB47C3439A1A
:10F47000A5A261610159215921614261226142695C
:10F480008371837162694369226122614369A3794F
:10F49000E481048A86A2459AC48183716271837172
:10F4A000A379A3796271E15081384030202820206F
:10F4B000202020288038A040E15022594261426932
:10F4C0006371837163716369636942612261225967
:10F4D000225922610159015906B385A22492A271D1
:10F4E000A048A148E1480151225963696371A371A1
:10F4F000A379A479C379E481C481C379A379A37979
:10F50000837163714269226121590151E150C148FF
:10F510008040403020282020212020180018201072
:10F5200001102010EA9A50D470DCD2E413E533EDD8
:10F53000F2E491DCEECB0AB3269284812269267A2A
:10F5400090D4F2DCB1DCD1DCF1E412E533E533E553
:10F5500033E554E513E5B1DC0FCC89A223692FC450
:10F5600054ED13EDF2E4D2E4B1DC91DC2FDC90E455
:10F5700054EDD6F513DD6559C150E48925924692C4
:10F580004592659A81108110A2188118A218A110C5
:10F590008218A2188218A218A220A22009A32DE482
:10F5A0002DE42CECEBDB0CE42CEC2DEC4DEC0CE422
:10F5B0000CE4CBDBCBDB8AD3AAD38ACB69C36ACB7F
:10F5C00049C38ACB28BB28BB08BB08BB08B3E8B239
:10F5D00008B308BB08BB08BB29C329BB49C349C33F
:10F5E00008B3C7AA86A2058AA47983716271827161
:10F5F0008379A379837183718371A379C14060306A
:10F600006269E481E481A379837963710159E150EE
:10F61000E15022616371A4790592459A66A286A29F
:10F6200066A286A2669A87A2669A669A669A469AA1
:10F63000459A86A2669A669A459A25922592C48131
:10F64000A3716369426922612261C9CB88CB449A64
:10F6500084A2E158015922594261426942696269B2
:10F66000837183718371636942612159426183713E
:10F67000C381C481669A659AA38182716271627145
:10F68000837962714269E150A13840302020012025
:10F690000020402860308140E1482259226162699F
:10F6A00063696369426963696269626922612261AF
:10F6B0002159015902590159038A439A23924592CB
:10F6C000C048C148E1500159426142698371A37148
:10F6D000A379A479E481C481A379C479A479A371BD
:10F6E000627163694261226122610159C148A0408F
:10F6F00060384028002020202020211800182118E0
:10F700004118E6692FD470DCB1E4F2E413ED13E59F
:10F71000B1DC2FD44BB3679AA4814371889270D423
:10F72000F2DCF2DC2FCCB1DCD1DC53ED95ED13E54E
:10F7300013E5F2E4B1DCCEC388A202612FBC75ED03
:10F7400054ED13E5D2E4F2E4D2DC90DCB1E4D2E48F
:10F7500054ED33E5EB9260384269E481058A058A0D
:10F760004592669A821881108118A2188110A118FA
:10F77000A1188118A118A118A220A2204AAB2CE43C
:10F780002DE42CE4EBDB0CE40CE42CEC4DECEBDB9B
:10F79000EBDBCBDB8AD3AAD3ABD38ACB69CB49C310
:10F7A00049C349C328BB28BB08BBE7B2E7B2E8B2EC
:10F7B000E7B208BBE8B208BB28BB28BB08BB08B34C
:10F7C00008B3E8AAA7A24692C481A47962716371C2
:10F7D0008379827163716269627162692261201842
:10F7E0002161A479C4818379837982716269E1504E
:10F7F000E15002594269A379E481048A2592459A2D
:10F80000469A669A459A459A459A669A669A669A7B
:10F81000459A669A669A669A459A45922592C48157
:10F820008371837142694269426968C347C3849A9C
:10F83000E381616901592259426142694269636900
:10F840008371A3796371637142612261226163698B
:10F85000A379C481459A66A2A38183798371837158
:10F86000827183794261E15080384028002000187D
:10F870000020202861308038A14001592161426177
:10F8800042696369636963696269436922594261D4
:10F890002261226121590159A6A2449A2392859A94
:10F8A000E148C048C148015122596369A37183717D
:10F8B0008479A479A379A379C479A479A379A37964
:10F8C0008371426922612261E158C150A1488040A0
:10F8D000603820280020211820180018201821182E
:10F8E000A228EEC370E4B1E4F2ECF3EC13E5B1E46A
:10F8F0004FD48CBB88A2E589A4812BAB70DC50D49B
:10F9000090DC70D44FD470D412E574ED94EDB1D482
:10F91000D2DC91D4ADC3689A026150C474ED74ED29
:10F9200033E5F3E4D2E4D2E4D2E4D2E413ED54EDCF
:10F9300033EDEEBB8138E1508379C481C3810592F8
:10F94000459A2592811081108218811081108218A9
:10F95000A1188118A218A118A120A2206AB32DE431
:10F960002DE42CE4EBDBEBDB0CE44DEC2CE40CE4C1
:10F970000BE4CBDBAAD3AAD38ACB49C369CB69CB2F
:10F9800049C349C36ACB49C329BB08BBE8B2E8B243
:10F99000C7B2E7B2E8B2E8B228BB08BB08B308B305
:10F9A00008B3E8B2C7AA669A058AA4816271627137
:10F9B0008371837183716371426942694261001886
:10F9C000E1508371A3798379837983714269025904
:10F9D000E150025142618371C481259225922592A2
:10F9E000459A669A669A459A669A669A669A86A231
:10F9F000669A669A459A459245922592E489C48111
:10FA0000C4798371426921612261E6AAE9D3249213
:10FA1000C5AAA271E1502159226122614261636944
:10FA200083718371837183714261225901596369C2
:10FA3000C481C481048A86A2C48183798371827956
:10FA4000837983714269E150813840282020001871
:10FA5000001820204030A138A040E15022594261D6
:10FA60004269636963696369426122612161015985
:10FA7000226142610159E158C5AAC6AAE281A27970
:10FA8000C148C148C148E14822596369636963714B
:10FA90008371A479C479A379A379A37983718371DC
:10FAA000426943692261E150C148A040A1406038E9
:10FAB000202800202020202021180018201821189C
:10FAC0000BA370DC70E491E4D2ECF2E4D2E450D405
:10FAD0008DC3C9AA0692C5896BB3B1E470DC70D43A
:10FAE00070D491DC90D413E533E574ED33E54FCC5D
:10FAF00070D48DBB2792236991CC95ED75ED34E5DB
:10FB0000F3E4D2E4B1DC91DCF2E413E554ED54ED1E
:10FB100070CC45518140225963694269E48925923C
:10FB20002592E48181108210821881108218A21817
:10FB3000811882188118A118A220A2208BBB2DE465
:10FB40002DE40CE4EBDB0CE40BE42CE42CE40CE4FF
:10FB5000EBDBCBDBAAD38ACB49CB49C369C349C30F
:10FB600069CB49C349C349C329BB08BB28BB08BBF0
:10FB7000E7B2E8B2E7B2C8B208B3E8B2E8B2E8B2B6
:10FB8000E8B2E8B2E8B2A7AA459AE481A379627123
:10FB90006271837182798379637142694269201845
:10FBA00081382161A379A379A379837142690159CD
:10FBB000E150E15022616371C481048AE4890492B6
:10FBC0004592469A469A459A659A669A469A86A2B8
:10FBD000669A469A669A259225922592048AE4812D
:10FBE000A379837142614261226168BB26BB439A5B
:10FBF000C2814161E150E158226142614261626922
:10FC00006271837182716269426101590159226195
:10FC1000A379E481E48986A2E4898379837983796D
:10FC2000837162714261C048803820280018001832
:10FC30000018202020288138C140E150226142690B
:10FC4000626962694269426142694261226122617C
:10FC500001590151E1500159038A238A038AA5A25F
:10FC6000C050A140C148E1480159426162698371B5
:10FC70008371A3718371837183796371A3798371B4
:10FC8000426922610159C150C148A14080386030A9
:10FC90002028012000202018201820182018076A8A
:10FCA00070DCB1ECF2ECF2ECF2ECB2E450DCCDCB77
:10FCB000EAB2279AC591C9A2D1ECD2E4D2E4D1E448
:10FCC000B1DCB1DC13E513E553E533E5D2D42FCC39
:10FCD0008CBB27924361D2CCB6ED95ED74ED33E544
:10FCE000F2E4B2DC91DCD2DCF3E454ED54EDD2D496
:10FCF000E6618040C148015901594269048AE4899A
:10FD0000C4812259811081188118811081108118B5
:10FD1000A118A218A118A118A120A220ABC32CE4FD
:10FD20002CE40BE40CE40CE40CE44DEC2CEC0CE4C3
:10FD3000EBDBCBDB8AD36ACB69CB8ACB69CB49C3FC
:10FD400069C369CB89CB69CB69C349C329BB08B3F4
:10FD5000E8B2E7AAE8B2C7AAC8B2C7B2E8B2E7B247
:10FD6000E7B2E8B2C7AAA7A2669A258A8379627128
:10FD7000627162718379A379A379627142692020EB
:10FD80004028E150837183798379A3794269E150F6
:10FD9000E148E15022616269A3790492058A0492E4
:10FDA000459A0592259224924592469A459A259223
:10FDB0002592459266A2669A459A2592048AC48144
:10FDC00083794269426142610161E7AA09DC038AE1
:10FDD000E5B2238AC048E150215942614269626913
:10FDE0008371837183718371436922590159025967
:10FDF0008371C481C381659A049282718271837117
:10FE0000837142690159E148803841280020001877
:10FE10000018202020288038A140E150215922617B
:10FE200042614269426142694261226142612259F2
:10FE3000E150025902510151E6B284A2C281C37954
:10FE4000C048C148C140C148E1502259626983712C
:10FE50006271A379837183714269837142694269D6
:10FE600042690159E150E148C14880406038403062
:10FE7000202000202020211800182020A130CDBBF8
:10FE800070E4D2ECF2ECF2ECF2E4B1E40FD44BBB50
:10FE900067A2E591679AD2E4D2ECF2EC13EDF2E4BA
:10FEA00013E5F2E413E533E533E513E591D48CBBB8
:10FEB00047922261B2D4B5ED95ED54E554E534E5B1
:10FEC00013E5D2DCD2E413E513E534ED13E5AA8A99
:10FED0008040A140A148A14080406371C481E48971
:10FEE00083718038811881108218811081108118E7
:10FEF00081188218A21881188120A120ABCB2CE494
:10FF00004DEC0BE4EBDB0CE40CE42CE42CE42CECEB
:10FF1000EBDBEBDBAAD38AD38ACB69CB69CB49C3B2
:10FF200049C369C36ACB69CB69C349C328BB08BB52
:10FF3000E8B2E8B2C7AAE8B2C7AAC7AAA7AAA7AAFE
:10FF4000C7AAC7AAA7AAC7AA669A2592C47983791D
:10FF5000637162718379C481A37983714269402896
:10FF60002020A14042616271827183792261E15057
:10FF7000C148C15002596269A379C481058AE489E4
:10FF8000048A2592259225922592259245922592C2
:10FF90004592459A669A4592669A2592E481C48173
:10FFA000A379426942612261426128ABA8CBA4AA2D
:10FFB000038A2161C048E1500159226142696269A6
:10FFC000626983718371626942690159E150225902
:10FFD0006269C479E489669A2592A381A3798379B9
:10FFE000627142692261E1486038202800180018D7
:10FFF0000118202020288130A040E15001592261C1
:020000040804EE
:1000000042614261436942614261426942612259EF
:100010000151E150E150E1504492449A038A6592C3
:100020002159A148C048C048025102594269636938
:100030006371837163716371636963694269436961
:1000400022590159A148A148A04080406038202889
:10005000002020202020211800182020CA9250DCE7
:1000600090E4B1ECF2EC91E470DC2FD4ADC3E9AADA
:100070000692A58990DC13ED33ED13ED13EDF2E458
:1000800034E554E554ED53E513E5B1D4CDC3889A76
:10009000436991CC74ED33E513E513E513E513E5FE
:1000A00013E5F2E413E534E534E513E58DABA04840
:1000B00044614BAB0ECCADBBE671E150A379A379A3
:1000C00002594030821081188110821882188110E4
:1000D00081188118821881188118A120ECD32DE491
:1000E0004DE40CE40BE40CE42CEC0CE44CEC2CE4C0
:1000F0000CE4EBDBEBDBAAD349CB49C349C349C3CF
:1001000049C349C36ACB6ACB49C369CB28C308BB7F
:10011000E8B2E8B228BBE8B2E8B2C7AAC7AAC7AA41
:10012000C7AAC7AAC7AAA7A2469A2592E481A3791B
:100130008379827162798379837962714269202837
:100140000010603001594269627163714269015166
:10015000C148C148015122616271A379C489E4890F
:1001600025922592459A459A259245922592259267
:100170002592469A4692259225922592058AC4791F
:10018000A3796369426942612161C7A22AE4E289D5
:10019000649A248AA040C14801512261426963697E
:1001A000827162698371636922610159E150015969
:1001B0004269A379A3792592659AC381A379827153
:1001C000627142690159A140803840280020001026
:1001D0000010202020288138A140E14822594261A6
:1001E00022612161426143614261426122610159A0
:1001F000E150E150E150E150A5A22492038A238A04
:100200004261A148C148C048E1480159226163697F
:10021000626942696369636963694269226121595C
:100220000259E150C148A048804060382130002088
:10023000002020202018201820200349EEC370E45D
:1002400091E4B1E4D2EC91DC4FD4CDC32BB3479A07
:10025000C589EEC3F2EC33EDF2EC33ED33ED33E56B
:1002600013E554E533E512E591D4ADBBA99A857148
:1002700091D454E533E5F2E4D2E4D2E4F3E4F3E4D8
:1002800013E5F3E413E554ED13E5EEC3E3484461ED
:100290004CAB71D4B1DC50D4EEC36559A1400159C7
:1002A000C14063698110821081108118811081180A
:1002B00081108218811081108118C2280CD42DE47D
:1002C0002DE40CE4CBDBEBDB2CE42CE44DEC2CEC50
:1002D0000CE4EBE3CBDBCBDB49CB49C329C369CBD4
:1002E00028C349C349C349C369CB69CB49C349BB87
:1002F00008B308B308B3E8B208B3E8B2E8B2C8AAD2
:10030000C7AAC7AAA7A2A7A2669A2592E481A47940
:100310008379627182798379827963796371402804
:1003200000082028C1482261626942694269015976
:10033000A148A140E15022616269A3798379E489EF
:10034000E489E489E4892592259225922592469AAA
:10035000669A459A669A258A0592048AE481C47948
:10036000837142694261226101618692A8CB84A2B5
:10037000E281C379A040A140E150215962696269DC
:100380006271426963714269226121590151E150F0
:10039000426183718379048A659AE4898379627101
:1003A000626962692259E1488138402800180010CA
:1003B0000010001820286030A140E150215942610E
:1003C0004261426142614269226122612261225995
:1003D0000151E148C150C150C6A2A5A2C279E38132
:1003E0006369C040C140A140E148015122614269B6
:1003F00063696269226162694261426122610259F4
:10040000E150C148A148A040604041300028002090
:10041000202021180018201821286CAB50DC90E413
:10042000D1EC90E490DC4FD4CECB4BB368A20592D4
:10043000ADBB12E5F2ECF2ECF2ECF3E4F2E4F2E440
:1004400013E513E5D1E450D48DBB889A2782B1D44B
:1004500012E5F2E4F3E4D2DCB1DC91DCD1DCF2E4CD
:10046000F2DC13E513E5F3DC30CC856903590BAB03
:1004700034DD75E5D2DC70D4CEC3899200186038C3
:100480006369048A811061108218811081108110C3
:100490008118811081188110811824392CDC2CE4FA
:1004A0002DE40BE4EBDB0BE40BE42CEC2CE42CEC68
:1004B000EBE3EBDBAAD38ACB8AD36ACB49C349C32C
:1004C00049C328BB69C349C38ACB69C349C308BBB5
:1004D00028BB28BBE8B2E8B2C7AAE8B208B3E8B2C2
:1004E000C7AAE8AAA7AAC7AA86A24592058AA4799C
:1004F000837982718379C381A38183796271C148D1
:1005000000002020A1402261426962714261E150F5
:10051000A148A140C148025942698371A379C481AD
:10052000E489E489048A05922592259225922592F0
:1005300025924592259225924592048AC481C481D0
:10054000A479426942612261015945920ADCA4A260
:10055000038A4492A1408040C14801596269837175
:100560008371627162698369426122590151E1506C
:1005700022618371A379C481459AA38162716271FA
:10058000626922610159C148803820280018011091
:100590000018001820206130A140E1500151226173
:1005A000226122614261426142612261225901510C
:1005B000E150E150E150C148E481C381E281859A74
:1005C0004259C140A1408040C14801512259426175
:1005D0004261636942614261226142612159E1588D
:1005E000C148A048A0408140603820300020002051
:1005F00000202018212021202BA34FD470DC91E46F
:1006000091E470DC4FD40ECC2BB3689AC5816BABF0
:1006100033EDD2E4F2E413EDF2E433EDF2E4D2E4AC
:10062000D2DC91DC2FD46CBB689A488AF2E4F2E405
:10063000D1DC4FD470D470DC91DC91DCB1DCD2DC45
:10064000F2DCF3E4D2DC50D4488203596CB32FD4EB
:1006500013E596E555DD51CC6CB3688A0018025954
:100660000492058A81106110811081108218811016
:100670008210821081108118A218A5492CE42CE464
:100680004DE40CE4EBDBEBDB2CEC2CE44CEC2CE44D
:100690000CE4CADBAAD3AAD389CB49C348C328BB7D
:1006A00029C328BB08BB29C349C349C349C349C39C
:1006B00029BB08BB08BBC7AAE8AAE8B2C7AAC7AA51
:1006C000C7AAC8AAA7AA86A2869A2592058AC48123
:1006D00083716371C481C489C381A37983714269C1
:1006E000001020184028E1584269626922610151D6
:1006F000A0408038C140E150426963698371A379A9
:10070000C481E489E481E489048A048A25922592DB
:100710002592459225922592058AE489C481C48157
:10072000A4796269226122610159826988C3439A6E
:100730002392859AA0408040A140E150426183719C
:100740008271627162694261226122590151E150F4
:1007500002596369C481E481659AE489837962718D
:10076000426942690151C1486030202800200010D0
:100770000010001820288030A140C14801512259A2
:10078000426142614269226122612159225901512B
:10079000C148C148E148C148C6A2A5A224928269C5
:1007A000015180408040A140A148C14801592261C7
:1007B0002161426942610159015922610159C150C7
:1007C000C148A040804060384038202800202020C8
:1007D000201820202020CA8A2FD44FDC70E4B1E4F6
:1007E00091E42FD4CECB0AAB068AA4790EC453E58C
:1007F000F2E4F2E433ED34ED13E513E513E5D2DC76
:1008000090DC2FCC4BB3679A2782D2DCD2E450D451
:10081000EECB0FCC0ECC4FD491DC70D4B1DCB2DC7B
:10082000B2DCD2DC50D4AA922459AEBBB2E491E43B
:100830002FD470D4B2D4CEBBCAA2C679C148048A20
:10084000048AE48981108110611881108110811857
:100850008110821082108118A218E6612DE42CE428
:100860002CE40CE4EBDBECE32CE44CEC2CEC2CE483
:100870000CE4EBE3CBDBAAD3AAD369CB49C328BBF7
:1008800008BB28BB28BB08BB28BB28BB29C349BB66
:1008900028BB28BBE8B208B308B308B3E8B2A7A2E4
:1008A000A7A2A7AAA7AAA7A2869A669AE489A3796B
:1008B00083718379C381C381C381A381A379A37920
:1008C000202000102028C148226122610161E150EE
:1008D000813880388140E150226142698371837997
:1008E000A381E489058A048A058A059225922592C6
:1008F00046922592048A048AE489E489E481A381EA
:10090000627142694261426101592161A9CBE5B23C
:100910008279C379A0408038A040C14842616271A9
:10092000837162716269426942610159E150C14853
:10093000015142698379C381459AE4898279627160
:1009400042690159E150A140403040282020001068
:100950000018211820286030A140E148E1502259B8
:100960004261226121592261215922590159E150E4
:10097000C148C148C148A048238A0482A279649A28
:100980002259813860388038C140C148015101592D
:10099000015922612259015901590159E150C148B7
:1009A000A14080406138603840302028202001205C
:1009B00020182018E661EECBCED3EEDB4FE4B0E496
:1009C000B1E44FDCEECB8CBB8CBB90D433E512E5AD
:1009D00012E513ED33ED33ED13E5F2DCD2DCB1DCDF
:1009E0000ECC2BB32792C57991D4F3E491DC2FD4AC
:1009F000CECB6CBBCDC350D490DC70D490D491D40A
:100A000091DC70D40BA34459CEC3D2E4D2E491E478
:100A100050DC0FD42FCC4CB3A992C250C481E489CE
:100A2000E481C381811082106218811081108110CD
:100A30008110811881108218811846722CE40CE410
:100A40004DEC0CE4EBDB0CE42CE40CE42CEC4DEC76
:100A50002CE42CE4EBDB8ACB8AD38ACB69C349C371
:100A600049C328BB08BB28BBE8B228BBE8B229BBF6
:100A700049C329BB49BB08B3E8B2E8B2E8B2A7AAA8
:100A8000C7AAC7AA87A2669A469225922592C481D0
:100A9000A3796279A381E489C381A381A379C3790E
:100AA000813800102020A040015901592261E150F5
:100AB000814060388038E15001594261637183712F
:100AC000A379C481E489E489E489058AE489048AF4
:100AD000259205920592E489048A058AC381A37947
:100AE0008371436942692261E158E150A8D384A22D
:100AF0000392C5AAC14881388040C140215942694A
:100B0000837183714271226122610159C148C148D8
:100B1000E1504261837183792592048A627142694E
:100B20004261E150C048813860302028211800100F
:100B30000010001820206030A140C14801512261FE
:100B40002261226122612261226101590151E15039
:100B5000A140A140A140C048859A0482C379A271F6
:100B6000C148803880386138A038C14802510251EC
:100B70000159E150025902590151E150E150C14877
:100B8000A0408038613840382028202800280020E4
:100B90002118A1308DC3ADD3EEDB0EDC2FE490E441
:100BA000B1E490DC90DC90D4B1DCF2E413E5F2EC3B
:100BB000F2EC13ED33ED13E513E5D2DC70D40ECC7B
:100BC0004BB34792436971D454EDF3ECB2E450D483
:100BD0000FD4CEC38DC32FD490DC91DCEECB2FCCC1
:100BE0002FCC0BABC2504CB3F3EC13EDD2E491E439
:100BF00050DC10D410CC6DAB85694261E489C381AF
:100C0000C3818371611081108110611082106110A5
:100C100081108210811081188118677A2DE42CE4EC
:100C20004DE42CE40CE42CE40CE42CEC4DEC4DEC09
:100C30004DEC0CE4AAD3AAD349C36ACB69CB6ACBE7
:100C400029C329C329BB08BBE8B2E7B2E7B208B39E
:100C5000E8B208BB08B3E8B208B3E8B2E8AAC7AA8A
:100C6000A7AAC7AAA7A2A7A2669A45922592E4813D
:100C7000837163716371A381C481A381A381A3790B
:100C8000A138001000106038E15001590259C148E4
:100C9000803860308138C148E150225962698371DF
:100CA000A379C481A381E481048A058AE489048A42
:100CB0000592E489048AE489E489058AC481C479B7
:100CC00083714261426143610159C15088CBE5B2F1
:100CD0006171C279A04060386038A140E15062691A
:100CE000626962716371226122590151C148C14830
:100CF000E1504261A3718371048A048A627142697E
:100D000021610159E148A140603020200018001005
:100D10000010001820286130A140E14801512159FC
:100D2000225922614261426121590151E150E14859
:100D3000C140A140C140C148A5A2859A6169248AE9
:100D4000A3716038813060308138A140E148E150C2
:100D50000259015101590251E150C148A148A04036
:100D6000804060384030203020282128202020205A
:100D70002120A992ADD30FE42FE42FE470E491E495
:100D8000D1E4B1E4D1E4D2E4F2E4F2E4F2ECF2EC46
:100D9000F2E413ED33ED33E5D2DC90D40FC46CB341
:100DA000889A2261ADAB55ED75F554F5B2E450DC8F
:100DB0000FD4EFCB8DC30ECC2FCC91D4CEC3CEC3EA
:100DC000EAA2E250AA9291DC34EDF3EC71DC50DC43
:100DD0002FD40FCCCEBB698A8140E489E381A3790B
:100DE000627142696110811081106110811081105F
:100DF0008210821081108218A218A88A2CE42DE497
:100E00004DE40CE4EBE3ECE30CE44DE44DEC6DEC71
:100E10000CE4EBDBCBDBAAD38ACB69CB69C36AC317
:100E200049C349C328BB08BBE8B2C7AAA7AAE8B20E
:100E3000C7AAE8B2C7AAE8B2E8B2C7AAE8B2A7A2AE
:100E4000C7AAC8AAA7A286A2669A669A058AA479A2
:100E5000A3798371627142714271A379C381C381A5
:100E60008138000800106138C14822590159C14831
:100E7000603060308140C148E15042614269837115
:100E8000C481C481C481C481E489C481E489C481EA
:100E9000E489E489058AE489E489C481C481837989
:100EA0008371426101590159C150C15027BB84A2CD
:100EB000E381649A0151603860308038E1502261EA
:100EC000626963716269426922610151C148C04827
:100ED000E150225983718379E489259262716269B4
:100EE0000159E150C148A040613020280020001085
:100EF0000010001820206030A140C148E150225964
:100F0000225901590159015922590259E150C14848
:100F1000A0408040A040A140827182718171048212
:100F2000C14860306030403060388038C148E148A6
:100F3000E1500151E150E150C148C148A140814018
:100F40006038403020280028002801200020202080
:100F500023518DCBEFE32FEC50EC50EC91ECB1EC46
:100F6000F2ECF2E412E5F2E4F2E4D2E4F2ECD2ECD8
:100F7000F2E4F2E413E513E5B1D40FC46CB3A89A1C
:100F80006361E569D2D475F554ED14EDB1E430D464
:100F9000EFCBCEC3CEC32FCC50CC50CCAEBB0BAB23
:100FA0000359EB9A71D491DCB2E491E40FD4CECB27
:100FB0006CC34CBBCA9A44592261E489C4818371D1
:100FC00042696371611061108210611061108110BB
:100FD00081188110811081188118E99A0CDC2DE4A8
:100FE0002CE40CE4EBDB0BE4EBDB4DEC6DEC4CECBC
:100FF0002CE4CBDBCBDB8AD38ACB69CB69CB69C34F
:1010000049C348C349C328BB08BBE7B2C7AAA7AABC
:10101000A7AAA7A2A7AAC7AAE8AAA7AAE8B2C7AA86
:10102000C7AAC7AAA7A2669A46922592058AE48112
:10103000C479837162716271416921698379C3796D
:10104000A138001000104030C14801590159C14871
:10105000803840306030A040E150216142616269D7
:101060006371837162718379A379A481A379C48147
:10107000E481E489E589E489C481C481A379837129
:10108000837922690159E150C148E15048BB439A34
:10109000A27942696361603860308138C14821615A
:1010A000226162718271426922610151A040A140B6
:1010B000C148015963698371C38125928371426973
:1010C0000159C048A040803840302020001800104E
:1010D00001100018202040308138C14801510259C8
:1010E000225922590259015902590151E150C1486E
:1010F000A140A03860388038859A659AA279015954
:10110000425940302028402860306138A140C14019
:10111000C148E148E150C148C148A0408040803802
:1011200041302030203000280028202000202020BE
:10113000EAAAEEDB2FEC70EC70EC91ECB1ECD2ECA7
:10114000F2ECF3ECF2E4F2E4B1E4B1E490E4D1ECDB
:10115000F2ECF2E413E5F2DC50CC8DB388924361FB
:101160000D9C31CD4EBCD1D475ED13ED91DC50DC2E
:101170000FD40FCC2FCC2FCC30CCEEC30AA32359E5
:101180002C9BD3DCF3E471DC71DCCECB8DC30BB3D1
:10119000EAAA689AA5716138E481C37962716271C3
:1011A0008371A47981108110611081106110811008
:1011B00081108210821881188118E99A2CE42CE49D
:1011C0002DE40CE4EBDB0CE40CE44CEC4DEC4DECCE
:1011D0002CE4EBDB8AD38ACB89CB6ACB69C349C3C6
:1011E00029C369C369C349C349C308BBC7AA86A247
:1011F00087A286A286A286A2C7AAA7A2C7AAC7AAB2
:10120000C7AAA7A2669A669A25924692258AC481A1
:10121000A379837962716271426942692169426985
:10122000A140000800102028A140E1500259C14807
:10123000403020286030A140E1502261426942697B
:1012400063718371637183718379A379A379A379BE
:101250008379A479C481C381A379A47983798371C3
:1012600063716369E150E150C148A04807B306B318
:10127000C281038A0159603881386030A040015929
:1012800022616371837162692261E150A1408040F3
:10129000A1400151426962718271048A827142697E
:1012A0000159E150A1408038603020200018001022
:1012B0000010001820286028A138C14801510151B0
:1012C00001592259225901510151E150E148C148C7
:1012D0008138A13860306038E379A2794169E381CF
:1012E0008369402820282028202860308138A140A8
:1012F000C148C148C140A140A148A1408038403800
:101300002030002800280128202020202020655996
:10131000CED330E470EC91ECB2ECD2ECD2ECB1E490
:10132000B1E4B1E491E470E46FE44FE470E4D2EC32
:10133000D2E4D2E4F2E491D4EEBBEA9A8469E240CA
:1013400050B4F0CC31CD95D550C4F2E491DC30D41A
:10135000CEC3EFCB0FCC0FC4EFC30BA323592C9BF1
:1013600034E534E5F3E471D4EFCB6DBBCAA2889ABF
:101370004792A571A140436983718279C379A379AA
:10138000C481C481811061108110811061106110CD
:101390008110821081188110821809A32CE42DE499
:1013A0002CE40CE4EBDBEBDB2CE42CE46DECAEF496
:1013B0004DECEBDBCBDB8ACB69CB28BB49CB69CBD4
:1013C00049C369CB69C329C329BB28BB28BBC7B2A2
:1013D000669A669A669A669AA7A286A287A287A24A
:1013E000A7AAA7A266A2869A2592058A2592058AAF
:1013F000A379637142694269637162716271426982
:10140000E158201000082020A140E15001598040FF
:101410002028202860308138C14822594261426921
:1014200062696371837183716271837163716371C6
:101430006271A379A3798379A379A379837983717D
:1014400063714261C150C148C148C14827B363A21A
:10145000028A038AC3718038813840308038E15075
:1014600021594269637162690159E150A14080408C
:10147000A140E148426183716271E4898271226115
:10148000E158C150A04060384130202000180008C9
:1014900000082018202840308138C148E148025116
:1014A000E1500151E1500251E150E148E148A140D1
:1014B0008038603040306130458AC379A2798269D2
:1014C000803820282028212820204028603080389B
:1014D000A140C148A140A140A040803861384030BF
:1014E00020280028002820282020202021282BAB7D
:1014F000EEDB50EC91F4B2F4D2ECD2ECD2ECB1E4ED
:10150000B1E470E44FE42EE40EE470E491E4B1E45D
:1015100091E491DC90D42FCC6DAB27822351EEB3B4
:1015200012DDD5ED77E630D5CBA32BA370D40FCC4D
:101530000FCCEEC3EFC3CDBBEAA22359AEAB14E58B
:1015400054E554E5D3DC31D48EBBEBA24892A579A7
:101550004361E2508371A379A379C381C481A481DB
:10156000C481C4816110611081106110811061100B
:101570008110811081108118811809A32CE42CE4BA
:101580002DE40CE4EBDB0CE40CE42CEC8EF48EF498
:101590004CECEBDBABD369CB49C329C329C329C3CB
:1015A0006ACB8ACB49C329C349C349BB29BBE7B22C
:1015B000A7AA669A459A4592469A669AA6A287A2D3
:1015C000869A669A869A469A2592E481E481C4793D
:1015D000A3718371636942696269627183718379FE
:1015E0006271E148000820188038C148E150803815
:1015F0002028202840308038C14821594369637130
:1016000083718379626942694369626942694269A7
:10161000636962716371837983796271627142690E
:1016200022612261E150A048C140A14027B3649AE1
:10163000C281827121598038813880388038C14810
:1016400022594269426942690159E1508038803823
:101650008138C148025963696269E48983792261EA
:1016600001590151A1408030402820200018010874
:101670000010001820286130A138C140C148E1485D
:10168000E148E150E148E150E148E150C140A0406B
:1016900060304028402840306592248AC3794261F6
:1016A0006261202820280020002020284028613066
:1016B000A138A140803881408038613840304028CE
:1016C0000020002800282020002021280772CECBEF
:1016D0002FE491ECB1ECF2F413F5F2ECB1E4D2ECBE
:1016E00091E470E44FE4EEDB2FE470EC91E491E4DC
:1016F00090DC70D470D40EC4EA9A4461EEB3F2DC8C
:10170000F2E491E494E511C58B934B8BC992CDBB68
:10171000CEC3CEBB8DBB899AA67130C4F3E414E569
:1017200014E5F3E451D4EFC38DBBAA9A8571A148A7
:10173000E150A379C381A379A379E481C481C379FA
:10174000A379837161108110621081108110621081
:1017500061108110A218811882182AA32DE42CE4AC
:101760002DE4EBDBEBDB0CE40CE44DEC8DEC4DEC11
:101770002CECEBDBCBD3AAD38ACB69CB49C349C3CF
:1017800069CB69C369C369C349C349C349C329BB99
:10179000C7AA86A24592E48925924592669A669ADE
:1017A000669A86A2669A669A058AE481C479A479C3
:1017B000A37983718371636963694269637162713B
:1017C00082714269402800108038E150E250603058
:1017D0000020202040308138C148E15042696371C7
:1017E000837183718371426922692261226122615E
:1017F00002592261627142698371426942692161C1
:1018000001612259E150A14080388040859A23929D
:101810008179A279C3798038804081386038A148C5
:101820000151216142614269426101518138603850
:101830008038C148E15042694269E481A371226164
:10184000E150A04080386130403020200018001066
:1018500020102020202040308138C140C148C1489C
:10186000C148E148C148E148E150E148C140803801
:101870004030412820284030826941614269A2718C
:10188000C14020202020002000202020402860305F
:101890006038A138803880388138403020280028CE
:1018A0000028012820282020002061288CB3EFD3B5
:1018B00050E491ECF3EC33F533ED13EDD2E4B1E405
:1018C000B1EC2FE42FE450EC4FE470EC70E490E4C2
:1018D00090DC50D42FCCCEBB698AADABD2DCD2E445
:1018E000B1DC70DC91DC2EC4CDA34FA46A930A93C3
:1018F0004BAB0BA3078A488AB2DCF3E4D3DCB2DC3F
:10190000B2DC92DC30CC8EBB0BA3C679A14802516D
:10191000E481E481A381C481C481A379A379A479FA
:1019200083718271611061108110611081108210C9
:10193000811081108210821881184AA32CE42CE4B3
:101940002CE40CE40CE40BE40CE44DEC8DF46DECB5
:101950002CE4EBDBAAD36ACB69CB69CB49C349C37F
:1019600049C349C369CB49C369C38ACB69C349C366
:10197000E7B2C7AA87A2058AE489058A048A259264
:101980004592469A46924692058AC481A479C481BA
:10199000A47963716269637142694269426942690B
:1019A00042696271C14800106138A140C1484030AD
:1019B0000018202061308138A040C148226162694E
:1019C000636963718371837142610159E150C15050
:1019D000C150E1502161426922614269226101598D
:1019E000E158E150C1488040603860386592A17983
:1019F0006171E05821616030A140A1406038A04091
:101A0000E1502159226101590151C14880386030AB
:101A10006030A140E15022594261A3798371216174
:101A2000E150C1488038603041300020001820204B
:101A30002351645964590251C140C140C148C14851
:101A4000C140A040C148C148C148A040A038813829
:101A500040282028202840280482048AA271215985
:101A60008038202021200020001801182028403034
:101A700060308138603040304028202820280028FD
:101A8000002820282028002020206882CECB0FDCD0
:101A900050E4D2EC13ED13ED13ED13EDB1E4B1EC22
:101AA000B1EC50E450E490EC4FE470E450DC2FDCF7
:101AB00050DC4FD40FCC8DB34CABD2DCB2DCB1DCFC
:101AC00071DC91DCB1E450D44BA34A934572E98AAE
:101AD0006B9B6461EA92B2DCD2DC91DC71DC31CCCC
:101AE00030CCF0C3AEBB2BAB0782E250E150048A8E
:101AF000058AE489A379A379837183718371A379BA
:101B00008371837161106110811061106110811007
:101B10006110811881108118811829A30CE40CDC54
:101B20002DE40CE40CE4CBDB0BE42CE46DEC6DEC6D
:101B30002CE4CBDBCBDB6ACB6ACB69C329BB49BBCB
:101B400028BB49C349C329C349C369CB49C349C356
:101B500028BB08B3E8B2459A2592048AC481E4817F
:101B6000048A058A25922592048A048AC481A3796D
:101B7000C479A479837183714269426921612169C1
:101B800062718379626900184028A140803820285A
:101B90000018202040308038A040A140C1480159A1
:101BA000426942696371637142690159E150C148F8
:101BB000C148E1500159E1500159025901590151FF
:101BC000C150E150C148803860304030E479248A07
:101BD00081716269426140308038C140803860382C
:101BE000C148E150015101590151C14881382028B3
:101BF00040308138C1482259426183718371015953
:101C0000E150A140803860384028202864512AB330
:101C100009B308ABA7A2A7A2669A258A258A058AD6
:101C2000E481E479A47143610151C148A14060306D
:101C30002028202020202028A3714161E050A2719B
:101C40004030002000200018001800182020202814
:101C500041304030603040302028002800282028C3
:101C6000202800280120202044498DBB2FDC2FDCB8
:101C700070E4B2E4D2ECF2EC13EDF3ECD2EC71E4EC
:101C800070E491EC91EC91EC50EC50E42FDC0FD42B
:101C90002FD40FCCEEC3EECB4FCC50D491DC50D42C
:101CA00070D470DC70D470D4EEBB888A6682A69241
:101CB00027ABCA8AD2DCF2E471DCEFCB30D4CFC3DD
:101CC000CEC38DBB0AAB679A46924692258A669A26
:101CD000669A669246926692258A6269626943694B
:101CE000636983716110611061106110611081106E
:101CF0008210811081108118821809A30CE40CE471
:101D00002CE42DE40CE40CDCEBDB2CE46EEC6DEC51
:101D10002DECCBDBCBD3AAD38ACB49C349C308BBB9
:101D200008BB08BB08BB28BB29C349C328BB48BBA9
:101D300049C329BBE8B2C7AA45922592E489C48168
:101D4000C481C481058A048A25922592E589259259
:101D50002592058AE481C4798371436922694269C5
:101D60006271C481A37900182020A1388138202015
:101D70000010201820286038803880388040C14802
:101D8000E15022614261426943610259E150C14818
:101D9000A148A040C148C150C150E150C150C14804
:101DA000C148A140A1408140603020308369E48176
:101DB00061692161A37120286038A14080386038B2
:101DC000A140C148C1500151E150C14860302028B4
:101DD00020286030A140E15022614261A371015985
:101DE000C148803881386030603020286AB38AC3A7
:101DF00009B3E8B2869A26924592258A258A2592C9
:101E000025924592259246924592E4816361C140B4
:101E10002020202000202028C371E4790159A03817
:101E20004030002000180018001000182020202842
:101E30004028402820282028002020280120202871
:101E40000028002820202120EA9AEED32FD450DC4D
:101E5000B1E4F2ECF3ECF3ECD2E4F2EC91E4B2E4B2
:101E600091ECD2ECB1EC70EC2FE40FDC0EDCEED395
:101E7000EECBEECBCEC3EECBEECB0FCC0FCC2FCC3C
:101E800050D470D470D40FCCADBBEAA28469668AFA
:101E9000888AF2DCB1DC71DCAEC34CBB6CBB2BB30B
:101EA000EAAAC9A2879A26924692258A058A058AB5
:101EB0002592258A058A058A4692869AC479A14880
:101EC000E150025961106110811061108110811080
:101ED00081108210821082188118099B0CE42DE475
:101EE0002DE42CE42CE40CE4EBDB0CE46EF46DEC60
:101EF0002CEC0CE4CBD3AAD38ACB69C329BBE8B2C0
:101F0000E7B208B308B349C349C369C329C328BBAF
:101F100049C369C328BBE8B2A7A24592058AE489F0
:101F2000C481A379E489058A258A45922592259260
:101F300046920592E489A4796371426942696271AB
:101F4000C481C481837100102018603040280018BB
:101F500000100010201821282028403060386038F8
:101F6000A1404359C571E679A471436122590251D8
:101F700023516459E66927726982687A68826882A7
:101F80000772C6696459C140613040308369626933
:101F90000159E150E150E24883692259E148803813
:101FA000A140A048E150E150C150C14080382028F4
:101FB00040286030A038C148015942618371E15026
:101FC000A140A1406030603061304030AAC349BBBD
:101FD000E8B2A7A2669A2592258A2592058A048AE4
:101FE0004592259225922592259225922592E48963
:101FF000E48184712259C1400482837101514259A4
:102000006130001800180110001000100118202085
:102010002028202821280020202000200020002027
:1020200000280020001807728DBB2FD470DC91E4CB
:1020300091E4F2E413EDF3ECB2E491E4B2ECB1EC30
:10204000B2ECD2ECD2F470EC2FDC0EDCEED3CECBC3
:10205000CDCBCDCB0ECC8DBB8DBBADC3CDC30ECC0C
:1020600070D450D40EC48CBB2BABC8A26792468AE6
:102070004AABE9AA679A669A6692258A4692469280
:102080004592259245924692258A45922592258A27
:10209000258A258A258AE481058A04824692468A11
:1020A000C138202861086108611061106110611059
:1020B00081108110821081188118C8920CDC0CDC10
:1020C0000CE42CE40CE4EBDB0CE42CE48EEC6EEC86
:1020D0006DEC2CE4CBD3ABD369CB48BBE8B2E8B210
:1020E000E7B2E8B2E8B228BB49C349C308BB29C379
:1020F00049C308BB08BBE7B2E7AA87A2669A459224
:10210000E481C381C481048A259225922592259277
:10211000258AE489C479837142694269627183794D
:10212000C489C38101590008001020182018000834
:1021300000080010211820184128A659AA926CB353
:10214000CEC3EECBEECB0FCCEEC3EEC30FCC0FCC99
:1021500050CC50CC2FCC50CC70D491D470D42FCC48
:102160002FCC2FCC0FC4CEBB8DABEA9A898AE671F7
:102170000259015128AB88C3E6AAA5A2C6A2C6A2ED
:10218000E7AAC6A2E7A2C6A2A69AA69AC7A2C7A213
:10219000A79AA69AA69AE7A2C6A2A69A869A659236
:1021A000458A25822582E479468A29B3EBD329BB67
:1021B000C8AA869A4692058A25922592259225924A
:1021C0002592048AE489E489048A2592058AE481B7
:1021D000C481C4810582C481E481C4796269A1405B
:1021E00020200018001800100008201000202020D7
:1021F00020282028202800202028212800282028E6
:1022000021282020E2384BAB0ECC2FD450DC90DCC0
:10221000D2E4F3E413EDD2E4B1E491E491E4D2EC3E
:10222000D2ECD2ECB1EC2FE4ADD32ABBC8AAC8AA39
:1022300009B32BB36CBB2BB3EAAA6CBBCEC3CDC323
:102240008CBB0AABC8A2879A679A4692258A258AD0
:10225000058A25922692058A058A258A258A058A75
:10226000058A258A258A2592258A45924692458A9D
:102270004692058A258A258A048AE481E581258A91
:10228000A79A64516110611061086110811081107A
:1022900081108110811082188118C8920CE40CE41E
:1022A0002DE42CE40CE40CE42CE42CE48EF48EF409
:1022B0004DEC2CE4ECE38ACB8ACB29C308BB08B3F2
:1022C000E8B2E7B208B308BB29BB69C329BB49C35D
:1022D00028BB69C308BB28BBE8AAA7A2869A469276
:1022E0002592058A058AE489258A25922592058A00
:1022F000C481C47983714269226962718379A3813F
:10230000C481626960380008000000080108000804
:10231000200800088128E7696DB330D470DC50D400
:1023200030D450D450DC90DC71DC90DC91DC90DC5B
:1023300091DCD2E4F2E413EDF2E4D2E4D2E413E56A
:10234000F2E491DC70D450CC2FCC0FC4EEBB8CB334
:102350002AA38ABB89C3E6B207B328BB48BB68C3BC
:1023600068C368BB88C348BB48BB89C348BB48BB7C
:1023700048BB28B328B308B307B307B3E7AAE7AA53
:10238000C6AAC7AA07B389C30BDC2CE40BDC29BBA4
:1023900087A2469225922592469245922592058AD9
:1023A0002592048A048AE481E489048AC481A37999
:1023B0008371A379A379A3718371A379A479C47973
:1023C0000251202020180010201841202351846140
:1023D000A469E5790582268A268A268A268A0582C4
:1023E000268A058A468AA8A20AAB4BB3EECB90DCBC
:1023F000F2E4F3E4F3E4F2ECB1E491E470E491E4A8
:1024000091E42FD4ADC3C9AA669A669A669A669A71
:1024100066A2669A87A2879A0582C579E481E581DA
:10242000058A058A258A058A258A058A058AE4811E
:10243000058A048205820482058A0582058A258A26
:10244000058A058A0582258A4692258A2592258A4B
:10245000258A4592258A058A058A0482E481058AAF
:102460000582879A6108611061106108611081100E
:1024700081108110811082188118A88A0CDC0CE46C
:102480004DE42CE40CDC0CE4EBE30BDC6EEC8EF4A2
:102490006DEC2CE4EBDB0CDC8ACB49C308B308B34E
:1024A000C7AAC7AAE7B2C8AA49BB29BB29BB08BBB0
:1024B00008BB49C329BB49BB28BBE8B2C7AAC8AA05
:1024C000669A46924592058A058A048A2692E5898B
:1024D000C47983716269426942696271A379A38197
:1024E0006271A04080408140402000000000000058
:1024F0000008A230CA9250D4F3ECF3ECD2E491E499
:1025000071E470DC70DC71DC91DC91DC91DCB1DCBD
:10251000D1E4F2EC13ED54F533ED33ED13ED33ED7F
:1025200013E5D2DC70D450CC70D470D42FCC0EC450
:102530002ECC4CDC48C3E6AA07B348BB88C389CB82
:1025400088CB88CB69C348C348BB48BB27BB48BBC3
:1025500048BB68C348BB07B307B3E7AA07B307B3D1
:1025600007B328B3A9CB2CDC0BDC2CE40CE408B3B8
:10257000669A259225922592669A2592E481259263
:10258000E489E481C481E481A481C379A37983715E
:102590008371837183718371637183716271C47993
:1025A000E4812682057A057A05826692468A269219
:1025B000268A268A258A258A258A45922592458A51
:1025C000058A058A0482058A058AE581058AE481EF
:1025D000268AE9A24BB32BB30AABC8AA879A4692C4
:1025E0002592E589258A258A058A25924592269293
:1025F00046922592469A669A869AC4790259426111
:102600008371A479A479E481E481E481E481E481A3
:10261000E581C481E4810482E481E481058204824D
:10262000058A0582058A258A048A46924692459241
:10263000258A25924592258A4592058A058205823A
:10264000048A258A6110611061106108811061108F
:102650006110811082188118811887820CDC0CDCD3
:102660002DE40CE4ECDB0CE4EBDB0CE46DECAEF401
:102670006DEC2DE4EBDBABD369C328BB08B3E8B248
:10268000E7AAE8B2E8AA08B308B308BB49C349C33C
:1026900049C328BB49C349C329BB28BBE8B2C7AA61
:1026A000A7A286A2669A669A058AE481E481C4811B
:1026B000A37963714269436963718371837962713C
:1026C000C1508040804081406038000800002118DF
:1026D0008130898A30D4F3EC54F534EDD3ECD2EC6C
:1026E000B2E4B2E4D2E413E533E512EDF2E4D2E46D
:1026F000F2EC12ED13ED12ED33ED33ED33ED53ED5E
:1027000013E5D1DCF2DCF2DCF2DC91D490D44FD4CE
:1027100090DCEBD327B307B327BB88C368CB89CB47
:10272000A9CB88CB89CB68C368C368C348BB28BB27
:1027300068C348C348BB48BB07B3E7AA07AB48BB5D
:1027400048BBAACBCAD3EBDBEBDBEBDBEBDB29BB78
:1027500025924592058A258A2592048AC481E489B6
:10276000E481E481E489E489058A058A46926692D7
:10277000879AA8A2A7A2879AA7A2669A879A879AF9
:102780006692468A258A258A058A058A058A258AC7
:102790004692058A258A2592258A258A469225927F
:1027A000258A058A058A058A058AE589E481E58105
:1027B000C481C481258A469A669A669A4592258A7A
:1027C000058AE481058A058A058A058AE481048AE6
:1027D0002592058A4692669A4592669A0582E14854
:1027E000025142618371A471A479E481E481E4819E
:1027F000E4810582E481E481E481E481058A058A3B
:10280000E481258A258A258A4692258A469246921F
:102810002592258A46924592258A4692058AE48128
:102820000582048A610861106110611081108110B5
:102830006110811081108110A11826722CE42CE403
:102840002CE40CE40BDC0BDC0CE40CE46DECAFF4DE
:102850008EF40CE4CBDB8ACB49C328BB08B3C7AAF0
:10286000C7AAC7AAA7AAA7AA08B308BB08BB28BBC0
:1028700049BB49C328C349C328BBE8B2E8B2C7A2D1
:10288000A7A2A7A286A24692058AE481A3798371B2
:1028900083714269426142694269637142710159BF
:1028A000804060388040A1404038001020186128E6
:1028B000A5696DBBB2E455ED75F555F555F534EDEB
:1028C000F3EC34ED74EDB5F574ED53ED33ED53EDFC
:1028D00033ED33F553ED54F554F595F574ED74F58A
:1028E00074ED74ED54ED33EDF2E4D2DCD1DCF2E4BE
:1028F000AFE4A9CB07B328BB27BB68C389CB88CB80
:10290000A9CB89CB88C368C368C368C368C348BB05
:1029100048BB48C348BB48BB48BB07B328B328BB28
:1029200069C3AACBCAD389CBCAD3AAD3EBDB49C329
:1029300066922592058A2592058A048A048A048A69
:1029400025922592669A869A669AA7A287A2879A66
:10295000669A469A4692469246924592258A4592B2
:10296000258A058A058A058A0582048AE481058A02
:102970002592258A258A2592258A46924692459255
:102980004692E481E489E481058A058AE481E48150
:10299000E581058A259245924692259225922692B6
:1029A0000582E481258A258A048AE481E481E5811F
:1029B000E5810482E48125924692669A4692469287
:1029C00001510151426183718371A479C479E48119
:1029D000C481E481E481E581C479E481E481E58115
:1029E000058A058A058A258A258A45924592258A7F
:1029F000269226924692258A45922592258A05821C
:102A0000E481E4816110611061086110611081103E
:102A100081108110811081188218066A0CDC0CE488
:102A20000CE40CE4EBDBEBDB0CE40CE44DECAEF47F
:102A30008EEC4DECCBDB8ACB49C329BB08BBE8B29B
:102A4000C7AAA7A287A2C7AA08B308B308BB49C3ED
:102A500049C369C349C328BB08B328BB08B3C7AA85
:102A6000C7AAC7AA669A4692E481C4818371636942
:102A7000426922612261226142692261E158A040DB
:102A80006038603880408040603800182018A138D5
:102A9000688ACEC3F3E475F5D7FD95F575F554ED69
:102AA00075F575EDF6F5B5F595ED74ED74F574F510
:102AB00054ED54F574F594F574F595F5B5F595F573
:102AC000B5F554ED74ED74ED54EDD2E433ED33ED22
:102AD0002CDC27BB27BB27BB48BB68C368C368C3C4
:102AE00089CB89CBA9CB89CB48C369C348C328BB51
:102AF00048BB69C348BB69BB28BB27BB48BB48BBB5
:102B000069C389CBCACBAACB89CB89CBCBD349C3E9
:102B1000869A45922592459245926692669A669A61
:102B2000669A669A46924692459246924692469296
:102B300025922592048A258A058A058A058A058AAE
:102B4000048AE481E481058A058AE481E481E489D8
:102B5000058A058A2592258A058A46924692469AD2
:102B60004692058AE481E481E481E581E481C481BF
:102B7000E581058A259245924692258A258A058A0D
:102B8000058A058A258A258AE481E481058AE5810A
:102B90008371A379A371E589669A669A469A4692EB
:102BA000669A43610251426142618371A471C479A2
:102BB000E479C481E581E481C479E481E481E5813B
:102BC000E481058AE581258A258A259246924692E6
:102BD000469246924592258A469246922592459281
:102BE000058AE58161106108611061108110611032
:102BF00081108110811081108218C559ECDB0CDC2A
:102C00000CDC0CDC0CE40CE40CE4CBDB6DECAEF483
:102C10008EF44DECAAD38AD349C308B3E8B2A7AA6D
:102C2000C7AAA6A2E8AAC7AAC7AAE8B2E8B229BB5F
:102C300028BB49C369C369C349C329BB08BBC7AA29
:102C4000C7AAA7A2669A4592058AE481A479636916
:102C500042610261015902590159E150A0486040A6
:102C600081408140A140A1488040001821200349B3
:102C7000CA9A0FCC14ED96F5D6F596F5B6F5B6F5DD
:102C800095F5B6F5F6F5B6F5B5F595F595F595F531
:102C900074ED74F574F595F595F595F595F594F550
:102CA00074F574F595F5B5F554ED74ED94F5D0E43F
:102CB00089CB07B328BB27B368C368C368C389C37C
:102CC00089CB89C389CBAACB69C348C369C348BB35
:102CD00069C369C348BB69C328BB48BB28BB28BBC1
:102CE00048BB69C3A9CB69C389CB89CBCBD349C3C3
:102CF000A7A2669A469A46926692669A669A869ABB
:102D000025924692058A058A2592058A058A048AB3
:102D10000582E581E481058A058A0482258A058A7F
:102D2000058AC481058A058AE481058A0582058AA7
:102D3000258A058A2592058A048A25924692669AF2
:102D4000869A4692C481C481E481E581E481E5816B
:102D5000E481E5892592258A259225922592258A66
:102D6000E481E4812592058A058A058A0582048228
:102D7000A479A47183718371058A469A669A669ACA
:102D8000669A469284690251226163696369A479F3
:102D9000C479C479C481E481C479C481C481E481E3
:102DA000E581258A0482E481058A258A4592459237
:102DB000258A4592669245924592669A4692258A60
:102DC000258AE48161086110611061086110811039
:102DD0008110611082108218A11884490CDC0CDC6F
:102DE0002CE40BDC0CE4EBE3EBDB0CE44DECAEF49D
:102DF0006EEC6DECCBDBAACB49C308B3E7AAA7A264
:102E0000A7A286A2C7AAA7A2C7AAE7AA09B308BB16
:102E100029BB49C349C328BB29BB28BB29BB08B36D
:102E2000A7AA87A2869A669AE481E481A47963714D
:102E30006369226101590159E158C150A048A04875
:102E4000C148C148C048C1508040001800182351F3
:102E50000BA330D414EDB6F5F7F5F7FDF7FDD6F575
:102E6000D6F5F7FDF6F5F7FDD6F5D6F5D6F5B6F5B8
:102E700095F5B5F575F574F574F574F574F574F5A7
:102E800095F595F5B5F5B6F5B5F595F553EDF1EC88
:102E900028BB27B328B307B348BB48BB68C389CB5B
:102EA00068C3A9CB89CB89CB69C369C369C389C30B
:102EB00048BB49C348BB89C348BB28B328B307B341
:102EC00028BB48BB69C369C368C38ACBEBDB49C372
:102ED000C8AA869A46924592469245922592259294
:102EE000058AE481E481C481058A058AE481E4815C
:102EF000E481058AE481058AE581E481E481E48155
:102F0000E481058AE5810482058AE481058A058ACF
:102F1000058A058A258A058A058A258A258A459291
:102F2000469A669A0582C481E481E481E581C48180
:102F3000E481048205822592469225922692258A72
:102F4000E581E481058A258A058A058A0482C4818F
:102F5000C479A47183714269C4790582669A86A294
:102F600086A24592669AC471E148225942618371F2
:102F7000A371A479C481E481E581E581E581E481DF
:102F8000E4810582058AE4810582058A258A258AED
:102F90002592469246924592469246926692469273
:102FA000258AE4816110610861106110611061106F
:102FB0008110611081108110811823390CDC2CE400
:102FC0000CE40CE40BE4ECDB0BDCEBDB4DEC8EF403
:102FD0008EF44DE4EBDB8ACB49C328BBE8B2A7A251
:102FE00086A287A287A2C7AAA7A2C7AA29BB28BB75
:102FF00049C349C349C349C329BBE8B208B308B3AD
:10300000E8B287A2669A669A058AC481C4798371F8
:103010002261215901590159E150E15001590159E9
:103020000151E150C050C150804000182010645937
:103030004CAB71D434EDB6F5D6F5F7FDF7FDD7F509
:10304000D6F517FE17FE17FEF7F5F7FDF6F5D6F5E0
:10305000F6F5D6F5D6F5B6F574EDB5F595F5D6F5E4
:10306000B6F595EDB6F5B6F5D6F574ED95F58FE4B4
:1030700069BBE7AA27B348BB48BB68C368C348C35A
:1030800069C3AAD389CBA9CB69C389CB89C369C3D7
:1030900048BB28BB48BB28BB28BBE7B207B328B353
:1030A00028BB27BB48BB69C348C348C3EBDB49C344
:1030B000C7AA669A469246922592048A048A058A8D
:1030C000E481E481C481C481C481E481C479E48160
:1030D000E589E481C479E4810482C481C479E4810E
:1030E000E581058AE481E481058AE481058A258AEF
:1030F000058A048A2592058AE481E481058A25925D
:10310000869A4692258AE481E481E481E481E4811F
:10311000C481E581E4812592058A258A66922692FA
:10312000058AC481E481C481058A058AE581E58137
:10313000C481C479837143696369C479E481669AFF
:10314000A7A2669A4692669A057AC14822592261D8
:103150006369A371C479C479E481E481E581E5817F
:10316000E5810582048205820482258A258A258AD2
:10317000459245924692058A669246924592869A73
:10318000258A268A6110600861086110611081102B
:1031900081108110811082188218E328ECD30CE48E
:1031A0000CE42CE40CE4EBDB0CE4EBDB2CE4AEF401
:1031B000AEF42CECEBDBAAD36ACB08B3A7AAA7A288
:1031C000669A45926592A7A2A7AAC7AAE7B228BBAA
:1031D00048BB28C349C328BB28BB29C328BB29BB7C
:1031E000E7AA86A287A24592258AE481C4798369E9
:1031F000426943692261226122614261226102596E
:103200000259E150C150C150604020180018A5611A
:103210006DAB92DC75F5B6F5D6F5F7FDF7FDF7FD6C
:10322000F7FD58FE59FE38FE58FE58FE17FEF6F51B
:1032300017F6F7F517F6F6F5D6F5D6F5D6F5F6F551
:1032400075EDB5F5D6F5B6F5B6F574ED94F50CD487
:1032500028B3C7AA28B328BB48BB48BB69C368C307
:1032600068C389CBA9CB89CB69C3AACB89CB89CBCE
:1032700048C348BB48BB07B308B3C7AA07B328B3C2
:1032800007B327B369C348BB69C369C3EBDB49C351
:10329000669A469A25922592058A058A058A058AA4
:1032A000E481C481E481C479C379E481C481C481A7
:1032B000C481058AC481C481C481E481C481E4815C
:1032C000E481E589058AC481048AE481058A058A46
:1032D000058AE4892592258A048AE581E481058AA4
:1032E0002592669A4692E481C481E581E581E48174
:1032F000E481C479E581258AE589058A2592669A63
:103300004692C481E481058AE581E581E481E58115
:10331000A479C479A471A471626963696371E58158
:10332000669A87A2669A058A869A057AC1482259C2
:10333000426163698371A479E58104820582E48135
:10334000E4810582E481E481058A058A058A058A8B
:10335000258A259246926692259246924592869AB1
:10336000669A4592600861106110600861106110F2
:1033700081108110821081108118A120EBD30CDC08
:103380000CDC2CE4EBDB0CE40BE4EBDB2CE46DEC71
:103390008EF46DEC0CE48ACB49C328BBC7AA669AAD
:1033A00025924692669A869AA7A2E8AA28BB08BBED
:1033B00029BB49BB29C328BB28BB28BB28BBC7AA3C
:1033C000E8AA86A286A2869A2592048AE481C47914
:1033D00083718371637163696371426922612259E8
:1033E0000159E150E150C150604000102120C669F0
:1033F0008DB3D3E455F595F5B6F5D7FDF7FDF7F5A3
:1034000038FE58FE59FE58F658FE38FE18FEF7F5FD
:1034100038FE38FE17F617FE17F6F7F517F6D6F54D
:10342000D6F5D6F5D6F5B5EDD6F5B6F5B5F5AACB04
:10343000C6AA07AB28B328BB68C348BB68C389CBFF
:10344000A9CBA9CB89CB89CB69C389C389CB68C3F5
:1034500028BB28BB28BB47BB07ABE7AAE7AAE7AA5C
:1034600007B308B328BB48C389C348C32CE429BBAE
:10347000469245924592058AE481E481C481E481C3
:10348000C479A479C481E481C481C481C479E4810C
:10349000E481058AE479A479C479C479C479E481A2
:1034A000E481E481E481E481E481E481058A258A80
:1034B000058A058A258A2592058A058AC481058A96
:1034C0004592469A669A2592E481E481E481C4811A
:1034D000E481E481E581058A2592058A058A669A58
:1034E0004692E481C479E481E4810582E481E48147
:1034F000E481C479C479C479A371426922614261CB
:10350000058A669A86A2669A048A66920582E148CE
:103510002259225962694269C47905820582258A45
:10352000E481058AE481E481058A258A258A058A61
:10353000468A258A4692469225924592869A4592D7
:10354000879A669A61106110611061108110611094
:1035500081108110811081108118A118CBCB0CDC57
:103560000CE40CE40CDC2CE4EBDBCBDB2DEC6DECA5
:103570008EF46DEC0CDCAAD38ACB29BBA7AA669A81
:10358000469245924592869AA7A2E8B2E8B2E7B27F
:1035900029BB49C328BB28BB28BBE8B2C8AAE8B2EC
:1035A000C7AAA7A2A7A287A2669A2592058AE48144
:1035B000C379C4818371837163692261225901597E
:1035C000E158C150E150C050403800084120077216
:1035D0002FD434F555F575F5B6FDD7FDF7FD38FE5A
:1035E00038FE59FE59F659FE38F638F617F618FE29
:1035F00038FE58FE37FE37FE38FEF7F517F6D7F5DA
:1036000017F6F7F517F6F7F517FE37FE32ED49BB5B
:10361000C6A207B307B348BB69C348BB48C389CB3D
:10362000A9CBA9CB89CBA9CB89C389C389C368BBE3
:1036300028B328B327B307B328BBC7AA07AB07AB88
:1036400028B307B327B348C389C369C30CDC29BBBC
:1036500046922692058A058AE481E481A479A479B8
:10366000C479C479C479C479E481C481C479C4813A
:103670000582E481E4818371C479A371C479C4793A
:10368000C479E481E481E481C481E581E489058A27
:10369000058A058A048A058AE489E481E481058A29
:1036A00025924592469246922592058A058A058A78
:1036B000C479C479058AE581258A258A258A258ADF
:1036C000669A058AA479C479E481E589058AC4816A
:1036D000E481E481A479C479A479847122590251E6
:1036E0006369E489669AE7AA669AE489669A2682FB
:1036F000E1480259426183698369C479E481058A9A
:10370000E481E48105820582058204824692258A4D
:10371000258A45924692669A458A45926692669AAD
:10372000669A869A611060106108811061106110BC
:103730008110821081108118A2188118ABC32DE46A
:103740000CE4EBDB0CDC2DE4EBE30CE4EBDB6EECEC
:103750008EF46DEC0CE4AAD369C328BB86A2469212
:10376000048A058A0592469A86A2E7B2E8B208B3AF
:1037700028B349C349BB28BB29BBE8B2E8B208B3A8
:10378000C7AAA7AAC7AA86A2669A25924592258AA1
:10379000E481C481A3718371426922610159015995
:1037A000E150C050C150A0484038001061302BABF0
:1037B00013EDB6F595F596FDB6F5F7FD18FE18FE76
:1037C00058FE59F658F658F638F638FE38FE38FEE8
:1037D00017F658FEF7F517FE38FEF7F517F6F7F56A
:1037E00018F6F7F538FE17F638FEF7F553ED28BB57
:1037F000E7AA07B328BB28BB48BB48BB48C388C35C
:1038000089CB89CB89CB69C389CB88C389C348BBA2
:1038100028B327B327B327B308B3E7AA07ABE7AAB0
:10382000E6AAE6AAE6AA68BB69C369C3EBDB08B3EC
:103830002592058A258AE481058AE481C479C479C0
:10384000A479A479C479C481C481C479C479E48198
:10385000C481E481E481A479A371A479A379A379D3
:10386000C479C481C481C481E481E589058A058A5B
:10387000048A048A058A058A048A058AE481E48127
:10388000058A058A258A259246924592258A058AC7
:10389000E481E481E481E589258A058A058A058A2F
:1038A00045924692C4798379C479E481E4810582A2
:1038B000E481E481E481A479C479A3718369225904
:1038C00001518471258A87A2A7A2048AE48966929D
:1038D0002682E1480259636163698371E481E4816E
:1038E0000582258A0482E581058A258A258A4692F1
:1038F0004692258A6692669A4692469246924692E9
:10390000669A869A610861106010610881108110C2
:1039100061108110811082188118A2206ABB0CDC12
:103920000CDC2CE40CE40BE40BDCEBDB0CE42CE413
:103930008EF48EEC0CE4AAD349C308B386A2259278
:10394000258A058A258A4592869AA7AAE7B2E8AA17
:1039500008B328BBE8B2E7B208B3C7AAE7B2E8B237
:10396000C7AAA7AAC7AAA7A287A2669A679A4692D9
:10397000E589C479A4798371426122610159E150DA
:10398000E150E150C150C14820280010235950D4C3
:1039900096F538FE17FEF7FDF7F5F7F5F7F518F68B
:1039A00059FE59FE79FE58F658FE18F618F638FEFC
:1039B00017F6F7F5D6F5F6F517F6D6F5F7F517F687
:1039C000B6ED17F638F638F617F638FEF1EC29BBE7
:1039D000C7A2E7AA07B328B328BB28BB68C389CB13
:1039E000A9CB69C369C389CB88C389C369C348BBF1
:1039F00027B328B307B307B3E7AAE7AAC7A2E7AA82
:103A0000E7AA07B307B328BB48C369C3CBDBE8B257
:103A1000469A058A258AE481E481C481C479C481F7
:103A2000C481C481E481E481E481C479C479E481FE
:103A3000E481E581058AC479837183718371A479F6
:103A4000C479C479C481C479E481E481E481E481E6
:103A5000E481E489058AE489258A058AC481E481B0
:103A6000E589058A048A258A2592469245922592FF
:103A7000058AE481C4790582258A058A058A058A32
:103A800045924692E481A479C479E481C481E481B9
:103A9000E581E581E581C479C479C479A379636955
:103AA00022590259A371459286A24592058AE4895A
:103AB0006692268AE148225942618369A479E481A9
:103AC000E581058205820482E48105820582258ADA
:103AD000058A4592258A6692669A66924592459233
:103AE000669A669261106110610861106110811020
:103AF00081106110811081188118A1184AAB0CE463
:103B00000BDC0CDC0CE40CE4EBDBEBDB0CE44DEC51
:103B10008DEC8EEC2CE4CBD36AC309BBA7A24692F2
:103B2000E489048AE481258A669AA7A2C7AAC7AA5B
:103B3000E8B2E7B208B3C7B2E8B2E7B208B308BB6D
:103B400008B3C8AAC7AAA7A2A7AA669A669A259286
:103B5000058AC481837183714261226102590259CD
:103B60000251C150C048A14820282018A5692FD46F
:103B7000B5F599FE59FE58FE38FEF7F5F7F559FEF2
:103B800059FE79F679F659F638F638F637F638FEF2
:103B900017F6F6F5B6F5F7F5F7F5D6F538F6F7F5C5
:103BA000F7F538F658F638F638F678FEAFE449BB44
:103BB000E7AAE7AA07B328BB28B348BB69C38ACBE7
:103BC000AACB89CB89C388C389C388C368BB89C38F
:103BD00027B327B307B3E7AAC7AA08ABC7AAE7AAC0
:103BE00007B3E7AAE7B208B348BB48C30BDCE8B2A7
:103BF0002592048A058AE481E581C481C481C37960
:103C0000C481C481E481E481E481C481E481C4810C
:103C1000E481E581058A0582837183718371A379CB
:103C2000A379A479C479E481E581E481C481E48144
:103C3000058A058A058A058A258A058AE481A47988
:103C4000E589058AE489258A048A058A669A469266
:103C5000258A0582E481C481E481E589258A048A74
:103C60002592869A258AA379E481C481E481E4813E
:103C7000C481E581E481C481C479C479A479A47143
:103C8000636901512261A37146924592469A058A61
:103C9000E481669A468AE150225943618371C4796E
:103CA000E481058AE4810582258A258A058A458A78
:103CB000058A258A469246926692869A669A669206
:103CC000A79A669A6110611061106110611061100D
:103CD0008110811081108110A118A11809A3EBDBBC
:103CE000EBDBEBDB0CE40CE4EBDBEBDB0BE44DE4BC
:103CF0008EF48EF42CE4CBD38ACB49C3A7AA258AB1
:103D0000C481C479E48105922592A6A2A7A2A7AA9C
:103D1000C7AAE7AAE8B2E7B2E8B208BB29BBE8B293
:103D2000E8B2E7AAC7AAA7A2A7A2669A2592258AFF
:103D3000E481C479A37163694369426122610259D4
:103D4000E150C150C148A048002000100351CDC32C
:103D500054ED38FE58FE38F638F6D7F517F638F633
:103D600099FE99FE79FE79FE59F679FE38F638F615
:103D700058FEF7F5F7F558FE17F617F638F638F649
:103D800018F658F679FE38F658F617F62DDC49BBCA
:103D9000E7AA07AB28B348BB48BB49BB69C38ACB7A
:103DA00069C38ACB69C389C389C368C347BB27B3C7
:103DB00027B307B308AB08B307ABE7A2E7AAE7AAA4
:103DC000E7AAC7AA07AB28B328BB48C3CBD3C7AA67
:103DD000048AC481E481C481E481C481C481C4793A
:103DE000C479C479C479C481C481E481E481C48183
:103DF000E4810482058A46928379A3798371A37151
:103E00008379A379A379C481C479E581C481E481EC
:103E1000E481058AE481058AE489E481058AE481F4
:103E2000E481E481E589E589048A058A2592669220
:103E30004692258AE481C481E481E581E481058A92
:103E400025924692669AE481A479C481E581E48151
:103E5000E481E481E481E481E481C479C479C479B2
:103E6000A371426122592261A371E589469245926C
:103E7000E481E481879A6692025922596369C47980
:103E8000E4790582258A0482258A45924592458AED
:103E9000458A258A258A258A6692669A879A469255
:103EA000469266926108611061106108611081108C
:103EB00061108110811081108218A220C892ECDB61
:103EC0000CE4ECDB0BE42CE4EBDBEBDB0CE42CE4B0
:103ED0006DECAEF44DECEBDB8AD349C3C7AA259257
:103EE000E481C481C481E4812592869A86A286A257
:103EF000C7AA86A2C7AA28BB08B308BBE8B2E8B223
:103F0000C7AAC7AA86A286A2669A4592058A058A8A
:103F1000C481A379A4718371636943694261226199
:103F20000159E150C150A0482020001081382BAB2E
:103F3000D2E495F5F7F517F618F6F7F538FE59F6C9
:103F40009AFE9AFE79F679F699FE9AFE79FE79FE46
:103F500038F6F7F538F658F638F638F658F659F6D2
:103F600059F658FE59F679FE79FEF7F5CBD328B30A
:103F7000E7AA07AB27B368BB69BB69C369C3AACB10
:103F80008AC389C369C389C389C348C348BB48BBC3
:103F900007B307ABE7AAE7AA28B307ABE7AAC7A20C
:103FA000A6A2E7AA07B348BB48BB28BBAAD3C7AAA7
:103FB000058AE481E481E589C481E481C479C47916
:103FC000C379C481E481C481E481E481C479E4815A
:103FD000C479E589058A4592C479A479A479837165
:103FE0008371A479A379C479C481E481E581C48112
:103FF000E481E481E481E581E589058A058AE4813B
:10400000E481E581E581E4810482058A058A2592BF
:1040100045924592058AE481E581E481E481E58960
:10402000058A6692669AE581A379C479C481E5819F
:10403000E481C4790582C481C479C481C481C4790E
:10404000A479A4714261226143698371E481048A85
:10405000258AE481E481879A879A225922598371BB
:10406000C479C4790582E481058A258A4692458A05
:10407000669A4692258A258A258A6692669A66926B
:10408000669A879A61106110611061106108811051
:104090008110811081108110A11881188882EBDBBA
:1040A000EBDB0CE40BDC0CDC0CE4EBDB0CE40CE4F5
:1040B0008EEC8EF44DEC0CDC8ACB49C3A7AA45925A
:1040C000E481A379A379A379048A4592459A469A13
:1040D000669AA6A2E7B2E8B2A7AAC7AAE7AAC7AAA1
:1040E00086A2A7A287A22592048A2592E481C48190
:1040F000C481A479A3794369426163698371E579D5
:104100000582E579C479A471235981302028688219
:104110000FCCD2E495EDF7F5F7F517F658F638F62B
:1041200059F679F69AFE9AFE7AFE9AFE79FE9AFE82
:1041300079F638F679FE9AFE38F679FE79FE58F669
:1041400079FE79FE79F679FE79F617F6EBD328BB7E
:1041500007B3E7AA27B348BB69BB69BB89C389C357
:104160008AC369C369C369C348BB48BB69C328BB69
:1041700007AB07ABE7AA07B3E7AAC6A2E7AAC6A29E
:10418000C6A2E7AA07B349BB07B328B3EBD3E8AA93
:10419000E589C481C481C479C479C479C481A4790E
:1041A000A379A379C479C479E481E581C479E481F0
:1041B000C479E481E481258AE589C479E481A37125
:1041C000A371A479A379C479A479E481C479E48141
:1041D000C481E481E481E589E481E481E481C481EE
:1041E000C481C479E481E481E481C481058A058ABB
:1041F000058A258A058A058AE481E481E589E481C6
:10420000E481058A46920482C479A479C479C47988
:10421000E581E481E581E481E481E481C479A479E4
:10422000A379C479A4716369426142618371C379DE
:10423000258A058AA479048A669AC7A2C471436153
:104240008371C479058205820582268A258A469271
:104250006692669246926692258A45924592A7A2F8
:10426000879A879A61086110611061086110811056
:1042700061108110821081108110A118477AECDB47
:10428000EBDB0CE40CE40CE40CE40BE4EBDB0CE403
:104290006DEC8EEC8DF4EBDBAAD369C349C3A7A206
:1042A000E489A3798371A379C481E481259245923D
:1042B000669AA7AAC7AAA7AAE8B2C7AAA7A2A7A24E
:1042C00066A2869A459225920592058AE481C48168
:1042D000A47963710582879AC7AAC8AAA79A058A92
:1042E000637122692261216102590259C14844590E
:1042F0002BAB50D4F2E495F5B6F517F618F638F670
:1043000058F659F679F659F679FE79F679FE79FE7E
:1043100079FE59F699FE9AFE79F679FE79FE38F61D
:104320009AFE9AFE79F679F679F6D5F5AACB28B3F6
:10433000E7AAC6A228B328BB6AC369BB69C389C3FD
:1043400048BB48BB69C369C349BB28B348BBE7AA9C
:10435000C7AAA6A2C6A2E7AAE7AAE7AAE7AAC6AA88
:10436000E7AAC6A2E7AA08B328B308B3EBD3669AB4
:10437000E481A479A479A479A479E479C479A379AE
:10438000A479C479A479C479C479C479C481C4797D
:10439000C481E481E481E481E489C481E481C4814D
:1043A000A479A371837183798379A479C479C47959
:1043B000E481C481C481E481E481E481C481C4795D
:1043C000E481C481E581E481E581C481E481C48123
:1043D000058A058AE589048AE481E581E581E4812D
:1043E000E481058A258A058AC479A479C479C481BF
:1043F000E481E581E481E481E5810582C479C479C1
:10440000E481C479C479837163696369426122611B
:10441000C479E481C481C379058A869A28B3E58189
:104420006369A371E4810582258A058A66924692B2
:10443000469245924592669A66922592258A879A77
:1044400087A2869A61106110610881106110611065
:10445000811081108110821082188118E661EBDBD7
:10446000ECDB0CE40BDC0CE4EBDB2CE4EBDBEBDB5C
:104470004DECAEF48EF42CE4ABD3CBD349C3A7AA56
:104480002592E481837983718371C479E489048AF4
:10449000259286A286A2A7A2A7A286A266A286A22B
:1044A000259245922592058A058AC481A379058AB9
:1044B000E8AA49BB69C3E8AA4692A379426942695E
:1044C0004269426142690159E158E150E15860385E
:1044D000E6714CB350CC13E574EDD6EDD6EDF7EDA7
:1044E00017F617EE58F679FE79FE79FE58F659FE62
:1044F00079FE79FE9AFEBAFE79F679FE79F679FEB2
:104500007AF679F679F679F699FE53E5AACB48BBA7
:10451000C6A2C7A228B369BB69BB48BB69BB68C355
:1045200069BB68BB69C369BB48BB28B348BB28B338
:10453000E7AAC6AAA6A2C6A2C6A2E7AAE7AAC6AAD0
:10454000C7A2C6A2E7AA28B307B307B3CBD386A2F4
:10455000C48183718371A379A479A479A379A371A8
:10456000A471C479A479A479C479E481C481C48193
:10457000C479C481E589E481058AC481E481E48148
:10458000E481A479A3798371A379A479C479A37907
:10459000C481C479C481E581C481E481C479C479CA
:1045A000E481C481E481E581E481C479C481E4814A
:1045B000E481E481E4810582E481058AC481E481A7
:1045C000058A258A258A258AE481C481C479C4792B
:1045D000E481E481E481E481E481E481C479C47903
:1045E000E481E481E481A47984718369436922616F
:1045F0004261A379C481C479A379048AA7A228BBA4
:104600006692A479C479E481258A258A258A6692EE
:10461000869A669266926692669246924592469213
:104620006692A7A26110600861106110811061108C
:104630006110811061106110811081184439CBD351
:10464000EBDB0CDCEBDB0CE4EBDB0CE4EBDB0BE49B
:104650004CE46EEC6EEC2CEC0CE4AAD369CB08BBFA
:10466000A7AA4592C481837962718371A379C481B9
:10467000C481258A259286A2459A4592469A25921A
:10468000258A058A058AE589058AE8AA8ACB8ACB24
:1046900049BBE8B2C7AA469AC48183714269427194
:1046A000626922610159C150A148A040A048202858
:1046B000813827828DB350D4F2E413E534E5B6EDAA
:1046C000B6EDD6ED18F638F679F679FE17F658F607
:1046D00079FE79FE9AFE99F659F679FE99FE79F6F9
:1046E00079F6BAFE9AF69AF699F612E589C328B3D6
:1046F000A69AE7AA28B348BB68BB48BB48BB68BBBF
:1047000068C368BB68BB69C348B348B328B307B381
:1047100007ABE7AAE7AAC6A2E7AA07ABC6A207AB00
:10472000C7AAE7AA07B328B348B307B3CBD34592C8
:10473000E481C47983718371A379A3718371A479AE
:10474000A479A479A379A479A479C479C479A47942
:10475000C479C479E481E481058AC481E481C48197
:10476000E4810582A479A371A4798371C479A479C1
:10477000C479A379C479C479C481C479C479C48162
:10478000A479C479C481C479C481C479C479C48149
:10479000E481E481E481E481E581C4810482E481EF
:1047A000E481258A258AE481C481058AC479C4818B
:1047B000E481C481E581E4810582E481C481C47916
:1047C000C479A479C479E581C479A37183716369DB
:1047D000225942618371C479A371A371058AA7A28A
:1047E00028BBC7AAE481C479058A058A268A66920D
:1047F0004592669246926692459246924692669A93
:104800006692669A601061086110811081106110D3
:1048100061108110811082108110A118C220CBCBB1
:10482000EBDB0CDC0CE40CDC0BE4EBDB2CE4EBDB77
:104830002CE48EF44DEC4DEC2CE4EBDB8ACB69C31D
:1048400028BB86A22592E489C48183796371837928
:104850008371A379C481E481058AE489058AE481AE
:10486000C481C481869A49BBAACB49C308B308B3A3
:10487000E8B2E8B287A22592A37963718379627165
:104880002261C150C14863612259603860382020DC
:10489000202003518992CDC330CC71D4B1DC33E5F3
:1048A000B6E5B6EDD6ED38F679F638F638F659FEB7
:1048B00059F699FE99FE79F699FE99F69AFEBAF69E
:1048C0009AF69AF679F69AF699F6B0E449BBE7AA11
:1048D000C7A2E7AA28B368BB48BB48BB28B369BBDB
:1048E00048BB07B369BB69BB28BB48BB27B3E7AA72
:1048F00007ABC7A207ABC6A2E7AA07ABE7AA28B3D4
:10490000E7AAE7AA07AB48BB28BBE7B22CDC86A224
:10491000058AC481C481A371A37183718371A47951
:10492000A379A3798371A479A479A479A379C479AB
:10493000C481A379C481E481058AE481E481E481AE
:10494000E4812592C481C481C479A479A479A3792E
:10495000A479A379A479C479C479A479C479C479F0
:10496000C481C479C481C479C479A479C379C47970
:10497000E481C481C479C481C479E481258AE48155
:10498000E581258A058A258AC4810582E481A47986
:10499000E581C479E48105820582E481E481E481D2
:1049A000C479C479C479C479E481C479A479A37140
:1049B000436922614261A479A4798371837104827D
:1049C000C7AA08B3E8AA4692258A0582258A2592B5
:1049D00046924692669A669A258A869A46924692A8
:1049E0004692669A61106110610881106010811012
:1049F000811061108110821081188118A1188AC35A
:104A0000EBDB0CDC2CE40CDC2CE4EBE3EBDB0BE46D
:104A10004DEC8EF46DEC4DEC2CE40CDCEBDB69CB57
:104A200069C329BBE8B2C7AA669A25922592E48198
:104A30008379627162718379C479A379A3792592AC
:104A4000E8AA8ACBAAD349C308B3C7AAA7A2A7AA30
:104A5000C7AAC7AAA7A22592A4818371A3792161BD
:104A60006038025186A249BBC7AA63694130403011
:104A700000186130A5710AA3ADBB2FCC91D4F3DC33
:104A800034E595E5B6ED58F679F658F638F679F648
:104A900058F6BAFEBAFE79F699F6BAFE9AF699F683
:104AA00079F69AF679F679F638F64DDC48BBC6A267
:104AB000A69AC6A207B328B307AB08AB48B328B37E
:104AC00048B328B369C368BB27B307B307ABC6A213
:104AD000C7A2C6A2E7AAE7AAC7AAA6A2E7AA08B3DE
:104AE00007AB07B348BB07B369C308B30CDC87A2A5
:104AF000E489E481E481E481A479A379A3798371D1
:104B0000A479C479A371C479A379C479C479C47927
:104B1000A479E481C479C479C481E4810582E48103
:104B2000E589058A0582E481E481C481A371A479C1
:104B30008371A379A379A479A379A379C479C48172
:104B4000A479C479A479A379A479C479C479C479FE
:104B5000A479C481C479C479C479E5810582058AC0
:104B6000E481058A058A058AE481E581E481C479C6
:104B7000E481C379C481C481E5810582E581058A28
:104B8000C479C479C481E481C479E481C479A4710D
:104B9000A371636943612261836963696269A37177
:104BA000258AA7A208B328B366924692258A258A49
:104BB000258A258A4692669A459266924592879AF8
:104BC000669A659261106110601081106110811009
:104BD00061108110811081108110A21881186AB3B0
:104BE000ECDB0CE42CE40BDCECDBEBDB0BE40CE4AB
:104BF0002CE46EEC8EEC6DEC2CE4EBDBCBD3AAD387
:104C00008ACB49C369C348C328BBE8B2C7AAA7A2D5
:104C100086A2A7A286A287A2C7AA29BB6AC38ACBFB
:104C20008ACB49BB28BBA7A287A2869AA7A286A245
:104C3000A7A208B3A7A2869A058AA379A379E581DA
:104C40004692E8B208B308BBA7A2258AC1488138BA
:104C500000182020025188926CB30FCC71D4D3DCA1
:104C600055E575E5F7ED59F659F659F658F699F602
:104C700059F69AF699F699F6BAFEBAFEBAFE38F6E1
:104C800059F658F679F658F658F6ECD348B3C6A25A
:104C9000A69AC6A2E7AA28B307AB28B348BB48B375
:104CA00068BB28BB68BB28B348BB07B308B3E7AAF7
:104CB000C6A2E7AAE7AAA6A2C6A2C6A228B3E7AAE6
:104CC000E7AA28BB69BB28BB68BB48BB0CDCA7AA0A
:104CD000258A048A048AC481C481A479C479A37909
:104CE000C479A479A379C479A379A371C481C4795F
:104CF000A479A4798371C481E481C481E481E581CC
:104D0000058AE481E481E581058AE481C481A4798E
:104D1000A371A4798371A479A379A3798371A37111
:104D2000A379C479A479C479C479A479C479A3791D
:104D3000A479C479A479A371C479E481C48105827A
:104D4000E481E581E4810582E4810582E481C48116
:104D5000A379E479E481E481E481E4810582C47982
:104D6000C481E581C479C479C479C479E581C47901
:104D7000A479A47163692261225963694261226145
:104D8000A471258A869A08B308B3C8AA669A258AA8
:104D9000258A258A46926692869A46926692669AF5
:104DA0006692869A6108611061108110611061102D
:104DB0008110611081108110A2108118811809A33F
:104DC000EBDBECDBEBDB0CE40BE40CE4CBDB0CDC33
:104DD0000CE44CE46DEC6DEC2DEC0CDCCADBAAD3DE
:104DE000AAD38ACB69CB69C36ACB49C369C329C338
:104DF00028BB49C369C349C38ACB89CB69C369CB83
:104E0000E8B286A2469246924592669A87A287A207
:104E1000A7A2C8AAA7A287A2669A058A87A2A7A264
:104E2000669A469A86A2669A2692E589A379E15007
:104E300020200010A140C679EAA2AEBB50CCD2D44B
:104E400055E595E5D6E517EE59F638F617F679F6F5
:104E5000BAFE9AF6BAFE99F69AF69AF699F638EEEE
:104E600038F638F679F658F6D6EDEBD328B3C7A264
:104E7000A69AE7AA08AB08B307ABC6A228B328B323
:104E800007B327B328B328B307B307ABC6A2C7A29B
:104E9000859AE7AAC7A2E7AAE7AAE7AA07ABE7AA03
:104EA00007AB28BB48BB69C368C389CBEBD3669A01
:104EB0002592E481E489E481058AC481C481C479AE
:104EC000A479A379C479A479A379A379C479E48175
:104ED000C379C479A379C479C479E481E581E48193
:104EE000E481E481E481E589058AE481E481A379B0
:104EF000A479A3718371A379A379A4798371A37130
:104F0000A379A371C479A379C479A4798371A479AD
:104F1000A479A371A471A479A379C479A479C4797B
:104F2000E48104820582E481C479C479E479E4816E
:104F3000C479C479A4790582C479E481E581E581E5
:104F4000E481E481E481C479C479C479C479C47901
:104F5000E481C479A4798371225922594261226182
:104F60004261C4790582669AC7AA08B3C7A2A7A2FC
:104F700045920482459266926692669A469266923D
:104F8000869A669A6110811081106110610861082B
:104F90008110811081108110811081188118A892D0
:104FA000EBDBEBDB0CE40CE40CDC0CE4EBDB0BE408
:104FB0000CE42CE46DEC6DEC2CE42CE4AAD3CBDBFC
:104FC00089CB69C369C36ACB28BB49C389CB8ACB68
:104FD0008ACB69C36ACB69C328BBE8B2E7B2A7A290
:104FE000669A058A058AE48146924692669A669A8E
:104FF000869A86A2A7A2869A869A669A4692258A59
:10500000048A048A058AE481E481C4798371A371E6
:10501000E24800184130435968822CA3EEBB91CC82
:1050200014DD54DD54DD75E5F7ED17EE38F659F66D
:105030009AFEBAFE99F679F679F679F659F638F6C7
:1050400038F638EE18EE18EE95EDAACB28B3C6A2C6
:10505000A6A2C7A2C7A227AB07ABE7AA07AB07ABBD
:1050600028B369BB48BB48BB28B308ABE7AAA6A2D4
:10507000C7A208AB07ABE7AAE7AAE7A2E7AAE7AA95
:1050800007AB07B348BB89C389C369CBAAD3459A89
:10509000058AE489E481C381E481E481E481E481D7
:1050A000E481A379E481C481A479A379C479C47922
:1050B000C479A479A379C479E481C479C481C47919
:1050C000C479C4790582E481E481058AE581C481DB
:1050D000C481A3798379A479A379A479A379A479E4
:1050E000C479A371A479A379A479A479A371A479CB
:1050F000C479A371A3718371A371A479C479C479AC
:10510000C479C479E4810582C479C379C479E5811D
:10511000C479C479E581E481C479A379E581E48126
:10512000C479E481E481C479C479E481C479C37920
:10513000E479E481E479A4798369426102592259CE
:1051400042616369C479058A669208ABE7AAC7A27F
:10515000C7A2459246926692669A869A469266924F
:105160006692869A61106108611061106110611089
:10517000811081108110811081108118A118267270
:10518000CBD3EBDB2CE42CE40CDCEBDBEBDBCBDB81
:105190000CDC2CEC4DEC4DEC2CE42CE4CBD38ACB8A
:1051A00049C349C329C328BB49BB28BB69C369C3D9
:1051B00049C349C3E8B2C7AA86A225924692058A86
:1051C000C479E481C481058A258A258A2592258AA5
:1051D00045924692669A4692469A258AE589E481E6
:1051E000C481A479C479A3798371A471637162695C
:1051F000837183694128A140A569C9928DABEFBB3A
:1052000050C450C4D2D413DD95E5D7EDD6ED17F6D2
:1052100058F679F679F699FE58F679F6F7ED18F61C
:1052200038F6D7EDF7ED18EE53E569C328B3A69A23
:10523000A69AA69AE7AA07ABE7AAC7A2E7AA07AB6E
:1052400007B328B328B327B328B3C6A2A69AA69A51
:10525000C6A2A6A2E7A2A69AE6AAE6A2C6A2E7AAC4
:10526000E7AAC7AA48BB69C389C3CAD328BB258A92
:10527000E489058AE481A379C481C379C481E48186
:10528000E481C481C481E481C481C481C481C479BE
:10529000C479E481C479C481E481C479E481C4819E
:1052A000C479C479C481E481C479E481E481C47996
:1052B000E481C479A479C479A371C479C479A37150
:1052C0008371A479A471A4718371C479A371C47921
:1052D000A371C479A479A371A3718371A371C479F3
:1052E0008371C479A479E481E481A479A3790582E6
:1052F000A479C479E481C479E481C479E481E48146
:10530000C479E581E581E581E481C479E479A37913
:10531000C479C479C479C479C479C47143614361DF
:10532000226142618369A4790582869AC7AAE8AAA4
:10533000C7A287A2869A669A869AA7A2669A45927B
:105340006692669A610861106008611061108110B0
:1053500081108110611081108110A218A118A55927
:10536000EBD30CDC0CDC2CE40CE4EBDB0CE4EBDB33
:10537000EBDB2CE44DEC6DEC2CE40CE4AAD3AAD3CB
:105380008ACB48C308BBE7B208B3E8B2E8B208B3B7
:10539000A7AA86A2669A4692E481E481C479A371A1
:1053A0008371A379A479E481E481058A058AE48183
:1053B000258A258A258A058AC481E481C479E48105
:1053C00083716369636963696369426142616369A7
:1053D000436142618371E2480249E671A98A0B9BED
:1053E0002B9BCEB330C4B2D455E5B6EDD6EDF7ED78
:1053F00038F617EE79F658F658F617F6F7ED58F630
:10540000F7ED18F618EE58F674E528B3A69AA69AA2
:105410006592A69AE7AAE7AAC6A2C6A2C7AAC6A28A
:10542000E7AA07ABC6A2C7A2E7AA859A65926692C9
:10543000859AA6A2C7A2E7AAC6A2C7A2A6A2A6A2AA
:10544000C6A227B348BB48BB69C3EBD3E7B2258AE2
:10545000058AE489C481A379C381C481E481E48994
:10546000E481C481E481C481E481C381C481E48195
:10547000C481C479C479A479C479C479E481C47934
:10548000A379C479A379A479C479C479E481E48146
:10549000C479C479C479C479A479C479A479A47984
:1054A000837184718371836983716369A47183716A
:1054B0008371A479A47183718371C47984718471B7
:1054C000A479A371C479C479E479A479A479C4795D
:1054D000C479A479A479C479E481C479E479E481B4
:1054E000C479C479E479E4810582E479C479A37943
:1054F000C479E479E481E481E481E581A4714261C5
:105500004261636942618369C47905824692C7AA90
:10551000C7AAC7AAC7A2879A869A669A879A459207
:105520002592258A61106110601061086110611078
:10553000611061108110811082108118A118E23071
:10554000CBD3EBDBEBDB0BDC0CE40CE4EBDB0CDCBC
:105550000BE42CE44DE44DEC2CE42CE4CAD38ACBD0
:1055600069C308B328BB08BBE8B2A7A286A2669AA3
:1055700046922592C481C379626983714269426906
:1055800042616369A37183718371A479A379A4795A
:10559000A379E481A47963696269A4716369426152
:1055A000426142614261225901594261436122597B
:1055B0000159015942616369E24803498561077AEB
:1055C00068820B9BADB350CC13DD75E5B6EDF7EDFE
:1055D00038F617F679F617F6F7EDD6EDF7ED58F63B
:1055E00038F618EE59F617EE54E5E7AA659265927B
:1055F0006592859AA59AC6A2A69AC6A2A6A2C6A296
:10560000E7AAE7AAC7A2A69AC7A265926592A69A38
:10561000869AA69AA69A659A869A869A869A859A6C
:10562000C6A2E7AA48BB69C389CBEBD3A6AAE48983
:10563000E481A379A379A379A379A379C481C481EF
:10564000C481E481C481A379C481C379E481C48124
:10565000E481C481E481C479A371A479C479C47953
:10566000C379A379A379C479C479C479A379C479B6
:10567000C481E481E481E481C479A379C479C479E3
:10568000A4798371A3718371A3718371A4718371F0
:10569000A471A479A471A3716371A47183718371DE
:1056A000A471A371A479C479C479A479A371A371F5
:1056B000A379C379C479C479A479C479A371058223
:1056C000C479A371C479E581C479E481C479C379CB
:1056D000A379C479E481E479E4812582C479A47151
:1056E00083696369836943618371C479258A4592BB
:1056F000869AC7A2A7A2A7A2879A869A869A669236
:105700004592258A6110611061106110811081102D
:1057100081108110821082108110A1188118A1209F
:105720008AC3EBDB0CDC2CE42CE42CE4EBDBEBDBC2
:10573000CBDB0CE42CE44DEC2CE40CE4AAD369CBD9
:1057400049C308BB29BB08B3A7A2A7A2469A2592C2
:10575000058A837183714269225943610259015953
:10576000426122594261636963696369837163714C
:105770008371837142690159226142612261025938
:10578000225901590159E15001510159025902515F
:10579000E150E150015901594261A138C2404459D8
:1057A0008561487AEB9ACEB3B2D454E5B6EDF7ED05
:1057B000D6ED38F658F6F7EDD6ED95ED18F658F625
:1057C00038F6D6E5D7ED17EE12DDE7A26592248A0A
:1057D0006592A59A859AA6A2A6A2A69A669AA69A64
:1057E000A7A2669A869A859A659245924492A69A4D
:1057F00045926592869A6592659A869A659A859A87
:10580000A6A2E7AA69C369BB69C3CACBA7A2C38121
:10581000C4818371837183718371A379A379C479FE
:10582000C479C481A479C479C481E481E481E48128
:10583000E481A479C481C479C479C479A379C37992
:10584000A379C479C479C479C479C479A379C479B2
:10585000E4810582C481C481E581C479C479A479D5
:10586000C479C479E481A479A471A471A379A479D9
:10587000A479A371A47983718371A47183718371F5
:10588000A371A4798371A371C479A371C479C47914
:10589000A371A371C479A479A371A471C479C479E3
:1058A000C479C479C479E479C4790482A371C479D0
:1058B000A371C479E479C479E581E481E581C4798F
:1058C000C479A471A471836963698371C4794692B0
:1058D000258A6692A7A2A7A2A7A2A79A669A669A05
:1058E000469246926008610861106110610861107B
:1058F0008110811081108110811081188118A118E8
:1059000029ABECDBEBDB2CE42CE4ECDBCBD3CAD314
:10591000AAD30BE42CE44DEC6DECEBDBCBD369CBE1
:1059200029C308B308B3C7AA86A2469A058AC379D1
:10593000A3798369226101590151E150E150E1509D
:10594000E150E1500159226142610159225922611D
:10595000225942610259E15002590159E15001595D
:10596000015101510151E150E150E150C150E1506C
:10597000C148C148E150E150025902594028A138BC
:1059800003498561898A8DB371CC33DDB6ED95E528
:10599000B5ED38F658F6D6ED75E575E538F679F6D5
:1059A00038EEF7ED17EEF7EDF1DCE8A2458A048A50
:1059B000248A6592869A8692669A66926692869AFA
:1059C000A69A859A6592238A248A448A659265926A
:1059D000458A4592258A6592659A45926592A69A6E
:1059E000C7A2E7AA48BB89C368C3AACB86A2A3798A
:1059F000837162696369626983718371A371837161
:105A00008371A479C379A379C379C379E481C47913
:105A1000C479C481C479C479E481C479C479C48166
:105A2000C481C479C479C481A379C479E481C47977
:105A3000E479E481E481E481E481058AC479C4796C
:105A4000C481C479C479C479A479A379C479C479A7
:105A5000A379A371A3718471A371A471A4718471DA
:105A6000A4718371A479A479A379A479A479C47960
:105A7000A471A471A371C4798371A371C479C47929
:105A8000A379A379C479E481C479E481A371A47171
:105A9000C479A379C479C479C479C4790582E481CD
:105AA000A471C479C479A47183698371A371C47921
:105AB000258A25924692869A869A869A669A669A48
:105AC0006692258A61106010611061086110611092
:105AD00061108110811081108110A2188118A21804
:105AE000C89AEBDB0CDC0CDC2CE4EBDBEBDBEBDB5C
:105AF000EBDB0CE42CE44DEC4CE40BDCAAD369C3E7
:105B000049C329BB28BBA6A286A22592E481A3791A
:105B10004261225902590251E148C148E148C14855
:105B20000251C148E1500151E1500151E150015190
:105B3000E150E150E150C148C148C048E150015135
:105B4000E250E150E250E150E150E150E1500151AA
:105B5000E150E1500151E150E1500259C148202883
:105B600081380349277A6CAB30C413DD95E554DDE9
:105B7000D6E517EE17EE95E574E5F6ED38EE59F635
:105B8000D6E595E5F7E5B5E5B1DCE8A2E481E47991
:105B90000482669266926692869A458A4592669AD1
:105BA0006592448A458A23820382248A4592458AE3
:105BB000458A2592E48165924592458A6592C7AAF5
:105BC00007AB08B348BB8AC349C3AACB669AA37183
:105BD0006271626942696369636963698371837130
:105BE00083718371A371A371A479A379C479C479F2
:105BF000E481C479C479E481C481A479C479E4815D
:105C0000A379C479C479A479A379C479C481C47906
:105C1000C479C481C479E481C481E581E581C47912
:105C2000C481C479C479C479E481A379C479C4797D
:105C3000A371C479A4798371A479A371A471A471A7
:105C40008371A371A471A371A479A371A371A479C1
:105C5000A479A371A471A371A479A471A471C47966
:105C6000E479A471A479E479E479E581A371A4715C
:105C7000C479A479C479E479C479E581C479C47913
:105C8000C479A371A371C479C479A3718371A37119
:105C9000E481258A0482669A869A869A669A669A2A
:105CA0006692469261106110600861106010811068
:105CB00081108110611082108110A2108118A1182A
:105CC000677AECDB0CE40CDC0CE40CE4CBDBEBDB08
:105CD000EBDB0CE42CE44CEC4CECEBDBAAD369CB17
:105CE00029BB28BB08B3A7A24592A479A379426136
:105CF00042612259E150E148C148E148C148E148C8
:105D0000E150E1500159E150E150E150E150C0480B
:105D1000C148C148C048C148C150E150E150E150BC
:105D2000E158E150025902590159225901590159CA
:105D300022612259426163694261426122596030A5
:105D40002020C240C669EA92CEB3D2CC33D554DD0E
:105D500075E5D6E5F6ED95E5B6E517EE38EEF7ED27
:105D600095E5D6E5B6E5B5E512DDC7A2E379A37101
:105D70000582458A258A458A6692258A869A669290
:105D80002482248A04820482248A458A4592248AB1
:105D9000258A0582258A658A04824592869AA6A26A
:105DA000C7AA28B369BB89C369C3AACB86A26369A2
:105DB0006269436922614261226142694269836981
:105DC000636963698371636983718371A371A37963
:105DD000A479C479C479C479C479C479C379C479FC
:105DE000A379C479C479C479C479A379A379C4792E
:105DF000C479A479C479E481C481C479E481E5815A
:105E0000C481E481E481E481E479A479C479C4792A
:105E1000A479A479A479A479E581A4798371A37183
:105E2000A379A479A4718371A371A3718371A37100
:105E3000C47983718371A471C479A47183718371EE
:105E4000C479C479C479E479E4810582C479A479F8
:105E5000A3718371C479C479C479C479C479E481A4
:105E6000E479E479A471C479C479E479A371A37164
:105E7000C4790582C479258A258A669A45926692F4
:105E800046924592610861086110611061086110D5
:105E9000811081108110811081108218A118A11821
:105EA000C5590CDC0CE4EBDB0BDC0BDCCBDBEBDBFC
:105EB000CADBEBDB2CEC0BE40CE4CBDBAAD38ACB08
:105EC00029BB08BBA7AA4592E48183714261226184
:105ED00002590151E150C1480151E15002590259A2
:105EE0000159E1500159E15822590159E158E15055
:105EF000C150E150E150015942610159E15002594C
:105F0000015922592261015922612261426163696A
:105F1000A479E5810482E581A47963692159015955
:105F2000001861282349687A8CA32FBC70BCF2D476
:105F300054DDB5E5B6E5B5E5B6E517EEF6ED95DD6C
:105F4000B6E5D6DD74D5D6E553DDA69AA371826990
:105F5000A371E481048A258A468A258A258A458A8E
:105F6000E4790582C479048204822482248A248A02
:105F7000C37904820482458A0582258A6592C7A274
:105F8000C7A228B369BB48BB28BB8ACB45926369CB
:105F900063696269426122614261426142614369AF
:105FA0004261436963696369626983696369837193
:105FB00083718371A3798371C479A379A379C47937
:105FC000A379A479A371A379A479C479A371A479DD
:105FD000A479A479C479C479C481C479C479C48109
:105FE000E481E481E481E581C479C479C479C47928
:105FF000E481C479C479A371A4718371C479A37154
:10600000A3718471A371A479A479A371837183713D
:10601000A471A471A479C479C479A479A479A37171
:10602000A471A471C479A479A479C479C479C47918
:10603000A379C479C479E581A471E479E479E47938
:10604000C479C479E479C479C479E479C479A47150
:10605000C479C4790582E481E481058A4692459237
:10606000669A669A6110611060106110611081106B
:10607000611061106110811081108210A218A218A5
:10608000E328EBD30CDCCBDB2CE40CDCEBDBCADB56
:10609000EBDB0BE42CE42CE42CE4EBDBAACB69C3B4
:1060A00008BBE8B266A2E481C4794369226122593F
:1060B0000259025922592261426163694269626947
:1060C000426163694369636962692261636942612C
:1060D000226142616369636942614261226142698E
:1060E00042694269426963698371C479E481259296
:1060F000C7AAC7AAA7AA4592C48142612259E15002
:10610000001000188130A559C9826C9BCEAB70BCC1
:1061100013D533D595E5B5E5B6E5D6E554D595DD8A
:10612000D6DD95D595D5D6DD53DDA69A426142617F
:106130008269E479248A258A458A258A048225820F
:10614000E481E481E481E481A3790482258AE48105
:10615000C37105820482258A669265924592A69A49
:10616000E7AA07B369C369BB28BBAACB669A637168
:10617000426963614261226142612261426122613E
:1061800042614361226142614261426963696269BD
:106190006369636983718371A371A371A371A3712F
:1061A0008371C479A471A379A371A479A371A4792B
:1061B000C479A379A471C479C479A479A379A379A2
:1061C000C479E479E481C479E481E481C479E48127
:1061D000C481C479E479C479C479A479A371A47120
:1061E00083718371C479A3718371A471C479A4711B
:1061F000A4718371A371A479C479C479C479A3719A
:10620000A471A379C479C479A471C479A471E4791F
:10621000C479C479C479C479C479E579E479E4812D
:10622000C479E581C481E481C479E481C479C47905
:10623000C379A4790582E481E481E47904826692D9
:106240006692459261106108811081108110611081
:10625000611081108110811081108118A118A1187E
:10626000A1188AC3ECDBEBDB2CE4ECDB2CE4EBDBEE
:10627000EBDB0BE40BE42CE42CE4EBDBAAD369CBE3
:1062800008BBC8AA669AE481837163694269226186
:106290006369636983718371C481E581E581E48108
:1062A000C479E481E481C481C479C479A379A371F8
:1062B0008271C479C481C481A37983718371A37904
:1062C000A479A479C479258A2592669AA7A228BBC5
:1062D00069C308B387A2E4814261E150C1484030FC
:1062E000001000102018A130E661887A6C9B2FB452
:1062F000B1C4F2CC74DDB5DDB5DDD5E5B5DDB5DD18
:10630000B5DDD6DDB5D5D6DD53D5A79A6261225964
:106310006269C479E479048204820482C3790482C4
:10632000E4810482E379E481C379C371E479A371E0
:10633000C37905820482258A8692458A258AA6A287
:10634000A6A228B369C348BB28BBAACB4592636900
:10635000426122612259025922592259225922614D
:10636000636142592259225922612261426142618C
:1063700042614261426183696369636963698371F0
:10638000C479A471A471A371A371A479A371837159
:10639000A371C4798371A479C479C479A371C479D0
:1063A000A479C479E481C479E481E481C479C479AD
:1063B000C479C479C479E481C479C479C479A379EE
:1063C000A479C479A479A371A371A479C479A371C0
:1063D000C479C479A371A471C479C479A371A4796F
:1063E000C479C479A371C479C479A4710582837115
:1063F000A371C479C471A479C479A471C479E48106
:10640000C379C4790582E581E581E481C379E581B9
:10641000E479C479E48105820582E481E48105821E
:106420000482459261106110610861106110811051
:1064300061106110811081108110A210A118A118A3
:10644000A21829ABEBDB0CDC2CE4ECDBEBDBCBDBCD
:10645000CBDB2CE42CE40BE42BE4CAD3AAD369C332
:1064600008B3E8AA669AC481A37983698371A47981
:10647000E581E481258A058A879A87A2669A6692D1
:10648000669A669A258A469225922592E481E48945
:10649000E4892592058A048AE481A379E58125921D
:1064A000258A4692A7A2C7AAC7AA49C38ACB6ACBA4
:1064B00008BB669AC4794361C148403020308138B6
:1064C000C140C148A1384028C238E6610A8BACA35C
:1064D0004FBCF2CC12CD74D595DDB5DDB5DDB5DDA3
:1064E000D6DD95CD74D574D512D5C8A242610151BF
:1064F00022598269C379E379E481A3718269C479FD
:10650000A371E479E479C371826982718371A371A3
:10651000E479E4790482258A2582258A248A869A68
:10652000E7AA28B348BB69C3E7AAAACB058A426198
:1065300022612261225922590259025922590151DC
:1065400022590259015922592251225902592259DC
:10655000426121596369436163694269636983697F
:10656000636983716369A479A4718371A471A4714F
:10657000A479837183718371A3718371A371C479C9
:10658000A371A479C479C479C479C479C479E48144
:106590000582E581C479E4810582C479C479C4792E
:1065A000A479C479C479C479A479C479A371C4796C
:1065B0008371C479C479C479A471A479A471C479AC
:1065C000C479C479C479C471A471C479C479A3713C
:1065D000C479C479C471C479A471A479C479C47923
:1065E000A479E479C479E481E481E479C479C47953
:1065F000E479A379E48105820582E4810582E4815E
:1066000005820582611061106110611081106110B6
:10661000811061106110811081108110A218A218E0
:10662000C120C892ECD3ECDB0CE40CDCCBDBEBDB65
:10663000CAD34CEC2CE42CE4EBDBCAD38ACB49C3A1
:1066400028BBE7AA669AE481C481C479E481669A8A
:10665000669A669A87A208B3E8B2A7AAC7AAC7AA89
:10666000A7AAC8AA869A669A469A669A258A259201
:10667000669A869A45924592058A469AA7AAC7AA1B
:10668000C7AA08BB49C36ACBAAD3AAD349C387A266
:10669000058A6369E1508038202820288138C1406C
:1066A000E2500251E250E1488130A238C5590A83D4
:1066B0002EACF2CC12CD53D554D595D574D595D5F5
:1066C00075D554CD13C5D2C4B0C408A34259C1482E
:1066D0000151426182698269A37162698269A37111
:1066E0008369A37163698269836982696269C37915
:1066F000E479A37104820482C479E479258A6592DD
:106700008592E7AA28B369BB28B3AACBC4792261D2
:106710002259225922590259225122590259025111
:106720002259225901512259015101510151225935
:106730002259015922592261225963614261436100
:10674000426163696369A47183716369A371837131
:10675000837183698369837184716369A479A37187
:106760008371A479A479C479A479A479C479E479EA
:10677000E581E481C479C479E481E4810582C47946
:10678000E481C479C479C479E479C479C479C471E1
:10679000C479A471C479A379A371A371C479C479AC
:1067A000C479C479C479C479A471C479E581A37129
:1067B000C479A471A371C479A371A371E481C47174
:1067C000C479E479E479E4790582E581C479E581E5
:1067D0000482C479C4790582E481C479E481E481C6
:1067E000E481E58161106110610881108110610808
:1067F000811081108110811081108110A118A218C0
:10680000A118467ACBDBEBDBEBDBEBDBCBD3CADBD4
:10681000CBDBEBDB0BE42CE40BE4AAD389CB49CB39
:1068200008BBE8B2669A058A0482459287A2E8B25C
:10683000E8AAE8B208B349C308B308B309B308B378
:1068400029B3C7AAA7AAA7A287A246922592469AC9
:1068500086A2669A86A287A286A2E8B249C329C305
:106860006ACBAAD3AAD3ABD36ACBC7AA259283712A
:106870002259A1406030202840286130C140E148C1
:10688000E250C148C140C148A13840306028E661AB
:106890004B932FB44FB490BC90BCD2C4F2C412C579
:1068A000F2C4B1BC50B4EEABACB329AB2251A040A2
:1068B000C1400151225941596361626121596261AC
:1068C0006269626141618369636983698269C379CD
:1068D000E481C3790482C379C371C379E379458ABA
:1068E0006592E7A228B369C328BBAACBA37922612A
:1068F00022590251015101510151E15002512251DD
:10690000E15002510151025102590151015101510D
:106910000151E15001512159025922594261225934
:10692000426142614261836943614261836983716B
:106930008369636983698371837163698369A471FE
:10694000A371A371C479A471A371E479E481A479DA
:10695000E481C479C479E581E481E481E581C47985
:10696000E481C479C479C479C479C479C479C47917
:10697000C479C479C479E479A471C479A371C47960
:10698000C479C479C479A471C479C479C479C47947
:10699000E479C479C479C479A4718371C479A47188
:1069A000E481E481E581E479E581E581C479C47914
:1069B0000582C479E479E479E481E481E481E479CD
:1069C000E481E48161106110811061106110811017
:1069D000611061108110811081108210A218A2181C
:1069E000A1186449ABD3EBDBEBDBCBD30CE4EBDBE3
:1069F000EBDB0CE40BE40BE40CE4AAD369CB69CB2E
:106A000049C3E7B2669A46924592C7AA08BB29BB1A
:106A100028BB29BB49C328BB28BB08B329BB29BB5A
:106A200008BBE8B2E8AAA7AA86A24592669A87A2FE
:106A3000A7A266A2E8B208BB49C369CB8ACBCBDB6D
:106A4000CBD3AAD38ACBC7B24592A4714261C148C5
:106A500061300018002040288130A140C148C14861
:106A6000C140A04081386038603002498469A4691F
:106A7000E148057AE579A5692772A9824B938CA331
:106A80008C9B6C9B2B93C982678A49AB02518038DF
:106A9000A038C140C14001510151225922594261DF
:106AA0002159425901512159425942616269826911
:106AB0008269826982698371C3718269A371048268
:106AC0004592C7A228B348BB48BBAACBA4712259A0
:106AD00022590251E1500251E150E1500151E14887
:106AE000E150E148E15002510249C148E250E14819
:106AF000E148C148E14822510151E150225942592F
:106B000022592259425922592259426143616369EB
:106B10004261836942618369636942616369836930
:106B200083698369837183718371A371C479C47923
:106B3000A371E479C479C479C479E479C479E4812E
:106B4000C4790582E5812582C479C479C479C47980
:106B5000C479E579A479C4790582C479C479A4712A
:106B6000E579C479A471C479C479C479A471A47194
:106B7000E579C479C479C479C479C371C479A3713E
:106B8000C479C479E481E581E479E479E479C4796C
:106B9000C4790582E481E481E4810582E581C479D8
:106BA000E479C4796110600860106110811081106F
:106BB0008110811081108110821082108218A1181A
:106BC000A118A1208AC3EBDBECDBCBDBEBDBEBDB3F
:106BD000EBDBEBDBEBDBEBDBEBDBAAD38ACB89CBB1
:106BE00069C308B386A2A7AAE8B229BB49BB49C3B7
:106BF00049C369CB49C349C328BB49C329BB28BB87
:106C0000E8B2E8AAC7AA87A2669A2592A7A2C7AA4D
:106C1000E7B229BB49C38AD3ABD3CBDBCBDBAAD347
:106C20008ACB29BB669AE5814261E15081382028F0
:106C300020202020202060308138A140C140A14088
:106C40008038A1404359268246924692A471025947
:106C50002351A79AA47163692159A140A140E24838
:106C60004451434943490249E248E79A0151803877
:106C70008038A038C140C048E148E048E048E148D9
:106C8000E048A040A040A040E048E1504161626976
:106C90008271A371827182698369A369A369048285
:106CA000248A6692E7A228B328B3AACB84716369C9
:106CB0000151025101510151E148E148E148E148E7
:106CC000E148E148E148E148C148E148C140C140EC
:106CD000C140C148E148C148E1480251E148225160
:106CE000025102510251225902592151425922594D
:106CF00043614261636143618369636163614261CE
:106D0000436163698469A469636963698471A47177
:106D1000A471C479C4798371A471C479C479E57903
:106D2000C479A471C479E581E479E479C479C4793A
:106D3000C479C479A471C479E481A371E579A4719B
:106D4000E479A479A471C479C479C479C471C4798B
:106D5000E579C479E579C4790582C479C479C479BF
:106D6000E479C479E479E579E581E479E581E48140
:106D70000582E4810582E479E4790582E481C479BD
:106D8000E581058261106110810861106110611058
:106D900061088110811061108110A118A110A21842
:106DA000A218A12029ABEBDB0CDCCBDB0CDCECDB91
:106DB000CAD3EBDBCADBAAD3EBDBAAD3AAD38ACB39
:106DC0008ACB08B3C7AA28BB49C349C369C389CBC7
:106DD00069CB49C328BB49C349C349C3E8B2C7AA61
:106DE000C7AAA7AA869A4592469286A2E8B228BB6D
:106DF0008ACBAAD3ABDBAAD3AAD3ABD369CB49C383
:106E0000E8B2259283710259A14020282020002059
:106E100020202028603081388138A038C140435973
:106E2000468AC8A2C7A24692A37963690159403035
:106E3000C79A058A636963694261225922590251DE
:106E4000A1406030001800100008C4692151803052
:106E50004030603080388038603060308038803832
:106E6000A0408038C140C148015121516261A271E6
:106E7000C379C379E479A3718369C4798369E479B7
:106E8000E379458A869AC6A2C7A249BB8371225973
:106E900002510151E1500151C148C148C148E14886
:106EA000C140C140C148C148C140C140C148A140E2
:106EB000A140C140C140C140C140E148C148E14892
:106EC0000149E148E148E148015102510251225192
:106ED0002251225922594361426143614261426118
:106EE000436163614361436183694261846983698A
:106EF00083698369C4798369A371A4718371C4713F
:106F0000A471A371C479C379C479C479E581E479A2
:106F1000C479A371C479C479A471A4710582A371E1
:106F2000C479C479C479C479C479C479A471C479A1
:106F3000C479A471C479C471C479A479C471E479A1
:106F4000E581C479E479C479E581A4790582E4799D
:106F5000E579C479E479E479E581E581E481C4796E
:106F60000582058261106110611081106008811036
:106F700081108110811082108210A2188218A21034
:106F8000A118A118A78ACBD3CBD3EBDBCBDBEBDBF0
:106F90000CE4EBDBAAD3AAD3CADBAAD3AAD3AAD325
:106FA00029C308B328BB49BB69C349C389CB69CB93
:106FB00049C349C308BB28BB49C328BBA7AA869AB3
:106FC00086A2A7A24592459287A208BB49C38AD34D
:106FD000ABD3ABD3AAD3AAD38AD349C308B3879A76
:106FE000C4794261E1506030002000202020202040
:106FF00061306130A13803518469268AC8AAE8B299
:10700000A7A24692E4816371426122594030267AF8
:10701000A7A2C47962692261015901510251E14874
:10702000C148A13881384028001041180249403039
:1070300020180010001000080000201800100008A0
:107040000008000820188030C140014921594161E1
:10705000A3710482C379C371A371C379C3718371AE
:10706000A3710482258A869A669A49BB836922594C
:107070000151E150E248E248E148C140C140C14805
:10708000C140C148C148C140A140A140C140A14048
:10709000A140A140A140A140C140A138C148E14860
:1070A000E248E148C140C148E148E148C148E150F7
:1070B000C148E148E148025102512251025122598E
:1070C000225922594261025122592259425963617F
:1070D0004361C47163696361A471A3718371C479ED
:1070E0008371A371A371C479A371A471C479E5817B
:1070F000C479C479C479A471A471E47905828371D7
:10710000A371C479C479A471E479C479A471C479F0
:10711000C479A471C479C479C479C479C471C479B7
:10712000E581E479E581C479E579C479A471C4790C
:10713000C479E479A479C479E581E4810582E479AC
:10714000C479C479611061106110811081106110DF
:1071500081108110811081108110A218A110A11836
:10716000A218A118E669AAD3CBD3CBDBEBDBEBDB10
:10717000CBDBCAD3CBD3CAD3CADB8ACB8ACB89CBEE
:1071800049C369C329BB49C369CB49C36ACB8ACB0D
:1071900028BB29C3E8B249C328BBC7AA869A669A06
:1071A00087A286A2669AE7B208BB69CBCBDBAAD3DB
:1071B0008AD38ACBAAD369CB29BBA7A2058AE57952
:1071C0002259E15040280018001840286130C24080
:1071D0004359E579879AC8AAE8B2E8AAC8AA669A84
:1071E000E48183716369426102596030846108B34C
:1071F00005828369426102590251E150C148A140B0
:10720000C140A038813820200008201802510251C6
:10721000A13841282018000881286128201800087A
:10722000000000000008A138803000180010402045
:10723000A13801516261A371C379A371C371626105
:1072400062698369C371E379248A29B3C4790151DE
:10725000E1480251C148C140C140C140C140A140C4
:10726000C148A140C140C140A140C140A040A13897
:10727000A140A140A140A038C140A140A140A140EF
:10728000A140C148C140A140E148C140E148C140DE
:10729000C148C140C140C148C1400151E14801510C
:1072A0000251025101512251225101510251015109
:1072B0002259225942614361426163616361A47151
:1072C000836983698369A471C479A371A471C47942
:1072D000E579C479C479C479A479C479C479A471ED
:1072E000A471A471C479C479C4798371A471C4717F
:1072F000A471C479A4790582A471C471C479C479D4
:10730000C479E579E479E479E581E479C4790582A1
:10731000A471E4790582A479C4790482E479C479FA
:107320000482E481611061086110811061106110B4
:10733000811081108110811082188110A110A21873
:10734000A218A1182339AACBEBDBCBD3EBDBEBDB09
:10735000EBDBCBDBEBDBEBDBAAD3AAD38ACB6ACBB1
:1073600069CB29BB29C38ACB89C38ACB69C349C3EB
:1073700028BBE7B2E7B208B308B3A7A286A287A2E8
:10738000A7AA669AE8B2AAD3AADBAAD3ABD38AD3B8
:1073900049C369C349C3E8B287A2C48143610159A3
:1073A000C14820280018402081300251C571469202
:1073B000C7AAE8B2E8AAC7AA87A2669A048AC479CB
:1073C000636963696369E1506038024908B34692B2
:1073D0006369636922610151E148E148E148A040E5
:1073E000813860302020001081308469636922591F
:1073F000C14081304020A13002516128202020105E
:10740000000000008130E248A13820200008000080
:107410000000000000086028A138C140025122513C
:107420002159425962616269A37108ABE481E1505C
:10743000E1480249E148A140C148A140A140C14002
:10744000E148C140A040C140A140E248A138A1406C
:10745000A038C140A038A140A1408038A138A1384F
:10746000C140A138A138A038A140A138C140C140D5
:10747000A140C140A140A140A038A040E148E1485E
:10748000E148E148E148E1480151C1480151E1507A
:107490000151225122512259225902592259636124
:1074A0004261636984698369847183696369A371D3
:1074B000C471A471A471C479A479C479C471E47944
:1074C0008371C471C479C479C479E479C479C47905
:1074D000A471E579A471C471C479E479A371C47904
:1074E000C479C479E581E5810582E479E481E579AF
:1074F0000582C479E479C479C479E479C479E579F9
:10750000E479C47961106010811061108110610804
:107510006110811081108110A218A118A218A21860
:10752000A218A118A2206AB3CBD3EBDBEBDB0CDCF7
:10753000CBDBCBDBCADBAAD38AD3EBDB69CBAAD309
:1075400049C369C328BB69C38ACB6ACB49C349C352
:1075500028BB08B3E8B2C7AAC7AAA7A2A7AAC8AA05
:10756000E8B249C3AADBAADBCBDBCBDB6ACB49C3DE
:1075700028BBE7B2C7AA469A837122610159C14864
:107580002028201861300251A371258AC8AA08B3A7
:1075900008B3C8AA869A669A048A048283716369CA
:1075A00042616369025981380251E8AA879A83715E
:1075B00063694261225901590151E148E250A140F9
:1075C000403000200020E240E479837142610251A2
:1075D000A140803861208469E24861304028000879
:1075E0000000211802512251A1404128001000083A
:1075F000200000002010A138A13840280008000019
:1076000020084020A138E1482159A79A058A025153
:10761000E148C148E248C140C140A140C140C14821
:10762000C140C040E148C148A140C140C140A14063
:10763000A040A140A140A038A138A138A03880388E
:10764000A038C140A1408038A138A138A140C14034
:10765000A038A138C140A138A138C140A140C140E3
:10766000C140E148C140C148E148C140E24802513F
:10767000E148E148025102510149E15002512251D1
:1076800001514259025962616369636183696369A7
:10769000A47183698369C471A371A371A471C4794E
:1076A000A3718369A471A371C471A371C579C479ED
:1076B000A371A371A471A471C479C479C479C47984
:1076C000E479C479E581258225820582E479C4794B
:1076D000E479E481C4790582E579C479C479E581E6
:1076E000C471C47961106110811081106110811022
:1076F000611081108110811081108118A210A210D8
:10770000A118A118A118E8A2CBD30CDCEBDB0CDC90
:10771000CBD3CBDBCAD38ACBAAD38AD3AAD38ACB87
:107720008ACB49C349C38ACB49C369CB69C329BB47
:10773000E8B2E8B2E7AAA7A2C7AAC7AA08B328BBBB
:1077400089CBAAD38AD3CAD3CAD349C3E7B208B371
:10775000E8B286A2258A837163692261E14820200C
:107760002020C1406361058A87A2C7AAE8B2E8AABF
:1077700087A2869A058AE481A371636942614261A6
:107780006369C15080384359E8AAA7A2C479426905
:107790006269426142610251E150E148A140202802
:1077A000202061304259C479C47942610151C148F5
:1077B000C140402863614361C140A13840280008AE
:1077C0000008C14063610251A14020200010201038
:1077D000000800002020024902494028000800005B
:1077E00000000008000800102018057A0582E1500A
:1077F000C148E148C148A140C140C140A040E14862
:10780000C140E148E148C140C140E148C140C140F8
:10781000C140C140C140C140C140C140A1408038C9
:10782000A140C140C140A1408038A1388038A13872
:1078300081388038C138A138A138A140C140A13871
:10784000A138E148C140C140C140C140C140C14030
:10785000C140C140E248C148E14801490149E1480D
:10786000015102510251025142594259436163612F
:10787000636963698369636983696369C471A471B6
:1078800083718369A4718371C479A471A471C4796B
:10789000A471A471C479A371C479A471C471C479A9
:1078A000E479E479E579058205820582C479C479B1
:1078B0000582C479E479E479E481C479E579E479ED
:1078C000C471C47981106108611061108110811048
:1078D0008110811081108110A2108110A118A218AE
:1078E000A218A218A2186782CBD3EBDBCBD3CBDBD9
:1078F000EBDB0CDCAAD3AAD3CBD38AD38ACB69CB5C
:1079000049C369C369C349C349C38ACB48BB08B3E8
:1079100008BBC7AA08B3E7AAA7AA08B369C3CADB0A
:10792000AADBAADBCBDB69CB08BB87A286A2A7A216
:10793000869A058A837143612261E14820282020CC
:107940000251C479669AA7AAE8AAE8AA08B3669A77
:107950004592C479A4716369636963692261426174
:10796000C14880386361C7AAC7AAE48163716369AB
:107970004269436143610259C148A14040304028F7
:10798000C1408369A379A479636902590151E15027
:1079900081382251A4710251E148A1402020000801
:1079A0008128435963692259A13840284120201871
:1079B0002018000861302351E24820200008000808
:1079C000000000082010001000188369E481E150D5
:1079D000E148E148A140A138A040A038C140C140E1
:1079E000C140C148E148C140C140C040C140E14838
:1079F000C140C140C148C140C148E148C140C14047
:107A0000C140C140C140C140A138C140A140A140D6
:107A1000A1388038A140A040A138A038A140A138A9
:107A2000A140A038A140C140C140C140A140C140D7
:107A3000E148C140E148E148C140C140E148E14876
:107A4000E148C148E148E148025102512259225916
:107A500043614261426163616369836983698369E8
:107A6000836983698469A371A4718369A471A47112
:107A7000A471A371E479C479A371A371A471C471D1
:107A8000C479C471E579E479058AE581E479E58111
:107A9000E479E581E581E479E479E479C471C47934
:107AA000C479E5796110611061088110611081105D
:107AB000611081108110811881108210A118A21804
:107AC000A118A118A1188451AACBEBDBEBD3CBD31F
:107AD000EBDBEBDBAAD3AAD3AAD38ACB69CB8ACBC5
:107AE0006ACB69CB28C329BB8AC348C308BB08BB80
:107AF00008B329BB28BB08B328BB6ACBAAD3CBDB0E
:107B0000CBDBAAD328C3A7AA4692258A86A2459290
:107B1000048A636942612261E15040284028436140
:107B2000258AA7A2C7AAE8AAC8AAC8AA6692048AF0
:107B3000A379636963692261836963690159C148F3
:107B400081388369A7A2C7AAE481A47163696269C5
:107B5000426142610259C14860384030813822593F
:107B60008369C47983716369426102590151C140DB
:107B70008130A46963690251E148A1402018402086
:107B80000251836943610251C140803881386130BC
:107B900020180010A1404361E24840282010201026
:107BA00000080010211840204028A13883690251A4
:107BB000C148A1388138A13880388038A140C140FF
:107BC000A140C140C140C140C140C140C148C148BD
:107BD000C140E148E148C148E148C140C140C14815
:107BE000C140C140C140C148C140C140E148C1405D
:107BF000C140C140C140C140A140C140C140A040BE
:107C0000C040A140C040C140A040C140C140C140AF
:107C1000A140C140E140E148C148C140E148C148FC
:107C2000E248C148C1480149E148E14801490251DF
:107C30002251225942592259425962616361636952
:107C40006361636163698369836983698369A4711B
:107C50008369A371C4718369A371C479A471A47188
:107C6000A471C479E479E581E479E581E479E58179
:107C7000E479C479E579C479E579C479C479C471C2
:047C8000A471E5798D
:087C84006C85FB7F010000008C
:107C8C00D5010008351200089D2A00081DBE000809
:047C9C00EDD400081B
:087CA000B101000815130008F2
:107CA800000000005A0000003C1502080010000007
:107CB80000300000972B0008292E00088B2B0008A5
:107CC800912B0008000000000000000000000000E8
:107CD800000000000000000000000000812B0008E8
:107CE800852B00080000000000000000FD2E0008A1
:107CF800632E00083B2E00081B300008872E000862
:107D0800BF2E0008872F0008F52F0008E52F000870
:107D1800C12F00080024F40001000000100000003A
:107D2800AAAAAAAAE8030000A81B0208C41B020802
:107D3800141C0208281C02083C1C0208501C0208DB
:107D4800C81C02082C1D02088C1C0208DC1C020836
:107D5800A01C0208F01C0208401D0208A41D02080D
:107D6800641C0208781C0208B81D0208081E0208D4
:107D7800681D0208CC1D02087C1D0208E01D0208CF
:107D8800B41C0208041D02081C1E0208301E02084A
:107D9800181D0208541D0208901D0208F41D02084F
:107DA8006DF601080000000003000000E03001202B
:107DB8001401002000000000E030012048310120BB
:107DC800B0310120000000000000000000000000A9
:107DD800000000000000000000000000000000009B
:107DE800000000000000000000000000000000008B
:107DF800000000000000000000000000000000007B
:047E08002132012002
:107E0C000000000000000000000000000000000066
:107E1C000000000000000000000000000000000056
:107E2C000000000000000000000000000000000046
:107E3C000000000000000000000000000000000036
:107E4C000000000000000000000000000000000026
:107E5C000000000000000000000000000000000016
:107E6C000000000000000000000000000000000006
:107E7C0000000000000000000000000000000000F6
:107E8C0000000000000000000000000000000000E6
:107E9C0000000000000000000000000000000000D6
:107EAC0000000000000000000000000000000000C6
:107EBC0000000000000000000000000000000000B6
:107ECC0000000000000000000000000000000000A6
:107EDC000000000000000000000000000000000096
:107EEC000000000000000000000000000000000086
:107EFC000000000000000000000000000000000076
:107F0C000000000000000000000000000000000065
:107F1C000000000000000000000000000000000055
:107F2C000000000000000000000000000000000045
:107F3C000000000000000000000000000000000035
:107F4C000000000000000000000000000000000025
:107F5C000000000000000000000000000000000015
:107F6C000000000000000000000000000000000005
:107F7C0000000000000000000000000000000000F5
:107F8C0000000000000000000000000000000000E5
:107F9C0000000000000000000000000000000000D5
:107FAC0000000000000000000000000000000000C5
:107FBC0000000000000000000000000000000000B5
:107FCC0000000000000000000000000000000000A5
:107FDC000000000000000000000000000000000095
:107FEC000000000000000000000000000000000085
:107FFC000000000000000000000000000000000075
:040000050800065D8C
:00000001FF
