// 4.25.0 0xdfcec56e D2 R0 FRGB565 U565 N0 SExtFlashSection
// Generated by imageconverter. Please, do not edit!

#include <touchgfx/hal/Config.hpp>

LOCATION_PRAGMA("ExtFlashSection")
KEEP extern const unsigned char image_linkedin_profile_240_320[] LOCATION_ATTRIBUTE("ExtFlashSection") = { // 240x320 RGB565 pixels.
    0x61, 0x10, 0x81, 0x10, 0x82, 0x10, 0x82, 0x10, 0x82, 0x10, 0x82, 0x10,
    0x82, 0x10, 0x82, 0x10, 0x82, 0x10, 0x82, 0x10, 0x82, 0x10, 0x82, 0x10,
    0x82, 0x10, 0x82, 0x10, 0x82, 0x10, 0x82, 0x10, 0x82, 0x10, 0x82, 0x10,
    0x82, 0x10, 0x82, 0x10, 0x82, 0x10, 0x82, 0x10, 0x81, 0x10, 0x82, 0x10,
    0x82, 0x10, 0x82, 0x10, 0x82, 0x10, 0x82, 0x10, 0x82, 0x10, 0x81, 0x10,
    0x82, 0x10, 0x82, 0x10, 0x81, 0x10, 0x82, 0x10, 0x61, 0x10, 0x61, 0x10,
    0x61, 0x10, 0x61, 0x10, 0x61, 0x10, 0x81, 0x10, 0x61, 0x10, 0x61, 0x10,
    0x61, 0x10, 0x61, 0x08, 0x61, 0x10, 0x61, 0x10, 0x61, 0x10, 0x61, 0x08,
    0x61, 0x10, 0x61, 0x08, 0x61, 0x08, 0x61, 0x10, 0x61, 0x08, 0x61, 0x08,
    0x61, 0x10, 0x61, 0x08, 0x61, 0x10, 0x61, 0x10, 0x61, 0x08, 0x61, 0x10,
    0x61, 0x10, 0x61, 0x08, 0x61, 0x10, 0x61, 0x10, 0x61, 0x08, 0x61, 0x08,
    0x61, 0x10, 0x61, 0x10, 0x41, 0x08, 0x61, 0x10, 0x61, 0x10, 0x61, 0x08,
    0x61, 0x10, 0x61, 0x08, 0x61, 0x10, 0x61, 0x10, 0x61, 0x10, 0x61, 0x08,
    0x61, 0x10, 0x61, 0x10, 0x61, 0x08, 0x61, 0x08, 0x61, 0x10, 0x61, 0x10,
    0x61, 0x10, 0x61, 0x10, 0x61, 0x08, 0x61, 0x10, 0x61, 0x10, 0x61, 0x10,
    0x61, 0x10, 0x61, 0x10, 0x61, 0x10, 0x61, 0x10, 0x61, 0x10, 0x61, 0x10,
    0x61, 0x08, 0x61, 0x10, 0x61, 0x10, 0x61, 0x08, 0x61, 0x10, 0x61, 0x10,
    0x61, 0x10, 0x61, 0x08, 0x61, 0x10, 0x61, 0x10, 0x61, 0x10, 0x61, 0x10,
    0x61, 0x10, 0x61, 0x10, 0x61, 0x10, 0x61, 0x10, 0x61, 0x10, 0x61, 0x10,
    0x61, 0x10, 0x61, 0x10, 0x61, 0x08, 0x61, 0x10, 0x61, 0x10, 0x61, 0x08,
    0x61, 0x10, 0x61, 0x10, 0x61, 0x10, 0x61, 0x08, 0x61, 0x10, 0x61, 0x10,
    0x61, 0x10, 0x61, 0x08, 0x61, 0x10, 0x61, 0x10, 0x61, 0x10, 0x61, 0x08,
    0x61, 0x10, 0x61, 0x10, 0x61, 0x10, 0x61, 0x10, 0x61, 0x10, 0x61, 0x10,
    0x61, 0x10, 0x61, 0x10, 0x61, 0x10, 0x61, 0x10, 0x61, 0x10, 0x61, 0x10,
    0x61, 0x10, 0x61, 0x10, 0x61, 0x10, 0x81, 0x10, 0x61, 0x10, 0x61, 0x08,
    0x61, 0x10, 0x61, 0x10, 0x61, 0x10, 0x61, 0x10, 0x61, 0x10, 0x61, 0x08,
    0x61, 0x10, 0x61, 0x10, 0x61, 0x10, 0x61, 0x10, 0x61, 0x10, 0x81, 0x10,
    0x61, 0x10, 0x61, 0x10, 0x61, 0x10, 0x61, 0x10, 0x61, 0x10, 0x61, 0x10,
    0x61, 0x10, 0x61, 0x10, 0x61, 0x10, 0x61, 0x10, 0x61, 0x10, 0x81, 0x10,
    0x61, 0x10, 0x61, 0x10, 0x81, 0x10, 0x61, 0x10, 0x81, 0x10, 0x61, 0x10,
    0x61, 0x10, 0x61, 0x10, 0x61, 0x10, 0x61, 0x10, 0x61, 0x10, 0x61, 0x10,
    0x61, 0x10, 0x81, 0x10, 0x61, 0x10, 0x61, 0x10, 0x61, 0x10, 0x61, 0x10,
    0x61, 0x10, 0x61, 0x10, 0x61, 0x10, 0x61, 0x10, 0x61, 0x10, 0x61, 0x10,
    0x61, 0x10, 0x61, 0x10, 0x61, 0x10, 0x61, 0x10, 0x61, 0x10, 0x61, 0x10,
    0x61, 0x08, 0x61, 0x10, 0x61, 0x10, 0x61, 0x10, 0x61, 0x10, 0x61, 0x10,
    0x61, 0x10, 0x61, 0x08, 0x61, 0x10, 0x61, 0x10, 0x61, 0x10, 0x61, 0x10,
    0x61, 0x10, 0x61, 0x10, 0x61, 0x10, 0x61, 0x10, 0x61, 0x10, 0x61, 0x10,
    0x61, 0x10, 0x61, 0x10, 0x61, 0x10, 0x61, 0x10, 0x61, 0x10, 0x61, 0x10,
    0x61, 0x10, 0x61, 0x10, 0x61, 0x10, 0x61, 0x10, 0x61, 0x10, 0x61, 0x10,
    0x61, 0x10, 0x81, 0x10, 0x61, 0x10, 0x61, 0x10, 0x61, 0x10, 0x61, 0x10,
    0x61, 0x10, 0x62, 0x10, 0x81, 0x10, 0x82, 0x10, 0x81, 0x10, 0x81, 0x10,
    0x82, 0x10, 0x82, 0x10, 0x81, 0x10, 0x81, 0x10, 0x82, 0x10, 0x82, 0x10,
    0x81, 0x10, 0x82, 0x18, 0x81, 0x10, 0x81, 0x10, 0x82, 0x10, 0x82, 0x10,
    0x82, 0x10, 0x82, 0x10, 0x82, 0x10, 0x82, 0x10, 0x82, 0x10, 0x81, 0x10,
    0x82, 0x10, 0x81, 0x10, 0x82, 0x10, 0x81, 0x10, 0x61, 0x10, 0x81, 0x10,
    0x62, 0x10, 0x61, 0x10, 0x61, 0x10, 0x82, 0x10, 0x61, 0x10, 0x61, 0x10,
    0x82, 0x10, 0x62, 0x10, 0x61, 0x10, 0x82, 0x10, 0x61, 0x08, 0x61, 0x10,
    0x61, 0x10, 0x61, 0x10, 0x61, 0x08, 0x61, 0x10, 0x61, 0x08, 0x61, 0x10,
    0x61, 0x10, 0x61, 0x10, 0x61, 0x10, 0x61, 0x10, 0x41, 0x08, 0x61, 0x10,
    0x61, 0x10, 0x61, 0x08, 0x41, 0x08, 0x61, 0x10, 0x61, 0x08, 0x61, 0x08,
    0x61, 0x10, 0x61, 0x08, 0x61, 0x08, 0x41, 0x10, 0x61, 0x08, 0x41, 0x08,
    0x61, 0x10, 0x41, 0x08, 0x61, 0x08, 0x61, 0x10, 0x61, 0x08, 0x41, 0x08,
    0x61, 0x10, 0x61, 0x08, 0x61, 0x10, 0x61, 0x08, 0x61, 0x10, 0x41, 0x08,
    0x61, 0x10, 0x61, 0x10, 0x61, 0x10, 0x61, 0x08, 0x61, 0x10, 0x61, 0x08,
    0x61, 0x10, 0x61, 0x10, 0x61, 0x08, 0x61, 0x10, 0x61, 0x10, 0x60, 0x08,
    0x61, 0x10, 0x61, 0x08, 0x61, 0x08, 0x61, 0x10, 0x61, 0x10, 0x61, 0x08,
    0x61, 0x10, 0x61, 0x10, 0x61, 0x08, 0x61, 0x10, 0x61, 0x10, 0x61, 0x08,
    0x61, 0x10, 0x61, 0x10, 0x61, 0x08, 0x61, 0x10, 0x61, 0x08, 0x61, 0x08,
    0x61, 0x10, 0x61, 0x08, 0x61, 0x08, 0x61, 0x10, 0x61, 0x08, 0x61, 0x10,
    0x61, 0x10, 0x61, 0x10, 0x61, 0x10, 0x61, 0x10, 0x61, 0x08, 0x61, 0x08,
    0x61, 0x10, 0x61, 0x10, 0x61, 0x08, 0x61, 0x10, 0x61, 0x10, 0x61, 0x10,
    0x61, 0x10, 0x61, 0x10, 0x61, 0x08, 0x61, 0x10, 0x61, 0x10, 0x61, 0x08,
    0x61, 0x10, 0x61, 0x08, 0x61, 0x08, 0x61, 0x10, 0x61, 0x08, 0x61, 0x08,
    0x61, 0x10, 0x61, 0x10, 0x61, 0x10, 0x61, 0x08, 0x61, 0x08, 0x61, 0x10,
    0x61, 0x08, 0x81, 0x10, 0x61, 0x10, 0x61, 0x10, 0x61, 0x08, 0x61, 0x08,
    0x61, 0x08, 0x61, 0x10, 0x61, 0x10, 0x61, 0x10, 0x61, 0x08, 0x41, 0x08,
    0x61, 0x10, 0x61, 0x10, 0x61, 0x08, 0x61, 0x10, 0x81, 0x10, 0x62, 0x10,
    0x61, 0x10, 0x81, 0x10, 0x61, 0x10, 0x61, 0x10, 0x61, 0x10, 0x61, 0x10,
    0x81, 0x10, 0x61, 0x08, 0x61, 0x10, 0x61, 0x10, 0x81, 0x10, 0x81, 0x10,
    0x61, 0x10, 0x82, 0x10, 0x61, 0x10, 0x61, 0x10, 0x61, 0x10, 0x61, 0x08,
    0x61, 0x10, 0x61, 0x10, 0x61, 0x10, 0x81, 0x10, 0x61, 0x08, 0x61, 0x10,
    0x60, 0x08, 0x40, 0x08, 0x61, 0x10, 0x61, 0x08, 0x61, 0x10, 0x60, 0x08,
    0x61, 0x08, 0x61, 0x10, 0x61, 0x10, 0x61, 0x08, 0x61, 0x10, 0x61, 0x10,
    0x61, 0x08, 0x61, 0x08, 0x61, 0x10, 0x61, 0x10, 0x61, 0x08, 0x61, 0x10,
    0x61, 0x10, 0x61, 0x08, 0x61, 0x10, 0x61, 0x10, 0x61, 0x08, 0x61, 0x10,
    0x61, 0x10, 0x61, 0x08, 0x61, 0x10, 0x61, 0x10, 0x61, 0x08, 0x61, 0x08,
    0x61, 0x10, 0x61, 0x08, 0x61, 0x10, 0x61, 0x08, 0x61, 0x08, 0x61, 0x10,
    0x61, 0x10, 0x61, 0x08, 0x61, 0x10, 0x61, 0x10, 0x61, 0x08, 0x61, 0x08,
    0x61, 0x10, 0x61, 0x10, 0x61, 0x08, 0x61, 0x10, 0x61, 0x08, 0x61, 0x08,
    0x61, 0x10, 0x81, 0x10, 0x61, 0x10, 0x81, 0x10, 0x61, 0x08, 0x61, 0x10,
    0x61, 0x08, 0x61, 0x10, 0x82, 0x10, 0x81, 0x10, 0x81, 0x10, 0x82, 0x10,
    0x82, 0x10, 0x81, 0x10, 0x82, 0x18, 0xa1, 0x10, 0x81, 0x18, 0x82, 0x10,
    0xa2, 0x10, 0x81, 0x18, 0xa2, 0x10, 0x82, 0x10, 0x82, 0x18, 0xa2, 0x18,
    0xa2, 0x18, 0x82, 0x10, 0x81, 0x10, 0x82, 0x10, 0x82, 0x10, 0x81, 0x10,
    0x82, 0x10, 0x82, 0x10, 0x61, 0x10, 0x82, 0x10, 0x61, 0x10, 0x82, 0x10,
    0x82, 0x10, 0x61, 0x10, 0x82, 0x10, 0x61, 0x10, 0x62, 0x10, 0x82, 0x10,
    0x61, 0x08, 0x82, 0x10, 0x61, 0x10, 0x61, 0x08, 0x82, 0x10, 0x61, 0x10,
    0x62, 0x10, 0x61, 0x10, 0x61, 0x08, 0x61, 0x10, 0x61, 0x10, 0x61, 0x08,
    0x61, 0x08, 0x61, 0x10, 0x61, 0x10, 0x61, 0x08, 0x61, 0x10, 0x41, 0x08,
    0x61, 0x10, 0x61, 0x10, 0x61, 0x08, 0x61, 0x10, 0x41, 0x10, 0x61, 0x08,
    0x61, 0x10, 0x61, 0x10, 0x61, 0x10, 0x61, 0x08, 0x41, 0x08, 0x41, 0x10,
    0x41, 0x08, 0x61, 0x10, 0x61, 0x08, 0x61, 0x10, 0x61, 0x10, 0x61, 0x10,
    0x61, 0x10, 0x41, 0x10, 0x41, 0x08, 0x61, 0x10, 0x61, 0x08, 0x61, 0x08,
    0x61, 0x08, 0x61, 0x10, 0x61, 0x08, 0x41, 0x10, 0x61, 0x10, 0x61, 0x08,
    0x61, 0x10, 0x61, 0x10, 0x61, 0x10, 0x61, 0x10, 0x61, 0x10, 0x61, 0x08,
    0x60, 0x10, 0x61, 0x10, 0x61, 0x10, 0x61, 0x10, 0x61, 0x08, 0x60, 0x10,
    0x61, 0x08, 0x61, 0x10, 0x61, 0x10, 0x61, 0x08, 0x61, 0x10, 0x61, 0x08,
    0x61, 0x10, 0x61, 0x10, 0x61, 0x08, 0x61, 0x10, 0x61, 0x10, 0x61, 0x10,
    0x40, 0x08, 0x61, 0x10, 0x61, 0x10, 0x61, 0x10, 0x61, 0x10, 0x61, 0x10,
    0x61, 0x10, 0x61, 0x10, 0x61, 0x08, 0x61, 0x10, 0x61, 0x10, 0x61, 0x10,
    0x61, 0x10, 0x61, 0x10, 0x61, 0x10, 0x61, 0x10, 0x61, 0x08, 0x61, 0x10,
    0x61, 0x08, 0x61, 0x08, 0x61, 0x10, 0x61, 0x10, 0x61, 0x08, 0x61, 0x10,
    0x61, 0x10, 0x61, 0x10, 0x61, 0x08, 0x61, 0x10, 0x81, 0x10, 0x61, 0x10,
    0x61, 0x10, 0x61, 0x08, 0x81, 0x10, 0x61, 0x10, 0x61, 0x10, 0x81, 0x10,
    0x61, 0x10, 0x81, 0x10, 0x61, 0x08, 0x61, 0x10, 0x61, 0x10, 0x61, 0x10,
    0x61, 0x10, 0x61, 0x08, 0x61, 0x08, 0x61, 0x10, 0x61, 0x10, 0x61, 0x08,
    0x61, 0x10, 0x61, 0x08, 0x61, 0x10, 0x62, 0x10, 0x82, 0x10, 0x81, 0x10,
    0x62, 0x10, 0x62, 0x10, 0x81, 0x10, 0x61, 0x08, 0x61, 0x10, 0x81, 0x10,
    0x61, 0x10, 0x81, 0x10, 0x81, 0x10, 0x81, 0x10, 0x61, 0x08, 0x62, 0x10,
    0x82, 0x10, 0x81, 0x10, 0x61, 0x10, 0x61, 0x08, 0x61, 0x08, 0x61, 0x08,
    0x61, 0x10, 0x61, 0x10, 0x61, 0x08, 0x61, 0x10, 0x61, 0x10, 0x60, 0x08,
    0x61, 0x08, 0x61, 0x10, 0x60, 0x08, 0x61, 0x10, 0x60, 0x08, 0x60, 0x08,
    0x61, 0x10, 0x61, 0x08, 0x61, 0x08, 0x61, 0x10, 0x61, 0x08, 0x81, 0x10,
    0x61, 0x10, 0x61, 0x10, 0x61, 0x10, 0x61, 0x10, 0x61, 0x10, 0x61, 0x10,
    0x61, 0x10, 0x61, 0x10, 0x61, 0x10, 0x61, 0x10, 0x81, 0x08, 0x61, 0x10,
    0x61, 0x10, 0x61, 0x08, 0x61, 0x10, 0x81, 0x10, 0x61, 0x08, 0x61, 0x10,
    0x81, 0x10, 0x61, 0x08, 0x81, 0x10, 0x61, 0x10, 0x81, 0x10, 0x61, 0x10,
    0x61, 0x08, 0x82, 0x10, 0x81, 0x10, 0x61, 0x10, 0x81, 0x10, 0x81, 0x10,
    0x61, 0x10, 0x81, 0x08, 0x81, 0x10, 0x61, 0x10, 0x81, 0x10, 0x61, 0x10,
    0x61, 0x10, 0x61, 0x08, 0x81, 0x10, 0x82, 0x10, 0x62, 0x10, 0x81, 0x10,
    0x61, 0x10, 0x82, 0x10, 0x61, 0x08, 0x82, 0x10, 0x82, 0x10, 0x81, 0x10,
    0x82, 0x10, 0x82, 0x10, 0x82, 0x10, 0x82, 0x10, 0x82, 0x10, 0x82, 0x18,
    0x82, 0x10, 0x82, 0x10, 0x82, 0x10, 0x82, 0x10, 0x82, 0x10, 0x81, 0x10,
    0x82, 0x10, 0x82, 0x10, 0x81, 0x10, 0x82, 0x10, 0x81, 0x10, 0x82, 0x10,
    0x82, 0x10, 0x82, 0x10, 0x61, 0x10, 0x82, 0x10, 0x61, 0x10, 0x62, 0x10,
    0x82, 0x10, 0x82, 0x10, 0x81, 0x10, 0x61, 0x10, 0x61, 0x08, 0x81, 0x10,
    0x82, 0x10, 0x81, 0x10, 0x61, 0x10, 0x82, 0x10, 0x61, 0x10, 0x81, 0x10,
    0x61, 0x08, 0x62, 0x10, 0x61, 0x10, 0x62, 0x10, 0x61, 0x10, 0x61, 0x08,
    0x62, 0x10, 0x41, 0x08, 0x61, 0x08, 0x62, 0x10, 0x61, 0x10, 0x61, 0x10,
    0x61, 0x08, 0x61, 0x10, 0x61, 0x08, 0x61, 0x10, 0x61, 0x10, 0x61, 0x10,
    0x61, 0x08, 0x41, 0x08, 0x61, 0x10, 0x61, 0x10, 0x61, 0x08, 0x61, 0x10,
    0x41, 0x08, 0x61, 0x10, 0x40, 0x08, 0x61, 0x08, 0x41, 0x10, 0x61, 0x08,
    0x61, 0x08, 0x61, 0x10, 0x61, 0x10, 0x61, 0x08, 0x61, 0x10, 0x61, 0x10,
    0x41, 0x08, 0x61, 0x10, 0x61, 0x08, 0x61, 0x08, 0x61, 0x10, 0x61, 0x10,
    0x61, 0x08, 0x61, 0x08, 0x61, 0x10, 0x61, 0x10, 0x61, 0x08, 0x61, 0x10,
    0x61, 0x10, 0x60, 0x08, 0x61, 0x10, 0x61, 0x08, 0x61, 0x08, 0x61, 0x10,
    0x61, 0x10, 0x61, 0x08, 0x61, 0x08, 0x61, 0x10, 0x61, 0x10, 0x61, 0x10,
    0x61, 0x08, 0x61, 0x10, 0x61, 0x10, 0x61, 0x10, 0x61, 0x10, 0x61, 0x10,
    0x60, 0x08, 0x61, 0x10, 0x61, 0x10, 0x61, 0x10, 0x61, 0x10, 0x61, 0x08,
    0x61, 0x10, 0x81, 0x10, 0x61, 0x08, 0x61, 0x10, 0x61, 0x10, 0x60, 0x08,
    0x61, 0x10, 0x61, 0x08, 0x61, 0x10, 0x61, 0x08, 0x61, 0x10, 0x61, 0x10,
    0x61, 0x10, 0x61, 0x08, 0x61, 0x10, 0x61, 0x10, 0x61, 0x08, 0x61, 0x10,
    0x61, 0x10, 0x61, 0x08, 0x61, 0x10, 0x61, 0x10, 0x61, 0x10, 0x61, 0x10,
    0x61, 0x10, 0x61, 0x08, 0x81, 0x10, 0x61, 0x10, 0x61, 0x10, 0x61, 0x10,
    0x61, 0x10, 0x61, 0x10, 0x61, 0x10, 0x61, 0x08, 0x61, 0x10, 0x61, 0x10,
    0x61, 0x10, 0x61, 0x08, 0x61, 0x10, 0x61, 0x10, 0x61, 0x08, 0x61, 0x10,
    0x61, 0x08, 0x61, 0x10, 0x61, 0x10, 0x61, 0x08, 0x61, 0x10, 0x61, 0x10,
    0x61, 0x10, 0x61, 0x10, 0x61, 0x08, 0x61, 0x08, 0x61, 0x08, 0x61, 0x10,
    0x61, 0x10, 0x61, 0x08, 0x61, 0x10, 0x61, 0x10, 0x81, 0x10, 0x61, 0x10,
    0x61, 0x08, 0x61, 0x10, 0x61, 0x10, 0x61, 0x10, 0x61, 0x08, 0x61, 0x10,
    0x40, 0x08, 0x61, 0x08, 0x61, 0x10, 0x61, 0x08, 0x40, 0x10, 0x61, 0x10,
    0x40, 0x08, 0x61, 0x10, 0x61, 0x10, 0x61, 0x10, 0x61, 0x08, 0x40, 0x10,
    0x60, 0x08, 0x60, 0x08, 0x61, 0x10, 0x60, 0x08, 0x61, 0x10, 0x61, 0x10,
    0x61, 0x08, 0x61, 0x10, 0x61, 0x10, 0x61, 0x08, 0x61, 0x08, 0x61, 0x10,
    0x61, 0x10, 0x61, 0x08, 0x60, 0x10, 0x81, 0x10, 0x61, 0x10, 0x61, 0x10,
    0x81, 0x10, 0x61, 0x10, 0x61, 0x08, 0x61, 0x10, 0x61, 0x10, 0x61, 0x10,
    0x61, 0x10, 0x61, 0x10, 0x61, 0x10, 0x61, 0x10, 0x61, 0x08, 0x61, 0x08,
    0x61, 0x10, 0x61, 0x10, 0x81, 0x10, 0x61, 0x08, 0x61, 0x10, 0x61, 0x08,
    0x61, 0x10, 0x61, 0x08, 0x81, 0x10, 0x61, 0x10, 0x61, 0x08, 0x61, 0x10,
    0x61, 0x08, 0x61, 0x10, 0x61, 0x08, 0x61, 0x10, 0x81, 0x10, 0x61, 0x10,
    0x61, 0x10, 0x81, 0x10, 0x82, 0x10, 0x61, 0x10, 0x82, 0x10, 0x82, 0x10,
    0x81, 0x10, 0x81, 0x10, 0x82, 0x10, 0xa2, 0x10, 0x82, 0x10, 0x81, 0x10,
    0x81, 0x10, 0x81, 0x10, 0x81, 0x10, 0x81, 0x10, 0x82, 0x10, 0x81, 0x10,
    0x81, 0x10, 0x82, 0x10, 0x61, 0x10, 0x82, 0x10, 0x61, 0x10, 0x61, 0x10,
    0x82, 0x10, 0x61, 0x10, 0x61, 0x10, 0x61, 0x10, 0x82, 0x10, 0x61, 0x08,
    0x61, 0x10, 0x81, 0x10, 0x62, 0x10, 0x62, 0x10, 0x81, 0x10, 0x61, 0x10,
    0x62, 0x10, 0x62, 0x10, 0x82, 0x10, 0x61, 0x08, 0x61, 0x10, 0x82, 0x10,
    0x61, 0x08, 0x61, 0x10, 0x62, 0x10, 0x61, 0x08, 0x61, 0x10, 0x61, 0x10,
    0x62, 0x10, 0x61, 0x08, 0x61, 0x10, 0x61, 0x10, 0x62, 0x08, 0x61, 0x10,
    0x61, 0x10, 0x61, 0x08, 0x61, 0x10, 0x41, 0x08, 0x61, 0x08, 0x61, 0x10,
    0x61, 0x10, 0x61, 0x08, 0x61, 0x08, 0x41, 0x08, 0x61, 0x10, 0x60, 0x08,
    0x61, 0x10, 0x61, 0x10, 0x61, 0x08, 0x41, 0x10, 0x61, 0x08, 0x41, 0x08,
    0x41, 0x10, 0x61, 0x08, 0x61, 0x08, 0x61, 0x10, 0x61, 0x10, 0x41, 0x08,
    0x61, 0x10, 0x61, 0x10, 0x61, 0x08, 0x41, 0x08, 0x61, 0x10, 0x61, 0x10,
    0x61, 0x08, 0x61, 0x10, 0x60, 0x08, 0x61, 0x08, 0x41, 0x08, 0x60, 0x10,
    0x61, 0x10, 0x61, 0x08, 0x41, 0x10, 0x61, 0x10, 0x61, 0x10, 0x61, 0x08,
    0x61, 0x08, 0x61, 0x10, 0x61, 0x08, 0x61, 0x10, 0x61, 0x10, 0x60, 0x08,
    0x61, 0x10, 0x61, 0x10, 0x61, 0x10, 0x41, 0x08, 0x61, 0x10, 0x61, 0x08,
    0x61, 0x10, 0x61, 0x08, 0x61, 0x10, 0x61, 0x10, 0x61, 0x08, 0x61, 0x08,
    0x61, 0x10, 0x61, 0x10, 0x61, 0x10, 0x61, 0x08, 0x81, 0x10, 0x61, 0x08,
    0x61, 0x10, 0x40, 0x08, 0x61, 0x08, 0x61, 0x10, 0x61, 0x10, 0x61, 0x08,
    0x61, 0x10, 0x61, 0x08, 0x61, 0x10, 0x61, 0x10, 0x61, 0x08, 0x61, 0x08,
    0x61, 0x10, 0x60, 0x10, 0x61, 0x10, 0x61, 0x08, 0x61, 0x10, 0x81, 0x10,
    0x61, 0x08, 0x61, 0x10, 0x61, 0x08, 0x61, 0x08, 0x61, 0x08, 0x61, 0x10,
    0x61, 0x08, 0x61, 0x08, 0x61, 0x10, 0x61, 0x08, 0x61, 0x08, 0x61, 0x10,
    0x61, 0x08, 0x61, 0x08, 0x61, 0x10, 0x61, 0x10, 0x61, 0x08, 0x61, 0x10,
    0x41, 0x08, 0x61, 0x10, 0x61, 0x08, 0x61, 0x10, 0x61, 0x10, 0x61, 0x08,
    0x61, 0x10, 0x81, 0x10, 0x61, 0x10, 0x61, 0x10, 0x61, 0x08, 0x61, 0x10,
    0x61, 0x08, 0x61, 0x08, 0x61, 0x10, 0x61, 0x10, 0x61, 0x08, 0x61, 0x10,
    0x61, 0x10, 0x61, 0x08, 0x61, 0x10, 0x61, 0x10, 0x40, 0x08, 0x61, 0x10,
    0x61, 0x10, 0x61, 0x10, 0x61, 0x10, 0x61, 0x08, 0x61, 0x08, 0x41, 0x10,
    0x60, 0x08, 0x41, 0x08, 0x61, 0x10, 0x60, 0x08, 0x60, 0x08, 0x41, 0x08,
    0x41, 0x08, 0x40, 0x10, 0x41, 0x08, 0x61, 0x08, 0x61, 0x10, 0x61, 0x10,
    0x81, 0x10, 0x62, 0x08, 0x61, 0x10, 0x61, 0x10, 0x61, 0x08, 0x61, 0x10,
    0x81, 0x10, 0x61, 0x08, 0x61, 0x10, 0x61, 0x10, 0x61, 0x08, 0x61, 0x10,
    0x81, 0x10, 0x61, 0x08, 0x61, 0x10, 0x61, 0x08, 0x61, 0x10, 0x61, 0x10,
    0x81, 0x08, 0x81, 0x10, 0x81, 0x10, 0x61, 0x10, 0x61, 0x10, 0x81, 0x10,
    0x61, 0x10, 0x61, 0x10, 0x61, 0x08, 0x81, 0x10, 0x61, 0x10, 0x61, 0x10,
    0x61, 0x08, 0x61, 0x10, 0x61, 0x10, 0x61, 0x10, 0x61, 0x08, 0x61, 0x10,
    0x81, 0x10, 0x61, 0x10, 0x61, 0x10, 0x61, 0x08, 0x81, 0x10, 0x62, 0x10,
    0x61, 0x08, 0x82, 0x10, 0x81, 0x10, 0x61, 0x10, 0x82, 0x10, 0x81, 0x10,
    0x81, 0x10, 0x82, 0x10, 0x81, 0x10, 0x81, 0x10, 0x82, 0x10, 0x81, 0x10,
    0x82, 0x10, 0x82, 0x10, 0x82, 0x10, 0x82, 0x10, 0x81, 0x10, 0x82, 0x10,
    0x61, 0x10, 0x82, 0x10, 0x82, 0x10, 0x82, 0x10, 0x82, 0x10, 0x82, 0x10,
    0x61, 0x10, 0x61, 0x10, 0x82, 0x10, 0x61, 0x10, 0x82, 0x10, 0x61, 0x10,
    0x61, 0x08, 0x61, 0x10, 0x61, 0x10, 0x62, 0x10, 0x61, 0x08, 0x82, 0x10,
    0x61, 0x08, 0x81, 0x10, 0x62, 0x10, 0x61, 0x08, 0x81, 0x10, 0x61, 0x10,
    0x62, 0x10, 0x81, 0x10, 0x61, 0x10, 0x81, 0x10, 0x62, 0x10, 0x61, 0x08,
    0x61, 0x10, 0x61, 0x10, 0x61, 0x10, 0x61, 0x10, 0x61, 0x08, 0x61, 0x08,
    0x61, 0x10, 0x61, 0x10, 0x61, 0x10, 0x62, 0x10, 0x61, 0x08, 0x61, 0x10,
    0x62, 0x10, 0x61, 0x10, 0x61, 0x10, 0x61, 0x08, 0x61, 0x10, 0x41, 0x08,
    0x41, 0x08, 0x61, 0x10, 0x61, 0x10, 0x41, 0x08, 0x61, 0x10, 0x61, 0x10,
    0x61, 0x08, 0x61, 0x10, 0x61, 0x10, 0x41, 0x10, 0x61, 0x08, 0x61, 0x08,
    0x61, 0x10, 0x61, 0x10, 0x61, 0x10, 0x41, 0x08, 0x41, 0x08, 0x41, 0x08,
    0x61, 0x10, 0x61, 0x10, 0x61, 0x10, 0x60, 0x10, 0x61, 0x08, 0x41, 0x10,
    0x61, 0x10, 0x61, 0x08, 0x61, 0x10, 0x60, 0x10, 0x61, 0x08, 0x61, 0x10,
    0x61, 0x10, 0x61, 0x10, 0x61, 0x10, 0x61, 0x08, 0x61, 0x08, 0x61, 0x10,
    0x61, 0x08, 0x61, 0x10, 0x61, 0x08, 0x61, 0x10, 0x61, 0x10, 0x60, 0x10,
    0x61, 0x10, 0x61, 0x10, 0x61, 0x10, 0x61, 0x10, 0x61, 0x10, 0x61, 0x10,
    0x61, 0x08, 0x61, 0x10, 0x60, 0x08, 0x61, 0x08, 0x61, 0x10, 0x61, 0x10,
    0x61, 0x10, 0x61, 0x08, 0x61, 0x10, 0x61, 0x08, 0x61, 0x08, 0x61, 0x10,
    0x61, 0x10, 0x61, 0x08, 0x61, 0x08, 0x61, 0x10, 0x61, 0x10, 0x61, 0x08,
    0x60, 0x10, 0x61, 0x08, 0x61, 0x10, 0x61, 0x10, 0x61, 0x08, 0x61, 0x10,
    0x81, 0x10, 0x61, 0x10, 0x61, 0x10, 0x61, 0x10, 0x61, 0x10, 0x61, 0x10,
    0x61, 0x08, 0x61, 0x10, 0x81, 0x10, 0x61, 0x10, 0x61, 0x10, 0x61, 0x10,
    0x61, 0x10, 0x61, 0x08, 0x61, 0x08, 0x61, 0x10, 0x61, 0x10, 0x61, 0x08,
    0x41, 0x10, 0x61, 0x08, 0x61, 0x08, 0x61, 0x10, 0x61, 0x10, 0x61, 0x08,
    0x61, 0x10, 0x61, 0x10, 0x61, 0x08, 0x61, 0x10, 0x61, 0x10, 0x61, 0x10,
    0x61, 0x10, 0x61, 0x10, 0x61, 0x10, 0x61, 0x10, 0x61, 0x08, 0x61, 0x10,
    0x61, 0x10, 0x61, 0x10, 0x61, 0x08, 0x61, 0x08, 0x61, 0x08, 0x40, 0x08,
    0x41, 0x08, 0x41, 0x08, 0x60, 0x10, 0x41, 0x08, 0x61, 0x10, 0x61, 0x10,
    0x60, 0x08, 0x61, 0x10, 0x61, 0x10, 0x61, 0x10, 0x60, 0x10, 0x41, 0x08,
    0x40, 0x08, 0x41, 0x08, 0x41, 0x10, 0x61, 0x08, 0x61, 0x10, 0x61, 0x10,
    0x61, 0x10, 0x61, 0x10, 0x61, 0x10, 0x61, 0x10, 0x61, 0x08, 0x61, 0x10,
    0x61, 0x10, 0x61, 0x08, 0x61, 0x10, 0x81, 0x10, 0x61, 0x10, 0x61, 0x08,
    0x61, 0x10, 0x61, 0x10, 0x61, 0x08, 0x81, 0x10, 0x61, 0x10, 0x61, 0x10,
    0x61, 0x08, 0x61, 0x08, 0x61, 0x08, 0x81, 0x10, 0x61, 0x10, 0x81, 0x10,
    0x61, 0x08, 0x61, 0x10, 0x61, 0x10, 0x61, 0x10, 0x61, 0x10, 0x81, 0x10,
    0x61, 0x08, 0x61, 0x10, 0x61, 0x10, 0x61, 0x08, 0x81, 0x10, 0x61, 0x10,
    0x61, 0x08, 0x61, 0x10, 0x61, 0x10, 0x82, 0x10, 0x61, 0x10, 0x81, 0x10,
    0x61, 0x10, 0x82, 0x10, 0x61, 0x10, 0x82, 0x10, 0x82, 0x10, 0x81, 0x10,
    0x82, 0x10, 0x82, 0x10, 0x82, 0x10, 0x81, 0x10, 0x82, 0x10, 0x82, 0x10,
    0x82, 0x10, 0x81, 0x10, 0x82, 0x10, 0x81, 0x10, 0x82, 0x10, 0x81, 0x10,
    0x82, 0x10, 0x82, 0x10, 0x81, 0x10, 0x82, 0x10, 0x82, 0x10, 0x82, 0x10,
    0x82, 0x10, 0x81, 0x10, 0x62, 0x10, 0x81, 0x10, 0x61, 0x10, 0x62, 0x10,
    0x61, 0x08, 0x61, 0x10, 0x61, 0x08, 0x81, 0x10, 0x61, 0x10, 0x82, 0x10,
    0x81, 0x10, 0x61, 0x10, 0x81, 0x10, 0x61, 0x10, 0x61, 0x10, 0x62, 0x10,
    0x61, 0x08, 0x82, 0x10, 0x82, 0x10, 0x61, 0x08, 0x61, 0x10, 0x62, 0x10,
    0x61, 0x08, 0x61, 0x10, 0x62, 0x08, 0x61, 0x10, 0x61, 0x08, 0x61, 0x08,
    0x62, 0x10, 0x61, 0x08, 0x61, 0x10, 0x61, 0x10, 0x61, 0x10, 0x41, 0x08,
    0x61, 0x08, 0x61, 0x08, 0x41, 0x10, 0x61, 0x10, 0x61, 0x08, 0x41, 0x10,
    0x61, 0x08, 0x61, 0x08, 0x61, 0x10, 0x61, 0x08, 0x61, 0x10, 0x61, 0x08,
    0x61, 0x08, 0x61, 0x10, 0x41, 0x08, 0x41, 0x08, 0x41, 0x10, 0x61, 0x08,
    0x41, 0x08, 0x61, 0x10, 0x61, 0x08, 0x41, 0x08, 0x61, 0x10, 0x41, 0x08,
    0x41, 0x08, 0x41, 0x08, 0x41, 0x08, 0x40, 0x08, 0x41, 0x08, 0x61, 0x10,
    0x61, 0x08, 0x60, 0x10, 0x61, 0x08, 0x61, 0x08, 0x61, 0x10, 0x61, 0x10,
    0x61, 0x08, 0x61, 0x10, 0x61, 0x08, 0x61, 0x10, 0x60, 0x10, 0x61, 0x10,
    0x61, 0x08, 0x61, 0x08, 0x61, 0x10, 0x61, 0x08, 0x61, 0x08, 0x41, 0x10,
    0x61, 0x08, 0x61, 0x10, 0x41, 0x08, 0x61, 0x08, 0x60, 0x08, 0x40, 0x08,
    0x61, 0x10, 0x61, 0x08, 0x60, 0x10, 0x61, 0x10, 0x61, 0x08, 0x61, 0x08,
    0x61, 0x10, 0x61, 0x10, 0x61, 0x10, 0x61, 0x08, 0x61, 0x10, 0x61, 0x08,
    0x61, 0x10, 0x61, 0x08, 0x41, 0x08, 0x61, 0x10, 0x60, 0x10, 0x61, 0x08,
    0x61, 0x08, 0x61, 0x10, 0x61, 0x08, 0x61, 0x10, 0x61, 0x10, 0x61, 0x10,
    0x61, 0x10, 0x61, 0x10, 0x61, 0x08, 0x61, 0x10, 0x81, 0x10, 0x61, 0x10,
    0x61, 0x10, 0x61, 0x10, 0x61, 0x10, 0x61, 0x10, 0x61, 0x08, 0x61, 0x10,
    0x61, 0x10, 0x61, 0x10, 0x61, 0x08, 0x61, 0x10, 0x41, 0x08, 0x61, 0x10,
    0x61, 0x10, 0x61, 0x08, 0x61, 0x10, 0x61, 0x10, 0x61, 0x10, 0x61, 0x10,
    0x61, 0x10, 0x61, 0x08, 0x61, 0x08, 0x61, 0x10, 0x61, 0x08, 0x61, 0x08,
    0x61, 0x10, 0x61, 0x10, 0x61, 0x08, 0x61, 0x08, 0x61, 0x10, 0x61, 0x10,
    0x61, 0x08, 0x61, 0x10, 0x61, 0x10, 0x61, 0x10, 0x61, 0x10, 0x60, 0x10,
    0x40, 0x08, 0x61, 0x10, 0x61, 0x08, 0x40, 0x08, 0x41, 0x08, 0x41, 0x10,
    0x61, 0x08, 0x40, 0x08, 0x41, 0x08, 0x40, 0x08, 0x41, 0x08, 0x61, 0x10,
    0x40, 0x08, 0x40, 0x08, 0x60, 0x10, 0x40, 0x08, 0x60, 0x08, 0x61, 0x08,
    0x61, 0x08, 0x61, 0x10, 0x61, 0x08, 0x61, 0x08, 0x61, 0x10, 0x61, 0x10,
    0x61, 0x08, 0x61, 0x10, 0x61, 0x10, 0x61, 0x08, 0x61, 0x10, 0x61, 0x08,
    0x60, 0x10, 0x61, 0x10, 0x60, 0x08, 0x61, 0x10, 0x61, 0x10, 0x61, 0x08,
    0x61, 0x10, 0x61, 0x10, 0x61, 0x10, 0x61, 0x08, 0x61, 0x10, 0x61, 0x10,
    0x61, 0x08, 0x81, 0x10, 0x61, 0x10, 0x61, 0x08, 0x81, 0x10, 0x61, 0x08,
    0x61, 0x10, 0x61, 0x10, 0x61, 0x08, 0x81, 0x10, 0x61, 0x10, 0x61, 0x10,
    0x61, 0x08, 0x61, 0x10, 0x61, 0x10, 0x61, 0x08, 0x61, 0x08, 0x61, 0x10,
    0x82, 0x10, 0x81, 0x10, 0x81, 0x10, 0x81, 0x08, 0x82, 0x10, 0x62, 0x10,
    0x81, 0x10, 0x81, 0x10, 0x81, 0x10, 0x82, 0x10, 0x82, 0x10, 0x81, 0x10,
    0x81, 0x10, 0x81, 0x10, 0x82, 0x10, 0x81, 0x10, 0x81, 0x10, 0x62, 0x10,
    0x82, 0x10, 0x81, 0x10, 0x61, 0x10, 0x82, 0x10, 0x82, 0x10, 0x81, 0x10,
    0x82, 0x10, 0x82, 0x10, 0x61, 0x10, 0x61, 0x10, 0x61, 0x08, 0x61, 0x08,
    0x62, 0x10, 0x62, 0x10, 0x81, 0x10, 0x62, 0x10, 0x81, 0x10, 0x61, 0x10,
    0x61, 0x10, 0x82, 0x10, 0x62, 0x10, 0x61, 0x08, 0x61, 0x10, 0x81, 0x10,
    0x82, 0x10, 0x61, 0x08, 0x61, 0x10, 0x82, 0x10, 0x81, 0x10, 0x61, 0x10,
    0x62, 0x10, 0x61, 0x10, 0x61, 0x10, 0x62, 0x10, 0x61, 0x10, 0x61, 0x10,
    0x61, 0x10, 0x62, 0x10, 0x61, 0x08, 0x61, 0x08, 0x61, 0x10, 0x61, 0x10,
    0x61, 0x10, 0x61, 0x08, 0x61, 0x10, 0x61, 0x08, 0x61, 0x10, 0x61, 0x10,
    0x61, 0x08, 0x40, 0x08, 0x61, 0x10, 0x61, 0x08, 0x61, 0x10, 0x41, 0x10,
    0x61, 0x10, 0x61, 0x08, 0x61, 0x10, 0x61, 0x10, 0x61, 0x10, 0x41, 0x08,
    0x61, 0x10, 0x41, 0x10, 0x61, 0x08, 0x41, 0x08, 0x41, 0x10, 0x41, 0x08,
    0x61, 0x08, 0x41, 0x10, 0x40, 0x08, 0x61, 0x10, 0x41, 0x10, 0x41, 0x08,
    0x40, 0x08, 0x61, 0x10, 0x41, 0x08, 0x41, 0x08, 0x61, 0x10, 0x60, 0x08,
    0x41, 0x08, 0x60, 0x08, 0x41, 0x10, 0x61, 0x10, 0x61, 0x08, 0x41, 0x10,
    0x61, 0x10, 0x61, 0x10, 0x61, 0x10, 0x61, 0x10, 0x61, 0x08, 0x61, 0x10,
    0x60, 0x08, 0x61, 0x10, 0x60, 0x08, 0x61, 0x10, 0x61, 0x10, 0x40, 0x10,
    0x61, 0x10, 0x61, 0x10, 0x61, 0x10, 0x61, 0x08, 0x61, 0x10, 0x61, 0x10,
    0x61, 0x08, 0x61, 0x10, 0x60, 0x08, 0x61, 0x10, 0x61, 0x08, 0x61, 0x10,
    0x41, 0x08, 0x61, 0x10, 0x61, 0x10, 0x61, 0x10, 0x61, 0x08, 0x60, 0x10,
    0x61, 0x10, 0x61, 0x10, 0x61, 0x10, 0x61, 0x10, 0x61, 0x08, 0x61, 0x08,
    0x61, 0x08, 0x61, 0x10, 0x61, 0x08, 0x61, 0x10, 0x61, 0x10, 0x61, 0x08,
    0x61, 0x08, 0x61, 0x10, 0x61, 0x10, 0x61, 0x08, 0x61, 0x08, 0x61, 0x10,
    0x61, 0x08, 0x61, 0x10, 0x61, 0x10, 0x61, 0x08, 0x61, 0x10, 0x61, 0x10,
    0x41, 0x08, 0x61, 0x10, 0x41, 0x08, 0x61, 0x08, 0x61, 0x08, 0x61, 0x10,
    0x61, 0x08, 0x61, 0x10, 0x61, 0x10, 0x60, 0x08, 0x61, 0x08, 0x60, 0x10,
    0x61, 0x10, 0x61, 0x10, 0x61, 0x10, 0x61, 0x08, 0x61, 0x10, 0x61, 0x10,
    0x61, 0x08, 0x61, 0x10, 0x60, 0x08, 0x60, 0x08, 0x61, 0x10, 0x61, 0x08,
    0x61, 0x10, 0x61, 0x10, 0x40, 0x08, 0x61, 0x10, 0x40, 0x08, 0x41, 0x08,
    0x41, 0x10, 0x61, 0x08, 0x40, 0x08, 0x41, 0x08, 0x40, 0x10, 0x61, 0x08,
    0x61, 0x10, 0x40, 0x08, 0x41, 0x08, 0x61, 0x08, 0x61, 0x10, 0x40, 0x08,
    0x40, 0x08, 0x41, 0x08, 0x61, 0x08, 0x60, 0x08, 0x41, 0x10, 0x41, 0x08,
    0x61, 0x08, 0x61, 0x10, 0x61, 0x08, 0x61, 0x10, 0x61, 0x08, 0x61, 0x08,
    0x61, 0x10, 0x61, 0x10, 0x61, 0x10, 0x61, 0x08, 0x81, 0x10, 0x61, 0x10,
    0x61, 0x08, 0x81, 0x10, 0x61, 0x10, 0x81, 0x10, 0x82, 0x10, 0x82, 0x10,
    0x61, 0x10, 0x61, 0x08, 0x61, 0x10, 0x61, 0x10, 0x61, 0x10, 0x61, 0x10,
    0x61, 0x10, 0x61, 0x08, 0x61, 0x10, 0x61, 0x10, 0x61, 0x08, 0x81, 0x10,
    0x61, 0x10, 0x61, 0x08, 0x61, 0x10, 0x61, 0x10, 0x61, 0x08, 0x61, 0x10,
    0x82, 0x10, 0x82, 0x10, 0x61, 0x08, 0x81, 0x10, 0x82, 0x10, 0x81, 0x10,
    0x82, 0x10, 0x61, 0x10, 0x82, 0x10, 0x61, 0x10, 0x62, 0x10, 0x82, 0x10,
    0x81, 0x10, 0x82, 0x10, 0x82, 0x10, 0x81, 0x10, 0x81, 0x10, 0x82, 0x10,
    0x81, 0x10, 0x82, 0x10, 0x82, 0x10, 0x81, 0x10, 0x82, 0x18, 0x81, 0x10,
    0x82, 0x10, 0x82, 0x10, 0x82, 0x10, 0x82, 0x10, 0x61, 0x10, 0x82, 0x10,
    0x81, 0x10, 0x82, 0x10, 0x62, 0x10, 0x81, 0x10, 0x62, 0x10, 0x61, 0x10,
    0x81, 0x08, 0x61, 0x10, 0x61, 0x10, 0x81, 0x10, 0x81, 0x10, 0x61, 0x10,
    0x82, 0x10, 0x61, 0x10, 0x61, 0x10, 0x82, 0x10, 0x81, 0x10, 0x61, 0x08,
    0x82, 0x10, 0x61, 0x10, 0x61, 0x08, 0x61, 0x08, 0x61, 0x10, 0x61, 0x10,
    0x61, 0x08, 0x61, 0x10, 0x61, 0x10, 0x61, 0x10, 0x61, 0x08, 0x61, 0x10,
    0x61, 0x10, 0x41, 0x10, 0x61, 0x08, 0x61, 0x08, 0x41, 0x10, 0x41, 0x08,
    0x61, 0x10, 0x41, 0x08, 0x40, 0x08, 0x61, 0x10, 0x61, 0x08, 0x61, 0x08,
    0x41, 0x10, 0x61, 0x08, 0x61, 0x08, 0x61, 0x10, 0x61, 0x10, 0x41, 0x08,
    0x61, 0x10, 0x61, 0x08, 0x61, 0x10, 0x61, 0x10, 0x41, 0x08, 0x60, 0x08,
    0x41, 0x08, 0x61, 0x10, 0x41, 0x08, 0x61, 0x08, 0x60, 0x10, 0x41, 0x08,
    0x61, 0x08, 0x60, 0x10, 0x41, 0x10, 0x41, 0x08, 0x60, 0x08, 0x40, 0x10,
    0x41, 0x08, 0x40, 0x08, 0x41, 0x10, 0x41, 0x08, 0x40, 0x08, 0x61, 0x08,
    0x61, 0x08, 0x60, 0x08, 0x41, 0x10, 0x60, 0x08, 0x61, 0x10, 0x61, 0x10,
    0x61, 0x10, 0x61, 0x08, 0x61, 0x10, 0x61, 0x10, 0x61, 0x08, 0x61, 0x10,
    0x61, 0x10, 0x61, 0x08, 0x61, 0x08, 0x61, 0x10, 0x61, 0x08, 0x61, 0x10,
    0x61, 0x10, 0x61, 0x08, 0x61, 0x08, 0x41, 0x10, 0x61, 0x10, 0x61, 0x10,
    0x61, 0x10, 0x61, 0x08, 0x61, 0x10, 0x61, 0x10, 0x41, 0x08, 0x61, 0x10,
    0x60, 0x10, 0x61, 0x08, 0x61, 0x10, 0x61, 0x10, 0x61, 0x08, 0x61, 0x10,
    0x61, 0x10, 0x61, 0x08, 0x61, 0x10, 0x81, 0x10, 0x61, 0x10, 0x61, 0x10,
    0x61, 0x10, 0x81, 0x10, 0x61, 0x08, 0x61, 0x10, 0x61, 0x10, 0x61, 0x10,
    0x61, 0x08, 0x61, 0x10, 0x61, 0x10, 0x61, 0x10, 0x61, 0x10, 0x61, 0x08,
    0x61, 0x10, 0x60, 0x10, 0x60, 0x08, 0x41, 0x10, 0x60, 0x10, 0x41, 0x08,
    0x61, 0x10, 0x60, 0x10, 0x61, 0x10, 0x61, 0x10, 0x60, 0x10, 0x60, 0x08,
    0x61, 0x10, 0x61, 0x08, 0x60, 0x10, 0x60, 0x10, 0x61, 0x08, 0x61, 0x10,
    0x60, 0x10, 0x61, 0x08, 0x60, 0x08, 0x61, 0x10, 0x41, 0x08, 0x60, 0x08,
    0x41, 0x10, 0x60, 0x08, 0x61, 0x10, 0x61, 0x10, 0x61, 0x10, 0x61, 0x08,
    0x60, 0x08, 0x61, 0x10, 0x61, 0x10, 0x61, 0x10, 0x41, 0x10, 0x61, 0x08,
    0x41, 0x10, 0x61, 0x08, 0x61, 0x10, 0x61, 0x10, 0x60, 0x10, 0x61, 0x10,
    0x61, 0x08, 0x60, 0x10, 0x61, 0x10, 0x60, 0x10, 0x61, 0x08, 0x60, 0x08,
    0x40, 0x10, 0x61, 0x08, 0x61, 0x10, 0x60, 0x10, 0x61, 0x08, 0x61, 0x10,
    0x61, 0x10, 0x61, 0x08, 0x61, 0x10, 0x60, 0x08, 0x61, 0x10, 0x61, 0x10,
    0x61, 0x10, 0x81, 0x10, 0x81, 0x10, 0x61, 0x10, 0x62, 0x10, 0x81, 0x10,
    0x81, 0x10, 0x61, 0x10, 0x81, 0x08, 0x61, 0x10, 0x81, 0x10, 0x81, 0x10,
    0x81, 0x08, 0x61, 0x10, 0x81, 0x10, 0x61, 0x10, 0x61, 0x08, 0x61, 0x10,
    0x61, 0x08, 0x61, 0x08, 0x61, 0x10, 0x61, 0x08, 0x61, 0x10, 0x61, 0x08,
    0x61, 0x10, 0x82, 0x10, 0x82, 0x10, 0x62, 0x10, 0x81, 0x10, 0x82, 0x10,
    0x81, 0x10, 0x82, 0x10, 0x82, 0x10, 0x81, 0x10, 0x82, 0x10, 0x82, 0x10,
    0x81, 0x10, 0x62, 0x10, 0x82, 0x10, 0x82, 0x10, 0x81, 0x10, 0x82, 0x10,
    0x82, 0x10, 0x81, 0x10, 0x81, 0x10, 0x82, 0x10, 0x82, 0x10, 0x81, 0x10,
    0x82, 0x10, 0x61, 0x10, 0x82, 0x10, 0x61, 0x10, 0x61, 0x10, 0x81, 0x10,
    0x81, 0x10, 0x61, 0x10, 0x61, 0x10, 0x81, 0x08, 0x61, 0x10, 0x82, 0x10,
    0x81, 0x10, 0x61, 0x10, 0x61, 0x08, 0x81, 0x10, 0x62, 0x10, 0x62, 0x10,
    0x82, 0x10, 0x81, 0x10, 0x61, 0x08, 0x61, 0x10, 0x61, 0x10, 0x82, 0x10,
    0x61, 0x08, 0x61, 0x10, 0x81, 0x10, 0x81, 0x10, 0x61, 0x10, 0x62, 0x08,
    0x61, 0x10, 0x61, 0x08, 0x61, 0x10, 0x62, 0x10, 0x61, 0x10, 0x61, 0x08,
    0x61, 0x08, 0x61, 0x10, 0x41, 0x10, 0x61, 0x08, 0x61, 0x08, 0x61, 0x10,
    0x40, 0x08, 0x41, 0x08, 0x41, 0x10, 0x61, 0x10, 0x60, 0x08, 0x61, 0x10,
    0x61, 0x08, 0x61, 0x10, 0x40, 0x08, 0x61, 0x10, 0x61, 0x08, 0x61, 0x08,
    0x61, 0x10, 0x61, 0x08, 0x61, 0x10, 0x41, 0x08, 0x60, 0x10, 0x41, 0x10,
    0x41, 0x10, 0x60, 0x08, 0x41, 0x10, 0x40, 0x08, 0x60, 0x10, 0x61, 0x10,
    0x61, 0x08, 0x60, 0x08, 0x41, 0x08, 0x60, 0x10, 0x61, 0x10, 0x61, 0x08,
    0x41, 0x10, 0x61, 0x10, 0x60, 0x08, 0x61, 0x08, 0x40, 0x10, 0x61, 0x10,
    0x61, 0x10, 0x61, 0x10, 0x61, 0x08, 0x61, 0x10, 0x61, 0x08, 0x60, 0x10,
    0x61, 0x08, 0x61, 0x10, 0x61, 0x10, 0x60, 0x08, 0x61, 0x10, 0x61, 0x08,
    0x61, 0x10, 0x61, 0x10, 0x61, 0x10, 0x61, 0x10, 0x60, 0x08, 0x61, 0x10,
    0x61, 0x08, 0x60, 0x08, 0x61, 0x10, 0x61, 0x10, 0x60, 0x08, 0x61, 0x08,
    0x41, 0x10, 0x61, 0x08, 0x61, 0x10, 0x60, 0x08, 0x60, 0x10, 0x61, 0x08,
    0x61, 0x10, 0x61, 0x08, 0x61, 0x10, 0x61, 0x08, 0x61, 0x10, 0x61, 0x10,
    0x61, 0x10, 0x61, 0x08, 0x61, 0x10, 0x61, 0x10, 0x81, 0x08, 0x61, 0x10,
    0x61, 0x10, 0x82, 0x10, 0x61, 0x08, 0x61, 0x10, 0x61, 0x08, 0x61, 0x10,
    0x61, 0x10, 0x61, 0x08, 0x61, 0x08, 0x61, 0x10, 0x61, 0x10, 0x61, 0x08,
    0x61, 0x10, 0x61, 0x10, 0x61, 0x08, 0x60, 0x10, 0x61, 0x10, 0x61, 0x08,
    0x60, 0x10, 0x61, 0x08, 0x61, 0x08, 0x61, 0x10, 0x41, 0x10, 0x61, 0x10,
    0x60, 0x08, 0x61, 0x08, 0x61, 0x10, 0x61, 0x10, 0x60, 0x08, 0x61, 0x10,
    0x61, 0x08, 0x60, 0x10, 0x61, 0x10, 0x61, 0x10, 0x60, 0x08, 0x61, 0x10,
    0x60, 0x08, 0x40, 0x08, 0x41, 0x08, 0x40, 0x08, 0x61, 0x10, 0x40, 0x10,
    0x61, 0x08, 0x40, 0x08, 0x61, 0x10, 0x41, 0x08, 0x61, 0x08, 0x41, 0x08,
    0x61, 0x08, 0x41, 0x10, 0x60, 0x08, 0x60, 0x08, 0x61, 0x08, 0x61, 0x10,
    0x40, 0x08, 0x40, 0x08, 0x40, 0x10, 0x61, 0x10, 0x61, 0x08, 0x41, 0x08,
    0x40, 0x10, 0x61, 0x08, 0x61, 0x08, 0x61, 0x10, 0x40, 0x08, 0x40, 0x08,
    0x61, 0x08, 0x60, 0x08, 0x61, 0x08, 0x61, 0x10, 0x60, 0x08, 0x61, 0x08,
    0x61, 0x10, 0x61, 0x08, 0x61, 0x10, 0x61, 0x08, 0x81, 0x10, 0x61, 0x10,
    0x61, 0x08, 0x61, 0x10, 0x61, 0x08, 0x81, 0x10, 0x82, 0x10, 0x61, 0x10,
    0x81, 0x10, 0x81, 0x10, 0x81, 0x10, 0x61, 0x10, 0x61, 0x08, 0x61, 0x08,
    0x60, 0x10, 0x60, 0x10, 0x61, 0x08, 0x61, 0x10, 0x61, 0x08, 0x61, 0x10,
    0x62, 0x10, 0x61, 0x10, 0x81, 0x10, 0x61, 0x10, 0x81, 0x10, 0x82, 0x10,
    0x82, 0x10, 0x81, 0x10, 0x82, 0x10, 0x82, 0x10, 0x81, 0x10, 0x81, 0x10,
    0x81, 0x10, 0x81, 0x10, 0x62, 0x10, 0x81, 0x10, 0x81, 0x10, 0x82, 0x10,
    0x82, 0x10, 0x81, 0x10, 0x82, 0x10, 0x82, 0x10, 0x82, 0x10, 0x81, 0x10,
    0x82, 0x10, 0x82, 0x10, 0x81, 0x10, 0x62, 0x10, 0x62, 0x10, 0x61, 0x10,
    0x61, 0x10, 0x61, 0x10, 0x82, 0x10, 0x61, 0x08, 0x61, 0x10, 0x61, 0x10,
    0x81, 0x10, 0x82, 0x10, 0x61, 0x08, 0x81, 0x10, 0x81, 0x10, 0x82, 0x10,
    0x81, 0x10, 0x61, 0x10, 0x82, 0x10, 0x82, 0x10, 0x61, 0x10, 0x81, 0x10,
    0x61, 0x10, 0x81, 0x10, 0x61, 0x10, 0x61, 0x08, 0x61, 0x10, 0x61, 0x10,
    0x61, 0x10, 0x62, 0x10, 0x61, 0x08, 0x61, 0x08, 0x61, 0x10, 0x61, 0x10,
    0x61, 0x08, 0x61, 0x10, 0x61, 0x08, 0x41, 0x10, 0x61, 0x10, 0x41, 0x08,
    0x61, 0x08, 0x61, 0x10, 0x40, 0x08, 0x41, 0x08, 0x40, 0x08, 0x61, 0x10,
    0x61, 0x10, 0x41, 0x08, 0x60, 0x10, 0x41, 0x08, 0x61, 0x10, 0x61, 0x10,
    0x41, 0x08, 0x61, 0x10, 0x61, 0x08, 0x41, 0x08, 0x61, 0x10, 0x41, 0x08,
    0x60, 0x08, 0x41, 0x10, 0x41, 0x08, 0x61, 0x08, 0x41, 0x10, 0x60, 0x10,
    0x40, 0x08, 0x41, 0x10, 0x60, 0x08, 0x40, 0x10, 0x41, 0x08, 0x60, 0x08,
    0x61, 0x08, 0x40, 0x08, 0x61, 0x08, 0x61, 0x10, 0x40, 0x08, 0x61, 0x08,
    0x61, 0x10, 0x61, 0x10, 0x61, 0x08, 0x61, 0x08, 0x40, 0x08, 0x41, 0x10,
    0x60, 0x08, 0x41, 0x08, 0x41, 0x08, 0x61, 0x10, 0x40, 0x10, 0x61, 0x08,
    0x61, 0x08, 0x40, 0x08, 0x40, 0x08, 0x41, 0x08, 0x41, 0x10, 0x61, 0x10,
    0x60, 0x08, 0x41, 0x08, 0x61, 0x10, 0x61, 0x10, 0x41, 0x08, 0x61, 0x10,
    0x61, 0x10, 0x61, 0x08, 0x61, 0x10, 0x61, 0x10, 0x61, 0x08, 0x61, 0x10,
    0x61, 0x10, 0x61, 0x10, 0x61, 0x10, 0x61, 0x08, 0x61, 0x10, 0x61, 0x10,
    0x61, 0x08, 0x61, 0x10, 0x61, 0x08, 0x61, 0x10, 0x61, 0x10, 0x61, 0x08,
    0x61, 0x08, 0x61, 0x10, 0x61, 0x10, 0x61, 0x08, 0x61, 0x08, 0x61, 0x10,
    0x61, 0x10, 0x61, 0x08, 0x61, 0x10, 0x61, 0x08, 0x61, 0x10, 0x61, 0x10,
    0x60, 0x08, 0x41, 0x08, 0x61, 0x10, 0x60, 0x10, 0x61, 0x10, 0x60, 0x08,
    0x61, 0x10, 0x60, 0x08, 0x60, 0x10, 0x61, 0x08, 0x41, 0x10, 0x60, 0x10,
    0x61, 0x10, 0x60, 0x08, 0x61, 0x10, 0x61, 0x10, 0x60, 0x08, 0x61, 0x10,
    0x61, 0x10, 0x60, 0x08, 0x40, 0x10, 0x41, 0x10, 0x41, 0x08, 0x60, 0x10,
    0x61, 0x10, 0x41, 0x10, 0x60, 0x08, 0x61, 0x08, 0x60, 0x10, 0x61, 0x10,
    0x41, 0x08, 0x40, 0x10, 0x60, 0x08, 0x61, 0x10, 0x60, 0x10, 0x41, 0x10,
    0x41, 0x08, 0x61, 0x10, 0x40, 0x10, 0x61, 0x08, 0x61, 0x10, 0x41, 0x08,
    0x41, 0x08, 0x61, 0x10, 0x41, 0x08, 0x60, 0x08, 0x60, 0x10, 0x61, 0x10,
    0x41, 0x10, 0x60, 0x10, 0x61, 0x10, 0x61, 0x08, 0x61, 0x10, 0x61, 0x10,
    0x61, 0x10, 0x40, 0x08, 0x61, 0x10, 0x61, 0x10, 0x60, 0x08, 0x60, 0x08,
    0x61, 0x10, 0x60, 0x08, 0x61, 0x10, 0x61, 0x10, 0x61, 0x08, 0x61, 0x10,
    0x61, 0x10, 0x81, 0x10, 0x61, 0x10, 0x61, 0x10, 0x61, 0x08, 0x61, 0x10,
    0x61, 0x10, 0x61, 0x08, 0x61, 0x10, 0x61, 0x10, 0x61, 0x10, 0x61, 0x08,
    0x41, 0x08, 0x60, 0x10, 0x60, 0x08, 0x61, 0x08, 0x61, 0x10, 0x61, 0x08,
    0x82, 0x10, 0x81, 0x10, 0x82, 0x10, 0x82, 0x08, 0x82, 0x10, 0x81, 0x10,
    0x82, 0x10, 0x82, 0x10, 0x81, 0x10, 0x82, 0x10, 0x81, 0x10, 0x82, 0x10,
    0x82, 0x10, 0x82, 0x10, 0x81, 0x10, 0x62, 0x10, 0x82, 0x10, 0x82, 0x10,
    0x81, 0x10, 0x82, 0x10, 0x82, 0x10, 0x81, 0x10, 0x81, 0x10, 0x82, 0x10,
    0x61, 0x10, 0x82, 0x10, 0x82, 0x10, 0x81, 0x10, 0x82, 0x10, 0x82, 0x10,
    0x62, 0x10, 0x61, 0x08, 0x61, 0x10, 0x82, 0x10, 0x61, 0x10, 0x61, 0x10,
    0x81, 0x10, 0x62, 0x10, 0x61, 0x10, 0x81, 0x10, 0x61, 0x10, 0x61, 0x10,
    0x82, 0x10, 0x81, 0x10, 0x81, 0x10, 0x62, 0x10, 0x61, 0x10, 0x81, 0x10,
    0x61, 0x10, 0x82, 0x10, 0x81, 0x10, 0x61, 0x10, 0x61, 0x10, 0x81, 0x10,
    0x61, 0x10, 0x61, 0x08, 0x61, 0x10, 0x61, 0x10, 0x61, 0x10, 0x61, 0x10,
    0x61, 0x08, 0x61, 0x08, 0x61, 0x10, 0x61, 0x10, 0x61, 0x08, 0x41, 0x10,
    0x41, 0x08, 0x61, 0x10, 0x61, 0x08, 0x40, 0x08, 0x41, 0x10, 0x40, 0x10,
    0x61, 0x10, 0x61, 0x08, 0x61, 0x10, 0x40, 0x08, 0x40, 0x08, 0x41, 0x08,
    0x61, 0x10, 0x61, 0x10, 0x60, 0x08, 0x40, 0x08, 0x41, 0x08, 0x61, 0x08,
    0x61, 0x10, 0x41, 0x10, 0x40, 0x08, 0x41, 0x08, 0x41, 0x10, 0x61, 0x08,
    0x41, 0x08, 0x61, 0x08, 0x60, 0x10, 0x41, 0x08, 0x40, 0x10, 0x61, 0x10,
    0x40, 0x08, 0x41, 0x10, 0x61, 0x08, 0x40, 0x08, 0x41, 0x08, 0x60, 0x08,
    0x60, 0x08, 0x60, 0x10, 0x41, 0x08, 0x40, 0x08, 0x40, 0x10, 0x41, 0x08,
    0x61, 0x10, 0x40, 0x10, 0x41, 0x08, 0x40, 0x08, 0x40, 0x08, 0x40, 0x10,
    0x41, 0x08, 0x41, 0x08, 0x40, 0x08, 0x61, 0x08, 0x41, 0x10, 0x61, 0x10,
    0x61, 0x08, 0x61, 0x10, 0x41, 0x08, 0x61, 0x10, 0x61, 0x10, 0x61, 0x10,
    0x40, 0x08, 0x61, 0x08, 0x61, 0x10, 0x60, 0x10, 0x61, 0x08, 0x61, 0x10,
    0x61, 0x10, 0x61, 0x10, 0x61, 0x10, 0x61, 0x10, 0x61, 0x08, 0x61, 0x08,
    0x61, 0x10, 0x61, 0x10, 0x61, 0x08, 0x61, 0x08, 0x61, 0x10, 0x61, 0x10,
    0x61, 0x10, 0x61, 0x10, 0x61, 0x10, 0x61, 0x10, 0x61, 0x10, 0x61, 0x10,
    0x61, 0x10, 0x61, 0x10, 0x61, 0x10, 0x61, 0x08, 0x61, 0x10, 0x61, 0x10,
    0x61, 0x08, 0x60, 0x10, 0x61, 0x10, 0x61, 0x08, 0x60, 0x10, 0x61, 0x10,
    0x61, 0x08, 0x41, 0x10, 0x61, 0x10, 0x60, 0x08, 0x61, 0x08, 0x41, 0x10,
    0x61, 0x08, 0x41, 0x10, 0x60, 0x08, 0x61, 0x10, 0x60, 0x08, 0x40, 0x08,
    0x61, 0x10, 0x61, 0x08, 0x61, 0x08, 0x61, 0x08, 0x40, 0x10, 0x41, 0x10,
    0x61, 0x10, 0x41, 0x08, 0x41, 0x10, 0x60, 0x10, 0x61, 0x10, 0x41, 0x08,
    0x60, 0x08, 0x61, 0x10, 0x41, 0x08, 0x60, 0x08, 0x40, 0x08, 0x60, 0x08,
    0x41, 0x08, 0x41, 0x10, 0x41, 0x08, 0x41, 0x08, 0x40, 0x10, 0x60, 0x10,
    0x61, 0x08, 0x61, 0x10, 0x41, 0x08, 0x41, 0x08, 0x60, 0x10, 0x61, 0x08,
    0x40, 0x08, 0x60, 0x08, 0x61, 0x10, 0x60, 0x08, 0x40, 0x08, 0x61, 0x10,
    0x61, 0x08, 0x40, 0x08, 0x41, 0x10, 0x61, 0x10, 0x61, 0x08, 0x61, 0x10,
    0x61, 0x08, 0x40, 0x08, 0x61, 0x10, 0x61, 0x08, 0x61, 0x08, 0x61, 0x08,
    0x61, 0x10, 0x61, 0x10, 0x61, 0x08, 0x61, 0x10, 0x61, 0x10, 0x61, 0x10,
    0x81, 0x10, 0x61, 0x08, 0x61, 0x08, 0x61, 0x08, 0x61, 0x10, 0x61, 0x10,
    0x61, 0x08, 0x61, 0x10, 0x61, 0x08, 0x60, 0x10, 0x41, 0x10, 0x61, 0x08,
    0x61, 0x10, 0x82, 0x10, 0x81, 0x10, 0x81, 0x10, 0x61, 0x10, 0x61, 0x10,
    0x82, 0x10, 0x61, 0x10, 0x81, 0x10, 0x82, 0x10, 0x81, 0x10, 0x82, 0x10,
    0x81, 0x10, 0x82, 0x10, 0x81, 0x10, 0x81, 0x10, 0x82, 0x10, 0x81, 0x10,
    0x82, 0x10, 0x81, 0x10, 0x81, 0x10, 0x82, 0x10, 0x81, 0x10, 0x82, 0x10,
    0x81, 0x10, 0x81, 0x10, 0x61, 0x10, 0x82, 0x10, 0x61, 0x10, 0x81, 0x10,
    0x61, 0x10, 0x82, 0x10, 0x61, 0x10, 0x61, 0x10, 0x61, 0x08, 0x82, 0x10,
    0x81, 0x10, 0x61, 0x10, 0x81, 0x10, 0x82, 0x10, 0x61, 0x08, 0x62, 0x10,
    0x82, 0x10, 0x61, 0x08, 0x81, 0x10, 0x82, 0x10, 0x61, 0x10, 0x81, 0x08,
    0x62, 0x10, 0x61, 0x08, 0x61, 0x10, 0x61, 0x08, 0x62, 0x08, 0x61, 0x08,
    0x61, 0x10, 0x61, 0x10, 0x61, 0x08, 0x61, 0x10, 0x61, 0x08, 0x61, 0x08,
    0x61, 0x10, 0x61, 0x10, 0x61, 0x10, 0x61, 0x08, 0x41, 0x08, 0x40, 0x08,
    0x61, 0x10, 0x41, 0x08, 0x61, 0x10, 0x60, 0x08, 0x61, 0x08, 0x41, 0x08,
    0x40, 0x08, 0x60, 0x08, 0x41, 0x08, 0x60, 0x10, 0x61, 0x10, 0x40, 0x08,
    0x41, 0x08, 0x41, 0x08, 0x61, 0x10, 0x40, 0x08, 0x41, 0x10, 0x61, 0x08,
    0x40, 0x08, 0x40, 0x08, 0x61, 0x10, 0x61, 0x10, 0x60, 0x08, 0x60, 0x10,
    0x41, 0x08, 0x60, 0x08, 0x61, 0x10, 0x61, 0x08, 0x60, 0x08, 0x61, 0x10,
    0x61, 0x10, 0x40, 0x08, 0x61, 0x10, 0x60, 0x08, 0x41, 0x10, 0x41, 0x08,
    0x60, 0x10, 0x61, 0x10, 0x41, 0x08, 0x40, 0x08, 0x40, 0x08, 0x41, 0x08,
    0x40, 0x08, 0x40, 0x10, 0x61, 0x10, 0x41, 0x08, 0x41, 0x08, 0x40, 0x10,
    0x41, 0x10, 0x41, 0x08, 0x60, 0x10, 0x41, 0x08, 0x41, 0x08, 0x60, 0x08,
    0x41, 0x08, 0x40, 0x08, 0x40, 0x08, 0x40, 0x08, 0x40, 0x08, 0x61, 0x08,
    0x60, 0x10, 0x40, 0x08, 0x61, 0x08, 0x61, 0x10, 0x41, 0x10, 0x61, 0x08,
    0x61, 0x10, 0x61, 0x08, 0x61, 0x08, 0x61, 0x10, 0x61, 0x10, 0x61, 0x10,
    0x61, 0x10, 0x61, 0x10, 0x61, 0x08, 0x61, 0x10, 0x61, 0x10, 0x61, 0x08,
    0x61, 0x10, 0x61, 0x08, 0x61, 0x10, 0x61, 0x10, 0x61, 0x08, 0x61, 0x10,
    0x61, 0x08, 0x61, 0x10, 0x61, 0x10, 0x61, 0x08, 0x61, 0x10, 0x61, 0x10,
    0x61, 0x10, 0x40, 0x08, 0x61, 0x10, 0x61, 0x08, 0x40, 0x08, 0x61, 0x10,
    0x61, 0x10, 0x60, 0x10, 0x41, 0x08, 0x61, 0x10, 0x40, 0x10, 0x60, 0x08,
    0x40, 0x08, 0x41, 0x08, 0x60, 0x10, 0x40, 0x08, 0x61, 0x10, 0x60, 0x08,
    0x61, 0x08, 0x61, 0x10, 0x60, 0x10, 0x61, 0x10, 0x60, 0x08, 0x61, 0x08,
    0x60, 0x10, 0x60, 0x08, 0x41, 0x08, 0x40, 0x10, 0x61, 0x08, 0x41, 0x08,
    0x60, 0x10, 0x61, 0x10, 0x61, 0x08, 0x61, 0x08, 0x41, 0x10, 0x41, 0x10,
    0x61, 0x08, 0x61, 0x10, 0x41, 0x08, 0x60, 0x08, 0x41, 0x08, 0x61, 0x10,
    0x60, 0x10, 0x61, 0x10, 0x61, 0x10, 0x61, 0x08, 0x41, 0x08, 0x61, 0x10,
    0x41, 0x08, 0x40, 0x08, 0x61, 0x10, 0x60, 0x10, 0x61, 0x10, 0x40, 0x08,
    0x41, 0x08, 0x61, 0x10, 0x61, 0x08, 0x61, 0x08, 0x60, 0x10, 0x41, 0x08,
    0x41, 0x08, 0x61, 0x10, 0x61, 0x10, 0x60, 0x08, 0x61, 0x10, 0x61, 0x08,
    0x61, 0x10, 0x61, 0x10, 0x81, 0x08, 0x61, 0x10, 0x61, 0x08, 0x81, 0x08,
    0x81, 0x10, 0x61, 0x10, 0x61, 0x10, 0x61, 0x08, 0x61, 0x08, 0x60, 0x10,
    0x61, 0x10, 0x41, 0x08, 0x40, 0x08, 0x61, 0x08, 0x60, 0x10, 0x60, 0x08,
    0x62, 0x10, 0x82, 0x10, 0x82, 0x10, 0x82, 0x10, 0x61, 0x10, 0x82, 0x10,
    0x62, 0x10, 0x61, 0x10, 0x82, 0x10, 0x82, 0x10, 0x81, 0x10, 0x81, 0x10,
    0x82, 0x10, 0x81, 0x10, 0x82, 0x10, 0x82, 0x10, 0x82, 0x10, 0x81, 0x10,
    0x82, 0x10, 0x82, 0x10, 0x82, 0x10, 0x82, 0x10, 0x62, 0x10, 0x82, 0x10,
    0x82, 0x10, 0x61, 0x10, 0x62, 0x10, 0x82, 0x10, 0x61, 0x10, 0x61, 0x10,
    0x61, 0x10, 0x82, 0x10, 0x81, 0x10, 0x81, 0x10, 0x61, 0x10, 0x82, 0x10,
    0x82, 0x10, 0x61, 0x08, 0x61, 0x10, 0x81, 0x10, 0x81, 0x10, 0x82, 0x10,
    0x81, 0x10, 0x61, 0x10, 0x82, 0x10, 0x82, 0x10, 0x61, 0x10, 0x82, 0x10,
    0x61, 0x10, 0x61, 0x10, 0x61, 0x10, 0x81, 0x10, 0x62, 0x10, 0x61, 0x10,
    0x82, 0x10, 0x61, 0x10, 0x61, 0x08, 0x62, 0x10, 0x62, 0x10, 0x61, 0x10,
    0x61, 0x10, 0x61, 0x08, 0x41, 0x08, 0x61, 0x10, 0x41, 0x10, 0x61, 0x08,
    0x41, 0x08, 0x61, 0x10, 0x41, 0x08, 0x61, 0x10, 0x40, 0x08, 0x61, 0x08,
    0x40, 0x10, 0x40, 0x10, 0x41, 0x10, 0x61, 0x10, 0x60, 0x08, 0x61, 0x10,
    0x40, 0x10, 0x61, 0x08, 0x41, 0x08, 0x60, 0x10, 0x61, 0x10, 0x40, 0x08,
    0x61, 0x10, 0x61, 0x10, 0x41, 0x08, 0x41, 0x08, 0x61, 0x10, 0x40, 0x08,
    0x61, 0x10, 0x41, 0x10, 0x60, 0x10, 0x40, 0x08, 0x41, 0x08, 0x61, 0x10,
    0x60, 0x08, 0x41, 0x10, 0x40, 0x08, 0x61, 0x10, 0x41, 0x08, 0x41, 0x08,
    0x41, 0x08, 0x41, 0x08, 0x61, 0x10, 0x60, 0x10, 0x40, 0x08, 0x41, 0x10,
    0x60, 0x08, 0x61, 0x08, 0x40, 0x08, 0x40, 0x08, 0x41, 0x10, 0x61, 0x08,
    0x61, 0x08, 0x40, 0x08, 0x61, 0x10, 0x41, 0x10, 0x41, 0x08, 0x40, 0x08,
    0x40, 0x08, 0x41, 0x10, 0x41, 0x08, 0x40, 0x08, 0x41, 0x10, 0x60, 0x08,
    0x40, 0x08, 0x41, 0x10, 0x61, 0x10, 0x61, 0x10, 0x60, 0x08, 0x60, 0x10,
    0x61, 0x10, 0x61, 0x08, 0x61, 0x10, 0x61, 0x10, 0x61, 0x08, 0x61, 0x10,
    0x61, 0x08, 0x81, 0x10, 0x61, 0x10, 0x61, 0x10, 0x61, 0x10, 0x61, 0x10,
    0x61, 0x08, 0x61, 0x10, 0x61, 0x10, 0x61, 0x08, 0x61, 0x08, 0x61, 0x10,
    0x61, 0x10, 0x61, 0x10, 0x61, 0x10, 0x61, 0x10, 0x61, 0x10, 0x61, 0x10,
    0x61, 0x10, 0x61, 0x10, 0x61, 0x10, 0x61, 0x10, 0x60, 0x08, 0x60, 0x08,
    0x41, 0x08, 0x61, 0x10, 0x60, 0x10, 0x61, 0x08, 0x61, 0x10, 0x61, 0x10,
    0x41, 0x08, 0x41, 0x08, 0x61, 0x10, 0x61, 0x10, 0x61, 0x08, 0x41, 0x10,
    0x60, 0x10, 0x61, 0x08, 0x61, 0x10, 0x60, 0x10, 0x61, 0x08, 0x61, 0x08,
    0x41, 0x10, 0x60, 0x10, 0x61, 0x08, 0x61, 0x08, 0x40, 0x08, 0x61, 0x10,
    0x61, 0x08, 0x60, 0x10, 0x60, 0x10, 0x61, 0x10, 0x41, 0x10, 0x60, 0x08,
    0x60, 0x10, 0x61, 0x08, 0x61, 0x10, 0x40, 0x08, 0x61, 0x10, 0x61, 0x08,
    0x61, 0x08, 0x61, 0x08, 0x60, 0x10, 0x60, 0x10, 0x61, 0x10, 0x41, 0x08,
    0x61, 0x10, 0x61, 0x10, 0x61, 0x10, 0x61, 0x08, 0x61, 0x10, 0x60, 0x10,
    0x41, 0x08, 0x61, 0x10, 0x61, 0x10, 0x61, 0x08, 0x61, 0x10, 0x61, 0x10,
    0x40, 0x08, 0x61, 0x10, 0x61, 0x08, 0x61, 0x10, 0x61, 0x10, 0x61, 0x08,
    0x61, 0x10, 0x61, 0x10, 0x81, 0x10, 0x61, 0x08, 0x61, 0x10, 0x61, 0x08,
    0x61, 0x10, 0x61, 0x10, 0x60, 0x08, 0x61, 0x10, 0x40, 0x08, 0x61, 0x08,
    0x61, 0x10, 0x61, 0x08, 0x61, 0x10, 0x41, 0x08, 0x61, 0x10, 0x61, 0x10,
    0x81, 0x10, 0x81, 0x10, 0x82, 0x10, 0x82, 0x10, 0x82, 0x10, 0x82, 0x10,
    0x81, 0x10, 0x61, 0x10, 0x62, 0x10, 0x61, 0x10, 0x82, 0x10, 0x62, 0x10,
    0x82, 0x10, 0x61, 0x10, 0x81, 0x10, 0x82, 0x10, 0x81, 0x10, 0x82, 0x10,
    0x81, 0x10, 0x82, 0x10, 0x81, 0x10, 0x81, 0x10, 0x81, 0x10, 0x61, 0x10,
    0x82, 0x10, 0x81, 0x10, 0x61, 0x10, 0x82, 0x10, 0x82, 0x10, 0x81, 0x10,
    0x61, 0x10, 0x62, 0x10, 0x61, 0x08, 0x82, 0x10, 0x61, 0x10, 0x61, 0x10,
    0x81, 0x10, 0x62, 0x10, 0x61, 0x08, 0x61, 0x10, 0x82, 0x10, 0x61, 0x10,
    0x81, 0x10, 0x61, 0x10, 0x62, 0x10, 0x81, 0x10, 0x81, 0x10, 0x61, 0x10,
    0x61, 0x10, 0x61, 0x08, 0x61, 0x08, 0x81, 0x10, 0x61, 0x10, 0x61, 0x10,
    0x61, 0x08, 0x61, 0x08, 0x61, 0x10, 0x61, 0x10, 0x61, 0x08, 0x61, 0x10,
    0x61, 0x10, 0x61, 0x08, 0x61, 0x10, 0x41, 0x08, 0x61, 0x10, 0x61, 0x08,
    0x40, 0x08, 0x40, 0x08, 0x61, 0x08, 0x41, 0x10, 0x40, 0x08, 0x41, 0x10,
    0x41, 0x08, 0x41, 0x08, 0x41, 0x10, 0x41, 0x08, 0x41, 0x08, 0x41, 0x08,
    0x40, 0x08, 0x61, 0x10, 0x40, 0x08, 0x41, 0x08, 0x61, 0x10, 0x61, 0x08,
    0x41, 0x08, 0x40, 0x08, 0x40, 0x08, 0x61, 0x10, 0x61, 0x10, 0x61, 0x10,
    0x61, 0x08, 0x61, 0x10, 0x60, 0x08, 0x41, 0x08, 0x40, 0x08, 0x61, 0x10,
    0x41, 0x10, 0x61, 0x08, 0x61, 0x10, 0x40, 0x08, 0x60, 0x08, 0x61, 0x10,
    0x60, 0x08, 0x40, 0x08, 0x40, 0x08, 0x61, 0x08, 0x41, 0x08, 0x40, 0x10,
    0x40, 0x08, 0x41, 0x08, 0x40, 0x08, 0x40, 0x08, 0x40, 0x08, 0x60, 0x08,
    0x41, 0x08, 0x40, 0x08, 0x40, 0x08, 0x60, 0x10, 0x41, 0x08, 0x40, 0x08,
    0x41, 0x10, 0x40, 0x08, 0x40, 0x08, 0x41, 0x08, 0x40, 0x08, 0x40, 0x08,
    0x61, 0x08, 0x41, 0x08, 0x60, 0x10, 0x61, 0x08, 0x61, 0x08, 0x61, 0x10,
    0x61, 0x08, 0x61, 0x10, 0x61, 0x10, 0x61, 0x10, 0x61, 0x08, 0x60, 0x08,
    0x61, 0x08, 0x61, 0x08, 0x61, 0x08, 0x61, 0x08, 0x61, 0x08, 0x61, 0x10,
    0x61, 0x10, 0x61, 0x08, 0x61, 0x10, 0x61, 0x10, 0x60, 0x08, 0x61, 0x10,
    0x81, 0x10, 0x61, 0x10, 0x61, 0x08, 0x61, 0x08, 0x61, 0x10, 0x61, 0x08,
    0x61, 0x10, 0x61, 0x10, 0x61, 0x08, 0x60, 0x08, 0x61, 0x10, 0x61, 0x08,
    0x61, 0x10, 0x41, 0x08, 0x60, 0x08, 0x61, 0x10, 0x61, 0x08, 0x60, 0x10,
    0x61, 0x10, 0x60, 0x08, 0x61, 0x10, 0x61, 0x08, 0x40, 0x08, 0x41, 0x08,
    0x60, 0x08, 0x41, 0x08, 0x61, 0x08, 0x61, 0x10, 0x61, 0x10, 0x61, 0x10,
    0x60, 0x08, 0x41, 0x08, 0x41, 0x10, 0x60, 0x10, 0x60, 0x08, 0x61, 0x10,
    0x40, 0x08, 0x60, 0x08, 0x61, 0x08, 0x40, 0x08, 0x61, 0x08, 0x40, 0x08,
    0x61, 0x10, 0x41, 0x08, 0x40, 0x08, 0x61, 0x10, 0x41, 0x10, 0x61, 0x10,
    0x61, 0x10, 0x40, 0x08, 0x61, 0x08, 0x61, 0x10, 0x61, 0x10, 0x40, 0x08,
    0x61, 0x08, 0x61, 0x10, 0x61, 0x08, 0x60, 0x10, 0x61, 0x08, 0x61, 0x08,
    0x60, 0x10, 0x60, 0x08, 0x60, 0x10, 0x61, 0x08, 0x60, 0x10, 0x61, 0x10,
    0x41, 0x08, 0x61, 0x08, 0x60, 0x10, 0x40, 0x08, 0x61, 0x08, 0x61, 0x10,
    0x61, 0x10, 0x81, 0x10, 0x61, 0x10, 0x61, 0x10, 0x61, 0x10, 0x61, 0x08,
    0x61, 0x08, 0x61, 0x10, 0x61, 0x10, 0x40, 0x08, 0x40, 0x10, 0x61, 0x10,
    0x61, 0x08, 0x60, 0x10, 0x41, 0x08, 0x61, 0x08, 0x60, 0x10, 0x40, 0x08,
    0x81, 0x08, 0x82, 0x10, 0x82, 0x10, 0x81, 0x10, 0x81, 0x10, 0x81, 0x10,
    0x81, 0x10, 0x81, 0x10, 0x81, 0x10, 0x82, 0x10, 0x81, 0x10, 0x62, 0x10,
    0x61, 0x10, 0x62, 0x10, 0x82, 0x10, 0x81, 0x10, 0x62, 0x10, 0x82, 0x10,
    0x82, 0x10, 0x81, 0x10, 0x62, 0x10, 0x82, 0x10, 0x82, 0x10, 0x81, 0x10,
    0x82, 0x10, 0x82, 0x10, 0x61, 0x10, 0x81, 0x10, 0x61, 0x10, 0x82, 0x10,
    0x81, 0x10, 0x61, 0x10, 0x61, 0x08, 0x61, 0x10, 0x62, 0x10, 0x81, 0x08,
    0x81, 0x10, 0x82, 0x10, 0x62, 0x10, 0x81, 0x10, 0x62, 0x10, 0x81, 0x10,
    0x61, 0x08, 0x61, 0x08, 0x61, 0x08, 0x81, 0x10, 0x61, 0x10, 0x61, 0x10,
    0x61, 0x10, 0x61, 0x10, 0x61, 0x10, 0x61, 0x08, 0x61, 0x08, 0x61, 0x10,
    0x61, 0x10, 0x61, 0x10, 0x61, 0x10, 0x61, 0x08, 0x61, 0x08, 0x61, 0x10,
    0x61, 0x08, 0x61, 0x08, 0x61, 0x10, 0x61, 0x08, 0x61, 0x10, 0x41, 0x08,
    0x40, 0x10, 0x61, 0x10, 0x40, 0x08, 0x61, 0x08, 0x61, 0x10, 0x61, 0x08,
    0x41, 0x08, 0x61, 0x10, 0x60, 0x08, 0x40, 0x08, 0x40, 0x10, 0x60, 0x08,
    0x61, 0x08, 0x41, 0x10, 0x61, 0x08, 0x40, 0x08, 0x61, 0x10, 0x61, 0x10,
    0x61, 0x10, 0x61, 0x10, 0x61, 0x08, 0x61, 0x08, 0x61, 0x10, 0x61, 0x10,
    0x60, 0x08, 0x61, 0x08, 0x61, 0x10, 0x61, 0x10, 0x60, 0x08, 0x40, 0x08,
    0x41, 0x10, 0x61, 0x08, 0x41, 0x10, 0x40, 0x08, 0x41, 0x08, 0x41, 0x10,
    0x60, 0x10, 0x41, 0x08, 0x41, 0x08, 0x61, 0x10, 0x40, 0x08, 0x41, 0x08,
    0x61, 0x10, 0x60, 0x10, 0x61, 0x10, 0x41, 0x10, 0x41, 0x08, 0x61, 0x10,
    0x41, 0x10, 0x41, 0x08, 0x60, 0x10, 0x61, 0x08, 0x41, 0x08, 0x40, 0x10,
    0x61, 0x08, 0x41, 0x08, 0x60, 0x08, 0x41, 0x10, 0x61, 0x10, 0x40, 0x08,
    0x41, 0x10, 0x40, 0x08, 0x40, 0x08, 0x41, 0x08, 0x61, 0x10, 0x60, 0x08,
    0x40, 0x08, 0x61, 0x08, 0x61, 0x10, 0x61, 0x10, 0x61, 0x08, 0x40, 0x08,
    0x61, 0x10, 0x61, 0x10, 0x61, 0x10, 0x61, 0x08, 0x61, 0x10, 0x61, 0x10,
    0x61, 0x08, 0x61, 0x10, 0x61, 0x10, 0x61, 0x08, 0x61, 0x10, 0x61, 0x10,
    0x61, 0x10, 0x60, 0x10, 0x61, 0x10, 0x61, 0x10, 0x60, 0x10, 0x60, 0x08,
    0x61, 0x08, 0x61, 0x10, 0x61, 0x10, 0x61, 0x10, 0x61, 0x10, 0x61, 0x10,
    0x61, 0x08, 0x61, 0x10, 0x61, 0x08, 0x61, 0x08, 0x61, 0x10, 0x40, 0x08,
    0x61, 0x08, 0x60, 0x10, 0x61, 0x10, 0x61, 0x10, 0x61, 0x10, 0x61, 0x10,
    0x61, 0x10, 0x61, 0x10, 0x40, 0x08, 0x41, 0x08, 0x61, 0x10, 0x60, 0x10,
    0x61, 0x08, 0x41, 0x10, 0x41, 0x10, 0x61, 0x08, 0x41, 0x10, 0x41, 0x10,
    0x61, 0x10, 0x61, 0x08, 0x41, 0x10, 0x41, 0x10, 0x60, 0x08, 0x40, 0x08,
    0x41, 0x10, 0x60, 0x08, 0x41, 0x08, 0x61, 0x10, 0x60, 0x08, 0x41, 0x10,
    0x61, 0x10, 0x60, 0x08, 0x41, 0x08, 0x61, 0x10, 0x61, 0x08, 0x61, 0x08,
    0x61, 0x10, 0x61, 0x10, 0x61, 0x10, 0x61, 0x10, 0x61, 0x10, 0x61, 0x10,
    0x61, 0x10, 0x61, 0x08, 0x61, 0x08, 0x60, 0x10, 0x61, 0x08, 0x61, 0x10,
    0x61, 0x08, 0x60, 0x08, 0x61, 0x10, 0x41, 0x10, 0x61, 0x08, 0x60, 0x10,
    0x61, 0x10, 0x61, 0x08, 0x81, 0x10, 0x61, 0x10, 0x61, 0x08, 0x61, 0x10,
    0x61, 0x08, 0x61, 0x10, 0x61, 0x10, 0x61, 0x08, 0x60, 0x08, 0x61, 0x10,
    0x61, 0x08, 0x60, 0x10, 0x61, 0x10, 0x61, 0x08, 0x61, 0x08, 0x61, 0x10,
    0x82, 0x10, 0x82, 0x10, 0x81, 0x10, 0x82, 0x10, 0x82, 0x10, 0x82, 0x10,
    0x82, 0x10, 0x81, 0x10, 0x82, 0x10, 0x81, 0x10, 0x81, 0x10, 0x81, 0x10,
    0x61, 0x10, 0x81, 0x10, 0x82, 0x10, 0x82, 0x10, 0x81, 0x10, 0x82, 0x10,
    0x82, 0x10, 0x82, 0x10, 0x82, 0x10, 0x81, 0x10, 0x82, 0x10, 0x82, 0x10,
    0x82, 0x10, 0x81, 0x10, 0x82, 0x10, 0x62, 0x10, 0x61, 0x10, 0x82, 0x10,
    0x61, 0x10, 0x61, 0x10, 0x81, 0x10, 0x61, 0x10, 0x62, 0x08, 0x62, 0x10,
    0x61, 0x10, 0x61, 0x10, 0x61, 0x10, 0x61, 0x08, 0x61, 0x08, 0x61, 0x10,
    0x61, 0x08, 0x61, 0x10, 0x61, 0x10, 0x61, 0x08, 0x61, 0x08, 0x61, 0x08,
    0x61, 0x08, 0x61, 0x10, 0x61, 0x08, 0x61, 0x10, 0x61, 0x08, 0x61, 0x08,
    0x41, 0x08, 0x61, 0x08, 0x61, 0x08, 0x61, 0x08, 0x61, 0x10, 0x61, 0x10,
    0x61, 0x08, 0x41, 0x10, 0x41, 0x08, 0x61, 0x10, 0x41, 0x08, 0x61, 0x08,
    0x61, 0x08, 0x61, 0x10, 0x61, 0x08, 0x40, 0x08, 0x40, 0x10, 0x61, 0x10,
    0x40, 0x08, 0x61, 0x10, 0x40, 0x08, 0x61, 0x10, 0x41, 0x10, 0x60, 0x10,
    0x61, 0x08, 0x60, 0x10, 0x61, 0x10, 0x40, 0x08, 0x61, 0x08, 0x41, 0x08,
    0x60, 0x10, 0x61, 0x08, 0x61, 0x10, 0x60, 0x08, 0x41, 0x10, 0x61, 0x10,
    0x40, 0x08, 0x41, 0x10, 0x61, 0x10, 0x60, 0x10, 0x41, 0x08, 0x41, 0x10,
    0x40, 0x08, 0x61, 0x08, 0x41, 0x10, 0x40, 0x08, 0x61, 0x08, 0x41, 0x10,
    0x60, 0x08, 0x61, 0x10, 0x40, 0x10, 0x40, 0x10, 0x40, 0x08, 0x40, 0x08,
    0x41, 0x08, 0x40, 0x08, 0x40, 0x08, 0x41, 0x08, 0x41, 0x08, 0x40, 0x08,
    0x61, 0x10, 0x61, 0x10, 0x61, 0x08, 0x41, 0x08, 0x41, 0x10, 0x41, 0x10,
    0x60, 0x08, 0x41, 0x10, 0x40, 0x08, 0x40, 0x08, 0x41, 0x10, 0x41, 0x10,
    0x40, 0x08, 0x61, 0x10, 0x60, 0x10, 0x40, 0x08, 0x41, 0x10, 0x41, 0x08,
    0x40, 0x10, 0x61, 0x10, 0x61, 0x08, 0x61, 0x10, 0x61, 0x08, 0x41, 0x10,
    0x41, 0x08, 0x60, 0x10, 0x60, 0x08, 0x61, 0x10, 0x60, 0x10, 0x61, 0x08,
    0x61, 0x10, 0x61, 0x08, 0x41, 0x10, 0x61, 0x10, 0x61, 0x10, 0x61, 0x08,
    0x60, 0x08, 0x61, 0x10, 0x61, 0x08, 0x60, 0x10, 0x61, 0x08, 0x61, 0x10,
    0x61, 0x08, 0x61, 0x08, 0x60, 0x10, 0x61, 0x08, 0x61, 0x10, 0x61, 0x10,
    0x61, 0x08, 0x61, 0x10, 0x41, 0x10, 0x60, 0x08, 0x61, 0x10, 0x61, 0x10,
    0x61, 0x10, 0x61, 0x08, 0x41, 0x08, 0x61, 0x08, 0x60, 0x10, 0x61, 0x08,
    0x60, 0x08, 0x40, 0x10, 0x61, 0x10, 0x60, 0x08, 0x61, 0x08, 0x61, 0x10,
    0x60, 0x08, 0x60, 0x08, 0x61, 0x08, 0x41, 0x08, 0x40, 0x08, 0x61, 0x08,
    0x61, 0x10, 0x41, 0x10, 0x61, 0x08, 0x60, 0x10, 0x41, 0x10, 0x61, 0x08,
    0x61, 0x10, 0x60, 0x10, 0x40, 0x08, 0x61, 0x08, 0x41, 0x08, 0x60, 0x10,
    0x41, 0x08, 0x61, 0x10, 0x60, 0x10, 0x41, 0x08, 0x40, 0x10, 0x61, 0x10,
    0x61, 0x10, 0x61, 0x10, 0x61, 0x08, 0x61, 0x08, 0x60, 0x10, 0x61, 0x10,
    0x61, 0x10, 0x61, 0x10, 0x61, 0x10, 0x61, 0x10, 0x61, 0x10, 0x61, 0x08,
    0x61, 0x10, 0x41, 0x08, 0x61, 0x10, 0x61, 0x08, 0x61, 0x10, 0x61, 0x10,
    0x61, 0x10, 0x81, 0x08, 0x81, 0x10, 0x61, 0x10, 0x61, 0x08, 0x61, 0x10,
    0x61, 0x10, 0x61, 0x08, 0x61, 0x10, 0x61, 0x08, 0x61, 0x08, 0x40, 0x10,
    0x61, 0x08, 0x41, 0x08, 0x60, 0x10, 0x41, 0x10, 0x61, 0x08, 0x61, 0x10,
    0x61, 0x10, 0x81, 0x10, 0x82, 0x10, 0x62, 0x10, 0x81, 0x10, 0x61, 0x10,
    0x62, 0x10, 0x61, 0x10, 0x82, 0x10, 0x81, 0x10, 0x82, 0x18, 0x82, 0x18,
    0x81, 0x10, 0x81, 0x10, 0x82, 0x10, 0x81, 0x10, 0x82, 0x10, 0x61, 0x10,
    0x81, 0x10, 0x82, 0x10, 0x82, 0x10, 0x81, 0x10, 0x61, 0x10, 0x82, 0x10,
    0x81, 0x10, 0x61, 0x10, 0x62, 0x10, 0x81, 0x10, 0x81, 0x10, 0x62, 0x10,
    0x81, 0x10, 0x62, 0x08, 0x61, 0x08, 0x61, 0x10, 0x61, 0x10, 0x61, 0x10,
    0x61, 0x08, 0x61, 0x10, 0x61, 0x08, 0x61, 0x10, 0x61, 0x10, 0x61, 0x10,
    0x61, 0x10, 0x61, 0x08, 0x61, 0x10, 0x61, 0x10, 0x61, 0x08, 0x61, 0x10,
    0x61, 0x08, 0x61, 0x08, 0x61, 0x10, 0x41, 0x10, 0x60, 0x10, 0x61, 0x08,
    0x61, 0x10, 0x61, 0x08, 0x41, 0x10, 0x60, 0x08, 0x41, 0x08, 0x41, 0x08,
    0x41, 0x10, 0x61, 0x08, 0x61, 0x10, 0x61, 0x08, 0x40, 0x08, 0x40, 0x08,
    0x61, 0x10, 0x40, 0x08, 0x41, 0x08, 0x61, 0x10, 0x41, 0x08, 0x41, 0x08,
    0x41, 0x10, 0x41, 0x08, 0x61, 0x10, 0x41, 0x08, 0x61, 0x08, 0x61, 0x10,
    0x40, 0x08, 0x61, 0x10, 0x60, 0x08, 0x61, 0x08, 0x61, 0x10, 0x60, 0x08,
    0x41, 0x08, 0x61, 0x10, 0x61, 0x10, 0x61, 0x10, 0x61, 0x08, 0x61, 0x10,
    0x61, 0x10, 0x61, 0x08, 0x61, 0x10, 0x60, 0x10, 0x41, 0x10, 0x40, 0x08,
    0x40, 0x08, 0x40, 0x10, 0x40, 0x08, 0x41, 0x08, 0x61, 0x10, 0x60, 0x08,
    0x40, 0x08, 0x41, 0x08, 0x61, 0x08, 0x40, 0x08, 0x41, 0x10, 0x61, 0x08,
    0x40, 0x08, 0x41, 0x08, 0x40, 0x08, 0x40, 0x08, 0x61, 0x08, 0x60, 0x08,
    0x40, 0x08, 0x41, 0x10, 0x61, 0x10, 0x40, 0x08, 0x41, 0x08, 0x41, 0x08,
    0x60, 0x10, 0x41, 0x08, 0x41, 0x10, 0x40, 0x10, 0x60, 0x08, 0x41, 0x08,
    0x40, 0x08, 0x61, 0x08, 0x61, 0x08, 0x60, 0x08, 0x60, 0x08, 0x61, 0x10,
    0x61, 0x08, 0x61, 0x10, 0x61, 0x10, 0x61, 0x10, 0x60, 0x08, 0x41, 0x08,
    0x61, 0x10, 0x61, 0x08, 0x60, 0x10, 0x61, 0x10, 0x61, 0x08, 0x60, 0x10,
    0x61, 0x10, 0x60, 0x08, 0x41, 0x08, 0x60, 0x08, 0x61, 0x10, 0x60, 0x08,
    0x61, 0x10, 0x61, 0x10, 0x61, 0x10, 0x61, 0x08, 0x61, 0x08, 0x61, 0x10,
    0x61, 0x10, 0x40, 0x08, 0x61, 0x08, 0x61, 0x10, 0x61, 0x08, 0x61, 0x10,
    0x61, 0x08, 0x60, 0x08, 0x61, 0x10, 0x61, 0x10, 0x40, 0x08, 0x61, 0x08,
    0x61, 0x10, 0x60, 0x10, 0x61, 0x08, 0x61, 0x10, 0x60, 0x08, 0x41, 0x08,
    0x61, 0x08, 0x41, 0x08, 0x61, 0x10, 0x41, 0x10, 0x60, 0x08, 0x61, 0x08,
    0x41, 0x10, 0x40, 0x08, 0x61, 0x10, 0x60, 0x10, 0x40, 0x08, 0x41, 0x08,
    0x60, 0x08, 0x40, 0x08, 0x60, 0x10, 0x61, 0x10, 0x41, 0x08, 0x60, 0x08,
    0x61, 0x08, 0x60, 0x10, 0x41, 0x08, 0x40, 0x10, 0x61, 0x10, 0x60, 0x10,
    0x61, 0x08, 0x60, 0x08, 0x61, 0x10, 0x40, 0x08, 0x41, 0x08, 0x60, 0x08,
    0x61, 0x10, 0x61, 0x08, 0x61, 0x10, 0x61, 0x08, 0x61, 0x08, 0x60, 0x10,
    0x61, 0x08, 0x61, 0x10, 0x61, 0x10, 0x60, 0x08, 0x61, 0x10, 0x61, 0x10,
    0x60, 0x08, 0x41, 0x10, 0x61, 0x08, 0x61, 0x10, 0x61, 0x08, 0x61, 0x10,
    0x61, 0x08, 0x61, 0x10, 0x61, 0x10, 0x61, 0x08, 0x81, 0x10, 0x61, 0x10,
    0x61, 0x10, 0x61, 0x10, 0x60, 0x08, 0x61, 0x10, 0x40, 0x08, 0x40, 0x10,
    0x61, 0x08, 0x61, 0x08, 0x61, 0x10, 0x61, 0x08, 0x40, 0x08, 0x61, 0x10,
    0x61, 0x10, 0x62, 0x10, 0x82, 0x10, 0x81, 0x10, 0x81, 0x10, 0x82, 0x10,
    0x82, 0x10, 0x82, 0x10, 0x81, 0x10, 0x62, 0x10, 0x81, 0x10, 0x82, 0x18,
    0x82, 0x10, 0x81, 0x10, 0x81, 0x10, 0x62, 0x10, 0x81, 0x10, 0x61, 0x10,
    0x61, 0x10, 0x82, 0x10, 0x81, 0x10, 0x81, 0x10, 0x82, 0x10, 0x82, 0x10,
    0x82, 0x10, 0x82, 0x10, 0x61, 0x10, 0x61, 0x10, 0x82, 0x10, 0x61, 0x08,
    0x62, 0x10, 0x61, 0x10, 0x61, 0x08, 0x61, 0x10, 0x61, 0x10, 0x61, 0x08,
    0x81, 0x10, 0x61, 0x10, 0x62, 0x10, 0x61, 0x08, 0x61, 0x10, 0x61, 0x08,
    0x61, 0x08, 0x61, 0x10, 0x61, 0x10, 0x61, 0x10, 0x61, 0x10, 0x61, 0x10,
    0x61, 0x10, 0x61, 0x10, 0x61, 0x08, 0x41, 0x08, 0x61, 0x10, 0x61, 0x10,
    0x40, 0x08, 0x41, 0x10, 0x40, 0x10, 0x61, 0x10, 0x40, 0x08, 0x61, 0x08,
    0x61, 0x08, 0x61, 0x10, 0x61, 0x10, 0x41, 0x08, 0x61, 0x10, 0x61, 0x10,
    0x40, 0x08, 0x40, 0x08, 0x41, 0x10, 0x61, 0x10, 0x61, 0x08, 0x41, 0x08,
    0x61, 0x10, 0x60, 0x08, 0x40, 0x10, 0x60, 0x10, 0x60, 0x08, 0x41, 0x08,
    0x41, 0x10, 0x61, 0x10, 0x41, 0x08, 0x61, 0x10, 0x61, 0x10, 0x40, 0x08,
    0x61, 0x10, 0x61, 0x08, 0x41, 0x08, 0x61, 0x10, 0x60, 0x08, 0x60, 0x10,
    0x61, 0x10, 0x61, 0x10, 0x60, 0x08, 0x61, 0x08, 0x60, 0x10, 0x61, 0x08,
    0x61, 0x10, 0x61, 0x08, 0x61, 0x08, 0x61, 0x10, 0x40, 0x10, 0x41, 0x08,
    0x61, 0x10, 0x41, 0x10, 0x41, 0x08, 0x61, 0x10, 0x40, 0x08, 0x41, 0x08,
    0x41, 0x10, 0x60, 0x10, 0x41, 0x10, 0x41, 0x10, 0x60, 0x10, 0x41, 0x08,
    0x41, 0x08, 0x61, 0x10, 0x40, 0x10, 0x41, 0x10, 0x61, 0x08, 0x61, 0x10,
    0x60, 0x10, 0x61, 0x10, 0x61, 0x08, 0x61, 0x10, 0x41, 0x10, 0x40, 0x10,
    0x40, 0x10, 0x41, 0x08, 0x41, 0x10, 0x41, 0x08, 0x41, 0x08, 0x60, 0x10,
    0x40, 0x08, 0x60, 0x08, 0x61, 0x10, 0x61, 0x08, 0x41, 0x08, 0x40, 0x10,
    0x60, 0x10, 0x61, 0x08, 0x41, 0x08, 0x61, 0x10, 0x61, 0x08, 0x60, 0x10,
    0x61, 0x10, 0x61, 0x08, 0x61, 0x10, 0x60, 0x10, 0x61, 0x10, 0x61, 0x10,
    0x61, 0x10, 0x61, 0x08, 0x60, 0x08, 0x61, 0x10, 0x41, 0x10, 0x60, 0x08,
    0x61, 0x10, 0x61, 0x10, 0x61, 0x10, 0x61, 0x10, 0x60, 0x10, 0x61, 0x08,
    0x61, 0x10, 0x60, 0x08, 0x61, 0x08, 0x61, 0x10, 0x61, 0x08, 0x41, 0x08,
    0x60, 0x08, 0x41, 0x08, 0x60, 0x10, 0x61, 0x10, 0x41, 0x10, 0x61, 0x10,
    0x61, 0x10, 0x40, 0x08, 0x60, 0x08, 0x61, 0x10, 0x61, 0x10, 0x60, 0x08,
    0x61, 0x10, 0x61, 0x10, 0x61, 0x08, 0x41, 0x10, 0x61, 0x10, 0x61, 0x10,
    0x41, 0x08, 0x40, 0x08, 0x61, 0x10, 0x41, 0x08, 0x40, 0x08, 0x41, 0x10,
    0x61, 0x10, 0x61, 0x08, 0x41, 0x10, 0x60, 0x08, 0x61, 0x08, 0x61, 0x10,
    0x40, 0x10, 0x61, 0x10, 0x41, 0x08, 0x61, 0x10, 0x61, 0x10, 0x60, 0x08,
    0x61, 0x10, 0x61, 0x10, 0x61, 0x10, 0x61, 0x10, 0x61, 0x08, 0x61, 0x08,
    0x61, 0x10, 0x61, 0x08, 0x61, 0x10, 0x61, 0x08, 0x61, 0x10, 0x60, 0x10,
    0x61, 0x08, 0x60, 0x10, 0x61, 0x10, 0x61, 0x08, 0x61, 0x10, 0x61, 0x08,
    0x60, 0x08, 0x61, 0x10, 0x61, 0x08, 0x60, 0x08, 0x61, 0x10, 0x60, 0x08,
    0x61, 0x08, 0x61, 0x10, 0x61, 0x10, 0x60, 0x08, 0x61, 0x10, 0x61, 0x10,
    0x61, 0x10, 0x61, 0x08, 0x61, 0x10, 0x60, 0x10, 0x41, 0x08, 0x61, 0x08,
    0x62, 0x10, 0x81, 0x10, 0x61, 0x10, 0x82, 0x10, 0x81, 0x10, 0x61, 0x10,
    0x82, 0x10, 0x82, 0x10, 0x81, 0x10, 0x81, 0x10, 0x81, 0x10, 0x61, 0x10,
    0x81, 0x10, 0x61, 0x10, 0x82, 0x10, 0x82, 0x10, 0x81, 0x10, 0x81, 0x10,
    0x82, 0x10, 0x61, 0x10, 0x61, 0x10, 0x62, 0x10, 0x61, 0x10, 0x61, 0x10,
    0x82, 0x10, 0x61, 0x10, 0x81, 0x10, 0x61, 0x10, 0x61, 0x10, 0x61, 0x10,
    0x61, 0x10, 0x61, 0x10, 0x61, 0x08, 0x61, 0x10, 0x61, 0x10, 0x61, 0x10,
    0x61, 0x10, 0x61, 0x08, 0x61, 0x10, 0x81, 0x10, 0x61, 0x08, 0x61, 0x10,
    0x61, 0x08, 0x61, 0x10, 0x61, 0x08, 0x61, 0x08, 0x61, 0x10, 0x41, 0x08,
    0x61, 0x10, 0x61, 0x08, 0x61, 0x08, 0x61, 0x10, 0x61, 0x08, 0x41, 0x08,
    0x40, 0x08, 0x61, 0x10, 0x61, 0x08, 0x61, 0x10, 0x60, 0x10, 0x61, 0x10,
    0x40, 0x08, 0x40, 0x08, 0x41, 0x10, 0x41, 0x08, 0x61, 0x08, 0x60, 0x10,
    0x41, 0x08, 0x61, 0x08, 0x40, 0x10, 0x40, 0x08, 0x61, 0x10, 0x41, 0x10,
    0x61, 0x08, 0x60, 0x08, 0x41, 0x08, 0x41, 0x08, 0x60, 0x10, 0x41, 0x08,
    0x60, 0x08, 0x40, 0x10, 0x61, 0x08, 0x41, 0x08, 0x61, 0x10, 0x61, 0x08,
    0x61, 0x10, 0x60, 0x10, 0x61, 0x10, 0x61, 0x08, 0x61, 0x08, 0x60, 0x08,
    0x61, 0x10, 0x61, 0x10, 0x61, 0x10, 0x60, 0x10, 0x41, 0x08, 0x40, 0x08,
    0x41, 0x10, 0x41, 0x08, 0x61, 0x10, 0x40, 0x10, 0x61, 0x08, 0x61, 0x08,
    0x61, 0x10, 0x60, 0x08, 0x60, 0x10, 0x61, 0x10, 0x40, 0x08, 0x60, 0x08,
    0x41, 0x10, 0x60, 0x08, 0x61, 0x08, 0x60, 0x10, 0x41, 0x10, 0xa1, 0x10,
    0xa2, 0x18, 0x03, 0x21, 0xe3, 0x20, 0x61, 0x10, 0x61, 0x10, 0x61, 0x10,
    0x61, 0x10, 0x61, 0x10, 0x60, 0x10, 0x61, 0x10, 0x61, 0x10, 0x61, 0x10,
    0x40, 0x08, 0x40, 0x08, 0x60, 0x10, 0x41, 0x10, 0x41, 0x08, 0x60, 0x08,
    0x61, 0x10, 0x61, 0x10, 0x61, 0x08, 0x40, 0x10, 0x61, 0x10, 0x61, 0x08,
    0x61, 0x10, 0x60, 0x08, 0x61, 0x10, 0x60, 0x10, 0x61, 0x08, 0x61, 0x10,
    0x60, 0x08, 0x61, 0x08, 0x61, 0x10, 0x60, 0x10, 0x61, 0x08, 0x61, 0x10,
    0x61, 0x08, 0x61, 0x10, 0x60, 0x08, 0x60, 0x08, 0x41, 0x10, 0x61, 0x08,
    0x60, 0x08, 0x41, 0x08, 0x60, 0x08, 0x61, 0x10, 0x61, 0x10, 0x61, 0x08,
    0x61, 0x10, 0x40, 0x10, 0x61, 0x08, 0x60, 0x08, 0x40, 0x10, 0x61, 0x10,
    0x61, 0x10, 0x60, 0x08, 0x61, 0x08, 0x61, 0x08, 0x60, 0x10, 0x60, 0x08,
    0x61, 0x08, 0x60, 0x10, 0x61, 0x08, 0x61, 0x08, 0x41, 0x10, 0x60, 0x08,
    0x61, 0x10, 0x61, 0x08, 0x60, 0x08, 0x40, 0x08, 0x41, 0x08, 0x61, 0x08,
    0x60, 0x10, 0x61, 0x10, 0x41, 0x08, 0x60, 0x08, 0x60, 0x10, 0x61, 0x10,
    0x40, 0x08, 0x41, 0x08, 0x61, 0x10, 0x60, 0x08, 0x41, 0x08, 0x41, 0x08,
    0x40, 0x08, 0x60, 0x10, 0x41, 0x08, 0x60, 0x10, 0x61, 0x10, 0x61, 0x10,
    0x40, 0x10, 0x61, 0x10, 0x60, 0x08, 0x41, 0x10, 0x60, 0x10, 0x61, 0x08,
    0x41, 0x10, 0x60, 0x08, 0x61, 0x08, 0x61, 0x10, 0x60, 0x10, 0x61, 0x08,
    0x41, 0x08, 0x61, 0x10, 0x60, 0x10, 0x61, 0x08, 0x61, 0x10, 0x60, 0x10,
    0x41, 0x08, 0x61, 0x10, 0x60, 0x08, 0x61, 0x10, 0x61, 0x10, 0x60, 0x08,
    0x60, 0x08, 0x41, 0x08, 0x61, 0x10, 0x61, 0x10, 0x61, 0x08, 0x40, 0x08,
    0x60, 0x08, 0x40, 0x08, 0x61, 0x10, 0x40, 0x08, 0x61, 0x08, 0x41, 0x10,
    0x61, 0x10, 0x61, 0x08, 0x81, 0x10, 0x62, 0x10, 0x82, 0x10, 0x81, 0x10,
    0x61, 0x10, 0x82, 0x10, 0x62, 0x10, 0x82, 0x10, 0x82, 0x10, 0x82, 0x10,
    0x82, 0x10, 0x81, 0x10, 0x61, 0x10, 0x62, 0x10, 0x82, 0x10, 0x82, 0x10,
    0x82, 0x10, 0x61, 0x10, 0x81, 0x10, 0x82, 0x10, 0x61, 0x10, 0x81, 0x10,
    0x62, 0x10, 0x81, 0x10, 0x81, 0x10, 0x61, 0x10, 0x61, 0x08, 0x61, 0x10,
    0x81, 0x10, 0x61, 0x10, 0x61, 0x10, 0x61, 0x08, 0x82, 0x10, 0x61, 0x10,
    0x61, 0x10, 0x61, 0x08, 0x61, 0x10, 0x61, 0x10, 0x61, 0x10, 0x61, 0x10,
    0x61, 0x10, 0x61, 0x08, 0x62, 0x10, 0x61, 0x10, 0x61, 0x08, 0x61, 0x10,
    0x61, 0x10, 0x41, 0x08, 0x61, 0x10, 0x61, 0x10, 0x61, 0x10, 0x61, 0x10,
    0x61, 0x10, 0x61, 0x08, 0x61, 0x10, 0x61, 0x10, 0x61, 0x08, 0x61, 0x10,
    0x61, 0x08, 0x40, 0x08, 0x60, 0x08, 0x41, 0x10, 0x60, 0x10, 0x41, 0x08,
    0x61, 0x08, 0x61, 0x10, 0x41, 0x08, 0x61, 0x08, 0x61, 0x10, 0x41, 0x08,
    0x40, 0x08, 0x61, 0x10, 0x41, 0x08, 0x61, 0x10, 0x41, 0x10, 0x61, 0x08,
    0x40, 0x10, 0x61, 0x08, 0x60, 0x10, 0x61, 0x10, 0x40, 0x08, 0x61, 0x10,
    0x41, 0x08, 0x61, 0x08, 0x40, 0x10, 0x61, 0x10, 0x61, 0x10, 0x61, 0x08,
    0x61, 0x10, 0x61, 0x08, 0x61, 0x08, 0x41, 0x10, 0x61, 0x10, 0x40, 0x08,
    0x40, 0x08, 0x61, 0x10, 0x40, 0x08, 0x40, 0x08, 0x61, 0x10, 0x40, 0x08,
    0x61, 0x10, 0x61, 0x08, 0x40, 0x08, 0x61, 0x10, 0x61, 0x10, 0x41, 0x10,
    0x81, 0x10, 0x61, 0x10, 0x81, 0x10, 0x61, 0x10, 0x41, 0x08, 0x61, 0x10,
    0x03, 0x21, 0x81, 0x10, 0x61, 0x10, 0x81, 0x10, 0x61, 0x08, 0x61, 0x10,
    0x40, 0x08, 0x41, 0x08, 0x40, 0x08, 0x40, 0x10, 0x61, 0x10, 0x61, 0x08,
    0x61, 0x08, 0x60, 0x10, 0x61, 0x08, 0x61, 0x10, 0x40, 0x10, 0x61, 0x08,
    0x61, 0x10, 0x41, 0x10, 0x61, 0x08, 0x61, 0x10, 0x61, 0x10, 0x61, 0x10,
    0x60, 0x10, 0x61, 0x10, 0x61, 0x10, 0x61, 0x08, 0x60, 0x10, 0x61, 0x10,
    0x61, 0x10, 0x60, 0x10, 0x61, 0x08, 0x61, 0x10, 0x61, 0x10, 0x61, 0x10,
    0x61, 0x10, 0x61, 0x10, 0x61, 0x10, 0x61, 0x08, 0x41, 0x10, 0x61, 0x10,
    0x61, 0x10, 0x41, 0x10, 0x61, 0x08, 0x60, 0x10, 0x40, 0x08, 0x61, 0x08,
    0x60, 0x10, 0x61, 0x10, 0x41, 0x08, 0x41, 0x10, 0x60, 0x10, 0x61, 0x08,
    0x61, 0x10, 0x41, 0x10, 0x61, 0x10, 0x60, 0x08, 0x40, 0x08, 0x61, 0x10,
    0x61, 0x08, 0x41, 0x10, 0x61, 0x10, 0x60, 0x08, 0x41, 0x10, 0x61, 0x10,
    0x60, 0x08, 0x61, 0x10, 0x61, 0x10, 0x40, 0x10, 0x40, 0x08, 0x61, 0x08,
    0x40, 0x08, 0x61, 0x10, 0x41, 0x08, 0x60, 0x10, 0x61, 0x08, 0x41, 0x08,
    0x60, 0x08, 0x60, 0x10, 0x61, 0x10, 0x61, 0x10, 0x41, 0x08, 0x61, 0x10,
    0x61, 0x08, 0x61, 0x08, 0x60, 0x10, 0x41, 0x10, 0x60, 0x08, 0x61, 0x08,
    0x61, 0x10, 0x61, 0x10, 0x60, 0x08, 0x61, 0x08, 0x41, 0x10, 0x60, 0x08,
    0x61, 0x10, 0x41, 0x10, 0x61, 0x08, 0x61, 0x08, 0x61, 0x10, 0x61, 0x10,
    0x60, 0x08, 0x41, 0x08, 0x61, 0x08, 0x60, 0x10, 0x61, 0x08, 0x41, 0x08,
    0x41, 0x08, 0x41, 0x08, 0x61, 0x10, 0x41, 0x08, 0x61, 0x10, 0x61, 0x10,
    0x40, 0x08, 0x61, 0x10, 0x60, 0x08, 0x41, 0x08, 0x61, 0x10, 0x61, 0x10,
    0x61, 0x08, 0x61, 0x10, 0x61, 0x10, 0x61, 0x08, 0x61, 0x10, 0x61, 0x10,
    0x61, 0x10, 0x61, 0x10, 0x81, 0x10, 0x61, 0x10, 0x61, 0x10, 0x82, 0x10,
    0x61, 0x10, 0x81, 0x10, 0x82, 0x10, 0x82, 0x10, 0x81, 0x10, 0x62, 0x10,
    0x82, 0x10, 0x61, 0x10, 0x61, 0x10, 0x61, 0x10, 0x61, 0x10, 0x61, 0x10,
    0x61, 0x10, 0x82, 0x10, 0x61, 0x10, 0x81, 0x10, 0x82, 0x10, 0x61, 0x10,
    0x82, 0x10, 0x62, 0x10, 0x61, 0x10, 0x81, 0x10, 0x82, 0x10, 0x61, 0x08,
    0x82, 0x10, 0x61, 0x10, 0x61, 0x08, 0x81, 0x10, 0x82, 0x10, 0x61, 0x08,
    0x61, 0x10, 0x81, 0x10, 0x81, 0x08, 0x61, 0x10, 0x61, 0x08, 0x61, 0x10,
    0x61, 0x10, 0x61, 0x08, 0x61, 0x10, 0x61, 0x10, 0x61, 0x08, 0x61, 0x10,
    0x61, 0x08, 0x61, 0x10, 0x41, 0x10, 0x61, 0x08, 0x61, 0x10, 0x61, 0x08,
    0x60, 0x08, 0x41, 0x10, 0x41, 0x08, 0x61, 0x10, 0x40, 0x10, 0x61, 0x08,
    0x61, 0x10, 0x41, 0x10, 0x60, 0x08, 0x61, 0x10, 0x61, 0x10, 0x60, 0x08,
    0x40, 0x08, 0x41, 0x10, 0x60, 0x08, 0x60, 0x08, 0x61, 0x10, 0x61, 0x08,
    0x61, 0x10, 0x40, 0x10, 0x60, 0x08, 0x61, 0x10, 0x60, 0x08, 0x40, 0x08,
    0x41, 0x08, 0x40, 0x08, 0x41, 0x08, 0x41, 0x10, 0x41, 0x08, 0x61, 0x10,
    0x61, 0x08, 0x61, 0x10, 0x61, 0x10, 0x61, 0x08, 0x61, 0x10, 0x40, 0x08,
    0x60, 0x10, 0x60, 0x08, 0x61, 0x10, 0x40, 0x08, 0x60, 0x10, 0x61, 0x10,
    0x61, 0x08, 0x41, 0x10, 0x61, 0x08, 0x61, 0x08, 0x40, 0x10, 0x41, 0x10,
    0x61, 0x10, 0x61, 0x08, 0x61, 0x08, 0x60, 0x10, 0x60, 0x08, 0x61, 0x08,
    0x81, 0x10, 0x61, 0x10, 0x61, 0x10, 0x61, 0x10, 0x61, 0x10, 0xe3, 0x20,
    0xc2, 0x18, 0x82, 0x10, 0xa2, 0x18, 0xa2, 0x18, 0x81, 0x10, 0x61, 0x10,
    0x61, 0x08, 0x40, 0x08, 0x20, 0x08, 0x40, 0x08, 0x60, 0x10, 0x61, 0x10,
    0x61, 0x10, 0x40, 0x08, 0x61, 0x08, 0x61, 0x10, 0x40, 0x08, 0x41, 0x08,
    0x40, 0x10, 0x60, 0x08, 0x61, 0x10, 0x61, 0x10, 0x40, 0x08, 0x61, 0x08,
    0x60, 0x10, 0x61, 0x08, 0x60, 0x08, 0x61, 0x10, 0x60, 0x10, 0x61, 0x08,
    0x61, 0x10, 0x61, 0x10, 0x61, 0x10, 0x61, 0x10, 0x61, 0x10, 0x61, 0x10,
    0x61, 0x08, 0x61, 0x08, 0x61, 0x10, 0x61, 0x08, 0x61, 0x10, 0x60, 0x10,
    0x40, 0x08, 0x41, 0x08, 0x61, 0x10, 0x61, 0x10, 0x61, 0x08, 0x61, 0x08,
    0x61, 0x10, 0x61, 0x10, 0x40, 0x08, 0x61, 0x08, 0x61, 0x08, 0x40, 0x08,
    0x60, 0x08, 0x61, 0x10, 0x41, 0x10, 0x60, 0x08, 0x61, 0x10, 0x41, 0x10,
    0x60, 0x08, 0x60, 0x10, 0x41, 0x08, 0x40, 0x10, 0x60, 0x10, 0x61, 0x08,
    0x60, 0x08, 0x40, 0x08, 0x41, 0x10, 0x61, 0x10, 0x61, 0x10, 0x60, 0x10,
    0x61, 0x08, 0x41, 0x08, 0x60, 0x08, 0x41, 0x08, 0x41, 0x10, 0x61, 0x08,
    0x41, 0x08, 0x41, 0x08, 0x60, 0x10, 0x61, 0x08, 0x40, 0x08, 0x60, 0x10,
    0x41, 0x08, 0x41, 0x08, 0x60, 0x08, 0x41, 0x08, 0x41, 0x10, 0x61, 0x08,
    0x60, 0x10, 0x61, 0x08, 0x60, 0x08, 0x61, 0x10, 0x61, 0x08, 0x60, 0x08,
    0x41, 0x10, 0x61, 0x10, 0x61, 0x08, 0x61, 0x08, 0x41, 0x10, 0x60, 0x10,
    0x61, 0x08, 0x60, 0x10, 0x41, 0x10, 0x61, 0x10, 0x61, 0x10, 0x60, 0x08,
    0x60, 0x10, 0x61, 0x08, 0x61, 0x10, 0x40, 0x08, 0x61, 0x08, 0x41, 0x08,
    0x61, 0x10, 0x60, 0x10, 0x61, 0x08, 0x60, 0x08, 0x61, 0x10, 0x41, 0x10,
    0x61, 0x08, 0x61, 0x10, 0x41, 0x08, 0x60, 0x10, 0x61, 0x08, 0x61, 0x10,
    0x81, 0x10, 0x61, 0x10, 0x81, 0x10, 0x82, 0x08, 0x61, 0x10, 0x82, 0x10,
    0x62, 0x10, 0x81, 0x10, 0x61, 0x10, 0x82, 0x10, 0x61, 0x10, 0x61, 0x10,
    0x81, 0x10, 0x81, 0x10, 0x81, 0x10, 0x81, 0x10, 0x61, 0x10, 0x81, 0x10,
    0x81, 0x10, 0x62, 0x10, 0x61, 0x10, 0x62, 0x10, 0x82, 0x10, 0x82, 0x10,
    0x81, 0x10, 0x81, 0x10, 0x62, 0x10, 0x81, 0x10, 0x61, 0x10, 0x81, 0x10,
    0x61, 0x10, 0x61, 0x08, 0x61, 0x10, 0x61, 0x10, 0x61, 0x10, 0x61, 0x10,
    0x61, 0x10, 0x62, 0x10, 0x61, 0x08, 0x61, 0x10, 0x61, 0x10, 0x62, 0x10,
    0x61, 0x08, 0x61, 0x10, 0x61, 0x10, 0x61, 0x08, 0x61, 0x10, 0x61, 0x10,
    0x61, 0x08, 0x61, 0x10, 0x61, 0x08, 0x61, 0x08, 0x41, 0x10, 0x61, 0x08,
    0x61, 0x10, 0x61, 0x08, 0x40, 0x08, 0x61, 0x10, 0x61, 0x08, 0x60, 0x10,
    0x40, 0x08, 0x61, 0x10, 0x41, 0x08, 0x40, 0x08, 0x61, 0x10, 0x61, 0x08,
    0x61, 0x10, 0x61, 0x10, 0x41, 0x08, 0x61, 0x10, 0x61, 0x10, 0x41, 0x08,
    0x61, 0x08, 0x61, 0x08, 0x41, 0x08, 0x60, 0x08, 0x41, 0x10, 0x60, 0x08,
    0x61, 0x10, 0x40, 0x10, 0x60, 0x08, 0x40, 0x08, 0x61, 0x08, 0x61, 0x10,
    0x61, 0x10, 0x41, 0x08, 0x60, 0x10, 0x61, 0x10, 0x61, 0x08, 0x41, 0x08,
    0x61, 0x10, 0x61, 0x10, 0x61, 0x08, 0x61, 0x08, 0x60, 0x10, 0x41, 0x10,
    0x40, 0x10, 0x61, 0x08, 0x60, 0x08, 0x41, 0x10, 0x61, 0x08, 0x40, 0x08,
    0x40, 0x08, 0x40, 0x08, 0x41, 0x10, 0x60, 0x10, 0x61, 0x10, 0x41, 0x10,
    0x61, 0x10, 0x61, 0x10, 0x40, 0x10, 0x61, 0x10, 0x61, 0x10, 0xa2, 0x18,
    0xc2, 0x18, 0xe3, 0x20, 0xc2, 0x18, 0x41, 0x08, 0xc2, 0x18, 0xc2, 0x18,
    0x61, 0x10, 0x81, 0x10, 0x41, 0x10, 0x41, 0x08, 0x61, 0x08, 0x61, 0x10,
    0x60, 0x10, 0x61, 0x08, 0x61, 0x10, 0x61, 0x10, 0x61, 0x08, 0x61, 0x10,
    0x61, 0x10, 0x61, 0x08, 0x61, 0x10, 0x61, 0x10, 0x60, 0x08, 0x60, 0x08,
    0x61, 0x10, 0x60, 0x08, 0x60, 0x08, 0x61, 0x10, 0x61, 0x10, 0x61, 0x10,
    0x61, 0x08, 0x60, 0x10, 0x61, 0x10, 0x61, 0x08, 0x61, 0x10, 0x60, 0x10,
    0x61, 0x08, 0x61, 0x10, 0x60, 0x08, 0x60, 0x08, 0x61, 0x10, 0x61, 0x08,
    0x60, 0x08, 0x61, 0x10, 0x61, 0x10, 0x61, 0x10, 0x61, 0x10, 0x60, 0x10,
    0x61, 0x10, 0x61, 0x10, 0x61, 0x10, 0x61, 0x10, 0x40, 0x10, 0x61, 0x10,
    0x61, 0x10, 0x60, 0x08, 0x61, 0x08, 0x61, 0x10, 0x61, 0x08, 0x40, 0x08,
    0x61, 0x10, 0x61, 0x08, 0x60, 0x08, 0x61, 0x10, 0x41, 0x08, 0x60, 0x10,
    0x61, 0x10, 0x41, 0x08, 0x61, 0x10, 0x60, 0x08, 0x61, 0x08, 0x61, 0x10,
    0x60, 0x10, 0x40, 0x08, 0x61, 0x10, 0x60, 0x10, 0x60, 0x10, 0x61, 0x10,
    0x40, 0x08, 0x40, 0x08, 0x61, 0x10, 0x61, 0x10, 0x61, 0x08, 0x40, 0x08,
    0x40, 0x10, 0x61, 0x10, 0x61, 0x08, 0x41, 0x08, 0x40, 0x10, 0x60, 0x10,
    0x61, 0x08, 0x40, 0x10, 0x61, 0x10, 0x61, 0x08, 0x40, 0x10, 0x41, 0x08,
    0x41, 0x08, 0x60, 0x10, 0x61, 0x10, 0x61, 0x08, 0x40, 0x08, 0x61, 0x10,
    0x61, 0x08, 0x61, 0x10, 0x61, 0x08, 0x61, 0x08, 0x61, 0x10, 0x60, 0x08,
    0x40, 0x08, 0x61, 0x10, 0x61, 0x08, 0x60, 0x10, 0x61, 0x10, 0x60, 0x08,
    0x61, 0x08, 0x40, 0x10, 0x61, 0x08, 0x61, 0x10, 0x41, 0x08, 0x61, 0x10,
    0x61, 0x08, 0x61, 0x08, 0x61, 0x10, 0x61, 0x10, 0x60, 0x08, 0x60, 0x08,
    0x61, 0x10, 0x62, 0x10, 0x81, 0x10, 0x61, 0x10, 0x81, 0x10, 0x82, 0x10,
    0x82, 0x10, 0x81, 0x10, 0x61, 0x10, 0x62, 0x10, 0x82, 0x10, 0x61, 0x10,
    0x61, 0x10, 0x82, 0x10, 0x61, 0x10, 0x81, 0x10, 0x82, 0x10, 0x61, 0x10,
    0x81, 0x10, 0x81, 0x10, 0x61, 0x10, 0x82, 0x10, 0x81, 0x10, 0x61, 0x10,
    0x61, 0x10, 0x81, 0x10, 0x61, 0x10, 0x61, 0x10, 0x81, 0x10, 0x61, 0x08,
    0x81, 0x10, 0x61, 0x10, 0x61, 0x08, 0x61, 0x10, 0x61, 0x10, 0x81, 0x10,
    0x61, 0x08, 0x81, 0x10, 0x61, 0x10, 0x61, 0x10, 0x61, 0x08, 0x61, 0x10,
    0x61, 0x08, 0x61, 0x10, 0x61, 0x08, 0x61, 0x10, 0x61, 0x10, 0x61, 0x08,
    0x41, 0x08, 0x41, 0x08, 0x61, 0x10, 0x61, 0x10, 0x61, 0x08, 0x41, 0x10,
    0x61, 0x10, 0x61, 0x08, 0x60, 0x10, 0x61, 0x10, 0x61, 0x08, 0x41, 0x08,
    0x60, 0x10, 0x61, 0x08, 0x60, 0x08, 0x60, 0x10, 0x60, 0x08, 0x61, 0x08,
    0x61, 0x10, 0x61, 0x08, 0x41, 0x08, 0x61, 0x10, 0x61, 0x08, 0x60, 0x08,
    0x61, 0x10, 0x61, 0x10, 0x60, 0x10, 0x41, 0x10, 0x41, 0x08, 0x61, 0x10,
    0x40, 0x08, 0x41, 0x08, 0x61, 0x10, 0x60, 0x10, 0x40, 0x08, 0x41, 0x08,
    0x61, 0x10, 0x60, 0x08, 0x41, 0x10, 0x61, 0x10, 0x61, 0x10, 0x60, 0x08,
    0x61, 0x10, 0x41, 0x10, 0x60, 0x10, 0x61, 0x08, 0x61, 0x08, 0x61, 0x10,
    0x60, 0x08, 0x41, 0x10, 0x41, 0x08, 0x60, 0x08, 0x41, 0x10, 0x61, 0x08,
    0x61, 0x10, 0x61, 0x10, 0x61, 0x10, 0x61, 0x10, 0x61, 0x10, 0x61, 0x10,
    0x61, 0x10, 0x61, 0x10, 0x61, 0x10, 0x81, 0x10, 0x61, 0x10, 0xe3, 0x20,
    0xc3, 0x18, 0x44, 0x29, 0xa2, 0x18, 0x61, 0x10, 0x61, 0x10, 0xa2, 0x18,
    0x81, 0x18, 0x41, 0x10, 0x20, 0x08, 0x40, 0x08, 0x61, 0x10, 0x81, 0x10,
    0x61, 0x10, 0x61, 0x10, 0x61, 0x10, 0x60, 0x08, 0x61, 0x10, 0x61, 0x10,
    0x41, 0x08, 0x41, 0x08, 0x61, 0x10, 0x61, 0x10, 0x61, 0x08, 0x40, 0x08,
    0x41, 0x10, 0x61, 0x10, 0x61, 0x10, 0x61, 0x10, 0x61, 0x08, 0x60, 0x10,
    0x61, 0x10, 0x61, 0x10, 0x60, 0x08, 0x61, 0x08, 0x61, 0x10, 0x61, 0x08,
    0x61, 0x10, 0x61, 0x10, 0x41, 0x10, 0x40, 0x08, 0x61, 0x10, 0x61, 0x08,
    0x41, 0x08, 0x60, 0x10, 0x60, 0x08, 0x41, 0x08, 0x40, 0x08, 0x61, 0x10,
    0x60, 0x08, 0x60, 0x08, 0x61, 0x08, 0x60, 0x10, 0x40, 0x08, 0x61, 0x08,
    0x40, 0x10, 0x61, 0x10, 0x60, 0x08, 0x41, 0x10, 0x61, 0x10, 0x61, 0x10,
    0x40, 0x08, 0x40, 0x08, 0x61, 0x10, 0x61, 0x08, 0x60, 0x10, 0x41, 0x10,
    0x61, 0x08, 0x60, 0x08, 0x60, 0x10, 0x60, 0x08, 0x60, 0x08, 0x41, 0x10,
    0x61, 0x08, 0x40, 0x08, 0x61, 0x10, 0x60, 0x08, 0x60, 0x08, 0x61, 0x10,
    0x61, 0x10, 0x61, 0x08, 0x61, 0x10, 0x61, 0x10, 0x61, 0x08, 0x41, 0x08,
    0x41, 0x08, 0x61, 0x10, 0x60, 0x08, 0x61, 0x10, 0x41, 0x08, 0x61, 0x08,
    0x41, 0x08, 0x60, 0x10, 0x61, 0x08, 0x61, 0x10, 0x60, 0x10, 0x40, 0x08,
    0x61, 0x08, 0x60, 0x10, 0x60, 0x10, 0x61, 0x10, 0x60, 0x08, 0x41, 0x08,
    0x61, 0x10, 0x41, 0x08, 0x40, 0x08, 0x61, 0x10, 0x61, 0x08, 0x41, 0x08,
    0x40, 0x10, 0x60, 0x10, 0x61, 0x08, 0x41, 0x08, 0x61, 0x10, 0x61, 0x10,
    0x61, 0x08, 0x41, 0x08, 0x60, 0x10, 0x61, 0x10, 0x60, 0x08, 0x61, 0x10,
    0x60, 0x08, 0x41, 0x10, 0x61, 0x10, 0x61, 0x10, 0x61, 0x08, 0x61, 0x10,
    0x61, 0x10, 0x81, 0x10, 0x62, 0x08, 0x61, 0x10, 0x61, 0x10, 0x61, 0x10,
    0x81, 0x10, 0x81, 0x10, 0x62, 0x10, 0x81, 0x10, 0x82, 0x10, 0x81, 0x10,
    0x61, 0x10, 0x82, 0x10, 0x61, 0x10, 0x61, 0x08, 0x61, 0x10, 0x61, 0x10,
    0x61, 0x10, 0x81, 0x10, 0x81, 0x10, 0x61, 0x10, 0x81, 0x10, 0x62, 0x10,
    0x81, 0x10, 0x61, 0x10, 0x81, 0x10, 0x61, 0x08, 0x62, 0x10, 0x82, 0x10,
    0x61, 0x10, 0x61, 0x10, 0x81, 0x10, 0x82, 0x10, 0x82, 0x10, 0x81, 0x10,
    0x81, 0x10, 0x61, 0x10, 0x61, 0x10, 0x81, 0x10, 0x61, 0x08, 0x61, 0x10,
    0x61, 0x10, 0x61, 0x08, 0x61, 0x10, 0x61, 0x08, 0x61, 0x10, 0x61, 0x10,
    0x61, 0x10, 0x61, 0x10, 0x61, 0x08, 0x41, 0x08, 0x61, 0x10, 0x61, 0x08,
    0x61, 0x10, 0x61, 0x10, 0x61, 0x10, 0x40, 0x08, 0x61, 0x10, 0x61, 0x10,
    0x61, 0x10, 0x60, 0x08, 0x61, 0x10, 0x41, 0x08, 0x61, 0x08, 0x41, 0x10,
    0x61, 0x10, 0x60, 0x08, 0x61, 0x10, 0x41, 0x10, 0x60, 0x08, 0x41, 0x10,
    0x61, 0x10, 0x60, 0x08, 0x40, 0x10, 0x60, 0x08, 0x61, 0x10, 0x40, 0x08,
    0x60, 0x08, 0x41, 0x08, 0x41, 0x10, 0x61, 0x08, 0x61, 0x10, 0x61, 0x10,
    0x61, 0x08, 0x61, 0x08, 0x61, 0x10, 0x61, 0x08, 0x61, 0x08, 0x40, 0x08,
    0x60, 0x10, 0x61, 0x10, 0x40, 0x10, 0x60, 0x10, 0x41, 0x08, 0x61, 0x10,
    0x60, 0x08, 0x41, 0x08, 0x61, 0x10, 0x40, 0x08, 0x40, 0x08, 0x61, 0x10,
    0x61, 0x08, 0x61, 0x10, 0x61, 0x10, 0x61, 0x10, 0x61, 0x10, 0x40, 0x08,
    0xe3, 0x20, 0x24, 0x29, 0xe3, 0x20, 0x81, 0x10, 0x61, 0x10, 0x20, 0x08,
    0x41, 0x10, 0xa2, 0x18, 0x64, 0x31, 0xe3, 0x20, 0xa2, 0x18, 0xa2, 0x20,
    0x21, 0x08, 0x41, 0x08, 0x61, 0x10, 0x61, 0x10, 0x61, 0x10, 0x41, 0x08,
    0x81, 0x10, 0x61, 0x10, 0x61, 0x08, 0x61, 0x10, 0x61, 0x10, 0x61, 0x08,
    0x61, 0x10, 0x61, 0x08, 0x60, 0x10, 0x61, 0x10, 0x40, 0x10, 0x61, 0x08,
    0x61, 0x08, 0x40, 0x10, 0x60, 0x10, 0x60, 0x08, 0x61, 0x10, 0x40, 0x08,
    0x61, 0x10, 0x61, 0x10, 0x61, 0x08, 0x61, 0x10, 0x60, 0x08, 0x61, 0x10,
    0x61, 0x08, 0x61, 0x08, 0x41, 0x10, 0x41, 0x08, 0x60, 0x08, 0x61, 0x10,
    0x41, 0x08, 0x40, 0x08, 0x41, 0x08, 0x61, 0x10, 0x60, 0x10, 0x61, 0x08,
    0x41, 0x10, 0x60, 0x10, 0x61, 0x10, 0x61, 0x08, 0x61, 0x08, 0x61, 0x10,
    0x61, 0x08, 0x60, 0x08, 0x41, 0x10, 0x60, 0x08, 0x40, 0x08, 0x41, 0x10,
    0x61, 0x10, 0x40, 0x10, 0x40, 0x08, 0x61, 0x10, 0x60, 0x10, 0x61, 0x08,
    0x61, 0x10, 0x61, 0x10, 0x60, 0x08, 0x41, 0x08, 0x61, 0x10, 0x41, 0x10,
    0x40, 0x08, 0x41, 0x08, 0x61, 0x10, 0x41, 0x08, 0x61, 0x08, 0x60, 0x10,
    0x61, 0x08, 0x61, 0x10, 0x40, 0x08, 0x40, 0x08, 0x40, 0x10, 0x61, 0x08,
    0x61, 0x10, 0x40, 0x08, 0x41, 0x08, 0x61, 0x10, 0x60, 0x08, 0x41, 0x08,
    0x41, 0x10, 0x61, 0x08, 0x41, 0x08, 0x40, 0x08, 0x61, 0x08, 0x61, 0x10,
    0x41, 0x10, 0x61, 0x08, 0x41, 0x08, 0x61, 0x10, 0x40, 0x08, 0x41, 0x08,
    0x41, 0x10, 0x60, 0x10, 0x61, 0x08, 0x61, 0x10, 0x60, 0x10, 0x61, 0x08,
    0x61, 0x10, 0x61, 0x08, 0x61, 0x10, 0x60, 0x10, 0x41, 0x10, 0x61, 0x08,
    0x61, 0x10, 0x61, 0x10, 0x60, 0x08, 0x61, 0x08, 0x61, 0x10, 0x61, 0x10,
    0x60, 0x08, 0x61, 0x08, 0x61, 0x08, 0x61, 0x08, 0x61, 0x10, 0x61, 0x10,
    0x81, 0x10, 0x81, 0x10, 0x81, 0x10, 0x82, 0x10, 0x82, 0x10, 0x81, 0x10,
    0x62, 0x10, 0x82, 0x10, 0x61, 0x10, 0x81, 0x10, 0x81, 0x10, 0x62, 0x10,
    0x82, 0x10, 0x81, 0x10, 0x61, 0x10, 0x81, 0x10, 0x82, 0x10, 0x61, 0x10,
    0x82, 0x10, 0x61, 0x10, 0x62, 0x10, 0x82, 0x10, 0x82, 0x10, 0x82, 0x10,
    0x61, 0x10, 0x81, 0x10, 0x61, 0x08, 0x81, 0x10, 0x61, 0x10, 0x61, 0x10,
    0x81, 0x10, 0x81, 0x08, 0x81, 0x10, 0x61, 0x10, 0x62, 0x10, 0x81, 0x10,
    0x61, 0x10, 0x61, 0x08, 0x61, 0x10, 0x61, 0x10, 0x61, 0x10, 0x81, 0x10,
    0x61, 0x10, 0x61, 0x10, 0x61, 0x10, 0x61, 0x08, 0x61, 0x10, 0x61, 0x10,
    0x61, 0x08, 0x61, 0x10, 0x61, 0x08, 0x61, 0x10, 0x61, 0x10, 0x61, 0x08,
    0x60, 0x08, 0x61, 0x10, 0x61, 0x08, 0x60, 0x08, 0x40, 0x08, 0x61, 0x10,
    0x61, 0x10, 0x40, 0x10, 0x41, 0x08, 0x61, 0x10, 0x61, 0x10, 0x40, 0x10,
    0x61, 0x08, 0x61, 0x10, 0x61, 0x10, 0x61, 0x08, 0x61, 0x10, 0x61, 0x08,
    0x61, 0x10, 0x61, 0x10, 0x61, 0x08, 0x61, 0x10, 0x60, 0x10, 0x41, 0x08,
    0x61, 0x10, 0x60, 0x08, 0x40, 0x10, 0x40, 0x08, 0x40, 0x08, 0x61, 0x10,
    0x40, 0x08, 0x61, 0x10, 0x61, 0x10, 0x61, 0x10, 0x61, 0x08, 0x61, 0x10,
    0x61, 0x10, 0x61, 0x08, 0x61, 0x08, 0x61, 0x10, 0x40, 0x10, 0x61, 0x10,
    0x41, 0x10, 0x60, 0x08, 0x61, 0x10, 0x41, 0x08, 0x61, 0x10, 0x61, 0x10,
    0x61, 0x10, 0x61, 0x08, 0x40, 0x10, 0x61, 0x10, 0x61, 0x10, 0x60, 0x10,
    0xe3, 0x20, 0x40, 0x10, 0x40, 0x10, 0xc2, 0x20, 0xc3, 0x20, 0x61, 0x10,
    0x40, 0x08, 0x81, 0x10, 0x81, 0x10, 0x61, 0x10, 0x40, 0x08, 0xa2, 0x20,
    0xc3, 0x20, 0x40, 0x10, 0x81, 0x18, 0x41, 0x10, 0x61, 0x10, 0x40, 0x08,
    0x40, 0x08, 0x40, 0x08, 0x40, 0x08, 0x61, 0x08, 0x81, 0x10, 0x61, 0x10,
    0x61, 0x10, 0x60, 0x08, 0x61, 0x10, 0x61, 0x10, 0x60, 0x08, 0x60, 0x10,
    0x61, 0x08, 0x60, 0x08, 0x61, 0x10, 0x61, 0x10, 0x60, 0x08, 0x61, 0x10,
    0x40, 0x08, 0x61, 0x08, 0x61, 0x10, 0x60, 0x10, 0x41, 0x08, 0x61, 0x10,
    0x40, 0x08, 0x60, 0x10, 0x61, 0x08, 0x41, 0x08, 0x61, 0x10, 0x40, 0x08,
    0x60, 0x10, 0x61, 0x08, 0x61, 0x10, 0x60, 0x10, 0x61, 0x08, 0x61, 0x08,
    0x60, 0x10, 0x41, 0x08, 0x60, 0x10, 0x61, 0x08, 0x60, 0x10, 0x60, 0x10,
    0x41, 0x08, 0x61, 0x10, 0x61, 0x10, 0x61, 0x10, 0x61, 0x10, 0x60, 0x08,
    0x61, 0x10, 0x61, 0x10, 0x61, 0x08, 0x61, 0x08, 0x40, 0x10, 0x61, 0x10,
    0x40, 0x08, 0x60, 0x10, 0x61, 0x10, 0x41, 0x10, 0x41, 0x08, 0x60, 0x10,
    0x60, 0x10, 0x61, 0x08, 0x60, 0x10, 0x40, 0x08, 0x61, 0x10, 0x41, 0x10,
    0x40, 0x08, 0x60, 0x10, 0x61, 0x10, 0x40, 0x08, 0x61, 0x10, 0x60, 0x10,
    0x40, 0x08, 0x61, 0x10, 0x41, 0x08, 0x61, 0x10, 0x61, 0x10, 0x40, 0x08,
    0x60, 0x10, 0x41, 0x08, 0x61, 0x10, 0x61, 0x08, 0x60, 0x08, 0x60, 0x08,
    0x41, 0x10, 0x60, 0x08, 0x60, 0x08, 0x61, 0x10, 0x60, 0x08, 0x61, 0x08,
    0x61, 0x10, 0x61, 0x08, 0x61, 0x08, 0x61, 0x10, 0x41, 0x08, 0x61, 0x10,
    0x61, 0x10, 0x40, 0x08, 0x61, 0x10, 0x61, 0x08, 0x61, 0x08, 0x40, 0x10,
    0x61, 0x08, 0x61, 0x10, 0x61, 0x08, 0x61, 0x10, 0x61, 0x10, 0x61, 0x08,
    0x61, 0x10, 0x61, 0x10, 0x40, 0x08, 0x61, 0x10, 0x61, 0x08, 0x60, 0x10,
    0x62, 0x10, 0x61, 0x10, 0x61, 0x08, 0x61, 0x10, 0x81, 0x10, 0x81, 0x10,
    0x61, 0x08, 0x62, 0x10, 0x81, 0x10, 0x61, 0x10, 0x81, 0x10, 0x61, 0x10,
    0x81, 0x10, 0x61, 0x10, 0x62, 0x10, 0x81, 0x10, 0x62, 0x10, 0x61, 0x10,
    0x81, 0x10, 0x82, 0x08, 0x81, 0x10, 0x81, 0x10, 0x82, 0x10, 0x61, 0x10,
    0x61, 0x10, 0x82, 0x10, 0x82, 0x10, 0x81, 0x10, 0x61, 0x10, 0x82, 0x10,
    0x62, 0x10, 0x82, 0x10, 0x62, 0x10, 0x81, 0x10, 0x62, 0x10, 0x61, 0x10,
    0x61, 0x10, 0x61, 0x10, 0x81, 0x08, 0x61, 0x10, 0x61, 0x10, 0x61, 0x08,
    0x61, 0x10, 0x61, 0x10, 0x61, 0x10, 0x61, 0x10, 0x61, 0x10, 0x61, 0x10,
    0x61, 0x10, 0x61, 0x10, 0x61, 0x08, 0x41, 0x10, 0x61, 0x08, 0x41, 0x10,
    0x61, 0x10, 0x61, 0x10, 0x61, 0x08, 0x41, 0x10, 0x41, 0x10, 0x61, 0x10,
    0x61, 0x10, 0x61, 0x08, 0x61, 0x10, 0x61, 0x10, 0x61, 0x10, 0x61, 0x10,
    0x61, 0x08, 0x61, 0x10, 0x61, 0x10, 0x61, 0x08, 0x61, 0x10, 0x61, 0x10,
    0x61, 0x08, 0x41, 0x08, 0x41, 0x08, 0x61, 0x10, 0x60, 0x10, 0x41, 0x08,
    0x41, 0x08, 0x60, 0x10, 0x61, 0x08, 0x61, 0x10, 0x61, 0x08, 0x61, 0x08,
    0x61, 0x10, 0x61, 0x10, 0x61, 0x10, 0x60, 0x08, 0x41, 0x10, 0x61, 0x10,
    0x61, 0x10, 0x61, 0x08, 0x60, 0x10, 0x61, 0x10, 0x41, 0x08, 0x60, 0x10,
    0x41, 0x08, 0x61, 0x10, 0x61, 0x08, 0x61, 0x10, 0x82, 0x10, 0x61, 0x10,
    0x60, 0x08, 0x40, 0x10, 0x61, 0x10, 0x23, 0x29, 0x65, 0x31, 0x61, 0x10,
    0x41, 0x10, 0x41, 0x10, 0xa2, 0x18, 0x82, 0x18, 0xa2, 0x18, 0xa2, 0x18,
    0x41, 0x10, 0x61, 0x10, 0x82, 0x18, 0x41, 0x10, 0x41, 0x10, 0x81, 0x18,
    0x24, 0x29, 0x61, 0x18, 0xc2, 0x20, 0xa2, 0x18, 0x20, 0x08, 0x20, 0x08,
    0x41, 0x08, 0x00, 0x00, 0x41, 0x08, 0x40, 0x08, 0x61, 0x10, 0x61, 0x10,
    0x40, 0x08, 0x40, 0x08, 0x61, 0x10, 0x61, 0x10, 0x61, 0x08, 0x60, 0x10,
    0x61, 0x10, 0x41, 0x08, 0x61, 0x10, 0x61, 0x10, 0x60, 0x10, 0x41, 0x08,
    0x61, 0x10, 0x60, 0x08, 0x61, 0x08, 0x61, 0x10, 0x40, 0x08, 0x61, 0x08,
    0x61, 0x10, 0x41, 0x10, 0x60, 0x08, 0x61, 0x10, 0x60, 0x08, 0x61, 0x10,
    0x61, 0x10, 0x61, 0x10, 0x60, 0x10, 0x40, 0x08, 0x61, 0x08, 0x61, 0x10,
    0x60, 0x08, 0x61, 0x08, 0x41, 0x10, 0x60, 0x08, 0x60, 0x08, 0x41, 0x08,
    0x60, 0x10, 0x60, 0x08, 0x61, 0x08, 0x61, 0x10, 0x60, 0x08, 0x60, 0x10,
    0x61, 0x10, 0x61, 0x10, 0x61, 0x10, 0x61, 0x08, 0x61, 0x10, 0x41, 0x08,
    0x41, 0x08, 0x41, 0x08, 0x60, 0x10, 0x41, 0x08, 0x60, 0x08, 0x40, 0x08,
    0x41, 0x08, 0x41, 0x08, 0x40, 0x08, 0x61, 0x10, 0x60, 0x10, 0x61, 0x08,
    0x40, 0x08, 0x41, 0x10, 0x61, 0x08, 0x61, 0x08, 0x40, 0x10, 0x41, 0x08,
    0x61, 0x08, 0x60, 0x10, 0x60, 0x10, 0x61, 0x08, 0x61, 0x10, 0x41, 0x10,
    0x61, 0x08, 0x40, 0x08, 0x41, 0x10, 0x61, 0x10, 0x40, 0x08, 0x61, 0x10,
    0x41, 0x08, 0x41, 0x08, 0x60, 0x10, 0x40, 0x08, 0x61, 0x10, 0x60, 0x10,
    0x61, 0x10, 0x61, 0x08, 0x41, 0x10, 0x61, 0x10, 0x61, 0x08, 0x60, 0x08,
    0x61, 0x10, 0x61, 0x10, 0x61, 0x08, 0x61, 0x08, 0x61, 0x10, 0x61, 0x10,
    0x61, 0x08, 0x61, 0x10, 0x61, 0x10, 0x61, 0x10, 0x60, 0x08, 0x60, 0x10,
    0x61, 0x10, 0x61, 0x10, 0x61, 0x10, 0x61, 0x10, 0x61, 0x10, 0x61, 0x10,
    0x61, 0x10, 0x82, 0x10, 0x61, 0x10, 0x61, 0x08, 0x81, 0x10, 0x61, 0x10,
    0x81, 0x10, 0x81, 0x10, 0x82, 0x10, 0x61, 0x10, 0x81, 0x10, 0x82, 0x10,
    0x61, 0x10, 0x61, 0x10, 0x81, 0x08, 0x61, 0x08, 0x61, 0x10, 0x61, 0x10,
    0x62, 0x10, 0x61, 0x10, 0x61, 0x10, 0x61, 0x10, 0x61, 0x10, 0x81, 0x10,
    0x82, 0x10, 0x81, 0x10, 0x82, 0x10, 0x81, 0x10, 0x61, 0x10, 0x81, 0x10,
    0x82, 0x10, 0x81, 0x10, 0x82, 0x10, 0x82, 0x10, 0x81, 0x10, 0x81, 0x10,
    0x81, 0x10, 0x61, 0x10, 0x81, 0x10, 0x61, 0x10, 0x81, 0x10, 0x81, 0x08,
    0x61, 0x10, 0x61, 0x08, 0x61, 0x10, 0x61, 0x10, 0x61, 0x08, 0x61, 0x08,
    0x61, 0x08, 0x61, 0x10, 0x41, 0x08, 0x60, 0x08, 0x61, 0x10, 0x61, 0x08,
    0x61, 0x08, 0x60, 0x10, 0x61, 0x10, 0x61, 0x08, 0x60, 0x08, 0x61, 0x10,
    0x61, 0x10, 0x60, 0x10, 0x61, 0x10, 0x60, 0x08, 0x60, 0x08, 0x61, 0x10,
    0x61, 0x08, 0x61, 0x10, 0x60, 0x10, 0x61, 0x08, 0x41, 0x10, 0x60, 0x08,
    0x61, 0x10, 0x61, 0x10, 0x61, 0x10, 0x61, 0x08, 0x61, 0x10, 0x40, 0x08,
    0x41, 0x08, 0x40, 0x08, 0x60, 0x10, 0x61, 0x10, 0x40, 0x08, 0x60, 0x10,
    0x61, 0x08, 0x61, 0x10, 0x60, 0x08, 0x61, 0x08, 0x41, 0x08, 0x61, 0x08,
    0x60, 0x08, 0x60, 0x10, 0x61, 0x10, 0x60, 0x08, 0x41, 0x08, 0x60, 0x08,
    0x60, 0x08, 0x41, 0x08, 0x40, 0x10, 0x81, 0x10, 0x61, 0x10, 0x81, 0x10,
    0x61, 0x10, 0x81, 0x10, 0xc2, 0x20, 0xe3, 0x28, 0x03, 0x29, 0xc2, 0x20,
    0xe3, 0x28, 0x81, 0x18, 0x82, 0x18, 0x82, 0x18, 0xe3, 0x20, 0x40, 0x10,
    0x41, 0x10, 0x81, 0x18, 0x81, 0x18, 0x41, 0x10, 0x40, 0x10, 0x81, 0x18,
    0xa2, 0x20, 0x03, 0x29, 0xa2, 0x20, 0xe3, 0x28, 0x41, 0x10, 0xa2, 0x20,
    0xc3, 0x20, 0x82, 0x18, 0x61, 0x10, 0xa2, 0x18, 0xa2, 0x18, 0x81, 0x10,
    0x61, 0x10, 0x40, 0x08, 0x61, 0x10, 0x61, 0x10, 0x61, 0x08, 0x60, 0x08,
    0x60, 0x10, 0x41, 0x08, 0x60, 0x10, 0x60, 0x08, 0x61, 0x10, 0x61, 0x08,
    0x61, 0x10, 0x61, 0x10, 0x40, 0x08, 0x61, 0x10, 0x61, 0x10, 0x61, 0x08,
    0x41, 0x10, 0x61, 0x08, 0x61, 0x10, 0x60, 0x10, 0x61, 0x08, 0x41, 0x08,
    0x60, 0x10, 0x40, 0x08, 0x41, 0x08, 0x61, 0x10, 0x40, 0x10, 0x40, 0x10,
    0x40, 0x08, 0x61, 0x10, 0x61, 0x10, 0x60, 0x10, 0x61, 0x08, 0x41, 0x08,
    0x61, 0x10, 0x61, 0x10, 0x40, 0x08, 0x61, 0x10, 0x61, 0x08, 0x41, 0x10,
    0x61, 0x08, 0x61, 0x10, 0x41, 0x08, 0x40, 0x10, 0x61, 0x10, 0x40, 0x08,
    0x61, 0x10, 0x61, 0x08, 0x61, 0x08, 0x41, 0x10, 0x61, 0x08, 0x61, 0x08,
    0x41, 0x10, 0x41, 0x08, 0x60, 0x08, 0x61, 0x08, 0x40, 0x08, 0x40, 0x08,
    0x61, 0x08, 0x60, 0x10, 0x40, 0x08, 0x61, 0x10, 0x40, 0x08, 0x41, 0x08,
    0x61, 0x10, 0x40, 0x08, 0x60, 0x08, 0x60, 0x08, 0x61, 0x10, 0x61, 0x08,
    0x60, 0x10, 0x41, 0x08, 0x40, 0x08, 0x61, 0x08, 0x61, 0x10, 0x41, 0x08,
    0x61, 0x10, 0x61, 0x08, 0x40, 0x08, 0x61, 0x10, 0x61, 0x08, 0x60, 0x10,
    0x60, 0x10, 0x60, 0x08, 0x40, 0x08, 0x61, 0x10, 0x60, 0x08, 0x41, 0x10,
    0x41, 0x08, 0x60, 0x08, 0x60, 0x10, 0x60, 0x10, 0x61, 0x10, 0x61, 0x08,
    0x40, 0x08, 0x61, 0x10, 0x61, 0x10, 0x61, 0x08, 0x61, 0x10, 0x61, 0x08,
    0x61, 0x08, 0x60, 0x08, 0x61, 0x10, 0x61, 0x10, 0x61, 0x08, 0x61, 0x08,
    0x81, 0x10, 0x81, 0x10, 0x81, 0x10, 0x81, 0x10, 0x62, 0x10, 0x62, 0x10,
    0x81, 0x10, 0x61, 0x08, 0x82, 0x10, 0x81, 0x10, 0x82, 0x10, 0x82, 0x10,
    0x61, 0x10, 0x61, 0x08, 0x82, 0x10, 0x61, 0x10, 0x81, 0x10, 0x82, 0x10,
    0x61, 0x08, 0x81, 0x10, 0x82, 0x10, 0x82, 0x10, 0x82, 0x10, 0x82, 0x10,
    0x82, 0x10, 0x82, 0x10, 0x61, 0x10, 0x81, 0x10, 0x82, 0x10, 0x81, 0x10,
    0x61, 0x10, 0x82, 0x10, 0x82, 0x10, 0x82, 0x10, 0x61, 0x10, 0x62, 0x10,
    0x82, 0x10, 0x61, 0x10, 0x62, 0x10, 0x82, 0x10, 0x81, 0x10, 0x61, 0x10,
    0x61, 0x10, 0x61, 0x08, 0x81, 0x08, 0x61, 0x10, 0x61, 0x10, 0x61, 0x08,
    0x61, 0x10, 0x61, 0x10, 0x61, 0x08, 0x61, 0x10, 0x60, 0x10, 0x61, 0x08,
    0x61, 0x08, 0x41, 0x10, 0x61, 0x10, 0x61, 0x08, 0x61, 0x10, 0x61, 0x08,
    0x60, 0x10, 0x61, 0x10, 0x61, 0x10, 0x60, 0x08, 0x40, 0x08, 0x61, 0x10,
    0x61, 0x10, 0x61, 0x10, 0x61, 0x08, 0x61, 0x10, 0x61, 0x10, 0x60, 0x08,
    0x61, 0x08, 0x61, 0x10, 0x40, 0x08, 0x61, 0x10, 0x60, 0x08, 0x61, 0x10,
    0x61, 0x10, 0x40, 0x08, 0x41, 0x08, 0x40, 0x08, 0x61, 0x10, 0x61, 0x10,
    0x61, 0x10, 0x61, 0x10, 0x61, 0x10, 0x61, 0x10, 0x60, 0x10, 0x61, 0x10,
    0x61, 0x10, 0x61, 0x10, 0x61, 0x08, 0x61, 0x10, 0x61, 0x10, 0x81, 0x10,
    0x41, 0x10, 0x41, 0x08, 0x61, 0x10, 0x61, 0x10, 0x60, 0x08, 0x40, 0x08,
    0xe3, 0x20, 0x24, 0x31, 0xa2, 0x20, 0xc2, 0x20, 0x44, 0x39, 0x24, 0x31,
    0xa2, 0x20, 0x45, 0x31, 0x44, 0x31, 0x24, 0x29, 0xc3, 0x20, 0x61, 0x18,
    0x20, 0x08, 0x61, 0x18, 0xc2, 0x20, 0x41, 0x10, 0x61, 0x10, 0xc3, 0x20,
    0xc2, 0x20, 0x24, 0x31, 0x03, 0x29, 0x24, 0x31, 0xa1, 0x20, 0x61, 0x10,
    0xa2, 0x18, 0x20, 0x08, 0x40, 0x08, 0x81, 0x10, 0x82, 0x18, 0xa2, 0x18,
    0xa2, 0x18, 0xa2, 0x18, 0x61, 0x10, 0x61, 0x10, 0x60, 0x08, 0x61, 0x10,
    0x61, 0x08, 0x60, 0x10, 0x61, 0x10, 0x60, 0x10, 0x61, 0x08, 0x61, 0x10,
    0x40, 0x08, 0x61, 0x08, 0x61, 0x10, 0x61, 0x08, 0x61, 0x08, 0x61, 0x10,
    0x40, 0x08, 0x61, 0x10, 0x60, 0x10, 0x41, 0x08, 0x40, 0x10, 0x61, 0x10,
    0x60, 0x08, 0x41, 0x08, 0x61, 0x08, 0x60, 0x10, 0x61, 0x10, 0x61, 0x08,
    0x61, 0x08, 0x60, 0x10, 0x61, 0x08, 0x40, 0x10, 0x41, 0x10, 0x61, 0x08,
    0x61, 0x08, 0x41, 0x10, 0x40, 0x10, 0x61, 0x08, 0x61, 0x10, 0x41, 0x08,
    0x60, 0x08, 0x60, 0x08, 0x41, 0x10, 0x41, 0x08, 0x41, 0x08, 0x61, 0x10,
    0x40, 0x08, 0x61, 0x10, 0x61, 0x10, 0x40, 0x08, 0x41, 0x10, 0x60, 0x10,
    0x61, 0x10, 0x60, 0x10, 0x61, 0x10, 0x41, 0x08, 0x61, 0x10, 0x41, 0x10,
    0x60, 0x10, 0x61, 0x08, 0x40, 0x10, 0x61, 0x10, 0x41, 0x08, 0x60, 0x10,
    0x60, 0x10, 0x61, 0x10, 0x41, 0x08, 0x41, 0x08, 0x60, 0x10, 0x61, 0x08,
    0x41, 0x08, 0x61, 0x10, 0x61, 0x08, 0x61, 0x10, 0x61, 0x10, 0x40, 0x08,
    0x61, 0x10, 0x61, 0x10, 0x61, 0x10, 0x40, 0x08, 0x61, 0x08, 0x41, 0x10,
    0x61, 0x08, 0x61, 0x10, 0x61, 0x10, 0x60, 0x08, 0x61, 0x10, 0x61, 0x10,
    0x61, 0x10, 0x61, 0x08, 0x41, 0x10, 0x61, 0x10, 0x61, 0x10, 0x61, 0x10,
    0x60, 0x10, 0x61, 0x08, 0x61, 0x10, 0x61, 0x10, 0x61, 0x08, 0x61, 0x10,
    0x61, 0x10, 0x61, 0x10, 0x61, 0x08, 0x61, 0x10, 0x61, 0x08, 0x61, 0x10,
    0x61, 0x10, 0x62, 0x10, 0x82, 0x10, 0x82, 0x10, 0x61, 0x10, 0x81, 0x10,
    0x61, 0x10, 0x61, 0x10, 0x61, 0x10, 0x61, 0x10, 0x61, 0x08, 0x82, 0x10,
    0x61, 0x10, 0x82, 0x10, 0x62, 0x10, 0x61, 0x10, 0x61, 0x10, 0x81, 0x10,
    0x61, 0x10, 0x61, 0x10, 0x82, 0x10, 0x82, 0x10, 0x82, 0x10, 0x81, 0x10,
    0x82, 0x10, 0x82, 0x10, 0x81, 0x10, 0x62, 0x10, 0x81, 0x10, 0x82, 0x10,
    0x61, 0x10, 0x61, 0x10, 0x62, 0x10, 0x61, 0x10, 0x61, 0x10, 0x61, 0x08,
    0x82, 0x10, 0x61, 0x10, 0x81, 0x10, 0x61, 0x10, 0x61, 0x10, 0x61, 0x10,
    0x61, 0x10, 0x61, 0x10, 0x61, 0x08, 0x61, 0x10, 0x60, 0x10, 0x61, 0x10,
    0x61, 0x10, 0x61, 0x10, 0x61, 0x08, 0x61, 0x10, 0x61, 0x10, 0x61, 0x10,
    0x61, 0x10, 0x61, 0x08, 0x61, 0x10, 0x41, 0x10, 0x61, 0x08, 0x41, 0x08,
    0x61, 0x10, 0x61, 0x08, 0x41, 0x10, 0x61, 0x10, 0x61, 0x10, 0x40, 0x08,
    0x61, 0x10, 0x61, 0x10, 0x61, 0x10, 0x60, 0x08, 0x61, 0x10, 0x61, 0x10,
    0x41, 0x08, 0x41, 0x08, 0x61, 0x10, 0x60, 0x10, 0x40, 0x08, 0x60, 0x10,
    0x61, 0x08, 0x61, 0x10, 0x61, 0x10, 0x61, 0x10, 0x60, 0x10, 0x61, 0x08,
    0x61, 0x10, 0x61, 0x08, 0x41, 0x10, 0x61, 0x08, 0x61, 0x10, 0x61, 0x10,
    0x41, 0x08, 0x60, 0x10, 0x61, 0x10, 0x61, 0x08, 0x61, 0x10, 0x61, 0x10,
    0x61, 0x10, 0x60, 0x10, 0x81, 0x10, 0x41, 0x10, 0x81, 0x18, 0xa2, 0x18,
    0xa2, 0x20, 0x65, 0x39, 0x65, 0x39, 0xc6, 0x49, 0x86, 0x41, 0xa6, 0x41,
    0x65, 0x39, 0xc2, 0x20, 0x81, 0x20, 0xc3, 0x20, 0xa2, 0x20, 0x61, 0x18,
    0x61, 0x18, 0x81, 0x18, 0x61, 0x18, 0xc2, 0x18, 0x81, 0x18, 0x61, 0x18,
    0xe3, 0x28, 0x44, 0x39, 0xa6, 0x41, 0x44, 0x31, 0xe2, 0x28, 0xa2, 0x20,
    0x41, 0x10, 0x40, 0x10, 0x81, 0x10, 0x40, 0x08, 0x61, 0x10, 0xc2, 0x20,
    0x81, 0x10, 0x81, 0x10, 0x81, 0x10, 0x61, 0x10, 0x40, 0x10, 0xa2, 0x18,
    0x81, 0x10, 0x61, 0x08, 0x61, 0x10, 0x41, 0x08, 0x41, 0x08, 0x61, 0x10,
    0x61, 0x10, 0x40, 0x08, 0x41, 0x10, 0x60, 0x08, 0x61, 0x10, 0x40, 0x10,
    0x61, 0x10, 0x40, 0x08, 0x60, 0x10, 0x61, 0x08, 0x61, 0x08, 0x61, 0x10,
    0x61, 0x10, 0x61, 0x10, 0x60, 0x10, 0x61, 0x10, 0x40, 0x08, 0x61, 0x08,
    0x61, 0x10, 0x61, 0x08, 0x60, 0x08, 0x61, 0x10, 0x61, 0x10, 0x60, 0x10,
    0x61, 0x10, 0x61, 0x08, 0x61, 0x08, 0x60, 0x10, 0x61, 0x10, 0x60, 0x08,
    0x61, 0x10, 0x41, 0x08, 0x61, 0x10, 0x60, 0x08, 0x61, 0x10, 0x41, 0x10,
    0x41, 0x08, 0x40, 0x08, 0x61, 0x08, 0x40, 0x08, 0x41, 0x10, 0x61, 0x08,
    0x61, 0x08, 0x61, 0x10, 0x60, 0x08, 0x61, 0x10, 0x61, 0x08, 0x41, 0x08,
    0x61, 0x08, 0x40, 0x08, 0x61, 0x10, 0x60, 0x08, 0x41, 0x08, 0x61, 0x10,
    0x41, 0x08, 0x61, 0x08, 0x61, 0x10, 0x60, 0x10, 0x41, 0x10, 0x61, 0x10,
    0x60, 0x10, 0x40, 0x08, 0x41, 0x08, 0x61, 0x10, 0x61, 0x10, 0x61, 0x08,
    0x61, 0x10, 0x61, 0x08, 0x61, 0x08, 0x41, 0x08, 0x60, 0x10, 0x61, 0x08,
    0x61, 0x10, 0x41, 0x08, 0x60, 0x08, 0x41, 0x10, 0x61, 0x08, 0x61, 0x10,
    0x61, 0x08, 0x61, 0x08, 0x61, 0x08, 0x61, 0x08, 0x61, 0x10, 0x60, 0x08,
    0x61, 0x10, 0x61, 0x10, 0x60, 0x08, 0x61, 0x10, 0x61, 0x10, 0x61, 0x08,
    0x61, 0x10, 0x61, 0x10, 0x61, 0x08, 0x60, 0x10, 0x61, 0x10, 0x61, 0x10,
    0x61, 0x10, 0x62, 0x10, 0x82, 0x10, 0x61, 0x08, 0x81, 0x10, 0x81, 0x10,
    0x82, 0x08, 0x82, 0x10, 0x81, 0x10, 0x61, 0x10, 0x81, 0x10, 0x82, 0x10,
    0x61, 0x10, 0x81, 0x10, 0x61, 0x10, 0x82, 0x10, 0x61, 0x08, 0x62, 0x10,
    0x62, 0x10, 0x61, 0x08, 0x61, 0x10, 0x61, 0x10, 0x82, 0x10, 0x61, 0x10,
    0x81, 0x10, 0x61, 0x10, 0x82, 0x10, 0x82, 0x10, 0x81, 0x10, 0x61, 0x10,
    0x62, 0x10, 0x61, 0x10, 0x81, 0x10, 0x82, 0x10, 0x81, 0x10, 0x81, 0x10,
    0x61, 0x10, 0x82, 0x10, 0x81, 0x08, 0x61, 0x10, 0x82, 0x10, 0x81, 0x08,
    0x61, 0x10, 0x61, 0x10, 0x61, 0x08, 0x61, 0x10, 0x61, 0x08, 0x61, 0x10,
    0x61, 0x10, 0x61, 0x08, 0x61, 0x10, 0x61, 0x08, 0x61, 0x10, 0x61, 0x10,
    0x61, 0x10, 0x61, 0x10, 0x61, 0x08, 0x60, 0x08, 0x61, 0x10, 0x61, 0x10,
    0x40, 0x08, 0x60, 0x10, 0x41, 0x08, 0x61, 0x10, 0x61, 0x10, 0x61, 0x10,
    0x60, 0x08, 0x61, 0x10, 0x61, 0x10, 0x61, 0x08, 0x61, 0x08, 0x61, 0x10,
    0x60, 0x10, 0x61, 0x08, 0x61, 0x10, 0x41, 0x08, 0x61, 0x10, 0x61, 0x08,
    0x40, 0x08, 0x61, 0x10, 0x61, 0x10, 0x61, 0x10, 0x61, 0x10, 0x40, 0x10,
    0x61, 0x10, 0x40, 0x08, 0x60, 0x08, 0x61, 0x10, 0x61, 0x10, 0x61, 0x08,
    0x61, 0x10, 0x61, 0x10, 0x40, 0x08, 0x61, 0x10, 0x40, 0x10, 0x60, 0x10,
    0x61, 0x10, 0x61, 0x10, 0x40, 0x10, 0xa2, 0x18, 0x61, 0x18, 0xa2, 0x20,
    0x85, 0x39, 0x03, 0x31, 0x04, 0x31, 0x85, 0x41, 0x03, 0x29, 0xe3, 0x28,
    0x85, 0x39, 0x24, 0x31, 0xe3, 0x28, 0x24, 0x31, 0xc2, 0x20, 0x81, 0x18,
    0xc3, 0x28, 0x82, 0x18, 0x61, 0x10, 0x44, 0x31, 0x61, 0x18, 0x82, 0x20,
    0xe3, 0x28, 0x03, 0x31, 0x07, 0x52, 0x65, 0x39, 0x65, 0x39, 0xa2, 0x20,
    0xc2, 0x20, 0x41, 0x08, 0x61, 0x10, 0x20, 0x08, 0x61, 0x10, 0xa2, 0x18,
    0x21, 0x08, 0x61, 0x10, 0x61, 0x10, 0x61, 0x10, 0x61, 0x10, 0x40, 0x08,
    0x40, 0x08, 0x40, 0x08, 0x61, 0x10, 0x61, 0x10, 0x61, 0x10, 0x40, 0x08,
    0x61, 0x08, 0x61, 0x10, 0x60, 0x10, 0x61, 0x08, 0x41, 0x10, 0x61, 0x10,
    0x41, 0x08, 0x61, 0x10, 0x60, 0x10, 0x61, 0x10, 0x60, 0x08, 0x40, 0x08,
    0x61, 0x10, 0x60, 0x08, 0x61, 0x10, 0x41, 0x10, 0x60, 0x08, 0x41, 0x10,
    0x40, 0x10, 0x41, 0x08, 0x61, 0x10, 0x40, 0x08, 0x40, 0x08, 0x61, 0x10,
    0x61, 0x10, 0x61, 0x08, 0x60, 0x10, 0x61, 0x10, 0x41, 0x08, 0x61, 0x10,
    0x60, 0x10, 0x41, 0x08, 0x40, 0x08, 0x60, 0x08, 0x41, 0x08, 0x60, 0x08,
    0x40, 0x08, 0x61, 0x10, 0x61, 0x08, 0x61, 0x10, 0x60, 0x08, 0x61, 0x10,
    0x60, 0x10, 0x61, 0x08, 0x40, 0x10, 0x40, 0x08, 0x61, 0x10, 0x61, 0x10,
    0x60, 0x08, 0x61, 0x10, 0x41, 0x08, 0x40, 0x08, 0x61, 0x10, 0x60, 0x08,
    0x60, 0x10, 0x61, 0x08, 0x60, 0x10, 0x60, 0x08, 0x61, 0x10, 0x61, 0x08,
    0x60, 0x08, 0x61, 0x10, 0x60, 0x08, 0x41, 0x08, 0x60, 0x10, 0x60, 0x08,
    0x41, 0x08, 0x60, 0x10, 0x60, 0x10, 0x61, 0x10, 0x61, 0x08, 0x60, 0x10,
    0x60, 0x10, 0x61, 0x10, 0x41, 0x08, 0x61, 0x10, 0x61, 0x10, 0x60, 0x08,
    0x61, 0x10, 0x41, 0x10, 0x61, 0x10, 0x61, 0x10, 0x40, 0x08, 0x61, 0x08,
    0x61, 0x08, 0x61, 0x10, 0x60, 0x10, 0x61, 0x10, 0x61, 0x10, 0x61, 0x08,
    0x61, 0x10, 0x61, 0x08, 0x61, 0x10, 0x61, 0x10, 0x61, 0x10, 0x61, 0x08,
    0x61, 0x10, 0x61, 0x08, 0x61, 0x10, 0x61, 0x10, 0x61, 0x08, 0x61, 0x10,
    0x62, 0x10, 0x81, 0x10, 0x82, 0x10, 0x82, 0x10, 0x61, 0x10, 0x82, 0x10,
    0x61, 0x10, 0x82, 0x10, 0x82, 0x10, 0x61, 0x10, 0x61, 0x10, 0x61, 0x08,
    0x82, 0x10, 0x61, 0x10, 0x81, 0x10, 0x81, 0x10, 0x82, 0x10, 0x82, 0x10,
    0x82, 0x10, 0x61, 0x10, 0x61, 0x10, 0x82, 0x10, 0x81, 0x10, 0x82, 0x10,
    0x62, 0x10, 0x82, 0x10, 0x81, 0x10, 0x81, 0x10, 0x62, 0x10, 0x61, 0x10,
    0x81, 0x10, 0x61, 0x10, 0x61, 0x08, 0x61, 0x10, 0x81, 0x10, 0x81, 0x10,
    0x61, 0x08, 0x61, 0x10, 0x61, 0x10, 0x61, 0x10, 0x61, 0x10, 0x61, 0x10,
    0x61, 0x10, 0x61, 0x08, 0x61, 0x10, 0x61, 0x10, 0x61, 0x08, 0x61, 0x10,
    0x61, 0x10, 0x61, 0x08, 0x61, 0x08, 0x61, 0x10, 0x41, 0x08, 0x61, 0x08,
    0x60, 0x10, 0x41, 0x08, 0x60, 0x10, 0x61, 0x08, 0x61, 0x10, 0x61, 0x10,
    0x61, 0x10, 0x60, 0x08, 0x61, 0x10, 0x61, 0x10, 0x61, 0x08, 0x41, 0x10,
    0x61, 0x10, 0x60, 0x08, 0x40, 0x08, 0x61, 0x10, 0x61, 0x10, 0x61, 0x10,
    0x40, 0x08, 0x40, 0x08, 0x60, 0x08, 0x61, 0x08, 0x60, 0x10, 0x61, 0x10,
    0x61, 0x08, 0x61, 0x10, 0x61, 0x10, 0x61, 0x08, 0x60, 0x10, 0x61, 0x10,
    0x61, 0x10, 0x60, 0x08, 0x61, 0x10, 0x61, 0x10, 0x61, 0x10, 0x60, 0x10,
    0x61, 0x10, 0x61, 0x10, 0x61, 0x10, 0xa2, 0x18, 0xc2, 0x20, 0x85, 0x39,
    0x86, 0x41, 0xc3, 0x20, 0xc2, 0x20, 0x24, 0x31, 0x03, 0x31, 0x44, 0x31,
    0x65, 0x39, 0xa6, 0x49, 0x85, 0x41, 0xa6, 0x49, 0x65, 0x39, 0xa5, 0x49,
    0x44, 0x39, 0xa2, 0x20, 0xa2, 0x20, 0xc6, 0x49, 0xa2, 0x20, 0x23, 0x31,
    0x03, 0x29, 0x24, 0x31, 0xe7, 0x51, 0x65, 0x41, 0x85, 0x41, 0xc3, 0x20,
    0xc3, 0x20, 0x41, 0x10, 0x41, 0x10, 0x61, 0x10, 0xc3, 0x20, 0x40, 0x08,
    0x41, 0x10, 0x81, 0x18, 0x82, 0x18, 0xe3, 0x20, 0x81, 0x10, 0x61, 0x08,
    0x20, 0x08, 0x41, 0x10, 0x61, 0x08, 0x61, 0x08, 0x61, 0x10, 0x60, 0x08,
    0x41, 0x10, 0x61, 0x10, 0x61, 0x08, 0x61, 0x10, 0x40, 0x08, 0x61, 0x08,
    0x61, 0x10, 0x61, 0x08, 0x61, 0x10, 0x60, 0x10, 0x41, 0x10, 0x61, 0x08,
    0x60, 0x08, 0x41, 0x10, 0x61, 0x08, 0x61, 0x10, 0x61, 0x10, 0x60, 0x08,
    0x61, 0x10, 0x61, 0x10, 0x40, 0x08, 0x61, 0x08, 0x61, 0x08, 0x61, 0x08,
    0x61, 0x10, 0x61, 0x10, 0x61, 0x10, 0x61, 0x08, 0x60, 0x08, 0x41, 0x08,
    0x61, 0x10, 0x40, 0x08, 0x61, 0x10, 0x61, 0x10, 0x61, 0x10, 0x41, 0x10,
    0x61, 0x08, 0x40, 0x08, 0x61, 0x10, 0x61, 0x10, 0x60, 0x08, 0x61, 0x10,
    0x61, 0x10, 0x61, 0x08, 0x61, 0x08, 0x41, 0x08, 0x61, 0x10, 0x60, 0x10,
    0x41, 0x08, 0x61, 0x08, 0x61, 0x10, 0x61, 0x10, 0x41, 0x08, 0x61, 0x10,
    0x60, 0x08, 0x41, 0x10, 0x61, 0x10, 0x61, 0x08, 0x61, 0x10, 0x61, 0x10,
    0x40, 0x08, 0x61, 0x10, 0x61, 0x10, 0x60, 0x08, 0x61, 0x10, 0x41, 0x10,
    0x60, 0x08, 0x61, 0x08, 0x41, 0x10, 0x60, 0x08, 0x41, 0x08, 0x61, 0x10,
    0x61, 0x10, 0x61, 0x10, 0x61, 0x08, 0x61, 0x10, 0x60, 0x10, 0x61, 0x08,
    0x61, 0x10, 0x61, 0x10, 0x60, 0x08, 0x61, 0x10, 0x61, 0x10, 0x61, 0x10,
    0x61, 0x10, 0x61, 0x10, 0x60, 0x08, 0x61, 0x10, 0x61, 0x10, 0x61, 0x08,
    0x61, 0x10, 0x61, 0x10, 0x61, 0x10, 0x61, 0x10, 0x61, 0x08, 0x61, 0x10,
    0x61, 0x10, 0x81, 0x10, 0x61, 0x10, 0x61, 0x08, 0x61, 0x10, 0x61, 0x08,
    0x82, 0x10, 0x61, 0x10, 0x81, 0x10, 0x61, 0x08, 0x61, 0x10, 0x81, 0x08,
    0x61, 0x08, 0x82, 0x10, 0x81, 0x10, 0x61, 0x08, 0x81, 0x10, 0x61, 0x10,
    0x82, 0x10, 0x81, 0x10, 0x61, 0x10, 0x82, 0x10, 0x61, 0x10, 0x61, 0x10,
    0x82, 0x10, 0x82, 0x10, 0x81, 0x10, 0x81, 0x10, 0x61, 0x10, 0x62, 0x10,
    0x81, 0x10, 0x81, 0x10, 0x61, 0x10, 0x61, 0x10, 0x82, 0x10, 0x81, 0x10,
    0x61, 0x08, 0x62, 0x10, 0x82, 0x10, 0x61, 0x10, 0x61, 0x08, 0x61, 0x10,
    0x61, 0x08, 0x61, 0x10, 0x61, 0x08, 0x61, 0x10, 0x61, 0x10, 0x61, 0x08,
    0x61, 0x10, 0x61, 0x10, 0x61, 0x08, 0x61, 0x10, 0x61, 0x08, 0x61, 0x08,
    0x60, 0x10, 0x61, 0x10, 0x40, 0x10, 0x61, 0x10, 0x41, 0x08, 0x40, 0x08,
    0x61, 0x10, 0x61, 0x08, 0x40, 0x10, 0x61, 0x10, 0x61, 0x08, 0x60, 0x10,
    0x61, 0x10, 0x40, 0x08, 0x60, 0x08, 0x40, 0x08, 0x61, 0x10, 0x61, 0x08,
    0x61, 0x10, 0x61, 0x10, 0x61, 0x08, 0x61, 0x08, 0x60, 0x10, 0x61, 0x10,
    0x61, 0x10, 0x61, 0x10, 0x61, 0x10, 0x60, 0x10, 0x41, 0x10, 0x61, 0x08,
    0x61, 0x10, 0x61, 0x10, 0x61, 0x08, 0x61, 0x10, 0x61, 0x10, 0x61, 0x08,
    0x61, 0x10, 0x60, 0x10, 0x61, 0x10, 0x61, 0x10, 0xe3, 0x20, 0xe3, 0x20,
    0x81, 0x18, 0x82, 0x18, 0x61, 0x10, 0x81, 0x18, 0x82, 0x18, 0x85, 0x41,
    0x03, 0x29, 0xc3, 0x20, 0xc2, 0x20, 0x24, 0x31, 0x44, 0x31, 0x45, 0x39,
    0x03, 0x31, 0xc6, 0x49, 0x03, 0x31, 0xa5, 0x49, 0x07, 0x52, 0xc6, 0x51,
    0xc6, 0x49, 0xe7, 0x51, 0x85, 0x41, 0x85, 0x41, 0x03, 0x29, 0x23, 0x31,
    0x44, 0x39, 0x85, 0x41, 0xc6, 0x49, 0xc6, 0x51, 0xe6, 0x51, 0x65, 0x39,
    0x03, 0x31, 0xa2, 0x18, 0xe3, 0x28, 0x82, 0x18, 0x03, 0x29, 0x61, 0x10,
    0x61, 0x10, 0xa2, 0x18, 0xe2, 0x20, 0x81, 0x10, 0x61, 0x10, 0x61, 0x10,
    0x41, 0x08, 0x40, 0x08, 0x40, 0x08, 0x41, 0x08, 0x60, 0x10, 0x41, 0x08,
    0x61, 0x08, 0x61, 0x10, 0x61, 0x10, 0x40, 0x10, 0x41, 0x08, 0x60, 0x10,
    0x40, 0x10, 0x61, 0x08, 0x61, 0x08, 0x60, 0x10, 0x41, 0x08, 0x61, 0x08,
    0x60, 0x10, 0x60, 0x10, 0x40, 0x08, 0x61, 0x10, 0x61, 0x08, 0x60, 0x08,
    0x40, 0x08, 0x61, 0x10, 0x61, 0x10, 0x60, 0x08, 0x61, 0x10, 0x60, 0x08,
    0x40, 0x08, 0x60, 0x10, 0x61, 0x08, 0x41, 0x10, 0x60, 0x08, 0x61, 0x08,
    0x41, 0x08, 0x61, 0x08, 0x61, 0x10, 0x41, 0x08, 0x61, 0x10, 0x41, 0x08,
    0x40, 0x08, 0x61, 0x10, 0x41, 0x10, 0x61, 0x08, 0x40, 0x08, 0x41, 0x08,
    0x61, 0x10, 0x60, 0x10, 0x61, 0x08, 0x41, 0x08, 0x40, 0x08, 0x40, 0x08,
    0x61, 0x08, 0x61, 0x10, 0x60, 0x10, 0x60, 0x08, 0x61, 0x08, 0x41, 0x08,
    0x61, 0x08, 0x60, 0x10, 0x61, 0x08, 0x61, 0x10, 0x60, 0x10, 0x61, 0x08,
    0x60, 0x08, 0x41, 0x10, 0x40, 0x08, 0x60, 0x08, 0x61, 0x08, 0x40, 0x08,
    0x61, 0x10, 0x61, 0x08, 0x61, 0x10, 0x61, 0x08, 0x61, 0x10, 0x61, 0x08,
    0x61, 0x08, 0x61, 0x10, 0x61, 0x08, 0x60, 0x10, 0x61, 0x10, 0x61, 0x08,
    0x60, 0x10, 0x61, 0x10, 0x61, 0x10, 0x61, 0x10, 0x61, 0x10, 0x61, 0x10,
    0x61, 0x08, 0x60, 0x08, 0x61, 0x10, 0x61, 0x08, 0x61, 0x10, 0x60, 0x10,
    0x61, 0x08, 0x61, 0x10, 0x81, 0x10, 0x61, 0x08, 0x61, 0x10, 0x61, 0x10,
    0x61, 0x10, 0x61, 0x10, 0x61, 0x08, 0x81, 0x10, 0x62, 0x10, 0x81, 0x10,
    0x81, 0x10, 0x62, 0x10, 0x61, 0x10, 0x82, 0x10, 0x61, 0x10, 0x81, 0x10,
    0x62, 0x10, 0x61, 0x10, 0x81, 0x10, 0x61, 0x10, 0x81, 0x10, 0x61, 0x10,
    0x62, 0x10, 0x81, 0x10, 0x62, 0x10, 0x61, 0x10, 0x81, 0x10, 0x82, 0x10,
    0x61, 0x10, 0x82, 0x10, 0x82, 0x10, 0x81, 0x10, 0x82, 0x10, 0x82, 0x10,
    0x61, 0x10, 0x82, 0x10, 0x82, 0x10, 0x61, 0x08, 0x82, 0x10, 0x62, 0x10,
    0x61, 0x10, 0x61, 0x10, 0x81, 0x10, 0x62, 0x08, 0x61, 0x10, 0x61, 0x10,
    0x61, 0x10, 0x61, 0x10, 0x60, 0x08, 0x60, 0x10, 0x61, 0x10, 0x61, 0x08,
    0x81, 0x10, 0x61, 0x10, 0x61, 0x10, 0x61, 0x10, 0x61, 0x08, 0x61, 0x10,
    0x61, 0x10, 0x61, 0x08, 0x61, 0x10, 0x61, 0x10, 0x61, 0x08, 0x60, 0x10,
    0x61, 0x10, 0x61, 0x08, 0x61, 0x10, 0x40, 0x08, 0x60, 0x10, 0x61, 0x08,
    0x61, 0x08, 0x61, 0x10, 0x61, 0x08, 0x41, 0x10, 0x61, 0x10, 0x61, 0x08,
    0x40, 0x10, 0x61, 0x10, 0x61, 0x10, 0x61, 0x08, 0x41, 0x10, 0x60, 0x08,
    0x61, 0x08, 0x61, 0x10, 0x60, 0x10, 0x61, 0x10, 0x61, 0x08, 0x60, 0x10,
    0x61, 0x10, 0x41, 0x08, 0x61, 0x10, 0x61, 0x10, 0x61, 0x10, 0x61, 0x10,
    0x61, 0x10, 0xa1, 0x18, 0x61, 0x10, 0xe3, 0x20, 0x03, 0x29, 0x41, 0x10,
    0xa2, 0x20, 0xc2, 0x20, 0x24, 0x29, 0xc2, 0x20, 0x44, 0x31, 0xe3, 0x28,
    0xc2, 0x28, 0xe3, 0x28, 0xe3, 0x28, 0x24, 0x31, 0x65, 0x39, 0x65, 0x39,
    0x03, 0x31, 0x65, 0x39, 0x24, 0x39, 0x44, 0x39, 0x65, 0x41, 0xc6, 0x49,
    0xe7, 0x51, 0x48, 0x5a, 0x28, 0x5a, 0x24, 0x39, 0x65, 0x41, 0x85, 0x41,
    0x85, 0x41, 0xe6, 0x51, 0x86, 0x49, 0x65, 0x41, 0xc6, 0x49, 0xa6, 0x49,
    0x44, 0x39, 0xe3, 0x28, 0xa2, 0x20, 0x81, 0x18, 0x03, 0x29, 0xc3, 0x20,
    0xa2, 0x20, 0x81, 0x18, 0x24, 0x29, 0x61, 0x10, 0x41, 0x08, 0xc2, 0x18,
    0xe3, 0x20, 0x61, 0x10, 0x61, 0x10, 0x61, 0x10, 0x61, 0x08, 0x61, 0x10,
    0x61, 0x10, 0x61, 0x10, 0x61, 0x10, 0x61, 0x08, 0x61, 0x10, 0x61, 0x08,
    0x61, 0x10, 0x60, 0x10, 0x60, 0x10, 0x41, 0x10, 0x61, 0x10, 0x60, 0x08,
    0x61, 0x10, 0x60, 0x08, 0x61, 0x10, 0x61, 0x08, 0x61, 0x10, 0x41, 0x08,
    0x60, 0x08, 0x61, 0x10, 0x61, 0x08, 0x41, 0x10, 0x60, 0x10, 0x61, 0x10,
    0x61, 0x10, 0x61, 0x08, 0x61, 0x10, 0x61, 0x10, 0x61, 0x10, 0x60, 0x10,
    0x60, 0x10, 0x61, 0x10, 0x41, 0x08, 0x41, 0x08, 0x40, 0x08, 0x61, 0x10,
    0x61, 0x08, 0x60, 0x10, 0x41, 0x08, 0x60, 0x08, 0x61, 0x10, 0x61, 0x10,
    0x60, 0x08, 0x41, 0x10, 0x61, 0x10, 0x61, 0x10, 0x60, 0x08, 0x41, 0x10,
    0x61, 0x08, 0x61, 0x10, 0x61, 0x10, 0x61, 0x10, 0x61, 0x10, 0x61, 0x10,
    0x41, 0x08, 0x41, 0x08, 0x61, 0x10, 0x61, 0x10, 0x41, 0x08, 0x60, 0x10,
    0x61, 0x10, 0x61, 0x08, 0x61, 0x10, 0x41, 0x08, 0x61, 0x10, 0x61, 0x10,
    0x61, 0x08, 0x40, 0x10, 0x61, 0x10, 0x60, 0x08, 0x41, 0x10, 0x61, 0x10,
    0x61, 0x08, 0x61, 0x10, 0x61, 0x10, 0x61, 0x10, 0x61, 0x10, 0x61, 0x10,
    0x61, 0x08, 0x61, 0x10, 0x61, 0x10, 0x61, 0x08, 0x61, 0x08, 0x61, 0x10,
    0x61, 0x10, 0x61, 0x10, 0x61, 0x08, 0x61, 0x10, 0x61, 0x08, 0x61, 0x10,
    0x61, 0x10, 0x81, 0x10, 0x61, 0x10, 0x61, 0x10, 0x81, 0x10, 0x61, 0x08,
    0x61, 0x10, 0x61, 0x10, 0x62, 0x10, 0x62, 0x10, 0x61, 0x10, 0x81, 0x10,
    0x61, 0x08, 0x62, 0x10, 0x81, 0x10, 0x82, 0x10, 0x61, 0x10, 0x81, 0x10,
    0x61, 0x10, 0x81, 0x10, 0x61, 0x10, 0x61, 0x10, 0x81, 0x10, 0x61, 0x08,
    0x81, 0x10, 0x82, 0x10, 0x62, 0x08, 0x81, 0x10, 0x61, 0x10, 0x61, 0x10,
    0x61, 0x10, 0x61, 0x10, 0x81, 0x10, 0x61, 0x10, 0x81, 0x10, 0x61, 0x10,
    0x61, 0x10, 0x82, 0x10, 0x61, 0x10, 0x81, 0x10, 0x61, 0x08, 0x61, 0x10,
    0x61, 0x10, 0x81, 0x08, 0x81, 0x10, 0x61, 0x10, 0x81, 0x10, 0x61, 0x08,
    0x61, 0x10, 0x61, 0x10, 0x61, 0x08, 0x61, 0x10, 0x61, 0x10, 0x61, 0x10,
    0x61, 0x10, 0x61, 0x10, 0x61, 0x08, 0x61, 0x10, 0x61, 0x10, 0x61, 0x08,
    0x61, 0x08, 0x41, 0x08, 0x61, 0x10, 0x41, 0x08, 0x61, 0x08, 0x61, 0x10,
    0x41, 0x10, 0x61, 0x10, 0x61, 0x08, 0x41, 0x08, 0x61, 0x10, 0x60, 0x08,
    0x40, 0x08, 0x60, 0x10, 0x41, 0x10, 0x61, 0x10, 0x60, 0x08, 0x61, 0x10,
    0x61, 0x08, 0x61, 0x10, 0x61, 0x10, 0x61, 0x10, 0x61, 0x08, 0x60, 0x10,
    0x61, 0x08, 0x40, 0x08, 0x61, 0x10, 0x61, 0x08, 0x61, 0x10, 0x61, 0x10,
    0x60, 0x08, 0x60, 0x08, 0x41, 0x08, 0x61, 0x10, 0x60, 0x10, 0x61, 0x08,
    0x61, 0x10, 0xc2, 0x20, 0x61, 0x10, 0x40, 0x10, 0x20, 0x08, 0x82, 0x18,
    0xa2, 0x18, 0x44, 0x31, 0xa2, 0x20, 0xe3, 0x28, 0xc6, 0x41, 0x44, 0x31,
    0xa2, 0x20, 0xa2, 0x20, 0xa2, 0x18, 0xc2, 0x28, 0xc2, 0x28, 0xe3, 0x28,
    0x85, 0x49, 0x85, 0x49, 0x85, 0x49, 0x65, 0x41, 0xe7, 0x51, 0xe6, 0x51,
    0xc6, 0x51, 0xe6, 0x59, 0x68, 0x62, 0xa6, 0x41, 0xa6, 0x49, 0xa6, 0x49,
    0x85, 0x49, 0xe6, 0x49, 0x28, 0x5a, 0x24, 0x39, 0x65, 0x41, 0xa6, 0x49,
    0x65, 0x39, 0xc3, 0x20, 0x24, 0x31, 0xa2, 0x20, 0x45, 0x39, 0xc3, 0x20,
    0xc2, 0x20, 0x61, 0x18, 0xe3, 0x28, 0x21, 0x08, 0x40, 0x08, 0x81, 0x18,
    0xc2, 0x18, 0xa2, 0x18, 0x82, 0x10, 0x61, 0x10, 0x61, 0x10, 0x60, 0x08,
    0x61, 0x08, 0x61, 0x10, 0x60, 0x08, 0x61, 0x10, 0x60, 0x08, 0x61, 0x08,
    0x61, 0x08, 0x41, 0x08, 0x40, 0x10, 0x61, 0x10, 0x60, 0x08, 0x61, 0x10,
    0x41, 0x10, 0x61, 0x08, 0x40, 0x08, 0x40, 0x08, 0x61, 0x10, 0x61, 0x10,
    0x61, 0x08, 0x61, 0x10, 0x40, 0x08, 0x61, 0x08, 0x61, 0x08, 0x41, 0x10,
    0x61, 0x10, 0x61, 0x10, 0x61, 0x08, 0x41, 0x10, 0x61, 0x10, 0x61, 0x08,
    0x60, 0x08, 0x60, 0x08, 0x61, 0x10, 0x40, 0x08, 0x60, 0x10, 0x60, 0x10,
    0x60, 0x08, 0x41, 0x08, 0x40, 0x10, 0x60, 0x10, 0x61, 0x08, 0x40, 0x08,
    0x41, 0x10, 0x40, 0x08, 0x60, 0x08, 0x41, 0x08, 0x61, 0x10, 0x60, 0x08,
    0x61, 0x08, 0x40, 0x08, 0x61, 0x08, 0x61, 0x08, 0x60, 0x10, 0x40, 0x08,
    0x41, 0x10, 0x60, 0x08, 0x61, 0x08, 0x61, 0x10, 0x61, 0x08, 0x60, 0x08,
    0x61, 0x10, 0x60, 0x10, 0x61, 0x10, 0x60, 0x08, 0x60, 0x10, 0x61, 0x10,
    0x60, 0x08, 0x41, 0x10, 0x61, 0x10, 0x60, 0x08, 0x41, 0x08, 0x61, 0x10,
    0x61, 0x10, 0x61, 0x10, 0x61, 0x10, 0x61, 0x08, 0x61, 0x10, 0x60, 0x10,
    0x81, 0x10, 0x61, 0x08, 0x61, 0x08, 0x61, 0x10, 0x61, 0x10, 0x61, 0x08,
    0x61, 0x08, 0x61, 0x10, 0x61, 0x08, 0x60, 0x10, 0x61, 0x10, 0x61, 0x08,
    0x61, 0x10, 0x61, 0x08, 0x61, 0x08, 0x61, 0x10, 0x61, 0x08, 0x61, 0x10,
    0x61, 0x10, 0x81, 0x10, 0x81, 0x08, 0x61, 0x10, 0x62, 0x10, 0x61, 0x08,
    0x61, 0x10, 0x81, 0x10, 0x61, 0x08, 0x61, 0x10, 0x61, 0x08, 0x61, 0x08,
    0x81, 0x10, 0x61, 0x10, 0x61, 0x08, 0x82, 0x10, 0x82, 0x10, 0x82, 0x10,
    0x61, 0x10, 0x61, 0x10, 0x81, 0x10, 0x82, 0x10, 0x82, 0x10, 0x81, 0x10,
    0x81, 0x10, 0x62, 0x10, 0x61, 0x10, 0x82, 0x10, 0x62, 0x10, 0x82, 0x10,
    0x81, 0x10, 0x61, 0x10, 0x62, 0x10, 0x82, 0x10, 0x81, 0x10, 0x82, 0x10,
    0x61, 0x10, 0x62, 0x10, 0x81, 0x10, 0x61, 0x10, 0x61, 0x08, 0x61, 0x08,
    0x61, 0x10, 0x61, 0x10, 0x61, 0x10, 0x81, 0x10, 0x61, 0x10, 0x61, 0x10,
    0x81, 0x08, 0x61, 0x08, 0x61, 0x10, 0x61, 0x10, 0x61, 0x08, 0x60, 0x10,
    0x60, 0x10, 0x61, 0x08, 0x41, 0x10, 0x61, 0x10, 0x61, 0x10, 0x41, 0x08,
    0x61, 0x10, 0x40, 0x08, 0x61, 0x10, 0x61, 0x10, 0x61, 0x08, 0x41, 0x10,
    0x40, 0x08, 0x41, 0x08, 0x61, 0x08, 0x61, 0x10, 0x40, 0x08, 0x61, 0x10,
    0x61, 0x10, 0x61, 0x08, 0x60, 0x08, 0x61, 0x10, 0x61, 0x10, 0x61, 0x08,
    0x61, 0x10, 0x60, 0x10, 0x61, 0x10, 0x61, 0x10, 0x60, 0x10, 0x61, 0x10,
    0x41, 0x10, 0x61, 0x10, 0x61, 0x10, 0x61, 0x10, 0x60, 0x08, 0x61, 0x10,
    0x61, 0x10, 0xe3, 0x20, 0x20, 0x08, 0x00, 0x00, 0x41, 0x08, 0x82, 0x18,
    0x41, 0x10, 0xc2, 0x20, 0x81, 0x18, 0x82, 0x18, 0x24, 0x31, 0x24, 0x31,
    0x24, 0x31, 0xe3, 0x28, 0x44, 0x39, 0x23, 0x31, 0xe3, 0x28, 0x64, 0x41,
    0xe6, 0x51, 0xa5, 0x49, 0xe6, 0x59, 0xc6, 0x51, 0xe6, 0x59, 0xc6, 0x51,
    0xe6, 0x59, 0x48, 0x62, 0xa6, 0x51, 0x07, 0x5a, 0x23, 0x39, 0xa6, 0x49,
    0x24, 0x39, 0x44, 0x41, 0xa5, 0x41, 0x03, 0x31, 0x23, 0x31, 0x44, 0x39,
    0xa6, 0x41, 0xe2, 0x28, 0x44, 0x31, 0xe3, 0x28, 0x24, 0x31, 0x03, 0x29,
    0xc3, 0x20, 0xa2, 0x18, 0xa2, 0x20, 0xc2, 0x20, 0x40, 0x10, 0x61, 0x10,
    0xc2, 0x18, 0x82, 0x10, 0x61, 0x10, 0x81, 0x10, 0x61, 0x10, 0x41, 0x10,
    0x40, 0x08, 0x61, 0x10, 0x61, 0x08, 0x61, 0x10, 0x60, 0x10, 0x41, 0x10,
    0x40, 0x10, 0x61, 0x08, 0x61, 0x10, 0x60, 0x08, 0x61, 0x10, 0x61, 0x10,
    0x60, 0x08, 0x61, 0x10, 0x41, 0x08, 0x61, 0x10, 0x60, 0x10, 0x41, 0x08,
    0x60, 0x10, 0x61, 0x10, 0x61, 0x10, 0x60, 0x10, 0x61, 0x08, 0x61, 0x10,
    0x60, 0x08, 0x60, 0x08, 0x41, 0x10, 0x60, 0x10, 0x61, 0x10, 0x41, 0x10,
    0x41, 0x10, 0x61, 0x10, 0x61, 0x10, 0x61, 0x10, 0x61, 0x08, 0x61, 0x10,
    0x40, 0x08, 0x41, 0x10, 0x61, 0x08, 0x61, 0x10, 0x41, 0x08, 0x61, 0x10,
    0x61, 0x10, 0x60, 0x08, 0x61, 0x10, 0x40, 0x10, 0x41, 0x08, 0x41, 0x10,
    0x40, 0x08, 0x60, 0x10, 0x41, 0x08, 0x41, 0x10, 0x60, 0x08, 0x61, 0x10,
    0x60, 0x08, 0x61, 0x10, 0x61, 0x10, 0x60, 0x10, 0x61, 0x10, 0x61, 0x10,
    0x61, 0x08, 0x61, 0x08, 0x61, 0x10, 0x40, 0x08, 0x61, 0x10, 0x61, 0x10,
    0x61, 0x10, 0x61, 0x08, 0x61, 0x10, 0x40, 0x08, 0x61, 0x10, 0x61, 0x10,
    0x61, 0x10, 0x61, 0x10, 0x61, 0x10, 0x61, 0x08, 0x61, 0x08, 0x61, 0x10,
    0x60, 0x08, 0x61, 0x08, 0x61, 0x10, 0x60, 0x10, 0x61, 0x08, 0x61, 0x10,
    0x61, 0x08, 0x61, 0x10, 0x61, 0x10, 0x61, 0x08, 0x60, 0x10, 0x81, 0x10,
    0x61, 0x10, 0x81, 0x10, 0x61, 0x10, 0x61, 0x10, 0x61, 0x10, 0x61, 0x10,
    0x61, 0x10, 0x61, 0x08, 0x61, 0x10, 0x61, 0x10, 0x82, 0x10, 0x81, 0x10,
    0x81, 0x10, 0x81, 0x10, 0x61, 0x10, 0x81, 0x10, 0x61, 0x10, 0x81, 0x10,
    0x61, 0x10, 0x61, 0x10, 0x61, 0x10, 0x61, 0x08, 0x61, 0x10, 0x81, 0x10,
    0x61, 0x10, 0x61, 0x10, 0x81, 0x10, 0x61, 0x10, 0x62, 0x10, 0x82, 0x10,
    0x61, 0x08, 0x81, 0x08, 0x81, 0x10, 0x61, 0x10, 0x81, 0x10, 0x61, 0x10,
    0x81, 0x10, 0x61, 0x08, 0x81, 0x10, 0x62, 0x10, 0x61, 0x10, 0x81, 0x10,
    0x81, 0x10, 0x61, 0x10, 0x61, 0x08, 0x81, 0x10, 0x81, 0x10, 0x61, 0x10,
    0x61, 0x08, 0x61, 0x08, 0x61, 0x10, 0x81, 0x10, 0x61, 0x08, 0x81, 0x10,
    0x61, 0x10, 0x61, 0x10, 0x61, 0x10, 0x61, 0x10, 0x61, 0x08, 0x61, 0x10,
    0x61, 0x10, 0x61, 0x08, 0x60, 0x08, 0x61, 0x10, 0x61, 0x10, 0x61, 0x08,
    0x60, 0x08, 0x61, 0x08, 0x61, 0x08, 0x60, 0x10, 0x61, 0x10, 0x61, 0x10,
    0x40, 0x08, 0x60, 0x08, 0x41, 0x10, 0x60, 0x08, 0x61, 0x10, 0x61, 0x10,
    0x41, 0x08, 0x61, 0x10, 0x61, 0x10, 0x61, 0x10, 0x40, 0x08, 0x61, 0x10,
    0x61, 0x10, 0x61, 0x10, 0x60, 0x10, 0x61, 0x08, 0x40, 0x10, 0x61, 0x08,
    0x61, 0x08, 0x61, 0x10, 0x61, 0x10, 0x61, 0x10, 0x61, 0x10, 0x61, 0x08,
    0x61, 0x08, 0xc2, 0x18, 0x20, 0x08, 0xe3, 0x20, 0xe3, 0x20, 0x00, 0x00,
    0x00, 0x00, 0x41, 0x10, 0xc2, 0x20, 0xc2, 0x20, 0xa2, 0x20, 0x65, 0x39,
    0x24, 0x31, 0x48, 0x5a, 0x68, 0x62, 0x65, 0x41, 0x03, 0x29, 0x65, 0x49,
    0xa5, 0x49, 0xc6, 0x51, 0xc6, 0x51, 0xc5, 0x59, 0xa5, 0x51, 0xa5, 0x51,
    0x07, 0x5a, 0x48, 0x62, 0xa5, 0x51, 0xa5, 0x49, 0x23, 0x39, 0xe2, 0x30,
    0x24, 0x39, 0x44, 0x39, 0x85, 0x49, 0x24, 0x39, 0x24, 0x39, 0xe2, 0x28,
    0xa5, 0x49, 0x44, 0x39, 0x65, 0x39, 0xc3, 0x20, 0x24, 0x31, 0x85, 0x41,
    0x24, 0x31, 0x41, 0x18, 0x81, 0x18, 0x03, 0x29, 0x41, 0x10, 0xe3, 0x20,
    0xc2, 0x18, 0x61, 0x10, 0x61, 0x08, 0x40, 0x08, 0x20, 0x08, 0x61, 0x08,
    0x60, 0x10, 0x40, 0x08, 0x61, 0x10, 0x61, 0x10, 0x61, 0x10, 0x60, 0x10,
    0x60, 0x08, 0x61, 0x10, 0x60, 0x10, 0x60, 0x08, 0x61, 0x10, 0x41, 0x08,
    0x61, 0x10, 0x61, 0x08, 0x60, 0x10, 0x61, 0x08, 0x41, 0x08, 0x60, 0x08,
    0x61, 0x08, 0x41, 0x10, 0x61, 0x10, 0x61, 0x10, 0x61, 0x08, 0x61, 0x10,
    0x61, 0x08, 0x41, 0x10, 0x60, 0x10, 0x60, 0x08, 0x61, 0x08, 0x60, 0x10,
    0x60, 0x08, 0x40, 0x08, 0x61, 0x08, 0x40, 0x08, 0x41, 0x10, 0x61, 0x08,
    0x61, 0x10, 0x40, 0x08, 0x60, 0x10, 0x61, 0x10, 0x60, 0x10, 0x61, 0x08,
    0x61, 0x10, 0x61, 0x08, 0x61, 0x10, 0x60, 0x10, 0x41, 0x08, 0x61, 0x08,
    0x60, 0x10, 0x41, 0x08, 0x60, 0x10, 0x61, 0x10, 0x61, 0x08, 0x61, 0x10,
    0x61, 0x08, 0x40, 0x08, 0x61, 0x08, 0x61, 0x10, 0x61, 0x10, 0x61, 0x10,
    0x61, 0x10, 0x61, 0x10, 0x40, 0x08, 0x61, 0x08, 0x61, 0x08, 0x40, 0x08,
    0x60, 0x10, 0x61, 0x10, 0x60, 0x08, 0x61, 0x10, 0x61, 0x10, 0x60, 0x08,
    0x61, 0x08, 0x61, 0x10, 0x61, 0x10, 0x61, 0x10, 0x61, 0x10, 0x61, 0x08,
    0x61, 0x10, 0x61, 0x10, 0x61, 0x10, 0x61, 0x08, 0x60, 0x10, 0x61, 0x10,
    0x61, 0x08, 0x61, 0x10, 0x61, 0x10, 0x61, 0x08, 0x61, 0x08, 0x61, 0x10,
    0x61, 0x08, 0x61, 0x10, 0x81, 0x10, 0x81, 0x10, 0x61, 0x10, 0x61, 0x08,
    0x61, 0x10, 0x62, 0x10, 0x61, 0x10, 0x61, 0x08, 0x61, 0x10, 0x61, 0x10,
    0x81, 0x08, 0x61, 0x10, 0x61, 0x10, 0x61, 0x10, 0x81, 0x10, 0x81, 0x10,
    0x62, 0x10, 0x81, 0x10, 0x81, 0x10, 0x61, 0x10, 0x81, 0x10, 0x61, 0x10,
    0x61, 0x10, 0x62, 0x10, 0x81, 0x08, 0x61, 0x10, 0x81, 0x10, 0x81, 0x10,
    0x81, 0x10, 0x62, 0x10, 0x82, 0x10, 0x81, 0x10, 0x61, 0x10, 0x82, 0x10,
    0x82, 0x10, 0x61, 0x10, 0x81, 0x10, 0x81, 0x10, 0x62, 0x10, 0x81, 0x10,
    0x62, 0x08, 0x61, 0x10, 0x61, 0x10, 0x61, 0x10, 0x61, 0x10, 0x61, 0x10,
    0x61, 0x10, 0x61, 0x08, 0x61, 0x10, 0x61, 0x10, 0x81, 0x10, 0x61, 0x10,
    0x61, 0x10, 0x61, 0x08, 0x61, 0x08, 0x61, 0x10, 0x61, 0x10, 0x61, 0x08,
    0x61, 0x08, 0x41, 0x10, 0x61, 0x10, 0x61, 0x08, 0x61, 0x10, 0x61, 0x10,
    0x61, 0x08, 0x41, 0x10, 0x61, 0x10, 0x40, 0x08, 0x60, 0x10, 0x61, 0x10,
    0x61, 0x08, 0x61, 0x10, 0x60, 0x10, 0x61, 0x10, 0x61, 0x08, 0x61, 0x08,
    0x61, 0x10, 0x61, 0x10, 0x61, 0x08, 0x61, 0x10, 0x61, 0x08, 0x61, 0x10,
    0x60, 0x08, 0x41, 0x08, 0x61, 0x10, 0x60, 0x08, 0x61, 0x10, 0x61, 0x10,
    0x60, 0x08, 0x61, 0x10, 0x61, 0x10, 0x60, 0x08, 0x61, 0x10, 0x61, 0x10,
    0x20, 0x08, 0x81, 0x18, 0x61, 0x10, 0x00, 0x00, 0x20, 0x08, 0x20, 0x08,
    0x41, 0x10, 0x61, 0x18, 0x82, 0x18, 0x03, 0x31, 0x24, 0x31, 0x44, 0x39,
    0x24, 0x39, 0xc6, 0x49, 0xe7, 0x59, 0xa5, 0x49, 0x85, 0x49, 0x64, 0x41,
    0xc6, 0x59, 0x06, 0x62, 0x27, 0x62, 0x07, 0x62, 0xe6, 0x59, 0x85, 0x51,
    0xc6, 0x59, 0xc5, 0x59, 0xa5, 0x51, 0xe6, 0x59, 0x65, 0x49, 0x24, 0x41,
    0xc2, 0x30, 0x23, 0x39, 0x64, 0x41, 0x85, 0x49, 0xa5, 0x49, 0x03, 0x31,
    0x03, 0x31, 0x04, 0x31, 0x03, 0x31, 0xc2, 0x20, 0x24, 0x31, 0x24, 0x31,
    0x24, 0x31, 0x61, 0x18, 0x81, 0x18, 0xe3, 0x20, 0x82, 0x18, 0xe3, 0x20,
    0x20, 0x08, 0x41, 0x08, 0x61, 0x10, 0x41, 0x08, 0x20, 0x08, 0x41, 0x10,
    0x61, 0x08, 0x20, 0x08, 0x61, 0x08, 0x61, 0x10, 0x40, 0x08, 0x61, 0x10,
    0x61, 0x08, 0x60, 0x10, 0x61, 0x08, 0x61, 0x08, 0x60, 0x10, 0x61, 0x10,
    0x61, 0x08, 0x41, 0x10, 0x61, 0x10, 0x41, 0x08, 0x41, 0x08, 0x61, 0x10,
    0x61, 0x10, 0x61, 0x08, 0x60, 0x08, 0x60, 0x08, 0x41, 0x10, 0x60, 0x08,
    0x61, 0x10, 0x61, 0x08, 0x61, 0x10, 0x41, 0x08, 0x61, 0x10, 0x61, 0x10,
    0x61, 0x08, 0x60, 0x10, 0x61, 0x10, 0x60, 0x08, 0x60, 0x10, 0x61, 0x10,
    0x61, 0x10, 0x60, 0x08, 0x41, 0x10, 0x61, 0x08, 0x40, 0x08, 0x60, 0x10,
    0x40, 0x08, 0x60, 0x08, 0x61, 0x08, 0x60, 0x10, 0x40, 0x08, 0x61, 0x08,
    0x40, 0x10, 0x61, 0x08, 0x60, 0x08, 0x60, 0x10, 0x41, 0x08, 0x60, 0x10,
    0x61, 0x10, 0x40, 0x08, 0x61, 0x08, 0x61, 0x08, 0x60, 0x08, 0x60, 0x08,
    0x61, 0x10, 0x61, 0x10, 0x61, 0x08, 0x61, 0x10, 0x60, 0x10, 0x41, 0x08,
    0x61, 0x10, 0x60, 0x10, 0x61, 0x08, 0x61, 0x10, 0x61, 0x10, 0x61, 0x10,
    0x61, 0x08, 0x60, 0x08, 0x61, 0x10, 0x61, 0x10, 0x61, 0x08, 0x61, 0x08,
    0x61, 0x10, 0x61, 0x10, 0x60, 0x08, 0x61, 0x08, 0x61, 0x10, 0x60, 0x10,
    0x61, 0x08, 0x61, 0x10, 0x61, 0x10, 0x61, 0x10, 0x61, 0x10, 0x61, 0x08,
    0x61, 0x10, 0x61, 0x10, 0x61, 0x08, 0x61, 0x10, 0x61, 0x10, 0x61, 0x10,
    0x61, 0x10, 0x61, 0x10, 0x81, 0x10, 0x61, 0x10, 0x61, 0x10, 0x61, 0x10,
    0x81, 0x08, 0x61, 0x10, 0x82, 0x10, 0x81, 0x10, 0x62, 0x10, 0x62, 0x08,
    0x81, 0x10, 0x81, 0x10, 0x61, 0x08, 0x61, 0x10, 0x61, 0x10, 0x61, 0x08,
    0x82, 0x10, 0x61, 0x10, 0x61, 0x10, 0x81, 0x10, 0x61, 0x08, 0x81, 0x10,
    0x61, 0x10, 0x82, 0x10, 0x62, 0x10, 0x81, 0x10, 0x81, 0x10, 0x62, 0x10,
    0x81, 0x10, 0x61, 0x08, 0x81, 0x10, 0x81, 0x10, 0x61, 0x10, 0x82, 0x10,
    0x61, 0x08, 0x81, 0x10, 0x61, 0x10, 0x82, 0x10, 0x61, 0x08, 0x61, 0x08,
    0x61, 0x10, 0x81, 0x10, 0x61, 0x10, 0x61, 0x08, 0x61, 0x10, 0x61, 0x10,
    0x61, 0x10, 0x61, 0x10, 0x61, 0x08, 0x61, 0x10, 0x61, 0x10, 0x61, 0x10,
    0x61, 0x10, 0x60, 0x10, 0x61, 0x08, 0x61, 0x10, 0x60, 0x08, 0x61, 0x10,
    0x61, 0x10, 0x61, 0x10, 0x61, 0x10, 0x61, 0x08, 0x41, 0x08, 0x61, 0x10,
    0x61, 0x10, 0x61, 0x10, 0x61, 0x08, 0x61, 0x10, 0x40, 0x08, 0x61, 0x10,
    0x61, 0x08, 0x61, 0x10, 0x60, 0x10, 0x61, 0x10, 0x61, 0x10, 0x61, 0x10,
    0x61, 0x10, 0x61, 0x10, 0x61, 0x08, 0x61, 0x10, 0x61, 0x10, 0x61, 0x10,
    0x60, 0x08, 0x61, 0x10, 0x60, 0x10, 0x61, 0x10, 0x61, 0x10, 0x61, 0x08,
    0xa2, 0x18, 0x82, 0x18, 0xa2, 0x18, 0x41, 0x08, 0x20, 0x08, 0x61, 0x18,
    0x81, 0x18, 0xc2, 0x20, 0xe3, 0x28, 0x24, 0x39, 0x85, 0x41, 0x85, 0x49,
    0x85, 0x41, 0x44, 0x39, 0x85, 0x49, 0xe6, 0x59, 0xe6, 0x51, 0x85, 0x49,
    0x68, 0x72, 0x26, 0x6a, 0x68, 0x72, 0x47, 0x72, 0x47, 0x72, 0xe6, 0x61,
    0xa5, 0x59, 0xe6, 0x61, 0xc5, 0x59, 0xe6, 0x61, 0xc5, 0x59, 0xa5, 0x51,
    0x23, 0x41, 0x23, 0x39, 0x64, 0x41, 0xc6, 0x51, 0xc6, 0x59, 0x85, 0x49,
    0x85, 0x51, 0x24, 0x39, 0x03, 0x31, 0xc2, 0x28, 0xc3, 0x28, 0x23, 0x31,
    0xe3, 0x28, 0xa2, 0x20, 0x03, 0x29, 0x04, 0x31, 0xe3, 0x28, 0x21, 0x08,
    0x40, 0x08, 0x20, 0x08, 0x00, 0x08, 0x20, 0x08, 0x41, 0x08, 0x20, 0x00,
    0x20, 0x00, 0x00, 0x00, 0x20, 0x08, 0x20, 0x08, 0x40, 0x08, 0x61, 0x10,
    0x61, 0x10, 0x61, 0x10, 0x61, 0x10, 0x60, 0x10, 0x41, 0x10, 0x61, 0x08,
    0x60, 0x10, 0x60, 0x08, 0x61, 0x08, 0x61, 0x10, 0x61, 0x10, 0x60, 0x10,
    0x61, 0x10, 0x41, 0x08, 0x61, 0x10, 0x61, 0x10, 0x40, 0x08, 0x60, 0x10,
    0x60, 0x08, 0x40, 0x10, 0x60, 0x08, 0x61, 0x10, 0x40, 0x10, 0x60, 0x08,
    0x41, 0x08, 0x61, 0x10, 0x60, 0x10, 0x41, 0x10, 0x40, 0x08, 0x60, 0x08,
    0x40, 0x08, 0x61, 0x10, 0x40, 0x08, 0x61, 0x08, 0x61, 0x10, 0x41, 0x08,
    0x61, 0x10, 0x40, 0x10, 0x41, 0x08, 0x61, 0x10, 0x61, 0x10, 0x40, 0x08,
    0x61, 0x10, 0x40, 0x10, 0x60, 0x08, 0x61, 0x10, 0x61, 0x10, 0x40, 0x08,
    0x60, 0x08, 0x61, 0x10, 0x60, 0x10, 0x61, 0x10, 0x61, 0x10, 0x40, 0x08,
    0x61, 0x08, 0x61, 0x08, 0x60, 0x10, 0x41, 0x10, 0x61, 0x10, 0x61, 0x08,
    0x61, 0x10, 0x60, 0x08, 0x41, 0x08, 0x61, 0x10, 0x60, 0x10, 0x61, 0x08,
    0x60, 0x10, 0x61, 0x10, 0x61, 0x08, 0x61, 0x08, 0x61, 0x10, 0x60, 0x08,
    0x61, 0x10, 0x61, 0x10, 0x61, 0x10, 0x61, 0x08, 0x61, 0x10, 0x61, 0x10,
    0x60, 0x08, 0x61, 0x10, 0x61, 0x10, 0x61, 0x08, 0x61, 0x10, 0x61, 0x10,
    0x81, 0x10, 0x61, 0x08, 0x61, 0x10, 0x81, 0x10, 0x61, 0x08, 0x61, 0x10,
    0x61, 0x10, 0x61, 0x08, 0x61, 0x10, 0x81, 0x10, 0x82, 0x10, 0x81, 0x10,
    0x61, 0x10, 0x61, 0x10, 0x81, 0x10, 0x62, 0x10, 0x81, 0x10, 0x81, 0x10,
    0x62, 0x10, 0x61, 0x10, 0x61, 0x10, 0x82, 0x10, 0x81, 0x10, 0x61, 0x10,
    0x82, 0x10, 0x61, 0x10, 0x81, 0x10, 0x82, 0x10, 0x61, 0x10, 0x61, 0x10,
    0x82, 0x10, 0x82, 0x10, 0x81, 0x10, 0x82, 0x10, 0x61, 0x10, 0x61, 0x10,
    0x81, 0x10, 0x62, 0x10, 0x81, 0x10, 0x61, 0x10, 0x82, 0x10, 0x61, 0x10,
    0x61, 0x10, 0x82, 0x10, 0x81, 0x10, 0x61, 0x08, 0x61, 0x10, 0x61, 0x10,
    0x61, 0x08, 0x61, 0x10, 0x61, 0x10, 0x61, 0x10, 0x62, 0x10, 0x81, 0x08,
    0x61, 0x10, 0x61, 0x10, 0x81, 0x10, 0x61, 0x08, 0x81, 0x10, 0x61, 0x10,
    0x61, 0x10, 0x61, 0x08, 0x61, 0x10, 0x61, 0x10, 0x61, 0x08, 0x61, 0x10,
    0x61, 0x08, 0x61, 0x08, 0x61, 0x10, 0x61, 0x10, 0x61, 0x08, 0x61, 0x10,
    0x61, 0x10, 0x61, 0x10, 0x61, 0x08, 0x40, 0x08, 0x61, 0x10, 0x61, 0x10,
    0x61, 0x10, 0x61, 0x08, 0x61, 0x08, 0x61, 0x08, 0x61, 0x10, 0x61, 0x08,
    0x61, 0x10, 0x61, 0x10, 0x61, 0x10, 0x61, 0x10, 0x61, 0x10, 0x61, 0x10,
    0x61, 0x08, 0x61, 0x10, 0x61, 0x10, 0x61, 0x10, 0x61, 0x10, 0xe2, 0x18,
    0x81, 0x10, 0x00, 0x00, 0x61, 0x10, 0x24, 0x31, 0xa2, 0x20, 0x03, 0x29,
    0xc2, 0x20, 0x45, 0x39, 0x24, 0x31, 0x24, 0x31, 0x85, 0x41, 0xa5, 0x49,
    0xc6, 0x51, 0xe6, 0x51, 0x27, 0x62, 0xa9, 0x7a, 0x68, 0x72, 0xc6, 0x59,
    0x06, 0x6a, 0x68, 0x72, 0x68, 0x7a, 0x88, 0x7a, 0x67, 0x72, 0x68, 0x72,
    0x06, 0x62, 0xe6, 0x69, 0xc5, 0x61, 0x06, 0x62, 0x27, 0x6a, 0xe6, 0x61,
    0x84, 0x51, 0x64, 0x49, 0x23, 0x41, 0x44, 0x49, 0xc6, 0x59, 0x06, 0x62,
    0x27, 0x6a, 0x27, 0x6a, 0x85, 0x49, 0x64, 0x41, 0x03, 0x31, 0xe3, 0x30,
    0xc2, 0x28, 0x61, 0x18, 0xc2, 0x20, 0x24, 0x31, 0xe3, 0x28, 0xc3, 0x20,
    0x82, 0x18, 0x81, 0x10, 0x61, 0x10, 0x21, 0x08, 0x20, 0x08, 0x00, 0x00,
    0x00, 0x00, 0x20, 0x08, 0x00, 0x00, 0x00, 0x00, 0x61, 0x08, 0x61, 0x10,
    0x61, 0x10, 0x61, 0x10, 0x60, 0x10, 0x61, 0x10, 0x61, 0x10, 0x61, 0x08,
    0x61, 0x10, 0x61, 0x10, 0x40, 0x08, 0x61, 0x10, 0x60, 0x08, 0x61, 0x10,
    0x61, 0x08, 0x60, 0x10, 0x61, 0x10, 0x61, 0x10, 0x61, 0x10, 0x41, 0x10,
    0x61, 0x08, 0x60, 0x08, 0x61, 0x10, 0x61, 0x10, 0x61, 0x08, 0x61, 0x10,
    0x60, 0x08, 0x40, 0x08, 0x41, 0x08, 0x61, 0x08, 0x61, 0x10, 0x61, 0x10,
    0x61, 0x08, 0x41, 0x10, 0x60, 0x08, 0x40, 0x08, 0x60, 0x10, 0x61, 0x08,
    0x60, 0x10, 0x41, 0x08, 0x61, 0x08, 0x41, 0x10, 0x40, 0x08, 0x61, 0x10,
    0x61, 0x08, 0x61, 0x10, 0x61, 0x10, 0x40, 0x08, 0x61, 0x10, 0x41, 0x10,
    0x61, 0x08, 0x61, 0x10, 0x60, 0x08, 0x41, 0x10, 0x41, 0x10, 0x60, 0x08,
    0x61, 0x10, 0x61, 0x10, 0x40, 0x08, 0x61, 0x08, 0x61, 0x08, 0x60, 0x10,
    0x61, 0x10, 0x61, 0x10, 0x61, 0x08, 0x61, 0x10, 0x61, 0x08, 0x61, 0x10,
    0x61, 0x10, 0x60, 0x08, 0x61, 0x10, 0x60, 0x10, 0x61, 0x10, 0x61, 0x10,
    0x61, 0x08, 0x61, 0x08, 0x61, 0x10, 0x61, 0x10, 0x61, 0x10, 0x81, 0x10,
    0x61, 0x10, 0x81, 0x10, 0x61, 0x08, 0x81, 0x10, 0x61, 0x10, 0x61, 0x10,
    0x81, 0x10, 0x61, 0x10, 0x61, 0x10, 0x81, 0x10, 0x61, 0x08, 0x61, 0x10,
    0x61, 0x10, 0x61, 0x08, 0x61, 0x10, 0x61, 0x10, 0x61, 0x08, 0x61, 0x10,
    0x81, 0x10, 0x61, 0x08, 0x81, 0x10, 0x81, 0x10, 0x82, 0x10, 0x61, 0x10,
    0x81, 0x10, 0x82, 0x10, 0x61, 0x10, 0x61, 0x10, 0x61, 0x10, 0x61, 0x08,
    0x61, 0x10, 0x61, 0x10, 0x61, 0x10, 0x61, 0x10, 0x81, 0x10, 0x81, 0x10,
    0x61, 0x08, 0x61, 0x10, 0x61, 0x10, 0x82, 0x10, 0x81, 0x10, 0x82, 0x10,
    0x61, 0x10, 0x82, 0x10, 0x61, 0x10, 0x81, 0x10, 0x82, 0x10, 0x61, 0x10,
    0x81, 0x10, 0x82, 0x10, 0x62, 0x10, 0x61, 0x10, 0x61, 0x10, 0x81, 0x10,
    0x61, 0x10, 0x81, 0x10, 0x61, 0x08, 0x81, 0x10, 0x81, 0x10, 0x61, 0x10,
    0x81, 0x10, 0x61, 0x10, 0x61, 0x10, 0x61, 0x10, 0x61, 0x10, 0x61, 0x08,
    0x61, 0x08, 0x61, 0x10, 0x61, 0x10, 0x61, 0x08, 0x61, 0x10, 0x61, 0x10,
    0x61, 0x10, 0x61, 0x08, 0x61, 0x10, 0x61, 0x10, 0x61, 0x08, 0x61, 0x10,
    0x60, 0x08, 0x61, 0x10, 0x61, 0x10, 0x60, 0x08, 0x61, 0x10, 0x61, 0x10,
    0x61, 0x10, 0x61, 0x10, 0x60, 0x10, 0x61, 0x08, 0x61, 0x10, 0x61, 0x10,
    0x61, 0x10, 0x61, 0x10, 0x60, 0x08, 0x60, 0x10, 0x61, 0x10, 0x61, 0x10,
    0x60, 0x10, 0x61, 0x08, 0x61, 0x10, 0x61, 0x10, 0x64, 0x31, 0x82, 0x10,
    0x40, 0x10, 0x82, 0x18, 0x81, 0x18, 0xa2, 0x20, 0x24, 0x31, 0x86, 0x41,
    0xa6, 0x49, 0x65, 0x41, 0xe3, 0x28, 0x03, 0x31, 0x44, 0x41, 0xe7, 0x59,
    0x48, 0x6a, 0xa9, 0x7a, 0xea, 0x82, 0x0b, 0x8b, 0x88, 0x72, 0x64, 0x51,
    0x68, 0x72, 0x88, 0x7a, 0x88, 0x7a, 0x47, 0x72, 0x47, 0x72, 0x88, 0x7a,
    0x67, 0x72, 0x47, 0x72, 0x27, 0x6a, 0xe6, 0x61, 0x06, 0x6a, 0xe6, 0x61,
    0xe5, 0x61, 0xa5, 0x59, 0x85, 0x51, 0xe6, 0x59, 0xa5, 0x51, 0x06, 0x62,
    0x27, 0x6a, 0x47, 0x72, 0x07, 0x62, 0xe6, 0x61, 0xa5, 0x51, 0x23, 0x39,
    0xc2, 0x28, 0x61, 0x18, 0xa2, 0x20, 0x24, 0x31, 0xc2, 0x20, 0xe3, 0x20,
    0x61, 0x10, 0x81, 0x18, 0x61, 0x10, 0x41, 0x10, 0x41, 0x10, 0x00, 0x00,
    0x41, 0x08, 0x61, 0x10, 0x20, 0x08, 0x41, 0x08, 0x20, 0x08, 0x61, 0x10,
    0x61, 0x10, 0x60, 0x08, 0x61, 0x10, 0x61, 0x10, 0x61, 0x10, 0x60, 0x08,
    0x61, 0x10, 0x41, 0x08, 0x61, 0x10, 0x61, 0x10, 0x41, 0x08, 0x61, 0x10,
    0x61, 0x10, 0x61, 0x08, 0x40, 0x08, 0x61, 0x08, 0x61, 0x08, 0x61, 0x10,
    0x41, 0x10, 0x60, 0x10, 0x60, 0x08, 0x41, 0x08, 0x61, 0x10, 0x40, 0x08,
    0x61, 0x10, 0x40, 0x10, 0x61, 0x10, 0x60, 0x08, 0x60, 0x10, 0x61, 0x10,
    0x60, 0x08, 0x60, 0x10, 0x61, 0x10, 0x61, 0x08, 0x61, 0x10, 0x60, 0x10,
    0x40, 0x08, 0x61, 0x08, 0x61, 0x08, 0x40, 0x08, 0x61, 0x10, 0x60, 0x08,
    0x40, 0x08, 0x61, 0x10, 0x61, 0x10, 0x61, 0x10, 0x60, 0x08, 0x61, 0x08,
    0x60, 0x10, 0x41, 0x08, 0x61, 0x08, 0x60, 0x08, 0x61, 0x10, 0x60, 0x08,
    0x60, 0x10, 0x41, 0x08, 0x61, 0x08, 0x61, 0x10, 0x61, 0x08, 0x61, 0x10,
    0x61, 0x10, 0x61, 0x10, 0x60, 0x08, 0x61, 0x08, 0x61, 0x10, 0x61, 0x10,
    0x61, 0x08, 0x60, 0x08, 0x61, 0x10, 0x61, 0x10, 0x60, 0x08, 0x61, 0x10,
    0x61, 0x10, 0x61, 0x08, 0x61, 0x10, 0x60, 0x08, 0x61, 0x10, 0x61, 0x10,
    0x61, 0x08, 0x60, 0x08, 0x61, 0x10, 0x61, 0x10, 0x61, 0x08, 0x61, 0x08,
    0x61, 0x10, 0x61, 0x08, 0x81, 0x10, 0x81, 0x10, 0x61, 0x10, 0x81, 0x10,
    0x61, 0x10, 0x61, 0x10, 0x61, 0x10, 0x62, 0x10, 0x61, 0x10, 0x61, 0x08,
    0x62, 0x10, 0x82, 0x10, 0x61, 0x10, 0x61, 0x10, 0x82, 0x10, 0x62, 0x10,
    0x61, 0x10, 0x61, 0x10, 0x61, 0x08, 0x62, 0x10, 0x82, 0x10, 0x61, 0x10,
    0x61, 0x08, 0x82, 0x10, 0x81, 0x10, 0x62, 0x10, 0x82, 0x10, 0x61, 0x10,
    0x82, 0x10, 0x82, 0x10, 0x61, 0x10, 0x61, 0x10, 0x82, 0x10, 0x61, 0x10,
    0x81, 0x10, 0x61, 0x10, 0x82, 0x10, 0x62, 0x10, 0x81, 0x10, 0x81, 0x10,
    0x82, 0x10, 0x81, 0x10, 0x61, 0x10, 0x61, 0x08, 0x61, 0x10, 0x61, 0x10,
    0x61, 0x10, 0x81, 0x10, 0x81, 0x10, 0x62, 0x10, 0x61, 0x08, 0x61, 0x10,
    0x61, 0x08, 0x61, 0x10, 0x61, 0x10, 0x61, 0x08, 0x81, 0x10, 0x81, 0x10,
    0x61, 0x10, 0x61, 0x10, 0x61, 0x10, 0x61, 0x10, 0x61, 0x10, 0x61, 0x10,
    0x61, 0x10, 0x61, 0x08, 0x61, 0x10, 0x81, 0x10, 0x61, 0x10, 0x61, 0x10,
    0x61, 0x10, 0x61, 0x10, 0x61, 0x10, 0x61, 0x10, 0x61, 0x10, 0x60, 0x10,
    0x61, 0x08, 0x61, 0x10, 0x61, 0x10, 0x61, 0x10, 0x61, 0x08, 0x60, 0x10,
    0x61, 0x10, 0x61, 0x10, 0x61, 0x08, 0x61, 0x10, 0x61, 0x10, 0x81, 0x10,
    0x60, 0x10, 0x61, 0x10, 0x61, 0x08, 0x61, 0x10, 0x61, 0x10, 0x61, 0x10,
    0x81, 0x18, 0xc3, 0x20, 0x03, 0x29, 0x03, 0x31, 0xe7, 0x49, 0xa6, 0x41,
    0x03, 0x31, 0xa6, 0x49, 0x65, 0x39, 0x44, 0x41, 0x07, 0x5a, 0xc9, 0x7a,
    0xea, 0x82, 0x6c, 0x9b, 0x6c, 0x9b, 0x2b, 0x93, 0xca, 0x82, 0xe6, 0x61,
    0xe6, 0x61, 0x47, 0x72, 0x68, 0x72, 0x68, 0x7a, 0x26, 0x6a, 0x47, 0x72,
    0x68, 0x72, 0x88, 0x7a, 0x26, 0x6a, 0x06, 0x6a, 0x47, 0x72, 0xe5, 0x61,
    0xe6, 0x61, 0xe5, 0x61, 0xa5, 0x59, 0xe6, 0x61, 0x06, 0x62, 0xe6, 0x61,
    0x06, 0x6a, 0x48, 0x72, 0x27, 0x72, 0x68, 0x7a, 0x27, 0x6a, 0xc6, 0x59,
    0x44, 0x41, 0xc2, 0x28, 0xa2, 0x28, 0xe3, 0x28, 0xc2, 0x20, 0xe3, 0x28,
    0x81, 0x18, 0x82, 0x18, 0x82, 0x10, 0xa2, 0x18, 0xa2, 0x18, 0x61, 0x10,
    0xe3, 0x20, 0x24, 0x29, 0x85, 0x31, 0x44, 0x29, 0x61, 0x10, 0xa1, 0x10,
    0x61, 0x10, 0x61, 0x10, 0x60, 0x08, 0x61, 0x10, 0x61, 0x08, 0x61, 0x10,
    0x61, 0x10, 0x61, 0x10, 0x60, 0x08, 0x61, 0x10, 0x61, 0x10, 0x60, 0x10,
    0x60, 0x08, 0x41, 0x08, 0x40, 0x10, 0x60, 0x10, 0x60, 0x08, 0x61, 0x10,
    0x61, 0x10, 0x41, 0x08, 0x60, 0x08, 0x60, 0x10, 0x60, 0x10, 0x61, 0x08,
    0x61, 0x08, 0x60, 0x10, 0x61, 0x08, 0x61, 0x10, 0x40, 0x08, 0x41, 0x10,
    0x61, 0x10, 0x60, 0x08, 0x41, 0x08, 0x61, 0x10, 0x61, 0x08, 0x41, 0x08,
    0x41, 0x10, 0x61, 0x10, 0x41, 0x08, 0x61, 0x10, 0x61, 0x10, 0x60, 0x08,
    0x41, 0x08, 0x40, 0x08, 0x61, 0x10, 0x61, 0x10, 0x41, 0x08, 0x60, 0x10,
    0x60, 0x10, 0x41, 0x10, 0x61, 0x10, 0x60, 0x10, 0x61, 0x08, 0x41, 0x10,
    0x60, 0x10, 0x61, 0x10, 0x40, 0x08, 0x40, 0x08, 0x41, 0x08, 0x60, 0x08,
    0x61, 0x08, 0x61, 0x10, 0x61, 0x10, 0x61, 0x10, 0x61, 0x10, 0x60, 0x08,
    0x61, 0x10, 0x41, 0x10, 0x61, 0x10, 0x61, 0x08, 0x61, 0x10, 0x61, 0x08,
    0x61, 0x10, 0x61, 0x08, 0x60, 0x08, 0x61, 0x10, 0x61, 0x10, 0x61, 0x10,
    0x61, 0x10, 0x81, 0x10, 0x61, 0x10, 0x60, 0x08, 0x81, 0x10, 0x61, 0x10,
    0x81, 0x10, 0x81, 0x10, 0x61, 0x08, 0x81, 0x10, 0x61, 0x10, 0x61, 0x08,
    0x61, 0x10, 0x61, 0x10, 0x81, 0x10, 0x81, 0x08, 0x61, 0x10, 0x62, 0x10,
    0x61, 0x10, 0x81, 0x10, 0x61, 0x08, 0x62, 0x10, 0x81, 0x10, 0x81, 0x08,
    0x61, 0x10, 0x82, 0x10, 0x82, 0x10, 0x61, 0x10, 0x61, 0x10, 0x82, 0x10,
    0x62, 0x10, 0x82, 0x10, 0x81, 0x10, 0x61, 0x08, 0x61, 0x10, 0x81, 0x10,
    0x82, 0x10, 0x82, 0x10, 0x81, 0x10, 0x82, 0x10, 0x81, 0x10, 0x81, 0x10,
    0x62, 0x10, 0x81, 0x10, 0x61, 0x10, 0x82, 0x10, 0x62, 0x10, 0x81, 0x10,
    0x81, 0x10, 0x81, 0x10, 0x81, 0x10, 0x82, 0x10, 0x82, 0x10, 0x61, 0x08,
    0x81, 0x10, 0x82, 0x10, 0x61, 0x10, 0x82, 0x10, 0x81, 0x10, 0x82, 0x10,
    0x82, 0x10, 0x81, 0x10, 0x61, 0x10, 0x81, 0x10, 0x81, 0x10, 0x61, 0x10,
    0x61, 0x10, 0x61, 0x10, 0x61, 0x10, 0x61, 0x10, 0x61, 0x10, 0x61, 0x08,
    0x61, 0x10, 0x61, 0x10, 0x61, 0x10, 0x61, 0x10, 0x61, 0x08, 0x81, 0x10,
    0x81, 0x10, 0x81, 0x10, 0x61, 0x10, 0x61, 0x10, 0x81, 0x10, 0x61, 0x10,
    0x61, 0x10, 0x61, 0x10, 0x61, 0x10, 0x61, 0x10, 0x61, 0x08, 0x61, 0x10,
    0x61, 0x08, 0x61, 0x10, 0x61, 0x10, 0x61, 0x10, 0x61, 0x10, 0x61, 0x10,
    0x61, 0x10, 0x40, 0x08, 0x60, 0x08, 0x40, 0x10, 0x61, 0x10, 0xa2, 0x20,
    0x65, 0x39, 0x85, 0x39, 0xc7, 0x49, 0xe7, 0x51, 0x69, 0x62, 0xe7, 0x51,
    0xc2, 0x28, 0xc2, 0x28, 0x64, 0x41, 0xa9, 0x72, 0x8c, 0xa3, 0xad, 0xab,
    0xcd, 0xab, 0xcd, 0xab, 0x8c, 0xa3, 0x6b, 0x9b, 0x4b, 0x9b, 0xa9, 0x82,
    0x68, 0x72, 0x07, 0x6a, 0xa5, 0x59, 0xe6, 0x61, 0xe6, 0x61, 0x47, 0x72,
    0x27, 0x6a, 0x06, 0x6a, 0x06, 0x6a, 0x06, 0x6a, 0x06, 0x6a, 0x06, 0x6a,
    0x06, 0x6a, 0xe6, 0x61, 0xc5, 0x61, 0xa5, 0x59, 0xe6, 0x61, 0xe6, 0x61,
    0x27, 0x6a, 0x88, 0x7a, 0x27, 0x6a, 0x88, 0x7a, 0x88, 0x7a, 0xa9, 0x82,
    0x47, 0x72, 0x85, 0x51, 0x03, 0x39, 0xa2, 0x28, 0xe2, 0x28, 0xa2, 0x20,
    0x61, 0x18, 0x81, 0x18, 0xc3, 0x20, 0x24, 0x31, 0xc2, 0x20, 0x82, 0x18,
    0xc3, 0x20, 0x61, 0x10, 0xa2, 0x18, 0x61, 0x10, 0x20, 0x00, 0x41, 0x08,
    0x61, 0x10, 0x61, 0x10, 0x61, 0x08, 0x61, 0x10, 0x60, 0x10, 0x61, 0x10,
    0x61, 0x10, 0x61, 0x10, 0x61, 0x10, 0x61, 0x08, 0x61, 0x10, 0x60, 0x08,
    0x61, 0x10, 0x61, 0x10, 0x60, 0x08, 0x61, 0x10, 0x40, 0x08, 0x61, 0x08,
    0x61, 0x10, 0x60, 0x08, 0x41, 0x10, 0x61, 0x10, 0x61, 0x10, 0x61, 0x10,
    0x40, 0x08, 0x61, 0x10, 0x61, 0x08, 0x41, 0x08, 0x61, 0x10, 0x60, 0x10,
    0x61, 0x08, 0x61, 0x10, 0x41, 0x10, 0x61, 0x08, 0x60, 0x10, 0x41, 0x08,
    0x40, 0x08, 0x61, 0x10, 0x60, 0x08, 0x61, 0x10, 0x61, 0x08, 0x61, 0x10,
    0x61, 0x08, 0x61, 0x10, 0x61, 0x10, 0x61, 0x08, 0x40, 0x08, 0x41, 0x08,
    0x61, 0x10, 0x61, 0x08, 0x61, 0x10, 0x61, 0x08, 0x40, 0x08, 0x61, 0x10,
    0x61, 0x10, 0x61, 0x10, 0x60, 0x10, 0x61, 0x10, 0x61, 0x10, 0x60, 0x10,
    0x41, 0x08, 0x61, 0x10, 0x60, 0x08, 0x61, 0x08, 0x61, 0x08, 0x61, 0x10,
    0x61, 0x10, 0x61, 0x08, 0x61, 0x10, 0x61, 0x10, 0x61, 0x08, 0x60, 0x10,
    0x61, 0x10, 0x61, 0x08, 0x61, 0x10, 0x61, 0x10, 0x61, 0x08, 0x81, 0x10,
    0x61, 0x10, 0x61, 0x10, 0x61, 0x10, 0x61, 0x10, 0x61, 0x08, 0x81, 0x10,
    0x81, 0x10, 0x61, 0x10, 0x61, 0x10, 0x81, 0x10, 0x61, 0x10, 0x61, 0x10,
    0x61, 0x10, 0x61, 0x08, 0x82, 0x10, 0x61, 0x10, 0x81, 0x10, 0x81, 0x10,
    0x61, 0x08, 0x61, 0x10, 0x81, 0x10, 0x81, 0x10, 0x62, 0x10, 0x81, 0x10,
    0x61, 0x10, 0x82, 0x10, 0x61, 0x10, 0x61, 0x08, 0x81, 0x10, 0x81, 0x10,
    0x61, 0x10, 0x61, 0x10, 0x82, 0x10, 0x61, 0x08, 0x81, 0x10, 0x61, 0x10,
    0x61, 0x10, 0x81, 0x10, 0x62, 0x10, 0x82, 0x10, 0x61, 0x10, 0x81, 0x10,
    0x61, 0x10, 0x62, 0x10, 0x81, 0x10, 0x61, 0x10, 0x61, 0x10, 0x61, 0x10,
    0x82, 0x10, 0x81, 0x10, 0x81, 0x10, 0x81, 0x10, 0x61, 0x10, 0x61, 0x10,
    0x82, 0x10, 0x61, 0x10, 0x61, 0x10, 0x81, 0x10, 0x61, 0x10, 0x61, 0x10,
    0x61, 0x10, 0x61, 0x10, 0x61, 0x08, 0x81, 0x10, 0x61, 0x10, 0x61, 0x10,
    0x61, 0x10, 0x61, 0x10, 0x81, 0x10, 0x61, 0x08, 0x61, 0x10, 0x61, 0x10,
    0x61, 0x10, 0x61, 0x08, 0x61, 0x10, 0x61, 0x10, 0x61, 0x10, 0x81, 0x10,
    0x61, 0x10, 0x81, 0x10, 0x81, 0x10, 0x61, 0x10, 0x61, 0x08, 0x81, 0x10,
    0x60, 0x08, 0x61, 0x08, 0x61, 0x08, 0x60, 0x10, 0x61, 0x10, 0x61, 0x08,
    0x60, 0x10, 0x60, 0x08, 0x61, 0x10, 0x61, 0x10, 0x61, 0x10, 0x61, 0x10,
    0x60, 0x08, 0x61, 0x10, 0x61, 0x10, 0x41, 0x10, 0x85, 0x39, 0x69, 0x5a,
    0x28, 0x52, 0xe7, 0x49, 0x85, 0x41, 0x65, 0x39, 0x65, 0x41, 0x24, 0x31,
    0xc2, 0x28, 0x23, 0x39, 0xea, 0x82, 0xee, 0xb3, 0x0e, 0xbc, 0x0e, 0xbc,
    0xee, 0xb3, 0xcd, 0xab, 0xad, 0xa3, 0x8c, 0xa3, 0x6c, 0xa3, 0x0a, 0x93,
    0x0a, 0x93, 0x0a, 0x8b, 0x88, 0x7a, 0xc5, 0x61, 0xc5, 0x59, 0x64, 0x51,
    0xc5, 0x61, 0xc5, 0x61, 0xe6, 0x61, 0xe6, 0x61, 0xe5, 0x61, 0xe6, 0x69,
    0x06, 0x6a, 0x06, 0x6a, 0xe6, 0x61, 0xc5, 0x61, 0xc5, 0x61, 0x27, 0x6a,
    0x27, 0x6a, 0x88, 0x7a, 0x67, 0x7a, 0x48, 0x7a, 0x47, 0x7a, 0xe9, 0x8a,
    0xc9, 0x8a, 0x68, 0x7a, 0x27, 0x6a, 0x03, 0x39, 0xc2, 0x20, 0x41, 0x10,
    0xe3, 0x28, 0x41, 0x10, 0xe3, 0x28, 0xa6, 0x41, 0x03, 0x29, 0x81, 0x18,
    0xc2, 0x20, 0x24, 0x29, 0xc2, 0x20, 0x40, 0x08, 0x20, 0x08, 0x20, 0x08,
    0x20, 0x08, 0x61, 0x10, 0x61, 0x08, 0x81, 0x10, 0x81, 0x10, 0x61, 0x08,
    0x60, 0x10, 0x61, 0x10, 0x61, 0x08, 0x60, 0x10, 0x61, 0x10, 0x61, 0x08,
    0x61, 0x08, 0x40, 0x08, 0x61, 0x10, 0x61, 0x08, 0x41, 0x10, 0x41, 0x08,
    0x60, 0x10, 0x61, 0x10, 0x61, 0x08, 0x60, 0x10, 0x61, 0x08, 0x40, 0x08,
    0x41, 0x10, 0x61, 0x08, 0x60, 0x10, 0x40, 0x08, 0x61, 0x10, 0x60, 0x08,
    0x61, 0x08, 0x61, 0x10, 0x60, 0x08, 0x60, 0x10, 0x61, 0x10, 0x60, 0x08,
    0x61, 0x08, 0x41, 0x08, 0x61, 0x10, 0x60, 0x08, 0x40, 0x10, 0x61, 0x10,
    0x60, 0x08, 0x40, 0x10, 0x61, 0x08, 0x61, 0x10, 0x40, 0x08, 0x61, 0x10,
    0x61, 0x08, 0x60, 0x08, 0x40, 0x10, 0x61, 0x10, 0x61, 0x08, 0x60, 0x10,
    0x41, 0x08, 0x61, 0x10, 0x61, 0x10, 0x61, 0x08, 0x60, 0x10, 0x61, 0x10,
    0x61, 0x08, 0x61, 0x10, 0x61, 0x10, 0x61, 0x10, 0x41, 0x08, 0x61, 0x10,
    0x61, 0x08, 0x60, 0x08, 0x61, 0x10, 0x61, 0x10, 0x60, 0x10, 0x61, 0x08,
    0x61, 0x10, 0x61, 0x10, 0x61, 0x10, 0x61, 0x10, 0x61, 0x08, 0x61, 0x10,
    0x61, 0x08, 0x61, 0x08, 0x81, 0x10, 0x61, 0x10, 0x61, 0x10, 0x61, 0x10,
    0x61, 0x10, 0x81, 0x10, 0x81, 0x10, 0x61, 0x10, 0x81, 0x10, 0x61, 0x10,
    0x61, 0x10, 0x61, 0x10, 0x81, 0x10, 0x61, 0x10, 0x61, 0x08, 0x62, 0x10,
    0x61, 0x10, 0x61, 0x10, 0x61, 0x10, 0x82, 0x10, 0x61, 0x10, 0x82, 0x10,
    0x62, 0x10, 0x81, 0x10, 0x62, 0x10, 0x81, 0x10, 0x62, 0x10, 0x82, 0x10,
    0x61, 0x08, 0x61, 0x10, 0x82, 0x10, 0x81, 0x10, 0x82, 0x10, 0x82, 0x10,
    0x61, 0x10, 0x81, 0x10, 0x82, 0x10, 0x82, 0x10, 0x82, 0x10, 0x61, 0x10,
    0x82, 0x10, 0x82, 0x10, 0x81, 0x10, 0x81, 0x10, 0x82, 0x10, 0x82, 0x10,
    0x61, 0x10, 0x61, 0x10, 0x61, 0x10, 0x62, 0x10, 0x81, 0x10, 0x82, 0x10,
    0x81, 0x10, 0x81, 0x10, 0x61, 0x08, 0x82, 0x10, 0x61, 0x10, 0x81, 0x10,
    0x81, 0x10, 0x61, 0x10, 0x81, 0x10, 0x81, 0x10, 0x61, 0x10, 0x81, 0x10,
    0x81, 0x10, 0x81, 0x10, 0x61, 0x08, 0x61, 0x10, 0x61, 0x10, 0x61, 0x10,
    0x81, 0x10, 0x61, 0x10, 0x81, 0x10, 0x81, 0x10, 0x61, 0x08, 0x61, 0x10,
    0x81, 0x10, 0x61, 0x10, 0x61, 0x10, 0x61, 0x08, 0x81, 0x10, 0x61, 0x10,
    0x61, 0x10, 0x61, 0x10, 0x61, 0x08, 0x61, 0x10, 0x61, 0x10, 0x61, 0x10,
    0x61, 0x10, 0x61, 0x10, 0x81, 0x10, 0x61, 0x10, 0x61, 0x10, 0x61, 0x10,
    0x61, 0x10, 0x81, 0x10, 0x81, 0x18, 0x86, 0x39, 0xe8, 0x51, 0x49, 0x5a,
    0x28, 0x52, 0xa6, 0x49, 0xc7, 0x49, 0xa6, 0x49, 0xe2, 0x28, 0xc2, 0x28,
    0x85, 0x49, 0x4b, 0x93, 0x4f, 0xc4, 0x70, 0xcc, 0x90, 0xd4, 0x6f, 0xcc,
    0x70, 0xcc, 0x90, 0xcc, 0x6f, 0xcc, 0x0e, 0xbc, 0xee, 0xb3, 0xac, 0xab,
    0x8c, 0xab, 0x0a, 0x93, 0x2a, 0x93, 0xea, 0x8a, 0x67, 0x7a, 0x67, 0x72,
    0x47, 0x72, 0x47, 0x72, 0x47, 0x72, 0x47, 0x72, 0x06, 0x6a, 0x47, 0x72,
    0x67, 0x72, 0x68, 0x72, 0x27, 0x72, 0x06, 0x6a, 0xe6, 0x61, 0x06, 0x6a,
    0x27, 0x72, 0x88, 0x7a, 0x88, 0x82, 0x88, 0x7a, 0x68, 0x7a, 0x0a, 0x93,
    0xea, 0x92, 0xa9, 0x82, 0xc9, 0x8a, 0x88, 0x7a, 0x23, 0x39, 0x81, 0x20,
    0xa2, 0x20, 0x41, 0x18, 0xe2, 0x28, 0x44, 0x39, 0x65, 0x39, 0x44, 0x31,
    0x65, 0x39, 0x03, 0x29, 0x61, 0x10, 0x20, 0x08, 0x41, 0x08, 0x40, 0x08,
    0x61, 0x10, 0x61, 0x10, 0x61, 0x10, 0xa2, 0x18, 0x61, 0x10, 0x61, 0x08,
    0x60, 0x10, 0x61, 0x10, 0x61, 0x10, 0x61, 0x10, 0x40, 0x08, 0x61, 0x10,
    0x61, 0x10, 0x60, 0x10, 0x41, 0x10, 0x60, 0x08, 0x60, 0x08, 0x61, 0x10,
    0x60, 0x08, 0x61, 0x10, 0x61, 0x10, 0x60, 0x08, 0x61, 0x08, 0x61, 0x10,
    0x61, 0x10, 0x61, 0x08, 0x41, 0x08, 0x61, 0x10, 0x61, 0x10, 0x60, 0x10,
    0x41, 0x10, 0x61, 0x08, 0x60, 0x08, 0x41, 0x10, 0x61, 0x08, 0x61, 0x10,
    0x61, 0x10, 0x61, 0x10, 0x61, 0x10, 0x41, 0x08, 0x61, 0x08, 0x61, 0x10,
    0x61, 0x08, 0x41, 0x08, 0x61, 0x10, 0x61, 0x08, 0x61, 0x10, 0x61, 0x10,
    0x60, 0x08, 0x61, 0x10, 0x61, 0x10, 0x41, 0x08, 0x60, 0x10, 0x61, 0x08,
    0x61, 0x08, 0x60, 0x10, 0x60, 0x08, 0x61, 0x10, 0x61, 0x08, 0x61, 0x10,
    0x61, 0x10, 0x60, 0x08, 0x61, 0x10, 0x61, 0x10, 0x61, 0x10, 0x61, 0x10,
    0x61, 0x10, 0x61, 0x10, 0x61, 0x10, 0x61, 0x10, 0x61, 0x08, 0x61, 0x10,
    0x61, 0x10, 0x61, 0x08, 0x61, 0x10, 0x81, 0x10, 0x61, 0x10, 0x61, 0x10,
    0x81, 0x10, 0x61, 0x10, 0x61, 0x08, 0x61, 0x08, 0x81, 0x10, 0x81, 0x10,
    0x61, 0x08, 0x81, 0x10, 0x81, 0x10, 0x62, 0x10, 0x82, 0x08, 0x82, 0x10,
    0x61, 0x10, 0x81, 0x10, 0x61, 0x08, 0x62, 0x10, 0x61, 0x10, 0x81, 0x10,
    0x61, 0x10, 0x82, 0x10, 0x61, 0x08, 0x61, 0x10, 0x61, 0x08, 0x81, 0x10,
    0x61, 0x08, 0x61, 0x10, 0x61, 0x08, 0x82, 0x10, 0x61, 0x10, 0x61, 0x08,
    0x61, 0x10, 0x82, 0x10, 0x61, 0x10, 0x61, 0x10, 0x82, 0x10, 0x82, 0x10,
    0x81, 0x10, 0x81, 0x10, 0x82, 0x10, 0x81, 0x10, 0x82, 0x10, 0x81, 0x10,
    0x82, 0x10, 0x82, 0x10, 0x61, 0x10, 0x81, 0x10, 0x81, 0x10, 0x81, 0x10,
    0x81, 0x10, 0x62, 0x10, 0x61, 0x10, 0x62, 0x10, 0x81, 0x10, 0x81, 0x10,
    0x62, 0x10, 0x81, 0x10, 0x81, 0x10, 0x61, 0x10, 0x82, 0x10, 0x82, 0x10,
    0x62, 0x10, 0x61, 0x10, 0x82, 0x10, 0x61, 0x10, 0x61, 0x10, 0x81, 0x10,
    0x61, 0x10, 0x61, 0x10, 0x81, 0x10, 0x61, 0x10, 0x61, 0x10, 0x81, 0x10,
    0x81, 0x10, 0x61, 0x10, 0x61, 0x08, 0x61, 0x10, 0x61, 0x10, 0x61, 0x08,
    0x81, 0x10, 0x81, 0x10, 0x61, 0x10, 0x61, 0x10, 0x61, 0x10, 0x60, 0x10,
    0x61, 0x08, 0x61, 0x10, 0x60, 0x08, 0x61, 0x08, 0x61, 0x10, 0x61, 0x10,
    0x81, 0x10, 0x61, 0x10, 0x61, 0x08, 0x61, 0x10, 0x81, 0x10, 0x81, 0x10,
    0x61, 0x10, 0x61, 0x10, 0x44, 0x31, 0x44, 0x31, 0xa6, 0x41, 0xa6, 0x41,
    0x65, 0x39, 0xe3, 0x28, 0xa2, 0x20, 0x81, 0x20, 0xc2, 0x28, 0x84, 0x49,
    0xad, 0xab, 0x90, 0xd4, 0xb0, 0xdc, 0x90, 0xd4, 0xb0, 0xd4, 0x90, 0xd4,
    0x90, 0xd4, 0xb0, 0xdc, 0x90, 0xd4, 0x6f, 0xcc, 0xed, 0xbb, 0x0e, 0xbc,
    0x2e, 0xbc, 0xac, 0xab, 0xe9, 0x8a, 0x4b, 0x9b, 0x0a, 0x93, 0xea, 0x8a,
    0xea, 0x8a, 0xc9, 0x82, 0xa9, 0x82, 0xa9, 0x82, 0x67, 0x72, 0x27, 0x6a,
    0x47, 0x72, 0x68, 0x7a, 0x68, 0x7a, 0x67, 0x7a, 0x68, 0x7a, 0x67, 0x72,
    0x47, 0x72, 0x47, 0x72, 0x88, 0x7a, 0x88, 0x82, 0x88, 0x82, 0xa9, 0x8a,
    0x09, 0x93, 0x2a, 0x93, 0xea, 0x92, 0xa9, 0x82, 0xa8, 0x82, 0x65, 0x49,
    0x82, 0x20, 0x61, 0x18, 0xc2, 0x20, 0x03, 0x29, 0x45, 0x39, 0x24, 0x31,
    0xc3, 0x20, 0x45, 0x31, 0x61, 0x10, 0x20, 0x08, 0x81, 0x18, 0xa2, 0x18,
    0x81, 0x10, 0x61, 0x10, 0xe2, 0x18, 0x81, 0x10, 0x61, 0x10, 0x61, 0x10,
    0x61, 0x10, 0x60, 0x10, 0x61, 0x10, 0x61, 0x10, 0x61, 0x10, 0x60, 0x10,
    0x61, 0x10, 0x61, 0x08, 0x61, 0x10, 0x40, 0x08, 0x61, 0x10, 0x40, 0x08,
    0x61, 0x08, 0x41, 0x10, 0x40, 0x08, 0x61, 0x10, 0x61, 0x10, 0x61, 0x10,
    0x60, 0x08, 0x61, 0x10, 0x61, 0x10, 0x60, 0x08, 0x41, 0x08, 0x61, 0x08,
    0x61, 0x10, 0x41, 0x10, 0x61, 0x10, 0x41, 0x08, 0x40, 0x08, 0x40, 0x08,
    0x60, 0x10, 0x60, 0x08, 0x60, 0x08, 0x61, 0x10, 0x40, 0x08, 0x60, 0x10,
    0x61, 0x10, 0x60, 0x08, 0x40, 0x08, 0x61, 0x10, 0x40, 0x08, 0x41, 0x08,
    0x61, 0x08, 0x60, 0x10, 0x61, 0x08, 0x40, 0x08, 0x61, 0x10, 0x61, 0x10,
    0x60, 0x08, 0x61, 0x10, 0x60, 0x08, 0x61, 0x10, 0x60, 0x10, 0x61, 0x10,
    0x61, 0x10, 0x61, 0x08, 0x60, 0x08, 0x61, 0x08, 0x60, 0x10, 0x61, 0x10,
    0x61, 0x08, 0x60, 0x08, 0x61, 0x10, 0x61, 0x08, 0x61, 0x08, 0x61, 0x10,
    0x61, 0x10, 0x81, 0x10, 0x61, 0x08, 0x81, 0x10, 0x61, 0x10, 0x61, 0x08,
    0x81, 0x10, 0x61, 0x10, 0x61, 0x10, 0x61, 0x10, 0x61, 0x10, 0x81, 0x08,
    0x61, 0x10, 0x81, 0x10, 0x81, 0x10, 0x62, 0x10, 0x61, 0x10, 0x61, 0x10,
    0x62, 0x10, 0x61, 0x10, 0x61, 0x08, 0x61, 0x10, 0x82, 0x10, 0x61, 0x08,
    0x62, 0x10, 0x62, 0x10, 0x81, 0x10, 0x81, 0x10, 0x62, 0x10, 0x61, 0x10,
    0x82, 0x10, 0x81, 0x10, 0x62, 0x10, 0x82, 0x10, 0x81, 0x10, 0x62, 0x10,
    0x61, 0x10, 0x82, 0x10, 0x82, 0x10, 0x81, 0x10, 0x61, 0x10, 0x82, 0x10,
    0x61, 0x10, 0x82, 0x10, 0x81, 0x10, 0x82, 0x10, 0x61, 0x10, 0x81, 0x10,
    0x81, 0x10, 0x81, 0x10, 0x61, 0x10, 0x82, 0x10, 0x62, 0x10, 0x82, 0x10,
    0x81, 0x10, 0x81, 0x10, 0x62, 0x10, 0x61, 0x10, 0x81, 0x10, 0x61, 0x10,
    0x62, 0x10, 0x82, 0x10, 0x61, 0x10, 0x62, 0x10, 0x81, 0x10, 0x61, 0x10,
    0x81, 0x10, 0x81, 0x10, 0x61, 0x10, 0x81, 0x10, 0x81, 0x10, 0x61, 0x10,
    0x61, 0x10, 0x61, 0x10, 0x61, 0x10, 0x61, 0x10, 0x81, 0x10, 0x81, 0x10,
    0x61, 0x10, 0x61, 0x08, 0x61, 0x10, 0x81, 0x10, 0x61, 0x10, 0x81, 0x10,
    0x61, 0x10, 0x81, 0x10, 0x61, 0x10, 0x61, 0x10, 0x81, 0x10, 0x60, 0x08,
    0x61, 0x10, 0x61, 0x10, 0x61, 0x10, 0x61, 0x10, 0x61, 0x10, 0x61, 0x08,
    0x61, 0x10, 0x61, 0x10, 0x61, 0x10, 0x81, 0x10, 0x60, 0x10, 0x81, 0x10,
    0x40, 0x10, 0x20, 0x08, 0xc2, 0x20, 0x85, 0x39, 0xc7, 0x49, 0xa6, 0x49,
    0x86, 0x41, 0xc2, 0x28, 0xa2, 0x20, 0xc2, 0x30, 0x07, 0x62, 0x0e, 0xb4,
    0xb0, 0xd4, 0x90, 0xd4, 0x6f, 0xd4, 0x90, 0xd4, 0xb1, 0xdc, 0xb0, 0xdc,
    0xb0, 0xdc, 0x90, 0xd4, 0x70, 0xd4, 0x90, 0xd4, 0x2e, 0xc4, 0x0e, 0xbc,
    0x2e, 0xc4, 0x0e, 0xbc, 0x8c, 0xab, 0x8c, 0xa3, 0x8c, 0xab, 0x4b, 0x9b,
    0x6b, 0xa3, 0x8c, 0xa3, 0x6b, 0xa3, 0xc9, 0x8a, 0xa9, 0x82, 0x88, 0x7a,
    0x68, 0x7a, 0x47, 0x72, 0xc9, 0x82, 0xa9, 0x82, 0xa9, 0x82, 0x88, 0x7a,
    0xc9, 0x8a, 0xc9, 0x8a, 0x89, 0x82, 0x47, 0x7a, 0x68, 0x7a, 0xc9, 0x8a,
    0x2a, 0x9b, 0x0a, 0x93, 0xea, 0x92, 0xc9, 0x8a, 0xc9, 0x8a, 0x88, 0x7a,
    0x44, 0x41, 0x41, 0x18, 0x40, 0x10, 0x61, 0x18, 0x24, 0x31, 0xc2, 0x20,
    0x03, 0x29, 0x24, 0x31, 0xe3, 0x20, 0x81, 0x10, 0xa2, 0x18, 0x61, 0x10,
    0xc2, 0x18, 0x44, 0x29, 0xa2, 0x18, 0x61, 0x10, 0x61, 0x08, 0x61, 0x10,
    0x61, 0x10, 0x61, 0x08, 0x61, 0x10, 0x61, 0x08, 0x61, 0x10, 0x60, 0x10,
    0x61, 0x10, 0x61, 0x10, 0x60, 0x08, 0x61, 0x10, 0x61, 0x10, 0x60, 0x08,
    0x61, 0x10, 0x61, 0x08, 0x61, 0x08, 0x61, 0x10, 0x61, 0x10, 0x61, 0x08,
    0x41, 0x08, 0x61, 0x10, 0x61, 0x10, 0x61, 0x08, 0x40, 0x08, 0x61, 0x10,
    0x60, 0x08, 0x61, 0x08, 0x61, 0x10, 0x61, 0x08, 0x61, 0x08, 0x41, 0x10,
    0x61, 0x08, 0x61, 0x08, 0x41, 0x10, 0x61, 0x08, 0x41, 0x08, 0x61, 0x10,
    0x61, 0x10, 0x61, 0x08, 0x61, 0x10, 0x40, 0x08, 0x61, 0x10, 0x61, 0x10,
    0x41, 0x08, 0x40, 0x10, 0x61, 0x10, 0x61, 0x08, 0x61, 0x10, 0x41, 0x08,
    0x61, 0x10, 0x61, 0x10, 0x41, 0x08, 0x61, 0x10, 0x61, 0x08, 0x61, 0x10,
    0x61, 0x10, 0x61, 0x10, 0x61, 0x08, 0x61, 0x10, 0x61, 0x08, 0x61, 0x08,
    0x61, 0x10, 0x61, 0x10, 0x61, 0x08, 0x61, 0x10, 0x60, 0x08, 0x61, 0x10,
    0x61, 0x10, 0x60, 0x08, 0x61, 0x10, 0x81, 0x10, 0x81, 0x10, 0x61, 0x10,
    0x61, 0x10, 0x81, 0x10, 0x81, 0x10, 0x61, 0x10, 0x81, 0x10, 0x61, 0x10,
    0x61, 0x10, 0x81, 0x10, 0x61, 0x10, 0x81, 0x10, 0x82, 0x10, 0x61, 0x10,
    0x61, 0x10, 0x61, 0x10, 0x61, 0x10, 0x61, 0x10, 0x61, 0x08, 0x61, 0x08,
    0x61, 0x10, 0x61, 0x10, 0x81, 0x10, 0x81, 0x10, 0x61, 0x10, 0x81, 0x10,
    0x82, 0x10, 0x61, 0x10, 0x61, 0x10, 0x61, 0x10, 0x61, 0x08, 0x62, 0x10,
    0x61, 0x10, 0x61, 0x08, 0x81, 0x10, 0x62, 0x10, 0x82, 0x10, 0x81, 0x10,
    0x61, 0x10, 0x82, 0x10, 0x82, 0x10, 0x82, 0x10, 0x82, 0x10, 0x82, 0x10,
    0x62, 0x10, 0x81, 0x10, 0x61, 0x10, 0x81, 0x10, 0x81, 0x10, 0x61, 0x10,
    0x61, 0x10, 0x81, 0x10, 0x61, 0x10, 0x82, 0x10, 0x61, 0x10, 0x61, 0x10,
    0x81, 0x10, 0x81, 0x10, 0x62, 0x10, 0x82, 0x10, 0x61, 0x10, 0x61, 0x10,
    0x82, 0x08, 0x61, 0x10, 0x61, 0x10, 0x81, 0x10, 0x82, 0x10, 0x61, 0x10,
    0x61, 0x10, 0x81, 0x10, 0x81, 0x10, 0x81, 0x10, 0x61, 0x10, 0x81, 0x10,
    0x61, 0x10, 0x81, 0x10, 0x81, 0x10, 0x61, 0x10, 0x61, 0x10, 0x61, 0x10,
    0x81, 0x10, 0x81, 0x10, 0x61, 0x10, 0x61, 0x08, 0x61, 0x10, 0x61, 0x10,
    0x61, 0x10, 0x61, 0x10, 0x61, 0x10, 0x61, 0x10, 0x81, 0x10, 0x61, 0x10,
    0x61, 0x08, 0x61, 0x10, 0x81, 0x10, 0x61, 0x10, 0x61, 0x10, 0x61, 0x10,
    0x20, 0x08, 0x61, 0x18, 0x24, 0x31, 0x28, 0x5a, 0x28, 0x5a, 0x45, 0x39,
    0x65, 0x39, 0x03, 0x31, 0xe2, 0x30, 0x67, 0x6a, 0x2e, 0xbc, 0xd1, 0xdc,
    0xf1, 0xe4, 0xd1, 0xe4, 0xb0, 0xdc, 0xd1, 0xe4, 0xd1, 0xdc, 0xd1, 0xdc,
    0x90, 0xdc, 0x6f, 0xcc, 0x4f, 0xcc, 0x4f, 0xcc, 0x2e, 0xcc, 0x4f, 0xcc,
    0xed, 0xbb, 0xed, 0xbb, 0xed, 0xbb, 0x0d, 0xbc, 0x0d, 0xbc, 0xed, 0xbb,
    0x0e, 0xc4, 0xcd, 0xb3, 0xac, 0xab, 0x6b, 0xa3, 0x2a, 0x9b, 0x0a, 0x93,
    0x2a, 0x93, 0xe9, 0x92, 0xe9, 0x8a, 0x0a, 0x93, 0x0a, 0x93, 0x0b, 0x9b,
    0x0a, 0x93, 0x0a, 0x9b, 0xea, 0x92, 0xc9, 0x8a, 0xa9, 0x8a, 0xe9, 0x92,
    0x0a, 0x93, 0xea, 0x92, 0xc9, 0x8a, 0xa9, 0x8a, 0xc9, 0x8a, 0xea, 0x92,
    0x68, 0x7a, 0x03, 0x39, 0x20, 0x10, 0x20, 0x10, 0x61, 0x18, 0xa2, 0x20,
    0xe3, 0x28, 0xa6, 0x41, 0xa6, 0x41, 0x85, 0x39, 0xa2, 0x18, 0xa2, 0x10,
    0x85, 0x31, 0xa2, 0x10, 0x61, 0x10, 0x61, 0x08, 0x61, 0x10, 0x61, 0x10,
    0x61, 0x10, 0x61, 0x08, 0x60, 0x10, 0x61, 0x08, 0x61, 0x08, 0x41, 0x10,
    0x60, 0x08, 0x60, 0x10, 0x61, 0x10, 0x61, 0x10, 0x61, 0x10, 0x41, 0x10,
    0x60, 0x10, 0x61, 0x10, 0x61, 0x08, 0x40, 0x08, 0x61, 0x10, 0x60, 0x08,
    0x61, 0x10, 0x60, 0x10, 0x60, 0x08, 0x61, 0x10, 0x61, 0x10, 0x40, 0x08,
    0x41, 0x08, 0x60, 0x10, 0x61, 0x08, 0x60, 0x10, 0x61, 0x10, 0x41, 0x08,
    0x61, 0x10, 0x41, 0x08, 0x40, 0x10, 0x61, 0x10, 0x41, 0x08, 0x60, 0x08,
    0x40, 0x08, 0x61, 0x10, 0x41, 0x08, 0x61, 0x10, 0x41, 0x08, 0x61, 0x08,
    0x60, 0x10, 0x61, 0x08, 0x61, 0x10, 0x61, 0x08, 0x60, 0x08, 0x61, 0x10,
    0x61, 0x08, 0x60, 0x10, 0x61, 0x08, 0x61, 0x10, 0x60, 0x08, 0x61, 0x10,
    0x60, 0x10, 0x60, 0x08, 0x61, 0x10, 0x61, 0x10, 0x60, 0x08, 0x61, 0x10,
    0x61, 0x10, 0x61, 0x10, 0x61, 0x10, 0x61, 0x08, 0x61, 0x10, 0x61, 0x10,
    0x61, 0x08, 0x61, 0x10, 0x81, 0x10, 0x61, 0x10, 0x81, 0x10, 0x61, 0x08,
    0x61, 0x10, 0x61, 0x08, 0x61, 0x08, 0x61, 0x10, 0x81, 0x10, 0x81, 0x10,
    0x61, 0x10, 0x81, 0x10, 0x81, 0x10, 0x61, 0x10, 0x81, 0x10, 0x82, 0x10,
    0x61, 0x10, 0x61, 0x08, 0x82, 0x10, 0x81, 0x10, 0x61, 0x10, 0x81, 0x10,
    0x61, 0x10, 0x61, 0x08, 0x61, 0x08, 0x62, 0x10, 0x81, 0x10, 0x61, 0x08,
    0x62, 0x10, 0x61, 0x08, 0x81, 0x10, 0x61, 0x10, 0x61, 0x10, 0x82, 0x10,
    0x81, 0x10, 0x61, 0x10, 0x81, 0x10, 0x61, 0x10, 0x82, 0x10, 0x61, 0x10,
    0x82, 0x10, 0x81, 0x10, 0x81, 0x10, 0x81, 0x10, 0x82, 0x10, 0x81, 0x10,
    0x82, 0x10, 0x82, 0x10, 0x61, 0x10, 0x81, 0x10, 0x82, 0x10, 0x81, 0x18,
    0x82, 0x18, 0x82, 0x18, 0x81, 0x10, 0x61, 0x10, 0x82, 0x10, 0x82, 0x10,
    0x62, 0x10, 0x61, 0x10, 0x81, 0x10, 0x82, 0x10, 0x82, 0x10, 0x82, 0x10,
    0x82, 0x10, 0x62, 0x10, 0x61, 0x10, 0x81, 0x10, 0x82, 0x10, 0x61, 0x10,
    0x61, 0x10, 0x82, 0x10, 0x81, 0x10, 0x61, 0x10, 0x61, 0x10, 0x81, 0x10,
    0x61, 0x10, 0x61, 0x10, 0x61, 0x10, 0x81, 0x10, 0x82, 0x10, 0x61, 0x08,
    0x61, 0x10, 0x81, 0x10, 0x81, 0x10, 0x81, 0x10, 0x61, 0x10, 0x61, 0x10,
    0x81, 0x10, 0x61, 0x10, 0x81, 0x08, 0x61, 0x10, 0x61, 0x10, 0x61, 0x10,
    0x61, 0x10, 0x81, 0x10, 0x61, 0x10, 0x61, 0x10, 0x81, 0x10, 0x40, 0x10,
    0x41, 0x10, 0xe3, 0x28, 0x07, 0x52, 0x89, 0x62, 0x07, 0x52, 0x65, 0x41,
    0x64, 0x41, 0x64, 0x41, 0x47, 0x6a, 0x2e, 0xbc, 0xf1, 0xe4, 0xf1, 0xe4,
    0xd1, 0xe4, 0xf1, 0xe4, 0xd1, 0xe4, 0xd1, 0xe4, 0xf1, 0xe4, 0xd1, 0xdc,
    0xb1, 0xdc, 0x90, 0xd4, 0x6f, 0xd4, 0x0e, 0xc4, 0x2e, 0xc4, 0x0e, 0xc4,
    0x0e, 0xc4, 0x0e, 0xc4, 0x2e, 0xc4, 0x0e, 0xc4, 0x0e, 0xbc, 0x0e, 0xc4,
    0x4f, 0xcc, 0x2e, 0xc4, 0x0e, 0xc4, 0xed, 0xbb, 0xac, 0xab, 0x6b, 0xab,
    0x4b, 0xa3, 0x2b, 0x9b, 0x2a, 0x9b, 0x2a, 0x9b, 0x2b, 0x9b, 0x2b, 0x9b,
    0x0a, 0x9b, 0x2b, 0x9b, 0x0a, 0x9b, 0x0a, 0x93, 0xea, 0x92, 0xea, 0x92,
    0x0a, 0x93, 0xea, 0x92, 0x0a, 0x93, 0x0a, 0x9b, 0x0a, 0x9b, 0x2a, 0x9b,
    0x0a, 0x9b, 0x88, 0x7a, 0xa2, 0x28, 0x61, 0x18, 0x20, 0x10, 0x61, 0x20,
    0xe3, 0x28, 0x65, 0x39, 0x81, 0x18, 0xe3, 0x20, 0x41, 0x10, 0x41, 0x08,
    0x20, 0x08, 0x61, 0x10, 0x61, 0x10, 0x60, 0x10, 0x61, 0x08, 0x61, 0x08,
    0x40, 0x08, 0x61, 0x10, 0x61, 0x10, 0x60, 0x08, 0x60, 0x10, 0x61, 0x10,
    0x61, 0x08, 0x61, 0x08, 0x61, 0x10, 0x60, 0x08, 0x40, 0x08, 0x40, 0x08,
    0x61, 0x10, 0x61, 0x10, 0x61, 0x10, 0x60, 0x08, 0x60, 0x10, 0x61, 0x10,
    0x61, 0x10, 0x41, 0x08, 0x61, 0x08, 0x40, 0x08, 0x61, 0x10, 0x61, 0x10,
    0x60, 0x08, 0x61, 0x10, 0x40, 0x08, 0x61, 0x08, 0x60, 0x08, 0x60, 0x08,
    0x41, 0x10, 0x60, 0x08, 0x60, 0x08, 0x40, 0x10, 0x61, 0x10, 0x61, 0x08,
    0x61, 0x10, 0x61, 0x10, 0x40, 0x08, 0x40, 0x08, 0x61, 0x10, 0x61, 0x10,
    0x60, 0x08, 0x61, 0x08, 0x61, 0x10, 0x61, 0x10, 0x61, 0x10, 0x61, 0x10,
    0x61, 0x10, 0x61, 0x08, 0x61, 0x10, 0x61, 0x08, 0x61, 0x10, 0x61, 0x08,
    0x60, 0x08, 0x61, 0x10, 0x61, 0x10, 0x61, 0x10, 0x61, 0x10, 0x60, 0x10,
    0x61, 0x10, 0x61, 0x08, 0x61, 0x08, 0x60, 0x10, 0x61, 0x10, 0x81, 0x10,
    0x61, 0x08, 0x61, 0x10, 0x81, 0x10, 0x61, 0x08, 0x61, 0x10, 0x81, 0x10,
    0x81, 0x10, 0x81, 0x10, 0x81, 0x10, 0x61, 0x10, 0x82, 0x10, 0x61, 0x08,
    0x81, 0x10, 0x82, 0x10, 0x81, 0x10, 0x81, 0x10, 0x61, 0x10, 0x81, 0x10,
    0x61, 0x10, 0x61, 0x10, 0x61, 0x08, 0x61, 0x10, 0x61, 0x08, 0x61, 0x10,
    0x81, 0x10, 0x61, 0x10, 0x61, 0x10, 0x61, 0x10, 0x61, 0x10, 0x81, 0x10,
    0x61, 0x10, 0x61, 0x10, 0x82, 0x10, 0x61, 0x10, 0x61, 0x08, 0x81, 0x10,
    0x81, 0x10, 0x62, 0x10, 0x61, 0x08, 0x61, 0x10, 0x81, 0x10, 0x62, 0x10,
    0x61, 0x10, 0x61, 0x10, 0x62, 0x10, 0x61, 0x10, 0x81, 0x10, 0x82, 0x10,
    0x81, 0x10, 0x82, 0x10, 0x82, 0x10, 0x82, 0x10, 0x82, 0x10, 0x81, 0x10,
    0x81, 0x10, 0x82, 0x18, 0x61, 0x10, 0x81, 0x10, 0x61, 0x10, 0x82, 0x10,
    0x61, 0x10, 0x61, 0x10, 0x81, 0x10, 0x81, 0x10, 0x81, 0x10, 0x61, 0x10,
    0x81, 0x10, 0x81, 0x10, 0x82, 0x10, 0x61, 0x10, 0x81, 0x10, 0x81, 0x10,
    0x61, 0x10, 0x62, 0x10, 0x81, 0x10, 0x81, 0x10, 0x61, 0x10, 0x61, 0x10,
    0x81, 0x10, 0x82, 0x10, 0x61, 0x10, 0x81, 0x10, 0x62, 0x10, 0x81, 0x10,
    0x61, 0x10, 0x62, 0x10, 0x61, 0x10, 0x61, 0x10, 0x61, 0x10, 0x61, 0x10,
    0x61, 0x10, 0x61, 0x10, 0x61, 0x10, 0x81, 0x10, 0x81, 0x10, 0x61, 0x10,
    0x81, 0x10, 0x81, 0x10, 0x61, 0x10, 0x61, 0x10, 0x61, 0x10, 0x40, 0x10,
    0x81, 0x18, 0xa6, 0x41, 0xeb, 0x6a, 0xe7, 0x51, 0x24, 0x39, 0x24, 0x39,
    0x27, 0x62, 0xa9, 0x7a, 0xed, 0xb3, 0xd1, 0xdc, 0x11, 0xe5, 0xf1, 0xe4,
    0xf1, 0xe4, 0xf1, 0xe4, 0xf1, 0xe4, 0xf1, 0xe4, 0xd1, 0xe4, 0xd1, 0xe4,
    0xf1, 0xe4, 0xb0, 0xdc, 0x6f, 0xd4, 0x4e, 0xcc, 0x2e, 0xcc, 0x0e, 0xc4,
    0x0e, 0xc4, 0x2e, 0xc4, 0x2e, 0xcc, 0x2e, 0xc4, 0x0e, 0xc4, 0x2e, 0xc4,
    0x2e, 0xcc, 0x2e, 0xcc, 0x4f, 0xcc, 0x0e, 0xc4, 0xac, 0xb3, 0x6b, 0xab,
    0x4b, 0xa3, 0x4b, 0xa3, 0x0a, 0x9b, 0x0a, 0x9b, 0x0a, 0x9b, 0x2b, 0xa3,
    0x2b, 0x9b, 0x4b, 0x9b, 0x4b, 0xa3, 0x4b, 0xa3, 0x4b, 0xa3, 0x2a, 0xa3,
    0x4b, 0xa3, 0x4b, 0xa3, 0x4b, 0xa3, 0x4b, 0xa3, 0x4b, 0xa3, 0x2b, 0xa3,
    0x4b, 0xa3, 0x2a, 0x9b, 0x68, 0x7a, 0xc2, 0x28, 0x40, 0x18, 0x20, 0x10,
    0xa2, 0x20, 0xe3, 0x20, 0x04, 0x29, 0x82, 0x18, 0x41, 0x08, 0x20, 0x08,
    0x41, 0x08, 0x20, 0x08, 0x41, 0x08, 0x61, 0x10, 0x61, 0x10, 0x61, 0x10,
    0x61, 0x10, 0x61, 0x10, 0x60, 0x10, 0x61, 0x10, 0x41, 0x08, 0x60, 0x10,
    0x60, 0x10, 0x41, 0x08, 0x60, 0x10, 0x61, 0x10, 0x61, 0x08, 0x61, 0x08,
    0x60, 0x08, 0x61, 0x08, 0x61, 0x10, 0x61, 0x10, 0x61, 0x08, 0x61, 0x08,
    0x61, 0x10, 0x61, 0x10, 0x61, 0x10, 0x60, 0x08, 0x61, 0x08, 0x61, 0x10,
    0x61, 0x10, 0x61, 0x08, 0x41, 0x10, 0x61, 0x10, 0x60, 0x08, 0x40, 0x10,
    0x61, 0x10, 0x61, 0x08, 0x61, 0x08, 0x61, 0x10, 0x61, 0x10, 0x61, 0x10,
    0x60, 0x08, 0x61, 0x08, 0x61, 0x10, 0x61, 0x10, 0x60, 0x10, 0x61, 0x10,
    0x41, 0x08, 0x61, 0x10, 0x61, 0x10, 0x40, 0x08, 0x61, 0x08, 0x61, 0x10,
    0x61, 0x08, 0x61, 0x08, 0x40, 0x10, 0x60, 0x08, 0x61, 0x10, 0x61, 0x10,
    0x61, 0x10, 0x61, 0x08, 0x61, 0x08, 0x61, 0x08, 0x61, 0x10, 0x61, 0x08,
    0x60, 0x08, 0x61, 0x10, 0x61, 0x10, 0x61, 0x10, 0x61, 0x08, 0x61, 0x10,
    0x61, 0x10, 0x61, 0x10, 0x61, 0x08, 0x60, 0x10, 0x61, 0x10, 0x81, 0x10,
    0x61, 0x10, 0x61, 0x10, 0x81, 0x10, 0x81, 0x10, 0x62, 0x10, 0x61, 0x10,
    0x61, 0x10, 0x81, 0x10, 0x82, 0x10, 0x81, 0x10, 0x81, 0x10, 0x61, 0x10,
    0x61, 0x10, 0x61, 0x10, 0x61, 0x10, 0x61, 0x10, 0x61, 0x10, 0x61, 0x10,
    0x61, 0x10, 0x61, 0x10, 0x81, 0x08, 0x82, 0x10, 0x62, 0x10, 0x61, 0x10,
    0x61, 0x08, 0x82, 0x10, 0x61, 0x10, 0x61, 0x10, 0x61, 0x08, 0x81, 0x10,
    0x61, 0x10, 0x61, 0x10, 0x81, 0x10, 0x82, 0x10, 0x61, 0x10, 0x81, 0x10,
    0x82, 0x10, 0x61, 0x10, 0x62, 0x10, 0x82, 0x10, 0x61, 0x10, 0x61, 0x10,
    0x61, 0x10, 0x61, 0x10, 0x61, 0x10, 0x81, 0x10, 0x61, 0x10, 0x61, 0x10,
    0x81, 0x10, 0x81, 0x10, 0x61, 0x10, 0x62, 0x18, 0x82, 0x10, 0x61, 0x10,
    0x81, 0x10, 0x81, 0x10, 0x82, 0x10, 0x62, 0x10, 0x61, 0x10, 0x62, 0x10,
    0x61, 0x10, 0x81, 0x10, 0x62, 0x10, 0x61, 0x10, 0x82, 0x10, 0x82, 0x10,
    0x61, 0x10, 0x61, 0x10, 0x81, 0x10, 0x61, 0x10, 0x81, 0x10, 0x61, 0x10,
    0x61, 0x10, 0x61, 0x10, 0x82, 0x10, 0x61, 0x10, 0x61, 0x10, 0x81, 0x10,
    0x81, 0x10, 0x61, 0x10, 0x61, 0x10, 0x81, 0x10, 0x61, 0x10, 0x61, 0x10,
    0x81, 0x10, 0x81, 0x10, 0x61, 0x10, 0x81, 0x10, 0x61, 0x10, 0x61, 0x10,
    0x81, 0x10, 0x61, 0x10, 0x61, 0x10, 0x61, 0x10, 0x61, 0x10, 0x20, 0x08,
    0x40, 0x10, 0x44, 0x39, 0x89, 0x62, 0x65, 0x39, 0x24, 0x39, 0xa5, 0x49,
    0xc9, 0x7a, 0xed, 0xb3, 0xf1, 0xe4, 0x12, 0xe5, 0x12, 0xed, 0x32, 0xed,
    0x12, 0xed, 0x52, 0xed, 0x12, 0xed, 0xd1, 0xe4, 0xf1, 0xe4, 0xf1, 0xe4,
    0xd1, 0xe4, 0xb0, 0xdc, 0x4f, 0xd4, 0x4f, 0xd4, 0xed, 0xc3, 0xcd, 0xbb,
    0xcd, 0xbb, 0xed, 0xc3, 0x2e, 0xc4, 0x2e, 0xc4, 0x0e, 0xc4, 0x2e, 0xc4,
    0x4f, 0xcc, 0x4f, 0xcc, 0x4f, 0xcc, 0x2e, 0xc4, 0xac, 0xb3, 0x6b, 0xab,
    0x8c, 0xab, 0x4b, 0xa3, 0x0a, 0xa3, 0x4b, 0xa3, 0x2b, 0xa3, 0x2a, 0xa3,
    0x4b, 0xa3, 0x2a, 0xa3, 0x4b, 0xa3, 0x4b, 0xa3, 0x2a, 0xa3, 0x0a, 0x9b,
    0x0a, 0x9b, 0x2a, 0x9b, 0x2b, 0xa3, 0x4b, 0xa3, 0x4b, 0xa3, 0x2b, 0xa3,
    0x4b, 0xa3, 0x6b, 0xab, 0x2b, 0xa3, 0x88, 0x82, 0xc2, 0x28, 0x20, 0x10,
    0x81, 0x18, 0xa2, 0x20, 0xe3, 0x20, 0xe3, 0x20, 0x03, 0x21, 0xa2, 0x18,
    0x20, 0x00, 0x20, 0x00, 0x60, 0x10, 0x61, 0x10, 0x81, 0x10, 0x61, 0x10,
    0x61, 0x08, 0x61, 0x10, 0x61, 0x10, 0x61, 0x08, 0x61, 0x08, 0x60, 0x10,
    0x60, 0x10, 0x61, 0x08, 0x60, 0x08, 0x61, 0x10, 0x61, 0x10, 0x61, 0x10,
    0x41, 0x10, 0x61, 0x08, 0x60, 0x08, 0x61, 0x10, 0x40, 0x08, 0x60, 0x08,
    0x61, 0x10, 0x61, 0x10, 0x61, 0x10, 0x61, 0x08, 0x60, 0x10, 0x41, 0x10,
    0x40, 0x08, 0x60, 0x08, 0x40, 0x10, 0x41, 0x08, 0x61, 0x10, 0x41, 0x08,
    0x60, 0x10, 0x61, 0x10, 0x60, 0x08, 0x61, 0x08, 0x40, 0x08, 0x40, 0x10,
    0x61, 0x08, 0x40, 0x08, 0x61, 0x10, 0x40, 0x08, 0x61, 0x08, 0x40, 0x08,
    0x60, 0x10, 0x61, 0x10, 0x40, 0x08, 0x60, 0x08, 0x61, 0x10, 0x41, 0x10,
    0x60, 0x08, 0x61, 0x10, 0x41, 0x08, 0x61, 0x08, 0x61, 0x10, 0x61, 0x10,
    0x61, 0x08, 0x61, 0x10, 0x60, 0x10, 0x61, 0x08, 0x61, 0x10, 0x61, 0x08,
    0x60, 0x08, 0x61, 0x10, 0x61, 0x10, 0x61, 0x08, 0x61, 0x08, 0x81, 0x10,
    0x81, 0x10, 0x61, 0x08, 0x61, 0x10, 0x61, 0x10, 0x61, 0x10, 0x81, 0x08,
    0x61, 0x10, 0x61, 0x10, 0x81, 0x10, 0x62, 0x10, 0x82, 0x10, 0x81, 0x10,
    0x61, 0x10, 0x61, 0x10, 0x81, 0x10, 0x81, 0x10, 0x61, 0x10, 0x81, 0x10,
    0x61, 0x10, 0x61, 0x08, 0x61, 0x08, 0x61, 0x10, 0x81, 0x10, 0x61, 0x10,
    0x61, 0x08, 0x61, 0x10, 0x61, 0x10, 0x61, 0x10, 0x61, 0x10, 0x61, 0x08,
    0x81, 0x10, 0x82, 0x10, 0x62, 0x08, 0x61, 0x10, 0x61, 0x10, 0x61, 0x10,
    0x81, 0x10, 0x61, 0x10, 0x81, 0x10, 0x82, 0x10, 0x61, 0x10, 0x82, 0x10,
    0x82, 0x10, 0x61, 0x10, 0x61, 0x10, 0x82, 0x10, 0x81, 0x10, 0x62, 0x10,
    0x82, 0x10, 0x81, 0x10, 0x61, 0x10, 0x82, 0x10, 0x81, 0x10, 0x82, 0x10,
    0x82, 0x10, 0x61, 0x10, 0x81, 0x10, 0x81, 0x18, 0x61, 0x10, 0x82, 0x10,
    0x81, 0x18, 0x82, 0x10, 0x61, 0x10, 0x82, 0x18, 0x81, 0x10, 0x62, 0x10,
    0x61, 0x10, 0x82, 0x10, 0x61, 0x10, 0x61, 0x10, 0x82, 0x10, 0x61, 0x10,
    0x61, 0x10, 0x81, 0x10, 0x81, 0x10, 0x62, 0x10, 0x82, 0x10, 0x81, 0x10,
    0x61, 0x10, 0x61, 0x10, 0x82, 0x10, 0x61, 0x10, 0x61, 0x10, 0x81, 0x10,
    0x62, 0x10, 0x61, 0x08, 0x81, 0x10, 0x81, 0x10, 0x81, 0x10, 0x81, 0x10,
    0x81, 0x10, 0x61, 0x10, 0x81, 0x10, 0x81, 0x10, 0x61, 0x10, 0x81, 0x10,
    0x61, 0x10, 0x81, 0x10, 0x61, 0x10, 0x81, 0x10, 0x61, 0x18, 0xa2, 0x18,
    0x82, 0x18, 0xa6, 0x41, 0xe7, 0x51, 0x65, 0x41, 0xc6, 0x49, 0x88, 0x72,
    0x2e, 0xbc, 0xd1, 0xdc, 0x12, 0xe5, 0x12, 0xed, 0x11, 0xe5, 0x11, 0xed,
    0x32, 0xed, 0x32, 0xed, 0xf1, 0xec, 0xf1, 0xec, 0xf1, 0xec, 0xf1, 0xec,
    0xd1, 0xe4, 0xb0, 0xe4, 0x6f, 0xdc, 0x6f, 0xd4, 0x0e, 0xcc, 0xed, 0xc3,
    0xac, 0xb3, 0xad, 0xb3, 0x0e, 0xc4, 0x0e, 0xc4, 0xee, 0xbb, 0x0e, 0xc4,
    0x2e, 0xc4, 0x2e, 0xc4, 0x0e, 0xc4, 0x0e, 0xc4, 0xcd, 0xbb, 0xac, 0xb3,
    0x8c, 0xab, 0x4c, 0xab, 0x2b, 0xa3, 0x2a, 0x9b, 0x2a, 0x9b, 0x0a, 0x9b,
    0x0a, 0x9b, 0x2a, 0xa3, 0x4b, 0xa3, 0x4b, 0xa3, 0x2a, 0x9b, 0x0a, 0x9b,
    0x0a, 0x9b, 0x2a, 0x9b, 0x0a, 0x9b, 0x0a, 0x9b, 0x2a, 0xa3, 0x4b, 0xab,
    0x6c, 0xab, 0x8c, 0xb3, 0x8c, 0xab, 0x6b, 0xab, 0x88, 0x82, 0xc2, 0x28,
    0x61, 0x20, 0xe3, 0x28, 0x24, 0x31, 0xe7, 0x49, 0x24, 0x29, 0x03, 0x21,
    0x21, 0x08, 0x41, 0x10, 0x61, 0x10, 0x81, 0x10, 0x61, 0x10, 0x60, 0x10,
    0x61, 0x10, 0x60, 0x08, 0x61, 0x10, 0x61, 0x10, 0x61, 0x10, 0x61, 0x08,
    0x40, 0x08, 0x61, 0x10, 0x41, 0x10, 0x61, 0x08, 0x61, 0x10, 0x61, 0x10,
    0x40, 0x08, 0x60, 0x10, 0x41, 0x08, 0x61, 0x10, 0x61, 0x10, 0x61, 0x08,
    0x60, 0x08, 0x40, 0x08, 0x61, 0x08, 0x61, 0x10, 0x61, 0x08, 0x60, 0x08,
    0x41, 0x10, 0x61, 0x10, 0x60, 0x08, 0x61, 0x10, 0x60, 0x08, 0x61, 0x08,
    0x61, 0x10, 0x60, 0x10, 0x61, 0x10, 0x41, 0x10, 0x61, 0x08, 0x61, 0x10,
    0x61, 0x10, 0x60, 0x10, 0x60, 0x08, 0x41, 0x10, 0x61, 0x08, 0x61, 0x10,
    0x41, 0x08, 0x61, 0x08, 0x61, 0x10, 0x61, 0x10, 0x60, 0x08, 0x60, 0x08,
    0x61, 0x10, 0x61, 0x10, 0x61, 0x10, 0x61, 0x10, 0x61, 0x08, 0x61, 0x10,
    0x61, 0x08, 0x61, 0x10, 0x61, 0x10, 0x61, 0x08, 0x61, 0x10, 0x60, 0x10,
    0x61, 0x10, 0x61, 0x08, 0x61, 0x10, 0x61, 0x10, 0x61, 0x10, 0x61, 0x10,
    0x61, 0x10, 0x81, 0x08, 0x81, 0x10, 0x81, 0x10, 0x81, 0x10, 0x81, 0x10,
    0x81, 0x10, 0x61, 0x10, 0x61, 0x10, 0x81, 0x08, 0x81, 0x10, 0x61, 0x08,
    0x82, 0x10, 0x61, 0x10, 0x82, 0x10, 0x81, 0x10, 0x62, 0x10, 0x81, 0x10,
    0x62, 0x10, 0x81, 0x10, 0x61, 0x10, 0x81, 0x10, 0x62, 0x10, 0x62, 0x10,
    0x81, 0x08, 0x81, 0x10, 0x62, 0x10, 0x61, 0x08, 0x81, 0x10, 0x82, 0x10,
    0x61, 0x10, 0x61, 0x10, 0x61, 0x10, 0x82, 0x10, 0x61, 0x10, 0x62, 0x10,
    0x82, 0x10, 0x61, 0x10, 0x81, 0x10, 0x61, 0x10, 0x81, 0x10, 0x82, 0x10,
    0x61, 0x10, 0x82, 0x10, 0x62, 0x10, 0x81, 0x10, 0x82, 0x10, 0x61, 0x10,
    0x81, 0x10, 0x82, 0x10, 0x82, 0x10, 0x81, 0x10, 0x82, 0x10, 0x82, 0x18,
    0x62, 0x10, 0x81, 0x10, 0x81, 0x10, 0x81, 0x18, 0x82, 0x10, 0x61, 0x10,
    0x61, 0x18, 0x81, 0x10, 0x61, 0x18, 0x61, 0x10, 0x81, 0x10, 0x81, 0x10,
    0x61, 0x10, 0x82, 0x10, 0x81, 0x10, 0x61, 0x10, 0x61, 0x10, 0x81, 0x10,
    0x62, 0x10, 0x61, 0x10, 0x61, 0x10, 0x61, 0x10, 0x81, 0x10, 0x61, 0x10,
    0x61, 0x10, 0x61, 0x10, 0x61, 0x10, 0x61, 0x10, 0x61, 0x10, 0x81, 0x10,
    0x81, 0x10, 0x61, 0x10, 0x61, 0x10, 0x61, 0x10, 0x61, 0x10, 0x61, 0x10,
    0x61, 0x10, 0x61, 0x18, 0x81, 0x18, 0x62, 0x10, 0x81, 0x10, 0x61, 0x10,
    0x81, 0x10, 0x61, 0x10, 0x61, 0x10, 0x61, 0x10, 0x81, 0x18, 0x81, 0x18,
    0xe3, 0x28, 0x28, 0x52, 0x07, 0x5a, 0x27, 0x5a, 0x68, 0x6a, 0xac, 0xa3,
    0xf1, 0xdc, 0xf1, 0xe4, 0x12, 0xe5, 0x12, 0xed, 0xf1, 0xe4, 0xd0, 0xe4,
    0x12, 0xed, 0x32, 0xed, 0x32, 0xed, 0x33, 0xf5, 0x12, 0xed, 0x12, 0xed,
    0x12, 0xed, 0xd1, 0xe4, 0x90, 0xdc, 0x6f, 0xd4, 0x2e, 0xcc, 0xee, 0xc3,
    0xac, 0xbb, 0xcd, 0xbb, 0xcd, 0xbb, 0xed, 0xbb, 0xed, 0xc3, 0xed, 0xc3,
    0x2f, 0xcc, 0x2e, 0xcc, 0xed, 0xbb, 0xed, 0xbb, 0xed, 0xbb, 0xcd, 0xbb,
    0x2b, 0xa3, 0x2a, 0xa3, 0x4b, 0xa3, 0x2a, 0x9b, 0x0a, 0xa3, 0x0a, 0x9b,
    0x2a, 0x9b, 0x4b, 0xa3, 0x4b, 0xab, 0x2a, 0xa3, 0x0a, 0x9b, 0xea, 0x9a,
    0x0a, 0x9b, 0x4b, 0xa3, 0x6b, 0xab, 0x4b, 0xab, 0x4b, 0xab, 0x6b, 0xab,
    0x6b, 0xab, 0x8c, 0xb3, 0x6b, 0xab, 0x8c, 0xb3, 0x6b, 0xab, 0x68, 0x7a,
    0xe3, 0x30, 0x61, 0x18, 0xa2, 0x20, 0xc6, 0x41, 0x86, 0x39, 0xc3, 0x18,
    0xa2, 0x18, 0x61, 0x10, 0x61, 0x10, 0x61, 0x10, 0x61, 0x08, 0x61, 0x10,
    0x61, 0x10, 0x61, 0x08, 0x60, 0x08, 0x60, 0x10, 0x41, 0x08, 0x60, 0x10,
    0x61, 0x08, 0x61, 0x10, 0x60, 0x10, 0x61, 0x10, 0x41, 0x08, 0x41, 0x08,
    0x61, 0x10, 0x61, 0x08, 0x61, 0x10, 0x41, 0x10, 0x61, 0x10, 0x61, 0x10,
    0x61, 0x10, 0x61, 0x08, 0x41, 0x10, 0x60, 0x10, 0x60, 0x08, 0x41, 0x10,
    0x61, 0x08, 0x40, 0x08, 0x61, 0x10, 0x61, 0x10, 0x40, 0x08, 0x40, 0x08,
    0x41, 0x08, 0x60, 0x08, 0x61, 0x10, 0x61, 0x10, 0x60, 0x08, 0x61, 0x10,
    0x61, 0x10, 0x61, 0x10, 0x40, 0x08, 0x61, 0x10, 0x61, 0x10, 0x60, 0x08,
    0x41, 0x10, 0x61, 0x10, 0x61, 0x10, 0x61, 0x08, 0x41, 0x10, 0x61, 0x10,
    0x61, 0x08, 0x61, 0x10, 0x61, 0x08, 0x61, 0x10, 0x61, 0x10, 0x61, 0x08,
    0x61, 0x10, 0x61, 0x10, 0x61, 0x08, 0x61, 0x10, 0x61, 0x08, 0x61, 0x08,
    0x60, 0x10, 0x61, 0x10, 0x61, 0x10, 0x61, 0x10, 0x60, 0x08, 0x60, 0x10,
    0x81, 0x10, 0x61, 0x10, 0x81, 0x10, 0x61, 0x10, 0x61, 0x10, 0x61, 0x10,
    0x81, 0x10, 0x81, 0x10, 0x61, 0x10, 0x61, 0x10, 0x81, 0x10, 0x61, 0x10,
    0x81, 0x10, 0x61, 0x10, 0x82, 0x10, 0x62, 0x10, 0x81, 0x10, 0x81, 0x10,
    0x61, 0x10, 0x61, 0x10, 0x61, 0x10, 0x61, 0x10, 0x61, 0x10, 0x61, 0x10,
    0x61, 0x10, 0x81, 0x10, 0x61, 0x10, 0x81, 0x10, 0x81, 0x10, 0x62, 0x10,
    0x61, 0x10, 0x61, 0x10, 0x61, 0x10, 0x61, 0x10, 0x61, 0x10, 0x61, 0x10,
    0x62, 0x10, 0x81, 0x10, 0x62, 0x10, 0x61, 0x10, 0x81, 0x10, 0x61, 0x10,
    0x82, 0x10, 0x81, 0x10, 0x81, 0x10, 0x61, 0x10, 0x81, 0x10, 0x81, 0x10,
    0x81, 0x10, 0x61, 0x10, 0x61, 0x10, 0x82, 0x10, 0x61, 0x10, 0x81, 0x10,
    0x62, 0x10, 0x62, 0x18, 0x81, 0x10, 0x61, 0x10, 0x81, 0x18, 0x82, 0x10,
    0x61, 0x10, 0x81, 0x10, 0x81, 0x10, 0x81, 0x10, 0x81, 0x10, 0x61, 0x10,
    0x61, 0x10, 0x61, 0x10, 0x82, 0x10, 0x82, 0x10, 0x61, 0x10, 0x82, 0x10,
    0x81, 0x10, 0x81, 0x10, 0x61, 0x10, 0x62, 0x10, 0x61, 0x10, 0x61, 0x10,
    0x61, 0x10, 0x62, 0x18, 0x61, 0x10, 0x61, 0x10, 0x81, 0x10, 0x61, 0x10,
    0x81, 0x10, 0x61, 0x10, 0x61, 0x10, 0x61, 0x10, 0x81, 0x10, 0x81, 0x10,
    0x61, 0x10, 0x81, 0x10, 0x61, 0x18, 0x81, 0x18, 0x61, 0x10, 0x81, 0x10,
    0x61, 0x10, 0x61, 0x10, 0x61, 0x10, 0x61, 0x10, 0x61, 0x18, 0x61, 0x10,
    0x03, 0x29, 0x07, 0x52, 0x07, 0x5a, 0xe6, 0x59, 0x8c, 0x9b, 0xb0, 0xcc,
    0xf1, 0xdc, 0x52, 0xed, 0x73, 0xed, 0x52, 0xed, 0xf1, 0xe4, 0xd1, 0xe4,
    0x12, 0xed, 0x33, 0xed, 0x53, 0xf5, 0x33, 0xed, 0x32, 0xed, 0x53, 0xed,
    0x32, 0xed, 0xf1, 0xe4, 0xb0, 0xdc, 0x90, 0xdc, 0x2f, 0xcc, 0xed, 0xc3,
    0xcd, 0xc3, 0xcd, 0xbb, 0xcd, 0xbb, 0xed, 0xbb, 0xed, 0xc3, 0xed, 0xbb,
    0x0e, 0xc4, 0x2f, 0xcc, 0x0e, 0xc4, 0xcd, 0xbb, 0xcd, 0xbb, 0xed, 0xbb,
    0x6b, 0xab, 0x4b, 0xa3, 0x6b, 0xab, 0x4b, 0xa3, 0x4b, 0xab, 0x2b, 0xa3,
    0x2b, 0xa3, 0x4a, 0xa3, 0x4b, 0xa3, 0x2b, 0xa3, 0x0a, 0x9b, 0x0a, 0x9b,
    0x2a, 0xa3, 0x4b, 0xa3, 0x6b, 0xab, 0x8c, 0xb3, 0x8c, 0xb3, 0x8c, 0xb3,
    0x6b, 0xab, 0x8c, 0xb3, 0x8c, 0xb3, 0x8c, 0xb3, 0xac, 0xb3, 0x6b, 0xab,
    0xe6, 0x61, 0xe3, 0x28, 0x82, 0x18, 0x03, 0x29, 0xc3, 0x20, 0x41, 0x10,
    0x40, 0x08, 0x61, 0x10, 0x81, 0x10, 0x81, 0x10, 0x60, 0x10, 0x61, 0x10,
    0x61, 0x10, 0x61, 0x10, 0x61, 0x10, 0x61, 0x08, 0x60, 0x08, 0x61, 0x10,
    0x61, 0x10, 0x61, 0x08, 0x60, 0x08, 0x61, 0x10, 0x61, 0x10, 0x60, 0x08,
    0x61, 0x10, 0x61, 0x10, 0x60, 0x08, 0x60, 0x08, 0x60, 0x08, 0x41, 0x10,
    0x41, 0x08, 0x41, 0x08, 0x40, 0x10, 0x61, 0x10, 0x61, 0x10, 0x61, 0x10,
    0x60, 0x10, 0x61, 0x08, 0x61, 0x10, 0x60, 0x08, 0x40, 0x08, 0x61, 0x10,
    0x40, 0x08, 0x40, 0x08, 0x60, 0x08, 0x60, 0x08, 0x61, 0x10, 0x40, 0x08,
    0x61, 0x08, 0x61, 0x08, 0x40, 0x08, 0x40, 0x08, 0x60, 0x08, 0x40, 0x08,
    0x60, 0x10, 0x60, 0x10, 0x60, 0x08, 0x60, 0x10, 0x61, 0x10, 0x61, 0x10,
    0x61, 0x10, 0x60, 0x08, 0x60, 0x08, 0x60, 0x08, 0x61, 0x10, 0x61, 0x10,
    0x61, 0x10, 0x61, 0x08, 0x60, 0x10, 0x60, 0x10, 0x61, 0x10, 0x41, 0x08,
    0x61, 0x08, 0x61, 0x10, 0x61, 0x10, 0x81, 0x08, 0x61, 0x08, 0x61, 0x10,
    0x61, 0x10, 0x81, 0x10, 0x81, 0x10, 0x61, 0x10, 0x81, 0x10, 0x81, 0x10,
    0x61, 0x08, 0x81, 0x10, 0x81, 0x10, 0x81, 0x10, 0x81, 0x10, 0x81, 0x10,
    0x81, 0x10, 0x82, 0x10, 0x61, 0x10, 0x81, 0x10, 0x61, 0x10, 0x82, 0x10,
    0x61, 0x10, 0x61, 0x08, 0x81, 0x10, 0x61, 0x08, 0x82, 0x10, 0x61, 0x10,
    0x61, 0x08, 0x61, 0x10, 0x81, 0x10, 0x61, 0x10, 0x62, 0x10, 0x81, 0x10,
    0x61, 0x10, 0x81, 0x08, 0x82, 0x10, 0x61, 0x10, 0x61, 0x08, 0x81, 0x10,
    0x61, 0x10, 0x82, 0x10, 0x61, 0x10, 0x82, 0x10, 0x61, 0x10, 0x61, 0x10,
    0x62, 0x10, 0x82, 0x10, 0x81, 0x10, 0x62, 0x10, 0x82, 0x10, 0x81, 0x10,
    0x62, 0x10, 0x82, 0x10, 0x81, 0x10, 0x61, 0x10, 0x62, 0x10, 0x81, 0x10,
    0x81, 0x10, 0x61, 0x10, 0x62, 0x10, 0x81, 0x18, 0x81, 0x10, 0x61, 0x10,
    0x82, 0x18, 0x81, 0x18, 0x82, 0x10, 0x61, 0x10, 0x62, 0x18, 0x81, 0x10,
    0x81, 0x10, 0x61, 0x18, 0x61, 0x10, 0x81, 0x10, 0x61, 0x10, 0x62, 0x10,
    0x81, 0x10, 0x61, 0x10, 0x81, 0x10, 0x61, 0x10, 0x62, 0x10, 0x81, 0x10,
    0x81, 0x10, 0x81, 0x10, 0x61, 0x10, 0x61, 0x10, 0x61, 0x10, 0x61, 0x10,
    0x61, 0x10, 0x61, 0x10, 0x61, 0x10, 0x61, 0x10, 0x61, 0x10, 0x61, 0x10,
    0x81, 0x18, 0x61, 0x10, 0x81, 0x10, 0x61, 0x18, 0x81, 0x10, 0x82, 0x10,
    0x82, 0x18, 0x81, 0x10, 0x61, 0x10, 0x61, 0x18, 0xc2, 0x20, 0xc2, 0x20,
    0x04, 0x31, 0x48, 0x62, 0x27, 0x62, 0xea, 0x82, 0x4f, 0xc4, 0x32, 0xe5,
    0x52, 0xed, 0x94, 0xf5, 0x73, 0xf5, 0x53, 0xed, 0x32, 0xed, 0xf1, 0xec,
    0xf1, 0xe4, 0x53, 0xed, 0x73, 0xf5, 0x73, 0xed, 0x73, 0xed, 0x53, 0xed,
    0x32, 0xed, 0x12, 0xe5, 0xf1, 0xe4, 0xb1, 0xdc, 0x4f, 0xd4, 0x0e, 0xcc,
    0xee, 0xc3, 0xed, 0xc3, 0xed, 0xbb, 0xed, 0xbb, 0xcd, 0xbb, 0xed, 0xbb,
    0xee, 0xc3, 0xed, 0xc3, 0xed, 0xc3, 0xed, 0xc3, 0xcd, 0xbb, 0x8c, 0xb3,
    0x6c, 0xab, 0x6c, 0xab, 0x8c, 0xab, 0x6b, 0xab, 0x6b, 0xab, 0x2b, 0xa3,
    0x2a, 0xa3, 0x2a, 0xa3, 0x2a, 0xa3, 0x2a, 0xa3, 0x0a, 0xa3, 0x0a, 0x9b,
    0x2a, 0xa3, 0x4b, 0xab, 0x6c, 0xab, 0x8c, 0xb3, 0xac, 0xb3, 0x8c, 0xb3,
    0x8c, 0xb3, 0x6b, 0xab, 0x6b, 0xb3, 0x8c, 0xb3, 0xac, 0xb3, 0xac, 0xb3,
    0x0a, 0x9b, 0x23, 0x41, 0x85, 0x41, 0x65, 0x39, 0x24, 0x29, 0x41, 0x10,
    0x20, 0x08, 0x61, 0x10, 0x61, 0x10, 0x61, 0x10, 0x61, 0x10, 0x60, 0x08,
    0x61, 0x10, 0x60, 0x10, 0x61, 0x10, 0x61, 0x10, 0x60, 0x10, 0x61, 0x10,
    0x61, 0x10, 0x61, 0x08, 0x61, 0x10, 0x61, 0x10, 0x60, 0x08, 0x61, 0x08,
    0x60, 0x10, 0x41, 0x10, 0x61, 0x08, 0x61, 0x10, 0x61, 0x10, 0x61, 0x08,
    0x60, 0x08, 0x60, 0x10, 0x60, 0x10, 0x61, 0x08, 0x41, 0x08, 0x61, 0x10,
    0x60, 0x08, 0x40, 0x10, 0x61, 0x10, 0x61, 0x08, 0x40, 0x10, 0x61, 0x10,
    0x61, 0x08, 0x41, 0x10, 0x61, 0x10, 0x61, 0x08, 0x40, 0x10, 0x61, 0x10,
    0x40, 0x08, 0x61, 0x10, 0x61, 0x10, 0x61, 0x10, 0x61, 0x08, 0x61, 0x10,
    0x61, 0x10, 0x61, 0x08, 0x61, 0x08, 0x61, 0x08, 0x61, 0x10, 0x60, 0x08,
    0x60, 0x08, 0x61, 0x10, 0x61, 0x10, 0x41, 0x10, 0x60, 0x08, 0x61, 0x08,
    0x60, 0x08, 0x61, 0x10, 0x61, 0x10, 0x61, 0x10, 0x61, 0x10, 0x61, 0x10,
    0x61, 0x10, 0x61, 0x08, 0x60, 0x10, 0x61, 0x10, 0x81, 0x10, 0x81, 0x10,
    0x61, 0x08, 0x61, 0x10, 0x81, 0x10, 0x61, 0x10, 0x81, 0x10, 0x61, 0x10,
    0x61, 0x10, 0x61, 0x10, 0x61, 0x10, 0x62, 0x10, 0x81, 0x10, 0x61, 0x10,
    0x62, 0x10, 0x81, 0x10, 0x81, 0x08, 0x82, 0x10, 0x82, 0x10, 0x82, 0x10,
    0x61, 0x10, 0x61, 0x10, 0x61, 0x10, 0x61, 0x10, 0x61, 0x08, 0x61, 0x10,
    0x61, 0x10, 0x61, 0x10, 0x61, 0x10, 0x61, 0x08, 0x61, 0x10, 0x61, 0x10,
    0x61, 0x08, 0x61, 0x10, 0x61, 0x10, 0x61, 0x10, 0x62, 0x10, 0x82, 0x10,
    0x61, 0x10, 0x61, 0x10, 0x81, 0x10, 0x82, 0x10, 0x81, 0x10, 0x61, 0x10,
    0x81, 0x10, 0x61, 0x10, 0x82, 0x10, 0x61, 0x10, 0x82, 0x10, 0x61, 0x10,
    0x61, 0x10, 0x82, 0x10, 0x81, 0x10, 0x61, 0x10, 0x82, 0x10, 0x82, 0x10,
    0x81, 0x10, 0x82, 0x10, 0x82, 0x10, 0x82, 0x10, 0x82, 0x18, 0x81, 0x10,
    0x81, 0x10, 0x82, 0x18, 0x61, 0x10, 0x81, 0x18, 0x81, 0x10, 0x61, 0x10,
    0x82, 0x18, 0x62, 0x10, 0x81, 0x10, 0x81, 0x10, 0x61, 0x10, 0x81, 0x10,
    0x61, 0x10, 0x62, 0x10, 0x81, 0x10, 0x62, 0x10, 0x81, 0x10, 0x81, 0x10,
    0x61, 0x18, 0x61, 0x10, 0x81, 0x10, 0x81, 0x10, 0x61, 0x10, 0x61, 0x10,
    0x61, 0x10, 0x61, 0x10, 0x81, 0x10, 0x61, 0x10, 0x61, 0x10, 0x61, 0x10,
    0x61, 0x10, 0x61, 0x10, 0x81, 0x18, 0x61, 0x10, 0x61, 0x10, 0x81, 0x18,
    0x61, 0x18, 0x81, 0x10, 0x61, 0x10, 0x61, 0x18, 0xc2, 0x20, 0x81, 0x18,
    0xa5, 0x49, 0x28, 0x62, 0x68, 0x6a, 0x8c, 0xa3, 0xf1, 0xdc, 0x52, 0xe5,
    0x73, 0xed, 0x94, 0xf5, 0x94, 0xf5, 0x53, 0xf5, 0x32, 0xed, 0x11, 0xed,
    0x32, 0xed, 0x52, 0xed, 0x33, 0xed, 0x53, 0xed, 0x74, 0xf5, 0x33, 0xed,
    0x32, 0xed, 0xd1, 0xdc, 0x12, 0xe5, 0xb0, 0xdc, 0x4f, 0xd4, 0x2e, 0xd4,
    0x0e, 0xcc, 0x0e, 0xc4, 0x2e, 0xcc, 0xed, 0xbb, 0xee, 0xc3, 0xcd, 0xc3,
    0x0e, 0xc4, 0xee, 0xc3, 0xed, 0xc3, 0xee, 0xc3, 0xac, 0xbb, 0x6c, 0xab,
    0x8c, 0xab, 0x6c, 0xab, 0x8c, 0xb3, 0x6b, 0xb3, 0x8c, 0xb3, 0x4b, 0xab,
    0x2a, 0xab, 0x2b, 0xab, 0x2a, 0xa3, 0x2b, 0xa3, 0x2b, 0xab, 0x2a, 0xa3,
    0x2a, 0xa3, 0x4b, 0xab, 0x6b, 0xab, 0x6b, 0xab, 0x8c, 0xb3, 0xac, 0xbb,
    0xcc, 0xbb, 0x8c, 0xb3, 0x8c, 0xb3, 0x8c, 0xb3, 0x8c, 0xb3, 0xac, 0xbb,
    0xac, 0xb3, 0x88, 0x7a, 0xa6, 0x51, 0x64, 0x41, 0xe3, 0x28, 0xa2, 0x18,
    0x20, 0x00, 0x41, 0x08, 0x61, 0x10, 0x81, 0x10, 0x61, 0x08, 0x81, 0x10,
    0x61, 0x10, 0x61, 0x08, 0x61, 0x10, 0x61, 0x08, 0x60, 0x10, 0x61, 0x08,
    0x61, 0x10, 0x61, 0x10, 0x61, 0x08, 0x40, 0x10, 0x61, 0x10, 0x61, 0x08,
    0x61, 0x10, 0x61, 0x10, 0x61, 0x08, 0x61, 0x10, 0x61, 0x10, 0x61, 0x10,
    0x61, 0x10, 0x40, 0x10, 0x61, 0x08, 0x40, 0x08, 0x40, 0x08, 0x61, 0x10,
    0x60, 0x08, 0x40, 0x08, 0x61, 0x10, 0x40, 0x08, 0x41, 0x08, 0x60, 0x08,
    0x61, 0x10, 0x61, 0x10, 0x61, 0x08, 0x61, 0x10, 0x61, 0x08, 0x60, 0x08,
    0x60, 0x10, 0x61, 0x08, 0x61, 0x10, 0x60, 0x08, 0x61, 0x10, 0x61, 0x08,
    0x41, 0x08, 0x61, 0x10, 0x61, 0x10, 0x40, 0x08, 0x61, 0x10, 0x61, 0x08,
    0x40, 0x08, 0x61, 0x08, 0x61, 0x10, 0x61, 0x10, 0x61, 0x10, 0x61, 0x08,
    0x61, 0x10, 0x61, 0x10, 0x61, 0x08, 0x61, 0x08, 0x61, 0x10, 0x61, 0x08,
    0x61, 0x08, 0x61, 0x10, 0x61, 0x08, 0x61, 0x10, 0x60, 0x10, 0x61, 0x10,
    0x61, 0x10, 0x81, 0x10, 0x61, 0x10, 0x82, 0x08, 0x81, 0x10, 0x81, 0x10,
    0x81, 0x10, 0x81, 0x10, 0x81, 0x10, 0x61, 0x10, 0x81, 0x08, 0x61, 0x10,
    0x82, 0x10, 0x61, 0x10, 0x82, 0x10, 0x82, 0x10, 0x61, 0x10, 0x81, 0x10,
    0x61, 0x08, 0x61, 0x10, 0x81, 0x10, 0x61, 0x10, 0x61, 0x10, 0x81, 0x10,
    0x81, 0x10, 0x61, 0x10, 0x61, 0x10, 0x61, 0x10, 0x61, 0x08, 0x61, 0x10,
    0x82, 0x10, 0x82, 0x10, 0x61, 0x10, 0x61, 0x10, 0x61, 0x08, 0x61, 0x10,
    0x61, 0x10, 0x61, 0x10, 0x61, 0x10, 0x61, 0x08, 0x81, 0x10, 0x62, 0x10,
    0x81, 0x10, 0x81, 0x10, 0x61, 0x10, 0x81, 0x10, 0x81, 0x10, 0x61, 0x10,
    0x81, 0x10, 0x82, 0x10, 0x82, 0x10, 0x61, 0x10, 0x81, 0x10, 0x82, 0x10,
    0x81, 0x10, 0x82, 0x10, 0x81, 0x10, 0x81, 0x10, 0x61, 0x10, 0x82, 0x10,
    0x81, 0x10, 0x61, 0x10, 0x81, 0x10, 0x81, 0x10, 0x61, 0x10, 0x61, 0x18,
    0x81, 0x10, 0x61, 0x10, 0x62, 0x10, 0x81, 0x10, 0x61, 0x10, 0x82, 0x10,
    0x61, 0x10, 0x81, 0x10, 0x81, 0x10, 0x81, 0x10, 0x61, 0x10, 0x61, 0x10,
    0x61, 0x10, 0x61, 0x18, 0x61, 0x10, 0x61, 0x10, 0x61, 0x10, 0x81, 0x10,
    0x61, 0x10, 0x61, 0x10, 0x61, 0x10, 0x81, 0x10, 0x61, 0x10, 0x61, 0x10,
    0x61, 0x10, 0x61, 0x18, 0x61, 0x10, 0x61, 0x10, 0x82, 0x10, 0x61, 0x18,
    0x61, 0x10, 0x61, 0x10, 0x61, 0x10, 0x81, 0x18, 0x03, 0x29, 0xa2, 0x20,
    0xc6, 0x49, 0xe6, 0x59, 0xe9, 0x82, 0x6f, 0xc4, 0x32, 0xe5, 0x73, 0xed,
    0x94, 0xf5, 0xb4, 0xf5, 0x94, 0xf5, 0x52, 0xed, 0x53, 0xf5, 0x32, 0xed,
    0xf1, 0xe4, 0x32, 0xed, 0x53, 0xed, 0x53, 0xed, 0x94, 0xed, 0x73, 0xed,
    0x73, 0xed, 0x32, 0xed, 0x32, 0xed, 0xd1, 0xe4, 0x90, 0xdc, 0x4f, 0xd4,
    0x2f, 0xcc, 0x2e, 0xcc, 0x2e, 0xcc, 0x0e, 0xc4, 0x2e, 0xcc, 0x4f, 0xcc,
    0x2f, 0xcc, 0x0e, 0xcc, 0xed, 0xc3, 0xcd, 0xbb, 0xac, 0xb3, 0x8c, 0xb3,
    0x8c, 0xb3, 0x6b, 0xab, 0x8c, 0xb3, 0x6b, 0xab, 0x6c, 0xab, 0x4b, 0xab,
    0x4b, 0xab, 0x4b, 0xab, 0x2a, 0xa3, 0x4b, 0xa3, 0x4b, 0xab, 0x2b, 0xa3,
    0x4b, 0xa3, 0x4b, 0xab, 0x6b, 0xab, 0x8c, 0xb3, 0x8c, 0xb3, 0x8c, 0xb3,
    0x8c, 0xb3, 0x6b, 0xb3, 0x8c, 0xb3, 0xcc, 0xbb, 0xcd, 0xbb, 0xac, 0xbb,
    0xcd, 0xb3, 0x6c, 0xab, 0xa5, 0x51, 0x85, 0x49, 0xc2, 0x20, 0x82, 0x18,
    0x41, 0x10, 0x40, 0x08, 0x61, 0x10, 0x80, 0x10, 0x80, 0x10, 0x81, 0x10,
    0x61, 0x10, 0x60, 0x10, 0x60, 0x08, 0x61, 0x10, 0x61, 0x08, 0x61, 0x10,
    0x60, 0x08, 0x60, 0x10, 0x61, 0x10, 0x61, 0x08, 0x60, 0x10, 0x61, 0x10,
    0x40, 0x08, 0x60, 0x08, 0x60, 0x08, 0x40, 0x08, 0x60, 0x08, 0x61, 0x10,
    0x41, 0x10, 0x61, 0x08, 0x61, 0x10, 0x41, 0x10, 0x60, 0x10, 0x61, 0x08,
    0x61, 0x08, 0x40, 0x08, 0x61, 0x10, 0x41, 0x08, 0x61, 0x10, 0x60, 0x10,
    0x60, 0x08, 0x40, 0x08, 0x61, 0x10, 0x40, 0x08, 0x40, 0x08, 0x61, 0x10,
    0x40, 0x08, 0x40, 0x08, 0x60, 0x08, 0x61, 0x10, 0x60, 0x10, 0x40, 0x08,
    0x60, 0x10, 0x61, 0x10, 0x60, 0x08, 0x40, 0x10, 0x61, 0x08, 0x61, 0x10,
    0x61, 0x10, 0x60, 0x08, 0x61, 0x08, 0x61, 0x10, 0x40, 0x08, 0x61, 0x10,
    0x61, 0x10, 0x61, 0x10, 0x60, 0x08, 0x61, 0x10, 0x61, 0x10, 0x60, 0x08,
    0x61, 0x10, 0x60, 0x10, 0x61, 0x10, 0x61, 0x08, 0x61, 0x08, 0x61, 0x10,
    0x61, 0x10, 0x81, 0x10, 0x61, 0x10, 0x61, 0x10, 0x81, 0x10, 0x81, 0x10,
    0x61, 0x08, 0x81, 0x10, 0x82, 0x10, 0x62, 0x10, 0x81, 0x10, 0x82, 0x10,
    0x81, 0x10, 0x61, 0x10, 0x81, 0x10, 0x82, 0x10, 0x61, 0x10, 0x81, 0x10,
    0x61, 0x10, 0x81, 0x10, 0x61, 0x08, 0x61, 0x10, 0x61, 0x10, 0x82, 0x10,
    0x82, 0x10, 0x61, 0x08, 0x61, 0x10, 0x81, 0x10, 0x82, 0x10, 0x62, 0x10,
    0x82, 0x10, 0x81, 0x10, 0x61, 0x10, 0x82, 0x10, 0x61, 0x10, 0x81, 0x10,
    0x62, 0x10, 0x81, 0x10, 0x82, 0x10, 0x61, 0x10, 0x62, 0x10, 0x81, 0x10,
    0x62, 0x10, 0x81, 0x10, 0x61, 0x10, 0x81, 0x10, 0x61, 0x10, 0x81, 0x10,
    0x62, 0x18, 0x61, 0x10, 0x82, 0x10, 0x81, 0x10, 0x81, 0x10, 0x62, 0x18,
    0x81, 0x10, 0x81, 0x10, 0x62, 0x10, 0x81, 0x10, 0x82, 0x10, 0x82, 0x10,
    0x81, 0x18, 0x81, 0x10, 0x82, 0x10, 0x82, 0x10, 0x61, 0x18, 0x82, 0x18,
    0x82, 0x10, 0x81, 0x18, 0x82, 0x10, 0x61, 0x10, 0x61, 0x18, 0x82, 0x10,
    0x62, 0x10, 0x61, 0x10, 0x81, 0x10, 0x62, 0x10, 0x81, 0x18, 0x81, 0x10,
    0x61, 0x10, 0x61, 0x10, 0x81, 0x18, 0x82, 0x18, 0x81, 0x10, 0x61, 0x10,
    0x82, 0x10, 0x61, 0x10, 0x61, 0x10, 0x81, 0x10, 0x61, 0x18, 0x61, 0x10,
    0x81, 0x18, 0x61, 0x10, 0x81, 0x10, 0x81, 0x10, 0x81, 0x10, 0x82, 0x10,
    0x81, 0x10, 0x81, 0x10, 0x82, 0x18, 0x61, 0x10, 0x61, 0x18, 0x24, 0x31,
    0x27, 0x5a, 0x27, 0x62, 0x8c, 0xa3, 0xb0, 0xd4, 0x53, 0xed, 0x94, 0xf5,
    0xd4, 0xf5, 0xb4, 0xf5, 0xb5, 0xf5, 0xb4, 0xfd, 0x73, 0xf5, 0x53, 0xed,
    0x32, 0xed, 0x32, 0xed, 0x73, 0xed, 0x94, 0xf5, 0xb4, 0xf5, 0xb4, 0xf5,
    0x94, 0xed, 0x74, 0xed, 0x53, 0xed, 0xf2, 0xec, 0xd1, 0xe4, 0x90, 0xdc,
    0x6f, 0xd4, 0x2e, 0xcc, 0x2e, 0xcc, 0xed, 0xbb, 0x0e, 0xc4, 0x2e, 0xcc,
    0x2e, 0xcc, 0x0e, 0xcc, 0xcd, 0xc3, 0xed, 0xc3, 0xcd, 0xbb, 0xac, 0xb3,
    0x8c, 0xb3, 0xac, 0xb3, 0xcd, 0xbb, 0x8c, 0xb3, 0x8c, 0xb3, 0x8c, 0xab,
    0x6b, 0xab, 0x6b, 0xab, 0x6b, 0xab, 0x6b, 0xab, 0x6b, 0xab, 0x6b, 0xab,
    0x6c, 0xb3, 0x8c, 0xb3, 0xac, 0xb3, 0xad, 0xbb, 0xac, 0xbb, 0xac, 0xb3,
    0xac, 0xbb, 0x8c, 0xb3, 0x8c, 0xb3, 0xac, 0xbb, 0xcd, 0xbb, 0xcd, 0xbb,
    0xcd, 0xbb, 0xac, 0xb3, 0xa9, 0x7a, 0x85, 0x41, 0x44, 0x31, 0x41, 0x10,
    0x81, 0x18, 0x40, 0x08, 0x61, 0x10, 0x61, 0x10, 0x81, 0x10, 0x61, 0x10,
    0x61, 0x10, 0x61, 0x10, 0x61, 0x10, 0x61, 0x10, 0x61, 0x10, 0x61, 0x08,
    0x61, 0x10, 0x61, 0x10, 0x61, 0x10, 0x61, 0x10, 0x61, 0x08, 0x61, 0x10,
    0x61, 0x10, 0x61, 0x10, 0x61, 0x10, 0x61, 0x10, 0x61, 0x10, 0x61, 0x10,
    0x60, 0x08, 0x61, 0x10, 0x60, 0x10, 0x60, 0x08, 0x61, 0x08, 0x60, 0x10,
    0x61, 0x10, 0x41, 0x08, 0x60, 0x08, 0x61, 0x10, 0x41, 0x08, 0x41, 0x08,
    0x61, 0x10, 0x40, 0x08, 0x41, 0x08, 0x61, 0x08, 0x41, 0x10, 0x61, 0x08,
    0x41, 0x08, 0x41, 0x10, 0x41, 0x08, 0x61, 0x10, 0x61, 0x08, 0x61, 0x10,
    0x61, 0x08, 0x61, 0x10, 0x61, 0x08, 0x61, 0x10, 0x40, 0x08, 0x61, 0x10,
    0x61, 0x10, 0x60, 0x08, 0x61, 0x10, 0x60, 0x08, 0x60, 0x08, 0x61, 0x08,
    0x60, 0x10, 0x61, 0x08, 0x61, 0x10, 0x61, 0x10, 0x61, 0x08, 0x61, 0x10,
    0x61, 0x10, 0x61, 0x10, 0x61, 0x08, 0x61, 0x10, 0x61, 0x10, 0x61, 0x08,
    0x61, 0x10, 0x81, 0x10, 0x81, 0x10, 0x61, 0x10, 0x61, 0x10, 0x82, 0x10,
    0x62, 0x10, 0x82, 0x10, 0x81, 0x10, 0x82, 0x10, 0x61, 0x10, 0x61, 0x10,
    0x82, 0x10, 0x82, 0x10, 0x81, 0x10, 0x82, 0x10, 0x82, 0x10, 0x82, 0x10,
    0x61, 0x10, 0x62, 0x10, 0x61, 0x08, 0x61, 0x10, 0x61, 0x10, 0x61, 0x08,
    0x61, 0x10, 0x61, 0x10, 0x61, 0x08, 0x61, 0x10, 0x82, 0x10, 0x61, 0x08,
    0x61, 0x08, 0x61, 0x10, 0x61, 0x08, 0x81, 0x10, 0x61, 0x10, 0x61, 0x10,
    0x61, 0x10, 0x61, 0x10, 0x61, 0x10, 0x81, 0x10, 0x81, 0x10, 0x61, 0x10,
    0x61, 0x10, 0x82, 0x10, 0x81, 0x10, 0x62, 0x10, 0x81, 0x10, 0x81, 0x10,
    0x81, 0x10, 0x81, 0x10, 0x61, 0x10, 0x81, 0x10, 0x62, 0x10, 0x61, 0x10,
    0x81, 0x10, 0x82, 0x10, 0x81, 0x10, 0x82, 0x10, 0x61, 0x10, 0x81, 0x10,
    0x82, 0x10, 0x81, 0x10, 0x61, 0x10, 0x81, 0x18, 0x81, 0x10, 0x61, 0x10,
    0x81, 0x10, 0x61, 0x10, 0x82, 0x18, 0x61, 0x10, 0x61, 0x10, 0x81, 0x10,
    0x82, 0x10, 0x81, 0x10, 0x61, 0x10, 0x81, 0x10, 0x61, 0x10, 0x81, 0x18,
    0x61, 0x10, 0x61, 0x10, 0x61, 0x10, 0x61, 0x10, 0x81, 0x10, 0x61, 0x18,
    0x61, 0x10, 0x61, 0x10, 0x61, 0x10, 0x61, 0x10, 0x61, 0x10, 0x81, 0x10,
    0x82, 0x10, 0x81, 0x10, 0x61, 0x10, 0x82, 0x18, 0x61, 0x10, 0x61, 0x10,
    0x61, 0x18, 0x61, 0x10, 0x61, 0x10, 0x81, 0x18, 0x61, 0x18, 0x07, 0x52,
    0x27, 0x62, 0xc9, 0x72, 0x0e, 0xb4, 0x12, 0xdd, 0x52, 0xed, 0xb4, 0xf5,
    0xd5, 0xf5, 0xd5, 0xf5, 0xf5, 0xfd, 0x73, 0xf5, 0x73, 0xf5, 0xb4, 0xf5,
    0x94, 0xf5, 0x33, 0xed, 0x32, 0xe5, 0x73, 0xed, 0x74, 0xed, 0x74, 0xf5,
    0x53, 0xed, 0x33, 0xed, 0xf2, 0xe4, 0xb0, 0xe4, 0x90, 0xdc, 0x6f, 0xdc,
    0x6f, 0xd4, 0x4f, 0xd4, 0x4f, 0xcc, 0x0e, 0xcc, 0xed, 0xc3, 0x0e, 0xcc,
    0xee, 0xc3, 0xcd, 0xbb, 0xac, 0xbb, 0xac, 0xbb, 0xac, 0xb3, 0xac, 0xbb,
    0xac, 0xb3, 0xac, 0xb3, 0xac, 0xb3, 0xac, 0xbb, 0xac, 0xb3, 0xac, 0xb3,
    0x8c, 0xb3, 0x6b, 0xab, 0x6b, 0xab, 0x6c, 0xb3, 0x6c, 0xb3, 0x6b, 0xab,
    0xac, 0xb3, 0xcd, 0xb3, 0xed, 0xbb, 0xcd, 0xbb, 0xed, 0xbb, 0xed, 0xbb,
    0xcd, 0xbb, 0xac, 0xb3, 0xac, 0xbb, 0xac, 0xbb, 0xcd, 0xbb, 0xed, 0xc3,
    0xed, 0xbb, 0xcc, 0xb3, 0x2b, 0x93, 0x85, 0x49, 0xe3, 0x28, 0x62, 0x18,
    0x20, 0x00, 0x61, 0x10, 0xa1, 0x18, 0x61, 0x10, 0x61, 0x10, 0x61, 0x10,
    0x61, 0x10, 0x60, 0x08, 0x61, 0x10, 0x61, 0x08, 0x61, 0x10, 0x61, 0x10,
    0x61, 0x10, 0x61, 0x08, 0x61, 0x08, 0x61, 0x10, 0x61, 0x10, 0x61, 0x08,
    0x60, 0x08, 0x41, 0x10, 0x61, 0x08, 0x61, 0x10, 0x40, 0x10, 0x61, 0x10,
    0x61, 0x10, 0x60, 0x10, 0x61, 0x08, 0x61, 0x10, 0x41, 0x10, 0x40, 0x08,
    0x61, 0x10, 0x61, 0x10, 0x60, 0x08, 0x40, 0x08, 0x60, 0x08, 0x61, 0x10,
    0x41, 0x08, 0x61, 0x08, 0x60, 0x10, 0x41, 0x08, 0x60, 0x10, 0x61, 0x10,
    0x61, 0x08, 0x60, 0x08, 0x61, 0x10, 0x61, 0x08, 0x41, 0x10, 0x61, 0x08,
    0x61, 0x10, 0x41, 0x10, 0x61, 0x08, 0x60, 0x08, 0x61, 0x10, 0x61, 0x10,
    0x60, 0x08, 0x61, 0x10, 0x61, 0x10, 0x61, 0x10, 0x61, 0x08, 0x60, 0x10,
    0x61, 0x10, 0x60, 0x08, 0x61, 0x10, 0x61, 0x08, 0x61, 0x10, 0x61, 0x08,
    0x61, 0x08, 0x61, 0x10, 0x61, 0x08, 0x61, 0x10, 0x61, 0x10, 0x61, 0x08,
    0x60, 0x08, 0x81, 0x10, 0x81, 0x10, 0x81, 0x10, 0x61, 0x10, 0x81, 0x10,
    0x61, 0x10, 0x61, 0x10, 0x62, 0x10, 0x81, 0x10, 0x61, 0x10, 0x61, 0x10,
    0x81, 0x10, 0x81, 0x10, 0x61, 0x10, 0x81, 0x10, 0x81, 0x10, 0x82, 0x10,
    0x61, 0x10, 0x62, 0x10, 0x82, 0x10, 0x81, 0x10, 0x61, 0x10, 0x62, 0x10,
    0x81, 0x10, 0x61, 0x10, 0x62, 0x10, 0x62, 0x10, 0x81, 0x10, 0x81, 0x10,
    0x61, 0x10, 0x62, 0x10, 0x62, 0x10, 0x81, 0x10, 0x61, 0x10, 0x81, 0x10,
    0x82, 0x10, 0x61, 0x10, 0x82, 0x10, 0x61, 0x10, 0x81, 0x10, 0x81, 0x10,
    0x82, 0x10, 0x61, 0x10, 0x82, 0x10, 0x61, 0x10, 0x61, 0x10, 0x82, 0x10,
    0x81, 0x10, 0x61, 0x10, 0x61, 0x18, 0x82, 0x10, 0x82, 0x10, 0x62, 0x10,
    0x81, 0x10, 0x82, 0x10, 0x82, 0x18, 0x61, 0x10, 0x82, 0x10, 0x81, 0x18,
    0x82, 0x10, 0x82, 0x10, 0x81, 0x18, 0x81, 0x10, 0x81, 0x10, 0x62, 0x10,
    0x81, 0x10, 0x81, 0x10, 0x61, 0x10, 0x82, 0x10, 0x81, 0x10, 0x62, 0x10,
    0x62, 0x10, 0x81, 0x18, 0x81, 0x10, 0x61, 0x10, 0x61, 0x10, 0x61, 0x10,
    0x81, 0x18, 0x82, 0x18, 0x61, 0x10, 0x61, 0x10, 0x61, 0x10, 0x82, 0x10,
    0x82, 0x18, 0x61, 0x10, 0x61, 0x10, 0x82, 0x18, 0x61, 0x10, 0x61, 0x10,
    0x81, 0x18, 0x62, 0x18, 0x81, 0x10, 0x81, 0x10, 0x62, 0x10, 0x61, 0x18,
    0xa2, 0x18, 0x61, 0x10, 0x61, 0x10, 0x61, 0x18, 0xe3, 0x28, 0x03, 0x31,
    0xa6, 0x49, 0x2b, 0x8b, 0x2e, 0xbc, 0x11, 0xdd, 0x73, 0xed, 0xd5, 0xf5,
    0xd5, 0xf5, 0xd5, 0xfd, 0xf5, 0xfd, 0xf6, 0xfd, 0xf6, 0xf5, 0xd5, 0xf5,
    0x94, 0xf5, 0x74, 0xed, 0x53, 0xed, 0x73, 0xed, 0x94, 0xf5, 0x74, 0xf5,
    0x53, 0xed, 0x32, 0xed, 0x12, 0xed, 0xd1, 0xe4, 0xb0, 0xe4, 0x90, 0xdc,
    0x6f, 0xdc, 0x4f, 0xd4, 0x4f, 0xd4, 0x2e, 0xcc, 0x2e, 0xcc, 0x2f, 0xcc,
    0x2e, 0xcc, 0x0e, 0xcc, 0xcd, 0xc3, 0xad, 0xbb, 0x8c, 0xb3, 0x6c, 0xb3,
    0x4b, 0xab, 0x8c, 0xb3, 0x8c, 0xb3, 0xac, 0xb3, 0xac, 0xb3, 0x8c, 0xb3,
    0x6c, 0xb3, 0x8c, 0xb3, 0x8c, 0xb3, 0x8c, 0xb3, 0xac, 0xb3, 0xac, 0xbb,
    0xac, 0xb3, 0xac, 0xb3, 0xad, 0xbb, 0xee, 0xc3, 0x0e, 0xc4, 0xee, 0xc3,
    0xed, 0xbb, 0xed, 0xc3, 0xed, 0xc3, 0xcd, 0xbb, 0xed, 0xc3, 0xed, 0xc3,
    0x0d, 0xc4, 0xed, 0xbb, 0xac, 0xb3, 0xe6, 0x59, 0xc6, 0x51, 0x45, 0x39,
    0x20, 0x08, 0x81, 0x18, 0x61, 0x10, 0x61, 0x18, 0x81, 0x10, 0x61, 0x10,
    0x81, 0x10, 0x61, 0x10, 0x61, 0x10, 0x81, 0x10, 0x60, 0x08, 0x60, 0x10,
    0x61, 0x10, 0x61, 0x08, 0x61, 0x10, 0x61, 0x10, 0x61, 0x10, 0x61, 0x10,
    0x60, 0x10, 0x61, 0x08, 0x61, 0x10, 0x60, 0x10, 0x61, 0x08, 0x61, 0x08,
    0x60, 0x10, 0x61, 0x10, 0x61, 0x10, 0x60, 0x10, 0x61, 0x08, 0x41, 0x08,
    0x60, 0x10, 0x61, 0x08, 0x40, 0x08, 0x61, 0x10, 0x41, 0x10, 0x61, 0x10,
    0x60, 0x10, 0x61, 0x10, 0x61, 0x10, 0x40, 0x08, 0x61, 0x08, 0x60, 0x10,
    0x61, 0x10, 0x41, 0x08, 0x40, 0x08, 0x61, 0x10, 0x61, 0x08, 0x60, 0x10,
    0x61, 0x10, 0x61, 0x08, 0x40, 0x10, 0x61, 0x08, 0x61, 0x08, 0x61, 0x08,
    0x61, 0x08, 0x61, 0x10, 0x40, 0x08, 0x60, 0x08, 0x61, 0x08, 0x41, 0x10,
    0x61, 0x10, 0x61, 0x10, 0x61, 0x08, 0x60, 0x10, 0x60, 0x10, 0x60, 0x08,
    0x61, 0x10, 0x61, 0x10, 0x61, 0x08, 0x61, 0x10, 0x81, 0x10, 0x61, 0x10,
    0x61, 0x10, 0x61, 0x10, 0x61, 0x10, 0x81, 0x08, 0x81, 0x10, 0x61, 0x10,
    0x81, 0x10, 0x81, 0x10, 0x62, 0x10, 0x81, 0x10, 0x82, 0x10, 0x81, 0x10,
    0x81, 0x10, 0x82, 0x10, 0x62, 0x10, 0x81, 0x10, 0x82, 0x10, 0x81, 0x10,
    0x61, 0x10, 0x61, 0x10, 0x81, 0x10, 0x82, 0x10, 0x61, 0x08, 0x61, 0x10,
    0x62, 0x10, 0x61, 0x10, 0x81, 0x10, 0x81, 0x10, 0x61, 0x10, 0x62, 0x10,
    0x82, 0x10, 0x81, 0x10, 0x61, 0x10, 0x62, 0x10, 0x62, 0x10, 0x61, 0x10,
    0x82, 0x10, 0x81, 0x10, 0x61, 0x10, 0x62, 0x10, 0x61, 0x10, 0x81, 0x10,
    0x81, 0x10, 0x61, 0x10, 0x82, 0x10, 0x81, 0x10, 0x61, 0x10, 0x81, 0x10,
    0x81, 0x10, 0x62, 0x10, 0x81, 0x10, 0x81, 0x10, 0x82, 0x10, 0x81, 0x18,
    0x81, 0x10, 0x62, 0x10, 0x81, 0x10, 0x81, 0x10, 0x81, 0x10, 0x82, 0x18,
    0x61, 0x10, 0x82, 0x10, 0x81, 0x10, 0x62, 0x10, 0x81, 0x10, 0x81, 0x18,
    0x81, 0x10, 0x82, 0x10, 0x61, 0x10, 0x61, 0x10, 0x82, 0x10, 0x81, 0x10,
    0x61, 0x10, 0x61, 0x10, 0x61, 0x18, 0x62, 0x10, 0x61, 0x10, 0x61, 0x18,
    0x81, 0x10, 0x61, 0x10, 0x61, 0x18, 0x61, 0x18, 0x61, 0x10, 0x82, 0x10,
    0x81, 0x10, 0x61, 0x18, 0x62, 0x10, 0x81, 0x10, 0x61, 0x18, 0x61, 0x10,
    0x81, 0x10, 0x81, 0x18, 0x61, 0x10, 0x81, 0x10, 0x61, 0x10, 0xa2, 0x18,
    0x82, 0x18, 0x61, 0x10, 0x61, 0x10, 0x61, 0x18, 0xa2, 0x20, 0xc2, 0x28,
    0x89, 0x6a, 0xad, 0xa3, 0x6f, 0xcc, 0x11, 0xe5, 0x94, 0xf5, 0xd5, 0xf5,
    0xd5, 0xf5, 0xf5, 0xfd, 0x16, 0xfe, 0x16, 0xfe, 0x36, 0xfe, 0xf6, 0xf5,
    0xd5, 0xf5, 0x94, 0xf5, 0x74, 0xf5, 0x53, 0xed, 0x94, 0xf5, 0x74, 0xf5,
    0x33, 0xed, 0x12, 0xed, 0x12, 0xed, 0xb1, 0xe4, 0xd1, 0xec, 0xb0, 0xe4,
    0xb0, 0xdc, 0x8f, 0xdc, 0x4f, 0xd4, 0x4e, 0xd4, 0x2f, 0xcc, 0x4f, 0xd4,
    0x4f, 0xd4, 0x0e, 0xcc, 0x0e, 0xcc, 0xcd, 0xc3, 0xcc, 0xbb, 0x8c, 0xb3,
    0x8c, 0xb3, 0x8c, 0xb3, 0x8c, 0xb3, 0x8c, 0xb3, 0xac, 0xbb, 0x6c, 0xab,
    0x6b, 0xb3, 0x6b, 0xab, 0x8c, 0xb3, 0xac, 0xb3, 0xac, 0xb3, 0x8c, 0xb3,
    0x8c, 0xb3, 0xad, 0xbb, 0xed, 0xc3, 0x0e, 0xc4, 0x0e, 0xc4, 0x0e, 0xc4,
    0xed, 0xbb, 0x0e, 0xc4, 0x2e, 0xcc, 0x2e, 0xcc, 0x0e, 0xc4, 0x0e, 0xc4,
    0x2e, 0xc4, 0x0d, 0xc4, 0xac, 0xb3, 0x88, 0x72, 0x44, 0x39, 0x82, 0x18,
    0x40, 0x08, 0xa2, 0x18, 0x81, 0x10, 0x61, 0x10, 0x81, 0x10, 0x61, 0x10,
    0x60, 0x10, 0x61, 0x10, 0x61, 0x10, 0x61, 0x08, 0x61, 0x10, 0x61, 0x10,
    0x61, 0x10, 0x61, 0x08, 0x60, 0x10, 0x60, 0x08, 0x61, 0x08, 0x61, 0x10,
    0x60, 0x10, 0x61, 0x10, 0x61, 0x08, 0x61, 0x10, 0x61, 0x10, 0x60, 0x10,
    0x61, 0x10, 0x61, 0x10, 0x61, 0x10, 0x60, 0x10, 0x61, 0x10, 0x61, 0x08,
    0x40, 0x08, 0x40, 0x10, 0x61, 0x08, 0x40, 0x08, 0x61, 0x10, 0x61, 0x08,
    0x61, 0x08, 0x61, 0x10, 0x61, 0x08, 0x61, 0x10, 0x61, 0x08, 0x61, 0x10,
    0x41, 0x10, 0x41, 0x08, 0x61, 0x08, 0x60, 0x10, 0x60, 0x08, 0x61, 0x08,
    0x61, 0x08, 0x60, 0x08, 0x61, 0x10, 0x61, 0x10, 0x61, 0x10, 0x61, 0x10,
    0x40, 0x08, 0x61, 0x10, 0x41, 0x08, 0x61, 0x10, 0x61, 0x10, 0x61, 0x08,
    0x61, 0x10, 0x60, 0x08, 0x61, 0x10, 0x61, 0x10, 0x61, 0x08, 0x61, 0x10,
    0x61, 0x10, 0x60, 0x10, 0x61, 0x08, 0x61, 0x08, 0x61, 0x10, 0x61, 0x10,
    0x61, 0x10, 0x61, 0x08, 0x81, 0x10, 0x61, 0x10, 0x61, 0x10, 0x81, 0x10,
    0x81, 0x10, 0x61, 0x10, 0x81, 0x10, 0x82, 0x10, 0x81, 0x10, 0x61, 0x10,
    0x81, 0x10, 0x81, 0x10, 0x82, 0x10, 0x81, 0x10, 0x81, 0x10, 0x81, 0x10,
    0x61, 0x10, 0x81, 0x10, 0x62, 0x10, 0x61, 0x10, 0x82, 0x10, 0x61, 0x10,
    0x61, 0x10, 0x82, 0x10, 0x61, 0x10, 0x61, 0x10, 0x61, 0x10, 0x61, 0x08,
    0x61, 0x10, 0x61, 0x10, 0x82, 0x10, 0x81, 0x10, 0x61, 0x10, 0x61, 0x10,
    0x82, 0x08, 0x61, 0x10, 0x61, 0x10, 0x81, 0x10, 0x62, 0x10, 0x61, 0x10,
    0x81, 0x10, 0x61, 0x10, 0x81, 0x10, 0x82, 0x10, 0x82, 0x10, 0x82, 0x18,
    0x81, 0x10, 0x81, 0x10, 0x81, 0x10, 0x81, 0x10, 0x61, 0x10, 0x81, 0x10,
    0x82, 0x10, 0x82, 0x18, 0x81, 0x10, 0x82, 0x10, 0x82, 0x10, 0x81, 0x10,
    0x82, 0x10, 0x81, 0x10, 0x81, 0x10, 0x82, 0x10, 0x61, 0x10, 0x61, 0x10,
    0x82, 0x18, 0x81, 0x10, 0x61, 0x18, 0x61, 0x18, 0x81, 0x10, 0x81, 0x10,
    0x82, 0x18, 0x61, 0x10, 0x61, 0x10, 0x81, 0x10, 0x62, 0x10, 0x61, 0x10,
    0x81, 0x10, 0x61, 0x10, 0x82, 0x10, 0x81, 0x18, 0x61, 0x10, 0x61, 0x10,
    0x61, 0x10, 0x61, 0x10, 0x61, 0x10, 0x61, 0x10, 0x61, 0x10, 0x81, 0x18,
    0x61, 0x10, 0x61, 0x10, 0x61, 0x18, 0x61, 0x18, 0x82, 0x18, 0xc2, 0x18,
    0x61, 0x10, 0x61, 0x10, 0x81, 0x18, 0x81, 0x18, 0x81, 0x18, 0x64, 0x41,
    0xa9, 0x72, 0xcd, 0xab, 0x8f, 0xcc, 0x52, 0xed, 0xb4, 0xf5, 0xf5, 0xfd,
    0x16, 0xfe, 0x16, 0xfe, 0x36, 0xfe, 0x37, 0xfe, 0x57, 0xfe, 0x37, 0xfe,
    0x37, 0xfe, 0x16, 0xf6, 0xd6, 0xf5, 0xb5, 0xf5, 0x95, 0xf5, 0x94, 0xf5,
    0x74, 0xed, 0x33, 0xed, 0x53, 0xf5, 0x33, 0xed, 0xf2, 0xec, 0xd1, 0xe4,
    0xd1, 0xe4, 0xb0, 0xdc, 0x6f, 0xd4, 0x4f, 0xd4, 0x2e, 0xd4, 0x2e, 0xcc,
    0x2e, 0xd4, 0x2e, 0xcc, 0x2e, 0xcc, 0xed, 0xc3, 0xcd, 0xc3, 0xac, 0xbb,
    0x8c, 0xbb, 0xac, 0xb3, 0xac, 0xb3, 0x8c, 0xb3, 0xac, 0xbb, 0x6c, 0xb3,
    0x8c, 0xb3, 0x8c, 0xb3, 0x8c, 0xb3, 0x8c, 0xb3, 0xac, 0xbb, 0x8c, 0xb3,
    0x8c, 0xb3, 0xcd, 0xbb, 0xed, 0xbb, 0x0e, 0xc4, 0x0e, 0xc4, 0x0e, 0xc4,
    0xed, 0xc3, 0xed, 0xc3, 0x0e, 0xc4, 0x2e, 0xcc, 0x2e, 0xcc, 0x2e, 0xcc,
    0x2e, 0xcc, 0xed, 0xbb, 0xad, 0xb3, 0xa9, 0x82, 0xc6, 0x51, 0xe3, 0x28,
    0x41, 0x10, 0x03, 0x21, 0x61, 0x10, 0x81, 0x10, 0x61, 0x10, 0x61, 0x10,
    0x61, 0x08, 0x61, 0x10, 0x81, 0x10, 0x60, 0x08, 0x61, 0x10, 0x61, 0x10,
    0x61, 0x10, 0x60, 0x10, 0x61, 0x10, 0x61, 0x10, 0x60, 0x08, 0x41, 0x08,
    0x61, 0x10, 0x60, 0x08, 0x41, 0x10, 0x60, 0x08, 0x61, 0x10, 0x61, 0x10,
    0x60, 0x08, 0x61, 0x10, 0x60, 0x10, 0x61, 0x08, 0x61, 0x10, 0x61, 0x10,
    0x40, 0x08, 0x61, 0x10, 0x61, 0x08, 0x41, 0x08, 0x61, 0x10, 0x60, 0x08,
    0x40, 0x08, 0x61, 0x10, 0x61, 0x10, 0x61, 0x08, 0x41, 0x10, 0x60, 0x08,
    0x61, 0x08, 0x41, 0x10, 0x61, 0x08, 0x61, 0x10, 0x61, 0x10, 0x61, 0x10,
    0x61, 0x10, 0x61, 0x08, 0x61, 0x10, 0x41, 0x08, 0x61, 0x10, 0x61, 0x10,
    0x60, 0x08, 0x61, 0x10, 0x61, 0x10, 0x61, 0x10, 0x60, 0x08, 0x61, 0x10,
    0x61, 0x10, 0x61, 0x08, 0x61, 0x10, 0x61, 0x10, 0x61, 0x10, 0x61, 0x08,
    0x61, 0x10, 0x61, 0x10, 0x60, 0x10, 0x61, 0x08, 0x61, 0x08, 0x61, 0x10,
    0x61, 0x08, 0x81, 0x10, 0x81, 0x10, 0x61, 0x10, 0x61, 0x08, 0x81, 0x10,
    0x81, 0x10, 0x61, 0x10, 0x81, 0x10, 0x82, 0x10, 0x61, 0x10, 0x81, 0x10,
    0x82, 0x10, 0x61, 0x10, 0x81, 0x10, 0x81, 0x10, 0x81, 0x10, 0x81, 0x10,
    0x61, 0x10, 0x82, 0x10, 0x61, 0x10, 0x61, 0x10, 0x61, 0x10, 0x62, 0x10,
    0x61, 0x10, 0x82, 0x10, 0x61, 0x10, 0x61, 0x10, 0x82, 0x10, 0x62, 0x10,
    0x81, 0x10, 0x62, 0x10, 0x81, 0x10, 0x81, 0x10, 0x62, 0x10, 0x61, 0x10,
    0x81, 0x10, 0x62, 0x10, 0x82, 0x10, 0x81, 0x10, 0x61, 0x10, 0x82, 0x10,
    0x61, 0x10, 0x81, 0x10, 0x62, 0x10, 0x81, 0x10, 0x81, 0x10, 0x61, 0x10,
    0x82, 0x10, 0x81, 0x10, 0x82, 0x18, 0x82, 0x10, 0x61, 0x10, 0x81, 0x10,
    0x82, 0x10, 0x81, 0x10, 0x61, 0x10, 0x82, 0x18, 0x81, 0x10, 0x81, 0x10,
    0x82, 0x18, 0x82, 0x18, 0x82, 0x10, 0x81, 0x18, 0x81, 0x10, 0x81, 0x10,
    0x82, 0x18, 0x81, 0x10, 0x81, 0x10, 0x82, 0x18, 0x61, 0x10, 0x82, 0x10,
    0x81, 0x10, 0x82, 0x10, 0x82, 0x18, 0x81, 0x18, 0x81, 0x18, 0x81, 0x18,
    0x61, 0x18, 0x81, 0x18, 0x81, 0x10, 0x61, 0x10, 0x81, 0x18, 0x82, 0x10,
    0x81, 0x18, 0x61, 0x18, 0x81, 0x18, 0x62, 0x10, 0x61, 0x10, 0x61, 0x10,
    0x81, 0x18, 0x61, 0x10, 0x61, 0x18, 0x81, 0x18, 0x81, 0x10, 0x82, 0x10,
    0x61, 0x10, 0x82, 0x18, 0x82, 0x18, 0x82, 0x18, 0x24, 0x31, 0xc5, 0x49,
    0xea, 0x82, 0x4f, 0xc4, 0xf1, 0xdc, 0x94, 0xed, 0xd5, 0xf5, 0x16, 0xfe,
    0x36, 0xfe, 0x36, 0xfe, 0x57, 0xfe, 0x77, 0xfe, 0x78, 0xfe, 0x57, 0xfe,
    0x37, 0xfe, 0x16, 0xf6, 0xd5, 0xf5, 0xd5, 0xf5, 0x94, 0xf5, 0xb5, 0xf5,
    0x74, 0xed, 0x74, 0xf5, 0x33, 0xed, 0x33, 0xed, 0x32, 0xed, 0xf1, 0xe4,
    0xb0, 0xdc, 0xb0, 0xe4, 0x6f, 0xdc, 0x6f, 0xdc, 0x2e, 0xcc, 0x4e, 0xd4,
    0x4f, 0xd4, 0x2f, 0xd4, 0x4e, 0xd4, 0x0e, 0xcc, 0xed, 0xc3, 0xcd, 0xc3,
    0xcd, 0xbb, 0xcd, 0xbb, 0xad, 0xbb, 0xac, 0xbb, 0xcd, 0xbb, 0xac, 0xb3,
    0x8c, 0xb3, 0xcd, 0xbb, 0xad, 0xbb, 0xcd, 0xbb, 0xcd, 0xbb, 0xad, 0xbb,
    0xcd, 0xbb, 0x0e, 0xc4, 0x0e, 0xc4, 0x0e, 0xc4, 0x2e, 0xcc, 0xee, 0xc3,
    0x0e, 0xc4, 0x0e, 0xc4, 0x2e, 0xcc, 0x4f, 0xcc, 0x4e, 0xcc, 0x2e, 0xcc,
    0x4f, 0xcc, 0x0e, 0xc4, 0xcd, 0xb3, 0xe9, 0x8a, 0xc6, 0x51, 0x81, 0x18,
    0x61, 0x10, 0x81, 0x18, 0x81, 0x10, 0x61, 0x10, 0x81, 0x10, 0x61, 0x10,
    0x61, 0x10, 0x81, 0x10, 0x61, 0x10, 0x61, 0x10, 0x61, 0x10, 0x61, 0x10,
    0x61, 0x08, 0x61, 0x10, 0x61, 0x10, 0x61, 0x10, 0x60, 0x10, 0x61, 0x08,
    0x61, 0x10, 0x60, 0x08, 0x61, 0x10, 0x41, 0x10, 0x61, 0x08, 0x60, 0x08,
    0x61, 0x10, 0x61, 0x08, 0x61, 0x10, 0x60, 0x10, 0x61, 0x10, 0x61, 0x08,
    0x40, 0x10, 0x61, 0x10, 0x61, 0x10, 0x61, 0x10, 0x61, 0x08, 0x61, 0x10,
    0x61, 0x10, 0x61, 0x10, 0x60, 0x10, 0x61, 0x10, 0x61, 0x10, 0x40, 0x08,
    0x61, 0x10, 0x61, 0x10, 0x40, 0x08, 0x61, 0x10, 0x60, 0x10, 0x41, 0x10,
    0x61, 0x08, 0x60, 0x10, 0x61, 0x10, 0x60, 0x08, 0x61, 0x08, 0x61, 0x10,
    0x61, 0x10, 0x61, 0x08, 0x61, 0x10, 0x61, 0x08, 0x61, 0x10, 0x61, 0x10,
    0x61, 0x08, 0x61, 0x10, 0x61, 0x10, 0x61, 0x10, 0x60, 0x08, 0x61, 0x10,
    0x60, 0x08, 0x61, 0x10, 0x61, 0x10, 0x61, 0x10, 0x61, 0x10, 0x61, 0x10,
    0x81, 0x10, 0x61, 0x10, 0x81, 0x10, 0x61, 0x10, 0x81, 0x10, 0x61, 0x10,
    0x81, 0x10, 0x82, 0x10, 0x81, 0x10, 0x81, 0x10, 0x82, 0x10, 0x81, 0x10,
    0x82, 0x10, 0x62, 0x10, 0x81, 0x10, 0x81, 0x10, 0x61, 0x10, 0x82, 0x10,
    0x61, 0x10, 0x82, 0x10, 0x81, 0x10, 0x81, 0x10, 0x81, 0x08, 0x61, 0x10,
    0x82, 0x10, 0x61, 0x10, 0x62, 0x10, 0x81, 0x10, 0x81, 0x10, 0x62, 0x10,
    0x81, 0x10, 0x81, 0x10, 0x82, 0x10, 0x62, 0x10, 0x82, 0x10, 0x81, 0x10,
    0x62, 0x10, 0x82, 0x10, 0x81, 0x10, 0x61, 0x10, 0x82, 0x10, 0x82, 0x10,
    0x61, 0x10, 0x81, 0x10, 0x82, 0x10, 0x81, 0x10, 0x81, 0x18, 0x81, 0x10,
    0x81, 0x10, 0x81, 0x18, 0x81, 0x10, 0x81, 0x10, 0x81, 0x18, 0x82, 0x10,
    0x61, 0x18, 0x82, 0x10, 0x82, 0x10, 0x81, 0x18, 0x82, 0x10, 0x81, 0x10,
    0x61, 0x10, 0x82, 0x10, 0x61, 0x18, 0x82, 0x10, 0x81, 0x18, 0x61, 0x10,
    0x61, 0x10, 0x61, 0x18, 0x81, 0x10, 0x82, 0x10, 0x81, 0x10, 0x82, 0x18,
    0x82, 0x10, 0x61, 0x18, 0x81, 0x10, 0x82, 0x10, 0x82, 0x10, 0x81, 0x10,
    0x62, 0x10, 0x81, 0x10, 0x81, 0x10, 0x62, 0x18, 0x61, 0x10, 0x81, 0x10,
    0x61, 0x18, 0x81, 0x10, 0x61, 0x10, 0x81, 0x10, 0x81, 0x18, 0x61, 0x10,
    0x61, 0x10, 0x61, 0x18, 0x81, 0x10, 0x61, 0x10, 0x61, 0x18, 0x61, 0x10,
    0x81, 0x18, 0x81, 0x10, 0x61, 0x18, 0x61, 0x18, 0x81, 0x18, 0x85, 0x49,
    0x8c, 0x9b, 0x6f, 0xcc, 0xf1, 0xdc, 0x94, 0xed, 0xf5, 0xf5, 0x36, 0xfe,
    0x37, 0xfe, 0x37, 0xfe, 0x78, 0xfe, 0x78, 0xfe, 0x78, 0xfe, 0x78, 0xfe,
    0x36, 0xf6, 0xf6, 0xf5, 0x95, 0xf5, 0x94, 0xf5, 0x53, 0xed, 0x74, 0xed,
    0x33, 0xed, 0xf2, 0xe4, 0x12, 0xed, 0xd1, 0xe4, 0xd1, 0xe4, 0xb0, 0xdc,
    0x90, 0xdc, 0xb0, 0xe4, 0x6f, 0xd4, 0x4e, 0xd4, 0x0e, 0xcc, 0xed, 0xcb,
    0x2e, 0xd4, 0x6f, 0xd4, 0x6f, 0xd4, 0x2e, 0xcc, 0x2e, 0xcc, 0x0e, 0xc4,
    0xcc, 0xbb, 0xcd, 0xc3, 0xcd, 0xbb, 0xed, 0xc3, 0xac, 0xbb, 0x8c, 0xb3,
    0x8c, 0xb3, 0xac, 0xbb, 0xac, 0xbb, 0xcd, 0xbb, 0xed, 0xbb, 0xcd, 0xbb,
    0xcd, 0xbb, 0xee, 0xc3, 0x0e, 0xc4, 0x0e, 0xcc, 0x2e, 0xc4, 0x2e, 0xc4,
    0x0e, 0xc4, 0x2e, 0xcc, 0x2e, 0xcc, 0x6f, 0xd4, 0x6f, 0xd4, 0x4f, 0xcc,
    0x4f, 0xcc, 0x4e, 0xcc, 0x0d, 0xbc, 0x2b, 0x9b, 0xc5, 0x59, 0xe3, 0x30,
    0x41, 0x10, 0x81, 0x10, 0x61, 0x10, 0x81, 0x10, 0x81, 0x10, 0x81, 0x10,
    0x81, 0x10, 0x61, 0x08, 0x61, 0x10, 0x61, 0x10, 0x61, 0x08, 0x60, 0x08,
    0x61, 0x10, 0x61, 0x10, 0x61, 0x08, 0x60, 0x08, 0x61, 0x10, 0x61, 0x10,
    0x40, 0x10, 0x61, 0x08, 0x61, 0x10, 0x60, 0x10, 0x61, 0x10, 0x60, 0x10,
    0x60, 0x08, 0x61, 0x08, 0x40, 0x10, 0x61, 0x08, 0x61, 0x10, 0x60, 0x10,
    0x61, 0x08, 0x61, 0x08, 0x61, 0x10, 0x40, 0x08, 0x61, 0x08, 0x61, 0x10,
    0x41, 0x08, 0x40, 0x08, 0x61, 0x08, 0x61, 0x10, 0x61, 0x08, 0x60, 0x08,
    0x61, 0x10, 0x61, 0x08, 0x60, 0x08, 0x61, 0x08, 0x61, 0x08, 0x61, 0x08,
    0x61, 0x08, 0x40, 0x10, 0x61, 0x08, 0x61, 0x10, 0x61, 0x10, 0x41, 0x08,
    0x61, 0x10, 0x61, 0x10, 0x61, 0x10, 0x61, 0x08, 0x61, 0x10, 0x61, 0x08,
    0x61, 0x10, 0x61, 0x10, 0x61, 0x08, 0x60, 0x08, 0x61, 0x10, 0x61, 0x10,
    0x61, 0x08, 0x60, 0x08, 0x61, 0x10, 0x81, 0x10, 0x61, 0x08, 0x61, 0x10,
    0x61, 0x08, 0x61, 0x10, 0x61, 0x10, 0x81, 0x08, 0x61, 0x10, 0x81, 0x10,
    0x81, 0x10, 0x61, 0x10, 0x81, 0x10, 0x61, 0x10, 0x61, 0x10, 0x82, 0x10,
    0x81, 0x10, 0x61, 0x10, 0x82, 0x10, 0x81, 0x10, 0x81, 0x10, 0x82, 0x10,
    0x61, 0x10, 0x61, 0x10, 0x82, 0x10, 0x62, 0x10, 0x81, 0x10, 0x62, 0x10,
    0x81, 0x10, 0x81, 0x10, 0x62, 0x10, 0x61, 0x08, 0x61, 0x10, 0x62, 0x10,
    0x61, 0x10, 0x81, 0x10, 0x61, 0x10, 0x61, 0x10, 0x81, 0x08, 0x81, 0x10,
    0x62, 0x10, 0x61, 0x10, 0x81, 0x10, 0x62, 0x10, 0x62, 0x10, 0x82, 0x10,
    0x81, 0x10, 0x82, 0x10, 0x81, 0x10, 0x61, 0x10, 0x81, 0x10, 0x82, 0x10,
    0x81, 0x10, 0x81, 0x10, 0x82, 0x10, 0x81, 0x10, 0x81, 0x18, 0x81, 0x10,
    0x81, 0x18, 0x82, 0x10, 0x81, 0x10, 0x82, 0x18, 0x81, 0x18, 0x82, 0x10,
    0x82, 0x10, 0x81, 0x10, 0x82, 0x10, 0x62, 0x10, 0x61, 0x18, 0x82, 0x10,
    0x82, 0x10, 0x81, 0x18, 0x82, 0x18, 0x61, 0x10, 0x81, 0x10, 0x82, 0x10,
    0x81, 0x18, 0x82, 0x18, 0x82, 0x10, 0x82, 0x10, 0x81, 0x18, 0x81, 0x18,
    0x82, 0x10, 0x82, 0x18, 0x81, 0x18, 0x81, 0x10, 0x61, 0x10, 0x82, 0x10,
    0x81, 0x10, 0x62, 0x10, 0x61, 0x10, 0x81, 0x10, 0x81, 0x18, 0x61, 0x10,
    0x62, 0x10, 0x61, 0x18, 0x61, 0x10, 0x82, 0x18, 0x81, 0x18, 0x81, 0x10,
    0x82, 0x18, 0x81, 0x10, 0x61, 0x18, 0x81, 0x18, 0x03, 0x29, 0xc5, 0x51,
    0x2a, 0x8b, 0x6f, 0xc4, 0xf1, 0xe4, 0x94, 0xf5, 0xf5, 0xf5, 0x16, 0xfe,
    0x57, 0xfe, 0x57, 0xfe, 0x37, 0xf6, 0x57, 0xfe, 0x57, 0xfe, 0x58, 0xfe,
    0x57, 0xfe, 0x37, 0xfe, 0xf6, 0xfd, 0xb5, 0xf5, 0x74, 0xed, 0x73, 0xed,
    0x33, 0xed, 0x32, 0xed, 0x12, 0xed, 0xd1, 0xe4, 0xd1, 0xe4, 0x90, 0xe4,
    0x90, 0xdc, 0x90, 0xdc, 0x90, 0xdc, 0x4f, 0xdc, 0x0d, 0xcc, 0xed, 0xc3,
    0xed, 0xc3, 0x0e, 0xcc, 0xee, 0xc3, 0xed, 0xc3, 0xed, 0xc3, 0xee, 0xc3,
    0x0d, 0xc4, 0xcd, 0xc3, 0xed, 0xc3, 0xed, 0xc3, 0xcd, 0xbb, 0xac, 0xbb,
    0xac, 0xbb, 0x8c, 0xb3, 0xac, 0xb3, 0xad, 0xbb, 0xee, 0xc3, 0xed, 0xbb,
    0xed, 0xc3, 0xee, 0xc3, 0x4f, 0xcc, 0x2e, 0xcc, 0x2f, 0xcc, 0x6f, 0xcc,
    0x90, 0xd4, 0x90, 0xd4, 0x90, 0xd4, 0xb0, 0xd4, 0x90, 0xd4, 0x6f, 0xd4,
    0x6f, 0xd4, 0x2e, 0xcc, 0x2e, 0xc4, 0x8c, 0xa3, 0xe6, 0x59, 0xe3, 0x28,
    0x81, 0x18, 0x81, 0x18, 0x61, 0x10, 0x61, 0x10, 0x81, 0x10, 0x61, 0x10,
    0x61, 0x10, 0x60, 0x10, 0x61, 0x10, 0x61, 0x08, 0x61, 0x10, 0x61, 0x10,
    0x61, 0x10, 0x61, 0x10, 0x61, 0x08, 0x61, 0x10, 0x61, 0x10, 0x60, 0x08,
    0x61, 0x10, 0x60, 0x10, 0x61, 0x10, 0x61, 0x08, 0x61, 0x08, 0x61, 0x10,
    0x61, 0x10, 0x60, 0x10, 0x61, 0x10, 0x61, 0x08, 0x61, 0x08, 0x61, 0x10,
    0x61, 0x10, 0x61, 0x08, 0x60, 0x10, 0x61, 0x10, 0x41, 0x08, 0x60, 0x08,
    0x41, 0x08, 0x61, 0x10, 0x61, 0x08, 0x61, 0x10, 0x41, 0x08, 0x61, 0x08,
    0x41, 0x08, 0x60, 0x10, 0x61, 0x10, 0x41, 0x08, 0x61, 0x10, 0x60, 0x10,
    0x61, 0x08, 0x61, 0x10, 0x61, 0x10, 0x40, 0x08, 0x61, 0x10, 0x61, 0x08,
    0x61, 0x08, 0x61, 0x10, 0x60, 0x08, 0x61, 0x08, 0x61, 0x10, 0x61, 0x10,
    0x61, 0x08, 0x61, 0x10, 0x61, 0x10, 0x61, 0x10, 0x61, 0x10, 0x61, 0x08,
    0x61, 0x10, 0x61, 0x10, 0x61, 0x10, 0x81, 0x10, 0x61, 0x08, 0x81, 0x10,
    0x61, 0x10, 0x61, 0x10, 0x81, 0x10, 0x81, 0x10, 0x62, 0x10, 0x82, 0x10,
    0x81, 0x10, 0x81, 0x10, 0x81, 0x10, 0x82, 0x10, 0x81, 0x10, 0x82, 0x10,
    0x81, 0x10, 0x81, 0x10, 0x81, 0x10, 0x82, 0x10, 0x61, 0x10, 0x82, 0x10,
    0x81, 0x10, 0x61, 0x10, 0x82, 0x10, 0x61, 0x10, 0x61, 0x10, 0x81, 0x10,
    0x62, 0x10, 0x81, 0x10, 0x81, 0x10, 0x61, 0x10, 0x82, 0x10, 0x62, 0x10,
    0x81, 0x10, 0x62, 0x10, 0x62, 0x10, 0x81, 0x10, 0x81, 0x10, 0x82, 0x10,
    0x61, 0x10, 0x82, 0x10, 0x82, 0x10, 0x81, 0x10, 0x61, 0x10, 0x62, 0x10,
    0x82, 0x10, 0x81, 0x10, 0x62, 0x10, 0x81, 0x18, 0x82, 0x10, 0x81, 0x10,
    0x82, 0x18, 0x81, 0x10, 0x82, 0x10, 0x81, 0x10, 0x81, 0x10, 0x82, 0x10,
    0x81, 0x10, 0x82, 0x18, 0x82, 0x10, 0x61, 0x10, 0x81, 0x18, 0x82, 0x10,
    0x81, 0x18, 0x81, 0x10, 0x82, 0x18, 0x81, 0x10, 0x81, 0x10, 0x82, 0x18,
    0x82, 0x10, 0x81, 0x18, 0x81, 0x10, 0x82, 0x10, 0x81, 0x18, 0x81, 0x10,
    0x82, 0x10, 0x81, 0x10, 0x82, 0x18, 0x81, 0x10, 0x81, 0x10, 0x82, 0x10,
    0x81, 0x18, 0x81, 0x10, 0x82, 0x10, 0x81, 0x10, 0x81, 0x18, 0x81, 0x18,
    0x62, 0x10, 0x81, 0x10, 0x61, 0x10, 0x61, 0x18, 0x62, 0x10, 0x81, 0x10,
    0x81, 0x18, 0x81, 0x10, 0x81, 0x10, 0x61, 0x10, 0x81, 0x10, 0x81, 0x10,
    0x61, 0x10, 0x61, 0x10, 0x81, 0x18, 0xa2, 0x18, 0xe3, 0x28, 0xe6, 0x59,
    0x8c, 0x9b, 0xb0, 0xd4, 0x11, 0xe5, 0xd5, 0xf5, 0x16, 0xfe, 0x37, 0xfe,
    0x37, 0xfe, 0x77, 0xfe, 0x78, 0xfe, 0x57, 0xfe, 0x77, 0xfe, 0x57, 0xfe,
    0x58, 0xfe, 0x37, 0xfe, 0xf6, 0xf5, 0xd6, 0xf5, 0x94, 0xed, 0x94, 0xf5,
    0x73, 0xed, 0x33, 0xed, 0x33, 0xed, 0xd1, 0xe4, 0xb1, 0xe4, 0x70, 0xdc,
    0x90, 0xdc, 0x6f, 0xdc, 0x6f, 0xdc, 0x2e, 0xd4, 0x2e, 0xcc, 0x0e, 0xcc,
    0xed, 0xcb, 0x2e, 0xcc, 0x2e, 0xcc, 0xcd, 0xc3, 0xed, 0xc3, 0xed, 0xc3,
    0xcd, 0xbb, 0xad, 0xbb, 0xcd, 0xbb, 0xcd, 0xbb, 0xac, 0xb3, 0x8c, 0xb3,
    0x6c, 0xb3, 0x8c, 0xb3, 0xac, 0xb3, 0xcd, 0xbb, 0xad, 0xb3, 0x6c, 0xb3,
    0x8c, 0xb3, 0x6c, 0xb3, 0xac, 0xb3, 0xad, 0xb3, 0xed, 0xbb, 0x0e, 0xc4,
    0x4f, 0xcc, 0x6f, 0xcc, 0xb0, 0xd4, 0xb0, 0xd4, 0xb0, 0xd4, 0x6f, 0xd4,
    0x6f, 0xcc, 0x4f, 0xcc, 0x0e, 0xc4, 0xac, 0xab, 0xe6, 0x61, 0x03, 0x31,
    0x60, 0x10, 0x61, 0x10, 0x61, 0x10, 0x81, 0x10, 0x61, 0x10, 0x61, 0x10,
    0x61, 0x10, 0x81, 0x10, 0x61, 0x10, 0x61, 0x10, 0x61, 0x10, 0x61, 0x10,
    0x60, 0x10, 0x60, 0x08, 0x61, 0x10, 0x61, 0x10, 0x60, 0x10, 0x61, 0x10,
    0x61, 0x08, 0x60, 0x10, 0x60, 0x10, 0x61, 0x10, 0x61, 0x10, 0x40, 0x08,
    0x61, 0x08, 0x61, 0x10, 0x61, 0x10, 0x40, 0x08, 0x61, 0x10, 0x61, 0x10,
    0x40, 0x08, 0x61, 0x10, 0x61, 0x10, 0x60, 0x08, 0x61, 0x10, 0x60, 0x10,
    0x40, 0x08, 0x41, 0x08, 0x61, 0x10, 0x61, 0x10, 0x40, 0x10, 0x61, 0x10,
    0x61, 0x08, 0x61, 0x10, 0x61, 0x10, 0x60, 0x08, 0x61, 0x10, 0x41, 0x10,
    0x60, 0x08, 0x61, 0x08, 0x61, 0x08, 0x60, 0x10, 0x61, 0x10, 0x61, 0x08,
    0x61, 0x10, 0x61, 0x10, 0x61, 0x08, 0x61, 0x10, 0x60, 0x08, 0x61, 0x10,
    0x61, 0x08, 0x61, 0x10, 0x61, 0x10, 0x81, 0x10, 0x61, 0x10, 0x61, 0x10,
    0x81, 0x10, 0x61, 0x10, 0x61, 0x08, 0x61, 0x10, 0x61, 0x10, 0x61, 0x10,
    0x61, 0x10, 0x81, 0x10, 0x61, 0x08, 0x61, 0x10, 0x81, 0x10, 0x82, 0x10,
    0x81, 0x10, 0x61, 0x10, 0x81, 0x10, 0x82, 0x10, 0x61, 0x10, 0x81, 0x10,
    0x62, 0x10, 0x82, 0x10, 0x82, 0x10, 0x62, 0x10, 0x81, 0x10, 0x81, 0x10,
    0x82, 0x10, 0x61, 0x10, 0x82, 0x10, 0x81, 0x10, 0x61, 0x10, 0x61, 0x10,
    0x82, 0x10, 0x61, 0x10, 0x62, 0x10, 0x82, 0x10, 0x61, 0x10, 0x81, 0x10,
    0x81, 0x10, 0x61, 0x10, 0x81, 0x10, 0x62, 0x10, 0x82, 0x10, 0x61, 0x10,
    0x61, 0x10, 0x82, 0x10, 0x81, 0x10, 0x61, 0x10, 0x82, 0x10, 0x81, 0x10,
    0x61, 0x10, 0x82, 0x10, 0x82, 0x10, 0x81, 0x10, 0x81, 0x10, 0x81, 0x10,
    0x61, 0x10, 0x82, 0x10, 0x81, 0x18, 0x82, 0x10, 0x82, 0x10, 0x61, 0x10,
    0x82, 0x10, 0x81, 0x18, 0x82, 0x10, 0x82, 0x10, 0x81, 0x10, 0x82, 0x10,
    0x82, 0x10, 0x82, 0x10, 0x82, 0x10, 0x82, 0x18, 0x81, 0x10, 0x81, 0x10,
    0x82, 0x18, 0x81, 0x10, 0x81, 0x10, 0x82, 0x18, 0x81, 0x10, 0x82, 0x18,
    0x82, 0x10, 0x81, 0x10, 0x81, 0x18, 0x82, 0x18, 0x81, 0x10, 0x82, 0x10,
    0x61, 0x18, 0x81, 0x10, 0x81, 0x10, 0x82, 0x10, 0x81, 0x10, 0x81, 0x18,
    0x61, 0x10, 0x81, 0x10, 0x81, 0x18, 0x61, 0x10, 0x62, 0x10, 0x81, 0x18,
    0x81, 0x10, 0x61, 0x10, 0x81, 0x18, 0x81, 0x18, 0x81, 0x10, 0x82, 0x18,
    0x81, 0x10, 0x61, 0x10, 0x81, 0x18, 0xa2, 0x20, 0x03, 0x31, 0xe6, 0x59,
    0xcd, 0xab, 0xd0, 0xd4, 0x53, 0xe5, 0xf5, 0xfd, 0x16, 0xfe, 0x37, 0xfe,
    0x57, 0xfe, 0x78, 0xfe, 0x78, 0xfe, 0x57, 0xfe, 0x58, 0xfe, 0x78, 0xfe,
    0x78, 0xfe, 0x37, 0xf6, 0xf6, 0xf5, 0xd5, 0xf5, 0x94, 0xf5, 0xb5, 0xf5,
    0x73, 0xed, 0x12, 0xe5, 0xf1, 0xe4, 0xb0, 0xdc, 0x90, 0xdc, 0x6f, 0xdc,
    0x6f, 0xd4, 0x4f, 0xd4, 0x4f, 0xd4, 0xee, 0xcb, 0x0e, 0xcc, 0x0e, 0xcc,
    0xed, 0xc3, 0xee, 0xc3, 0xed, 0xc3, 0xcd, 0xc3, 0xcd, 0xc3, 0xad, 0xbb,
    0x8c, 0xbb, 0xac, 0xbb, 0xad, 0xbb, 0x8c, 0xb3, 0x6c, 0xb3, 0x8c, 0xb3,
    0x6b, 0xb3, 0x8c, 0xb3, 0x4b, 0xab, 0x6b, 0xab, 0x6b, 0xab, 0x8c, 0xb3,
    0x8c, 0xb3, 0x8c, 0xb3, 0xcd, 0xbb, 0xed, 0xc3, 0xee, 0xc3, 0x2e, 0xc4,
    0x2e, 0xc4, 0x4f, 0xcc, 0x6f, 0xd4, 0x90, 0xd4, 0x90, 0xd4, 0x90, 0xd4,
    0x6f, 0xd4, 0x6f, 0xcc, 0x4e, 0xcc, 0xac, 0xab, 0x06, 0x62, 0x43, 0x41,
    0x40, 0x10, 0x81, 0x10, 0x61, 0x10, 0x61, 0x10, 0x61, 0x10, 0x61, 0x10,
    0x81, 0x10, 0x81, 0x10, 0x61, 0x08, 0x61, 0x10, 0x81, 0x10, 0x61, 0x08,
    0x61, 0x10, 0x60, 0x10, 0x60, 0x10, 0x61, 0x08, 0x61, 0x10, 0x61, 0x10,
    0x61, 0x10, 0x61, 0x10, 0x61, 0x10, 0x61, 0x10, 0x61, 0x10, 0x60, 0x08,
    0x61, 0x10, 0x61, 0x10, 0x60, 0x08, 0x61, 0x10, 0x61, 0x08, 0x60, 0x10,
    0x61, 0x08, 0x61, 0x08, 0x41, 0x10, 0x61, 0x08, 0x61, 0x08, 0x61, 0x10,
    0x61, 0x10, 0x40, 0x08, 0x40, 0x08, 0x61, 0x10, 0x61, 0x08, 0x61, 0x08,
    0x61, 0x10, 0x40, 0x08, 0x60, 0x08, 0x61, 0x10, 0x61, 0x08, 0x61, 0x10,
    0x40, 0x10, 0x40, 0x08, 0x61, 0x08, 0x61, 0x10, 0x61, 0x10, 0x60, 0x08,
    0x60, 0x10, 0x61, 0x10, 0x61, 0x08, 0x61, 0x10, 0x61, 0x10, 0x61, 0x08,
    0x61, 0x10, 0x61, 0x08, 0x61, 0x08, 0x61, 0x08, 0x61, 0x10, 0x81, 0x10,
    0x61, 0x08, 0x81, 0x10, 0x60, 0x10, 0x61, 0x08, 0x81, 0x10, 0x61, 0x10,
    0x60, 0x08, 0x61, 0x10, 0x61, 0x10, 0x61, 0x08, 0x61, 0x10, 0x61, 0x10,
    0x61, 0x10, 0x81, 0x10, 0x81, 0x10, 0x81, 0x10, 0x81, 0x10, 0x82, 0x10,
    0x61, 0x10, 0x81, 0x10, 0x82, 0x10, 0x62, 0x10, 0x81, 0x10, 0x82, 0x10,
    0x81, 0x10, 0x82, 0x10, 0x81, 0x10, 0x81, 0x10, 0x82, 0x10, 0x81, 0x10,
    0x81, 0x10, 0x61, 0x10, 0x81, 0x10, 0x61, 0x10, 0x81, 0x10, 0x82, 0x10,
    0x62, 0x10, 0x81, 0x10, 0x61, 0x10, 0x81, 0x10, 0x82, 0x10, 0x61, 0x10,
    0x81, 0x10, 0x61, 0x10, 0x81, 0x10, 0x82, 0x10, 0x61, 0x10, 0x82, 0x10,
    0x61, 0x10, 0x81, 0x10, 0x82, 0x10, 0x61, 0x10, 0x82, 0x10, 0x82, 0x10,
    0x81, 0x18, 0x81, 0x10, 0x81, 0x10, 0x62, 0x18, 0x81, 0x10, 0x82, 0x10,
    0x82, 0x18, 0x61, 0x10, 0x81, 0x18, 0x82, 0x18, 0x81, 0x10, 0x82, 0x10,
    0x82, 0x18, 0x81, 0x18, 0x82, 0x10, 0x81, 0x10, 0x82, 0x18, 0x82, 0x10,
    0x81, 0x18, 0x82, 0x10, 0x82, 0x10, 0x81, 0x18, 0x81, 0x10, 0x81, 0x10,
    0x81, 0x18, 0x82, 0x10, 0x82, 0x18, 0x81, 0x10, 0x82, 0x10, 0x81, 0x10,
    0x82, 0x18, 0x61, 0x10, 0x81, 0x18, 0x81, 0x10, 0x61, 0x10, 0x61, 0x10,
    0x81, 0x18, 0x62, 0x10, 0x61, 0x10, 0x81, 0x10, 0x81, 0x10, 0x82, 0x10,
    0x61, 0x10, 0x81, 0x10, 0x61, 0x18, 0x61, 0x10, 0x81, 0x10, 0x81, 0x18,
    0x82, 0x18, 0x61, 0x10, 0x61, 0x18, 0x44, 0x31, 0x23, 0x31, 0xa5, 0x51,
    0xcd, 0xab, 0xf1, 0xdc, 0x93, 0xed, 0xf5, 0xfd, 0x16, 0xf6, 0x57, 0xfe,
    0x77, 0xfe, 0x57, 0xfe, 0x78, 0xfe, 0x77, 0xfe, 0x78, 0xfe, 0x78, 0xfe,
    0x58, 0xfe, 0x57, 0xfe, 0x16, 0xf6, 0xd5, 0xf5, 0xb4, 0xf5, 0x94, 0xf5,
    0x53, 0xed, 0x12, 0xed, 0xf1, 0xe4, 0x90, 0xdc, 0x4f, 0xd4, 0x4f, 0xd4,
    0x2e, 0xcc, 0x2e, 0xcc, 0x2f, 0xcc, 0x0e, 0xcc, 0xed, 0xc3, 0x0d, 0xcc,
    0xad, 0xc3, 0xcd, 0xc3, 0xad, 0xbb, 0xac, 0xbb, 0xac, 0xbb, 0xac, 0xbb,
    0x8c, 0xbb, 0x6c, 0xb3, 0x8c, 0xb3, 0x8c, 0xb3, 0x8c, 0xb3, 0x6b, 0xb3,
    0x8c, 0xb3, 0x6c, 0xb3, 0x8c, 0xb3, 0x4b, 0xab, 0x6c, 0xb3, 0x6c, 0xb3,
    0x8c, 0xb3, 0x8c, 0xb3, 0xcd, 0xbb, 0xee, 0xc3, 0xed, 0xc3, 0x0e, 0xc4,
    0x2e, 0xcc, 0x6f, 0xcc, 0x6f, 0xd4, 0xb0, 0xd4, 0x90, 0xd4, 0xb0, 0xdc,
    0x8f, 0xd4, 0x6f, 0xd4, 0x4e, 0xcc, 0xcd, 0xb3, 0x27, 0x6a, 0xe6, 0x59,
    0x81, 0x18, 0x81, 0x18, 0x61, 0x10, 0x61, 0x10, 0x61, 0x10, 0x81, 0x10,
    0x81, 0x10, 0x61, 0x10, 0x61, 0x10, 0x61, 0x10, 0x61, 0x10, 0x81, 0x10,
    0x81, 0x10, 0x61, 0x10, 0x61, 0x08, 0x61, 0x10, 0x60, 0x10, 0x60, 0x08,
    0x61, 0x10, 0x61, 0x10, 0x61, 0x10, 0x61, 0x10, 0x61, 0x08, 0x61, 0x10,
    0x61, 0x10, 0x61, 0x10, 0x61, 0x10, 0x61, 0x08, 0x61, 0x10, 0x41, 0x08,
    0x61, 0x10, 0x61, 0x10, 0x61, 0x08, 0x41, 0x10, 0x61, 0x10, 0x61, 0x10,
    0x61, 0x10, 0x61, 0x10, 0x61, 0x08, 0x60, 0x08, 0x40, 0x08, 0x61, 0x10,
    0x60, 0x10, 0x61, 0x10, 0x40, 0x08, 0x60, 0x10, 0x61, 0x08, 0x61, 0x08,
    0x60, 0x10, 0x61, 0x10, 0x60, 0x08, 0x61, 0x08, 0x61, 0x08, 0x40, 0x08,
    0x61, 0x10, 0x61, 0x08, 0x61, 0x10, 0x61, 0x10, 0x61, 0x08, 0x61, 0x10,
    0x61, 0x10, 0x61, 0x10, 0x61, 0x10, 0x61, 0x10, 0x81, 0x10, 0x81, 0x10,
    0x81, 0x10, 0x61, 0x10, 0x61, 0x08, 0x61, 0x10, 0x81, 0x10, 0x61, 0x10,
    0x81, 0x08, 0x81, 0x10, 0x61, 0x10, 0x81, 0x10, 0x81, 0x10, 0x81, 0x10,
    0x82, 0x10, 0x81, 0x10, 0x81, 0x10, 0x82, 0x10, 0x81, 0x10, 0x82, 0x10,
    0x81, 0x10, 0x81, 0x10, 0x82, 0x10, 0x81, 0x10, 0x81, 0x10, 0x82, 0x10,
    0x61, 0x10, 0x61, 0x10, 0x82, 0x10, 0x61, 0x10, 0x62, 0x10, 0x81, 0x10,
    0x61, 0x10, 0x82, 0x10, 0x81, 0x10, 0x61, 0x10, 0x82, 0x10, 0x81, 0x10,
    0x82, 0x10, 0x62, 0x10, 0x61, 0x10, 0x81, 0x10, 0x61, 0x10, 0x82, 0x10,
    0x62, 0x10, 0x61, 0x10, 0x82, 0x10, 0x61, 0x10, 0x61, 0x10, 0x82, 0x10,
    0x82, 0x10, 0x81, 0x10, 0x82, 0x18, 0x81, 0x10, 0x82, 0x10, 0x82, 0x10,
    0x82, 0x10, 0x61, 0x18, 0x82, 0x10, 0x81, 0x18, 0x81, 0x10, 0x81, 0x10,
    0x82, 0x10, 0x82, 0x10, 0x81, 0x10, 0x81, 0x10, 0x82, 0x10, 0x82, 0x18,
    0x81, 0x10, 0x81, 0x10, 0x82, 0x18, 0xa2, 0x10, 0x81, 0x10, 0x82, 0x18,
    0x81, 0x18, 0x81, 0x18, 0x82, 0x10, 0x82, 0x18, 0x82, 0x18, 0x81, 0x10,
    0x82, 0x18, 0x82, 0x10, 0x82, 0x10, 0x81, 0x18, 0x81, 0x10, 0x81, 0x18,
    0x61, 0x10, 0x81, 0x10, 0x81, 0x10, 0x82, 0x18, 0x81, 0x18, 0x82, 0x10,
    0x81, 0x10, 0x62, 0x18, 0x61, 0x10, 0x81, 0x10, 0x61, 0x18, 0x82, 0x18,
    0x82, 0x10, 0x81, 0x18, 0x82, 0x18, 0x61, 0x10, 0x61, 0x10, 0x61, 0x10,
    0x61, 0x10, 0x81, 0x18, 0x61, 0x18, 0xe3, 0x28, 0x03, 0x31, 0xe6, 0x61,
    0x8c, 0xa3, 0xf1, 0xdc, 0xb4, 0xf5, 0x16, 0xfe, 0x36, 0xfe, 0x37, 0xfe,
    0x57, 0xfe, 0x78, 0xfe, 0x57, 0xfe, 0x57, 0xfe, 0x57, 0xfe, 0x57, 0xfe,
    0x37, 0xfe, 0x17, 0xfe, 0xf6, 0xf5, 0xb5, 0xf5, 0xb5, 0xf5, 0xb4, 0xf5,
    0x94, 0xf5, 0x74, 0xed, 0x12, 0xed, 0xb1, 0xe4, 0x70, 0xdc, 0x2e, 0xd4,
    0x0e, 0xcc, 0xcd, 0xc3, 0x0e, 0xcc, 0xed, 0xc3, 0xed, 0xc3, 0xad, 0xbb,
    0xac, 0xbb, 0xad, 0xbb, 0x8c, 0xbb, 0x8c, 0xbb, 0x8c, 0xbb, 0x8c, 0xb3,
    0xad, 0xbb, 0x6c, 0xb3, 0x8c, 0xb3, 0x6c, 0xb3, 0x8c, 0xb3, 0x8c, 0xb3,
    0x8c, 0xb3, 0x6c, 0xab, 0x4b, 0xab, 0x4b, 0xab, 0x6c, 0xab, 0x6c, 0xb3,
    0x8c, 0xb3, 0xac, 0xb3, 0xcd, 0xbb, 0xcd, 0xbb, 0x0e, 0xc4, 0x0e, 0xc4,
    0x2e, 0xcc, 0x6f, 0xcc, 0x90, 0xd4, 0xb0, 0xd4, 0xb0, 0xd4, 0xb0, 0xdc,
    0x90, 0xd4, 0x6f, 0xd4, 0x4f, 0xcc, 0xed, 0xb3, 0x47, 0x72, 0x85, 0x51,
    0xa2, 0x20, 0x61, 0x10, 0x61, 0x10, 0x61, 0x10, 0x81, 0x10, 0x81, 0x10,
    0x61, 0x10, 0x81, 0x10, 0x61, 0x10, 0x61, 0x08, 0x61, 0x10, 0x61, 0x10,
    0x61, 0x10, 0x61, 0x08, 0x61, 0x10, 0x61, 0x10, 0x61, 0x10, 0x61, 0x10,
    0x60, 0x08, 0x61, 0x10, 0x60, 0x10, 0x60, 0x08, 0x61, 0x10, 0x61, 0x10,
    0x61, 0x08, 0x61, 0x10, 0x61, 0x10, 0x61, 0x10, 0x40, 0x08, 0x40, 0x10,
    0x61, 0x10, 0x61, 0x08, 0x61, 0x10, 0x61, 0x08, 0x41, 0x10, 0x61, 0x08,
    0x40, 0x08, 0x61, 0x10, 0x61, 0x10, 0x61, 0x10, 0x41, 0x08, 0x60, 0x10,
    0x61, 0x10, 0x41, 0x08, 0x61, 0x10, 0x60, 0x10, 0x61, 0x10, 0x61, 0x08,
    0x61, 0x08, 0x61, 0x08, 0x40, 0x10, 0x61, 0x10, 0x61, 0x08, 0x61, 0x10,
    0x61, 0x08, 0x61, 0x10, 0x60, 0x10, 0x60, 0x08, 0x61, 0x10, 0x61, 0x10,
    0x60, 0x08, 0x61, 0x10, 0x61, 0x10, 0x61, 0x08, 0x81, 0x10, 0x61, 0x10,
    0x61, 0x08, 0x61, 0x10, 0x61, 0x10, 0x81, 0x10, 0x81, 0x10, 0x61, 0x10,
    0x81, 0x10, 0x81, 0x10, 0x61, 0x10, 0x81, 0x10, 0x82, 0x10, 0x62, 0x10,
    0x81, 0x10, 0x81, 0x10, 0x82, 0x10, 0x61, 0x10, 0x61, 0x10, 0x82, 0x10,
    0x61, 0x10, 0x62, 0x10, 0x82, 0x10, 0x81, 0x10, 0x82, 0x10, 0x61, 0x10,
    0x81, 0x10, 0x81, 0x10, 0x61, 0x10, 0x81, 0x10, 0x81, 0x10, 0x82, 0x10,
    0x61, 0x10, 0x82, 0x10, 0x81, 0x10, 0x62, 0x10, 0x81, 0x10, 0x61, 0x10,
    0x81, 0x10, 0x81, 0x10, 0x61, 0x10, 0x62, 0x10, 0x81, 0x10, 0x81, 0x10,
    0x81, 0x10, 0x82, 0x10, 0x82, 0x10, 0x81, 0x10, 0x81, 0x10, 0x82, 0x10,
    0x81, 0x10, 0x81, 0x10, 0x82, 0x10, 0x81, 0x18, 0x81, 0x10, 0x82, 0x10,
    0x81, 0x10, 0x81, 0x10, 0x82, 0x10, 0x81, 0x18, 0x81, 0x10, 0x82, 0x18,
    0x62, 0x10, 0x81, 0x10, 0x81, 0x10, 0x61, 0x18, 0x82, 0x10, 0x81, 0x10,
    0x81, 0x10, 0x82, 0x10, 0x82, 0x18, 0x81, 0x10, 0xa1, 0x10, 0x81, 0x10,
    0x82, 0x18, 0x81, 0x10, 0x81, 0x10, 0x81, 0x18, 0x82, 0x10, 0x82, 0x18,
    0x81, 0x10, 0x81, 0x10, 0x81, 0x10, 0x82, 0x10, 0x81, 0x10, 0x82, 0x10,
    0x81, 0x10, 0x81, 0x18, 0x61, 0x10, 0x61, 0x10, 0x81, 0x10, 0x61, 0x10,
    0x61, 0x18, 0x81, 0x10, 0x82, 0x10, 0x81, 0x10, 0x61, 0x10, 0x81, 0x10,
    0x81, 0x10, 0x61, 0x10, 0x61, 0x18, 0x81, 0x18, 0x81, 0x18, 0x81, 0x10,
    0x61, 0x10, 0x81, 0x18, 0x81, 0x18, 0x82, 0x18, 0xe3, 0x28, 0x67, 0x6a,
    0xed, 0xab, 0x12, 0xe5, 0xb5, 0xf5, 0x16, 0xfe, 0x36, 0xfe, 0x57, 0xfe,
    0x57, 0xfe, 0x78, 0xfe, 0x57, 0xfe, 0x37, 0xfe, 0x37, 0xfe, 0x36, 0xfe,
    0x16, 0xf6, 0x16, 0xf6, 0xf6, 0xf5, 0xb5, 0xf5, 0x74, 0xed, 0x94, 0xed,
    0x94, 0xed, 0x74, 0xed, 0x33, 0xed, 0xb0, 0xe4, 0x70, 0xdc, 0x4f, 0xdc,
    0x0e, 0xcc, 0xee, 0xc3, 0x0e, 0xc4, 0x0e, 0xcc, 0xad, 0xbb, 0xac, 0xbb,
    0x8c, 0xbb, 0x8c, 0xb3, 0x8c, 0xb3, 0xad, 0xbb, 0x8c, 0xbb, 0x8c, 0xb3,
    0x8c, 0xb3, 0x6c, 0xb3, 0x8c, 0xb3, 0x6c, 0xb3, 0x6b, 0xb3, 0x8c, 0xb3,
    0x4b, 0xab, 0x6b, 0xab, 0x4b, 0xab, 0x6b, 0xab, 0x4b, 0xab, 0x8c, 0xb3,
    0x8c, 0xb3, 0xcd, 0xbb, 0xed, 0xbb, 0xed, 0xc3, 0x0e, 0xc4, 0x2e, 0xc4,
    0x4f, 0xcc, 0x6f, 0xcc, 0xb1, 0xd4, 0xd0, 0xdc, 0xd0, 0xdc, 0xb0, 0xd4,
    0x90, 0xd4, 0x4f, 0xcc, 0x4f, 0xcc, 0x0e, 0xc4, 0x47, 0x72, 0xc6, 0x59,
    0xc2, 0x20, 0x61, 0x18, 0x61, 0x10, 0x81, 0x10, 0x81, 0x10, 0x61, 0x10,
    0x81, 0x10, 0x61, 0x10, 0x61, 0x10, 0x61, 0x10, 0x61, 0x08, 0x60, 0x10,
    0x60, 0x10, 0x61, 0x08, 0x81, 0x10, 0x61, 0x10, 0x61, 0x10, 0x61, 0x10,
    0x61, 0x08, 0x61, 0x10, 0x61, 0x08, 0x61, 0x10, 0x60, 0x10, 0x61, 0x10,
    0x61, 0x08, 0x60, 0x08, 0x60, 0x10, 0x61, 0x10, 0x61, 0x08, 0x61, 0x08,
    0x61, 0x10, 0x61, 0x10, 0x60, 0x10, 0x60, 0x08, 0x61, 0x10, 0x61, 0x10,
    0x61, 0x08, 0x61, 0x10, 0x61, 0x10, 0x41, 0x08, 0x40, 0x10, 0x60, 0x08,
    0x41, 0x08, 0x61, 0x08, 0x60, 0x08, 0x41, 0x08, 0x61, 0x10, 0x61, 0x10,
    0x61, 0x08, 0x40, 0x10, 0x61, 0x08, 0x41, 0x10, 0x60, 0x10, 0x61, 0x10,
    0x61, 0x10, 0x61, 0x10, 0x61, 0x10, 0x61, 0x08, 0x61, 0x10, 0x60, 0x10,
    0x61, 0x08, 0x60, 0x10, 0x61, 0x08, 0x61, 0x08, 0x60, 0x10, 0x61, 0x10,
    0x61, 0x08, 0x61, 0x10, 0x81, 0x10, 0x81, 0x10, 0x61, 0x10, 0x81, 0x10,
    0x61, 0x08, 0x61, 0x10, 0x61, 0x10, 0x81, 0x10, 0x61, 0x10, 0x82, 0x10,
    0x61, 0x10, 0x81, 0x10, 0x81, 0x10, 0x61, 0x10, 0x81, 0x10, 0x81, 0x10,
    0x81, 0x10, 0x81, 0x10, 0x82, 0x10, 0x82, 0x10, 0x81, 0x10, 0x81, 0x10,
    0x82, 0x10, 0x61, 0x10, 0x82, 0x18, 0x81, 0x10, 0x81, 0x10, 0x82, 0x10,
    0x81, 0x10, 0x81, 0x10, 0x82, 0x10, 0x81, 0x10, 0x81, 0x10, 0x81, 0x10,
    0x82, 0x10, 0x81, 0x10, 0x82, 0x10, 0x81, 0x10, 0x82, 0x10, 0x81, 0x10,
    0x81, 0x10, 0x81, 0x10, 0x81, 0x10, 0x82, 0x10, 0x81, 0x10, 0x81, 0x10,
    0x82, 0x10, 0x81, 0x10, 0x82, 0x10, 0x61, 0x10, 0x82, 0x18, 0x82, 0x10,
    0x82, 0x18, 0x81, 0x10, 0x81, 0x18, 0x82, 0x10, 0x82, 0x10, 0x81, 0x18,
    0x81, 0x10, 0x81, 0x10, 0x82, 0x18, 0x82, 0x18, 0x81, 0x18, 0x82, 0x10,
    0x82, 0x18, 0x81, 0x18, 0x82, 0x10, 0x81, 0x18, 0x82, 0x10, 0xa2, 0x18,
    0x82, 0x10, 0x82, 0x10, 0x81, 0x18, 0x81, 0x10, 0x82, 0x18, 0x81, 0x10,
    0x81, 0x18, 0x82, 0x10, 0x82, 0x18, 0x81, 0x18, 0x81, 0x10, 0x81, 0x10,
    0x82, 0x18, 0x81, 0x18, 0x61, 0x10, 0x62, 0x10, 0x81, 0x10, 0x61, 0x10,
    0x81, 0x10, 0x82, 0x10, 0x61, 0x18, 0x61, 0x10, 0x81, 0x10, 0x62, 0x18,
    0x61, 0x10, 0x81, 0x18, 0x61, 0x18, 0x81, 0x10, 0x61, 0x10, 0x81, 0x18,
    0x82, 0x18, 0x62, 0x18, 0x81, 0x18, 0x61, 0x18, 0x23, 0x39, 0x88, 0x72,
    0x0e, 0xb4, 0x32, 0xe5, 0xb4, 0xf5, 0xf6, 0xfd, 0x16, 0xfe, 0x57, 0xfe,
    0x57, 0xfe, 0x57, 0xfe, 0x37, 0xfe, 0x36, 0xfe, 0x16, 0xfe, 0xf6, 0xf5,
    0xd6, 0xf5, 0xd5, 0xf5, 0xd6, 0xf5, 0xb5, 0xf5, 0x74, 0xed, 0x74, 0xf5,
    0x94, 0xed, 0x74, 0xed, 0x12, 0xed, 0xf2, 0xe4, 0xb1, 0xe4, 0x90, 0xdc,
    0x2f, 0xd4, 0x0e, 0xcc, 0xed, 0xc3, 0xed, 0xc3, 0xcd, 0xc3, 0xac, 0xbb,
    0x8c, 0xbb, 0x4b, 0xb3, 0x4b, 0xb3, 0x8c, 0xbb, 0x8c, 0xb3, 0x6c, 0xb3,
    0x6c, 0xb3, 0x6c, 0xb3, 0x8c, 0xb3, 0x8c, 0xb3, 0x4b, 0xab, 0x4b, 0xab,
    0x4b, 0xab, 0x6c, 0xab, 0x6b, 0xab, 0x6c, 0xb3, 0x4b, 0xab, 0x8c, 0xb3,
    0xcd, 0xbb, 0xce, 0xbb, 0xcd, 0xbb, 0xed, 0xc3, 0x0e, 0xc4, 0x2e, 0xcc,
    0x6f, 0xcc, 0x6f, 0xd4, 0x6f, 0xd4, 0xb0, 0xd4, 0xb1, 0xd4, 0xb0, 0xdc,
    0x8f, 0xd4, 0x4f, 0xcc, 0x4f, 0xcc, 0x0e, 0xc4, 0xa9, 0x7a, 0x64, 0x49,
    0x81, 0x18, 0x61, 0x10, 0x61, 0x10, 0x81, 0x10, 0x61, 0x10, 0x61, 0x10,
    0x81, 0x10, 0x61, 0x10, 0x61, 0x10, 0x81, 0x10, 0x61, 0x10, 0x61, 0x10,
    0x61, 0x10, 0x61, 0x10, 0x61, 0x10, 0x60, 0x10, 0x61, 0x08, 0x61, 0x10,
    0x61, 0x10, 0x61, 0x10, 0x61, 0x08, 0x61, 0x10, 0x61, 0x10, 0x61, 0x10,
    0x61, 0x08, 0x61, 0x10, 0x61, 0x10, 0x61, 0x10, 0x61, 0x10, 0x61, 0x10,
    0x61, 0x10, 0x61, 0x10, 0x61, 0x08, 0x61, 0x08, 0x61, 0x10, 0x60, 0x08,
    0x61, 0x10, 0x61, 0x10, 0x60, 0x08, 0x61, 0x08, 0x61, 0x10, 0x41, 0x08,
    0x60, 0x10, 0x61, 0x10, 0x60, 0x10, 0x61, 0x10, 0x61, 0x08, 0x60, 0x10,
    0x61, 0x10, 0x60, 0x10, 0x61, 0x10, 0x61, 0x08, 0x61, 0x10, 0x60, 0x08,
    0x61, 0x10, 0x81, 0x10, 0x61, 0x10, 0x61, 0x10, 0x61, 0x10, 0x61, 0x10,
    0x61, 0x10, 0x81, 0x10, 0x61, 0x10, 0x61, 0x10, 0x81, 0x10, 0x61, 0x10,
    0x61, 0x10, 0x61, 0x08, 0x81, 0x10, 0x61, 0x08, 0x61, 0x10, 0x81, 0x10,
    0x81, 0x10, 0x61, 0x10, 0x81, 0x10, 0x61, 0x08, 0x61, 0x10, 0x81, 0x10,
    0x61, 0x10, 0x62, 0x10, 0x81, 0x10, 0x81, 0x10, 0x82, 0x10, 0x82, 0x10,
    0x81, 0x10, 0x81, 0x10, 0x82, 0x10, 0x61, 0x10, 0x82, 0x10, 0x82, 0x10,
    0x81, 0x10, 0x81, 0x10, 0x81, 0x10, 0x61, 0x18, 0x61, 0x10, 0x61, 0x10,
    0x61, 0x10, 0x61, 0x10, 0x82, 0x10, 0x81, 0x10, 0x61, 0x10, 0x82, 0x10,
    0x81, 0x10, 0x82, 0x10, 0x61, 0x10, 0x81, 0x10, 0x81, 0x10, 0x62, 0x10,
    0x81, 0x10, 0x81, 0x10, 0x62, 0x10, 0x82, 0x10, 0x61, 0x10, 0x82, 0x10,
    0x81, 0x10, 0x62, 0x18, 0x81, 0x10, 0x82, 0x10, 0x81, 0x10, 0x81, 0x10,
    0x82, 0x10, 0x81, 0x18, 0x82, 0x10, 0x81, 0x10, 0x81, 0x10, 0x82, 0x10,
    0x81, 0x10, 0x62, 0x10, 0x81, 0x10, 0x81, 0x10, 0x82, 0x10, 0x81, 0x18,
    0x82, 0x10, 0x82, 0x18, 0xa2, 0x10, 0x81, 0x10, 0x82, 0x18, 0x81, 0x10,
    0x81, 0x10, 0x82, 0x18, 0xa1, 0x10, 0x82, 0x18, 0x81, 0x10, 0x81, 0x10,
    0x81, 0x10, 0x82, 0x10, 0x82, 0x10, 0x81, 0x10, 0x82, 0x10, 0x81, 0x10,
    0x82, 0x10, 0x61, 0x10, 0x81, 0x18, 0x82, 0x10, 0x61, 0x10, 0x81, 0x10,
    0x61, 0x10, 0x81, 0x10, 0x61, 0x18, 0x81, 0x10, 0x82, 0x18, 0x61, 0x18,
    0x81, 0x10, 0x62, 0x18, 0x81, 0x18, 0x81, 0x10, 0x61, 0x10, 0x82, 0x18,
    0x61, 0x10, 0x81, 0x18, 0x61, 0x18, 0xa2, 0x18, 0x64, 0x41, 0x67, 0x6a,
    0xed, 0xab, 0x53, 0xed, 0xf5, 0xf5, 0x16, 0xfe, 0x36, 0xfe, 0x37, 0xfe,
    0x37, 0xfe, 0x37, 0xfe, 0x16, 0xf6, 0xf6, 0xfd, 0xd5, 0xf5, 0xd5, 0xf5,
    0xb5, 0xf5, 0x74, 0xf5, 0x74, 0xf5, 0x53, 0xed, 0x53, 0xed, 0x53, 0xed,
    0x33, 0xed, 0x53, 0xed, 0x33, 0xed, 0x33, 0xed, 0xf2, 0xe4, 0x90, 0xdc,
    0x2f, 0xd4, 0x0e, 0xd4, 0xee, 0xcb, 0xcd, 0xcb, 0xed, 0xcb, 0xee, 0xcb,
    0xad, 0xc3, 0x6c, 0xb3, 0x2b, 0xab, 0x4b, 0xb3, 0x6c, 0xbb, 0x6c, 0xb3,
    0x6c, 0xb3, 0x6c, 0xb3, 0x6c, 0xb3, 0x6c, 0xb3, 0x4b, 0xb3, 0x4b, 0xab,
    0x4b, 0xab, 0x6c, 0xb3, 0x6c, 0xb3, 0x8c, 0xb3, 0x8c, 0xb3, 0xad, 0xbb,
    0xcd, 0xbb, 0x0e, 0xc4, 0x0e, 0xc4, 0xee, 0xbb, 0xee, 0xbb, 0x2e, 0xc4,
    0x0e, 0xc4, 0x4f, 0xcc, 0x4f, 0xcc, 0x6f, 0xcc, 0xb0, 0xd4, 0x90, 0xd4,
    0x8f, 0xd4, 0x4e, 0xcc, 0x4e, 0xcc, 0x0d, 0xbc, 0x88, 0x7a, 0x44, 0x39,
    0x41, 0x10, 0x61, 0x18, 0x61, 0x10, 0x81, 0x10, 0x61, 0x10, 0x61, 0x10,
    0x61, 0x10, 0x61, 0x10, 0x61, 0x10, 0x61, 0x10, 0x61, 0x10, 0x81, 0x10,
    0x61, 0x10, 0x61, 0x10, 0x61, 0x10, 0x60, 0x10, 0x61, 0x10, 0x81, 0x10,
    0x60, 0x10, 0x61, 0x10, 0x61, 0x08, 0x60, 0x10, 0x61, 0x08, 0x61, 0x08,
    0x61, 0x10, 0x61, 0x10, 0x61, 0x10, 0x60, 0x08, 0x61, 0x10, 0x60, 0x08,
    0x61, 0x10, 0x61, 0x10, 0x61, 0x08, 0x61, 0x10, 0x61, 0x10, 0x61, 0x10,
    0x60, 0x08, 0x40, 0x10, 0x61, 0x10, 0x61, 0x10, 0x60, 0x08, 0x61, 0x10,
    0x61, 0x10, 0x61, 0x10, 0x61, 0x10, 0x61, 0x10, 0x61, 0x08, 0x61, 0x10,
    0x61, 0x08, 0x61, 0x10, 0x61, 0x10, 0x81, 0x10, 0x61, 0x10, 0x61, 0x10,
    0x61, 0x08, 0x61, 0x10, 0x61, 0x08, 0x81, 0x10, 0x81, 0x10, 0x81, 0x10,
    0x81, 0x10, 0x61, 0x10, 0x61, 0x10, 0x81, 0x10, 0x81, 0x10, 0x61, 0x10,
    0x61, 0x10, 0x81, 0x10, 0x61, 0x10, 0x61, 0x10, 0x61, 0x08, 0x81, 0x10,
    0x61, 0x10, 0x61, 0x10, 0x81, 0x10, 0x82, 0x10, 0x61, 0x10, 0x61, 0x10,
    0x81, 0x10, 0x61, 0x10, 0x81, 0x10, 0x62, 0x10, 0x82, 0x10, 0x61, 0x10,
    0x81, 0x10, 0x81, 0x10, 0x61, 0x10, 0x81, 0x10, 0x82, 0x10, 0x82, 0x10,
    0x82, 0x10, 0x81, 0x10, 0x61, 0x10, 0x82, 0x10, 0x82, 0x10, 0x81, 0x18,
    0x81, 0x10, 0x82, 0x10, 0x82, 0x10, 0x81, 0x10, 0x82, 0x18, 0x81, 0x10,
    0x82, 0x10, 0x82, 0x18, 0x81, 0x10, 0x81, 0x10, 0x81, 0x10, 0x82, 0x10,
    0x82, 0x10, 0x61, 0x10, 0x81, 0x10, 0x82, 0x10, 0x82, 0x10, 0x82, 0x10,
    0x81, 0x18, 0x82, 0x10, 0x82, 0x10, 0x81, 0x18, 0x82, 0x10, 0x81, 0x10,
    0x61, 0x10, 0x82, 0x10, 0x82, 0x10, 0x81, 0x18, 0x81, 0x10, 0x82, 0x18,
    0x81, 0x18, 0x81, 0x18, 0x81, 0x10, 0x62, 0x10, 0x82, 0x18, 0x81, 0x10,
    0x82, 0x18, 0x82, 0x10, 0xa1, 0x10, 0x82, 0x18, 0x81, 0x10, 0x82, 0x18,
    0x81, 0x10, 0xa2, 0x18, 0x82, 0x18, 0x82, 0x10, 0xa2, 0x18, 0x81, 0x18,
    0x82, 0x18, 0x81, 0x10, 0x81, 0x18, 0x81, 0x10, 0x82, 0x10, 0x81, 0x18,
    0x81, 0x10, 0x82, 0x10, 0x61, 0x10, 0x81, 0x18, 0x82, 0x10, 0x61, 0x10,
    0x81, 0x10, 0x61, 0x18, 0x82, 0x10, 0x61, 0x10, 0x62, 0x18, 0x81, 0x18,
    0x81, 0x10, 0x61, 0x10, 0x62, 0x18, 0x81, 0x18, 0x81, 0x18, 0x81, 0x18,
    0x81, 0x18, 0xa2, 0x18, 0x82, 0x18, 0x03, 0x29, 0x44, 0x41, 0x68, 0x72,
    0xed, 0xab, 0x94, 0xf5, 0xf5, 0xfd, 0x16, 0xfe, 0x36, 0xfe, 0x37, 0xfe,
    0xf6, 0xf5, 0xf5, 0xf5, 0xf5, 0xfd, 0xd5, 0xf5, 0xb5, 0xf5, 0x74, 0xf5,
    0x53, 0xed, 0x12, 0xed, 0x12, 0xed, 0xf2, 0xe4, 0x33, 0xed, 0xf2, 0xe4,
    0x12, 0xe5, 0x12, 0xed, 0x12, 0xe5, 0x12, 0xed, 0x12, 0xed, 0xd1, 0xe4,
    0x70, 0xdc, 0x4f, 0xdc, 0x0e, 0xd4, 0xad, 0xc3, 0xed, 0xcb, 0x0e, 0xcc,
    0xed, 0xcb, 0xac, 0xbb, 0x6c, 0xb3, 0x8c, 0xbb, 0x8c, 0xc3, 0x8c, 0xbb,
    0x8c, 0xbb, 0x6c, 0xb3, 0x8c, 0xbb, 0x8c, 0xbb, 0x8d, 0xbb, 0x8c, 0xbb,
    0x8c, 0xb3, 0x8c, 0xb3, 0x8c, 0xb3, 0x8c, 0xb3, 0x8c, 0xb3, 0xee, 0xc3,
    0xee, 0xc3, 0x0e, 0xc4, 0xee, 0xbb, 0xed, 0xbb, 0x0e, 0xc4, 0x2f, 0xcc,
    0x0e, 0xc4, 0x2e, 0xcc, 0x2e, 0xc4, 0x4f, 0xcc, 0x4f, 0xcc, 0x6f, 0xcc,
    0x8f, 0xd4, 0x6f, 0xd4, 0x4f, 0xcc, 0x0e, 0xbc, 0x88, 0x7a, 0x44, 0x41,
    0x61, 0x18, 0x61, 0x10, 0x61, 0x10, 0x61, 0x10, 0x81, 0x10, 0x81, 0x10,
    0x61, 0x10, 0x81, 0x10, 0x81, 0x10, 0x61, 0x10, 0x61, 0x10, 0x61, 0x10,
    0x60, 0x10, 0x61, 0x10, 0x61, 0x10, 0x61, 0x10, 0x61, 0x10, 0x61, 0x10,
    0x61, 0x08, 0x61, 0x10, 0x61, 0x10, 0x61, 0x10, 0x61, 0x10, 0x60, 0x08,
    0x60, 0x10, 0x61, 0x10, 0x61, 0x08, 0x61, 0x10, 0x61, 0x10, 0x61, 0x10,
    0x61, 0x08, 0x60, 0x10, 0x60, 0x10, 0x61, 0x10, 0x61, 0x08, 0x61, 0x10,
    0x60, 0x10, 0x61, 0x08, 0x61, 0x10, 0x61, 0x10, 0x60, 0x08, 0x61, 0x10,
    0x61, 0x10, 0x61, 0x08, 0x61, 0x10, 0x61, 0x10, 0x61, 0x10, 0x61, 0x10,
    0x61, 0x10, 0x61, 0x10, 0x61, 0x08, 0x81, 0x10, 0x61, 0x10, 0x61, 0x10,
    0x61, 0x10, 0x81, 0x10, 0x61, 0x10, 0x61, 0x08, 0x81, 0x10, 0x61, 0x10,
    0x81, 0x10, 0x61, 0x08, 0x81, 0x10, 0x82, 0x10, 0x61, 0x10, 0x61, 0x08,
    0x62, 0x10, 0x81, 0x10, 0x81, 0x10, 0x61, 0x10, 0x81, 0x10, 0x61, 0x08,
    0x61, 0x10, 0x81, 0x10, 0x61, 0x08, 0x61, 0x10, 0x61, 0x10, 0x81, 0x10,
    0x82, 0x10, 0x61, 0x10, 0x81, 0x10, 0x61, 0x10, 0x61, 0x10, 0x82, 0x10,
    0x81, 0x10, 0x81, 0x10, 0x82, 0x10, 0x82, 0x10, 0x81, 0x10, 0x81, 0x10,
    0x81, 0x10, 0x62, 0x10, 0x81, 0x10, 0x82, 0x10, 0x81, 0x10, 0x82, 0x10,
    0x81, 0x10, 0x61, 0x10, 0x61, 0x10, 0x82, 0x10, 0x81, 0x18, 0x81, 0x10,
    0x82, 0x10, 0x81, 0x18, 0x82, 0x10, 0x82, 0x10, 0x81, 0x18, 0x81, 0x10,
    0x81, 0x10, 0x82, 0x10, 0x81, 0x10, 0x81, 0x10, 0x62, 0x18, 0x81, 0x10,
    0x61, 0x10, 0x81, 0x10, 0x81, 0x10, 0x82, 0x10, 0x82, 0x18, 0x82, 0x18,
    0x81, 0x10, 0x82, 0x10, 0x82, 0x18, 0x82, 0x10, 0x82, 0x18, 0x81, 0x10,
    0x81, 0x18, 0x82, 0x10, 0x81, 0x18, 0x81, 0x18, 0x81, 0x10, 0x82, 0x18,
    0x81, 0x10, 0x81, 0x18, 0x81, 0x10, 0x82, 0x10, 0xa2, 0x18, 0x82, 0x10,
    0x81, 0x10, 0x81, 0x18, 0x81, 0x10, 0x81, 0x10, 0x82, 0x10, 0x81, 0x18,
    0x81, 0x10, 0x82, 0x18, 0x82, 0x18, 0x81, 0x10, 0x61, 0x18, 0x82, 0x10,
    0x82, 0x10, 0x61, 0x10, 0x61, 0x10, 0x81, 0x10, 0x81, 0x18, 0x61, 0x10,
    0x81, 0x10, 0x61, 0x10, 0x82, 0x10, 0x81, 0x10, 0x61, 0x10, 0x82, 0x10,
    0x81, 0x18, 0x61, 0x10, 0x82, 0x18, 0x82, 0x18, 0x81, 0x18, 0x81, 0x18,
    0x81, 0x18, 0x82, 0x18, 0x61, 0x18, 0xe3, 0x28, 0x23, 0x39, 0x88, 0x72,
    0x0e, 0xb4, 0x94, 0xed, 0xd5, 0xfd, 0x16, 0xfe, 0x36, 0xfe, 0x16, 0xfe,
    0xf5, 0xf5, 0xd5, 0xfd, 0xd5, 0xf5, 0xd6, 0xfd, 0xb5, 0xf5, 0x33, 0xed,
    0x12, 0xed, 0x12, 0xe5, 0x33, 0xed, 0x13, 0xe5, 0x33, 0xed, 0x12, 0xe5,
    0x33, 0xed, 0x12, 0xe5, 0x13, 0xed, 0x12, 0xe5, 0xf2, 0xe4, 0xd2, 0xe4,
    0xb1, 0xe4, 0x70, 0xdc, 0x0e, 0xd4, 0xee, 0xcb, 0xee, 0xcb, 0xcd, 0xc3,
    0x4f, 0xd4, 0xad, 0xc3, 0xcd, 0xcb, 0xad, 0xc3, 0xad, 0xc3, 0xad, 0xc3,
    0x8d, 0xbb, 0x8d, 0xbb, 0xcd, 0xc3, 0xcd, 0xc3, 0xad, 0xbb, 0x8c, 0xbb,
    0x8c, 0xbb, 0xad, 0xbb, 0xad, 0xbb, 0xad, 0xbb, 0xad, 0xbb, 0xcd, 0xbb,
    0xee, 0xbb, 0x0f, 0xc4, 0xcd, 0xbb, 0xad, 0xb3, 0xed, 0xbb, 0xcd, 0xbb,
    0xcd, 0xbb, 0xee, 0xc3, 0x0e, 0xc4, 0x0e, 0xc4, 0x2e, 0xcc, 0x4f, 0xcc,
    0x6f, 0xd4, 0x6f, 0xd4, 0x4e, 0xcc, 0x2e, 0xc4, 0x88, 0x7a, 0x64, 0x41,
    0xa1, 0x18, 0x61, 0x10, 0x61, 0x10, 0x61, 0x10, 0x81, 0x10, 0x61, 0x10,
    0x61, 0x10, 0x61, 0x10, 0x61, 0x10, 0x61, 0x10, 0x60, 0x08, 0x61, 0x10,
    0x61, 0x10, 0x61, 0x10, 0x60, 0x08, 0x61, 0x10, 0x61, 0x10, 0x61, 0x10,
    0x61, 0x10, 0x61, 0x08, 0x61, 0x10, 0x61, 0x10, 0x61, 0x08, 0x61, 0x10,
    0x61, 0x10, 0x61, 0x10, 0x61, 0x10, 0x61, 0x10, 0x61, 0x10, 0x61, 0x10,
    0x60, 0x08, 0x61, 0x08, 0x61, 0x10, 0x60, 0x10, 0x60, 0x10, 0x61, 0x08,
    0x61, 0x08, 0x61, 0x10, 0x61, 0x10, 0x61, 0x10, 0x61, 0x08, 0x61, 0x10,
    0x61, 0x10, 0x61, 0x10, 0x81, 0x10, 0x60, 0x08, 0x60, 0x10, 0x61, 0x10,
    0x61, 0x10, 0x81, 0x10, 0x81, 0x10, 0x61, 0x10, 0x81, 0x08, 0x81, 0x10,
    0x60, 0x08, 0x61, 0x10, 0x61, 0x10, 0x61, 0x10, 0x81, 0x10, 0x61, 0x10,
    0x61, 0x10, 0x81, 0x10, 0x61, 0x10, 0x61, 0x08, 0x81, 0x10, 0x81, 0x10,
    0x61, 0x08, 0x61, 0x10, 0x61, 0x08, 0x81, 0x10, 0x61, 0x10, 0x61, 0x10,
    0x61, 0x10, 0x61, 0x08, 0x61, 0x10, 0x61, 0x10, 0x81, 0x10, 0x81, 0x08,
    0x62, 0x10, 0x81, 0x10, 0x82, 0x10, 0x81, 0x10, 0x61, 0x10, 0x82, 0x10,
    0x81, 0x10, 0x62, 0x10, 0x82, 0x18, 0x81, 0x10, 0x61, 0x10, 0x82, 0x10,
    0x81, 0x10, 0x82, 0x10, 0x81, 0x10, 0x81, 0x10, 0x61, 0x10, 0x82, 0x10,
    0x82, 0x10, 0x81, 0x18, 0x82, 0x10, 0x81, 0x10, 0x62, 0x10, 0x81, 0x10,
    0x81, 0x10, 0x81, 0x10, 0x61, 0x10, 0x81, 0x10, 0x81, 0x18, 0x82, 0x10,
    0x61, 0x10, 0x82, 0x10, 0x82, 0x18, 0x82, 0x10, 0x81, 0x10, 0x82, 0x10,
    0x82, 0x10, 0x82, 0x18, 0x81, 0x10, 0x61, 0x10, 0x81, 0x10, 0x82, 0x10,
    0x81, 0x10, 0x81, 0x10, 0x81, 0x10, 0x61, 0x10, 0x81, 0x10, 0x81, 0x10,
    0x82, 0x10, 0x82, 0x10, 0x81, 0x10, 0x81, 0x10, 0x82, 0x10, 0x82, 0x10,
    0x81, 0x18, 0xa2, 0x10, 0x82, 0x18, 0x81, 0x10, 0x82, 0x18, 0xa2, 0x10,
    0x82, 0x10, 0x81, 0x10, 0xa2, 0x18, 0x82, 0x10, 0x81, 0x10, 0x81, 0x10,
    0x81, 0x18, 0x82, 0x10, 0x82, 0x10, 0x81, 0x18, 0x81, 0x10, 0x82, 0x10,
    0x82, 0x10, 0x81, 0x18, 0x61, 0x10, 0x82, 0x10, 0x61, 0x18, 0x81, 0x18,
    0x61, 0x10, 0x61, 0x18, 0x82, 0x18, 0x61, 0x18, 0x81, 0x10, 0x61, 0x10,
    0x82, 0x10, 0x81, 0x18, 0x81, 0x18, 0x82, 0x18, 0x81, 0x18, 0x82, 0x18,
    0x61, 0x18, 0x61, 0x18, 0x81, 0x18, 0xa2, 0x20, 0x23, 0x39, 0x48, 0x6a,
    0xee, 0xab, 0x94, 0xed, 0xf5, 0xfd, 0xf6, 0xfd, 0x16, 0xfe, 0xf6, 0xfd,
    0xf6, 0xf5, 0xf6, 0xfd, 0xf6, 0xfd, 0xf6, 0xfd, 0xb5, 0xf5, 0x74, 0xf5,
    0x33, 0xe5, 0x74, 0xed, 0x34, 0xe5, 0x54, 0xed, 0xb5, 0xed, 0x54, 0xed,
    0x33, 0xed, 0xf2, 0xe4, 0x12, 0xe5, 0x33, 0xed, 0xd1, 0xe4, 0xb1, 0xdc,
    0x90, 0xdc, 0x90, 0xdc, 0x2f, 0xd4, 0xcd, 0xcb, 0xee, 0xcb, 0xed, 0xcb,
    0x0e, 0xcc, 0x0e, 0xcc, 0x0e, 0xd4, 0xcd, 0xcb, 0xee, 0xcb, 0x0e, 0xcc,
    0xad, 0xc3, 0xcd, 0xc3, 0xcd, 0xc3, 0xee, 0xcb, 0xad, 0xc3, 0xac, 0xbb,
    0x8c, 0xb3, 0xad, 0xbb, 0xcd, 0xbb, 0xee, 0xc3, 0xcd, 0xbb, 0xee, 0xbb,
    0x0f, 0xc4, 0xce, 0xbb, 0xce, 0xbb, 0xcd, 0xbb, 0xee, 0xbb, 0xad, 0xb3,
    0xcd, 0xbb, 0xad, 0xb3, 0xcd, 0xbb, 0xed, 0xbb, 0x0e, 0xc4, 0x2e, 0xcc,
    0x4f, 0xcc, 0x4f, 0xcc, 0x4e, 0xc4, 0x2e, 0xc4, 0x68, 0x72, 0x03, 0x39,
    0x81, 0x18, 0x61, 0x18, 0x61, 0x10, 0x61, 0x10, 0x81, 0x10, 0x61, 0x10,
    0x61, 0x10, 0x61, 0x10, 0x61, 0x10, 0x81, 0x10, 0x61, 0x10, 0x60, 0x08,
    0x81, 0x10, 0x61, 0x10, 0x60, 0x10, 0x61, 0x10, 0x61, 0x10, 0x61, 0x10,
    0x61, 0x08, 0x61, 0x10, 0x60, 0x10, 0x61, 0x10, 0x61, 0x10, 0x61, 0x08,
    0x61, 0x10, 0x60, 0x10, 0x61, 0x08, 0x60, 0x08, 0x61, 0x10, 0x61, 0x10,
    0x61, 0x10, 0x61, 0x08, 0x61, 0x10, 0x61, 0x10, 0x60, 0x10, 0x61, 0x10,
    0x60, 0x10, 0x61, 0x10, 0x60, 0x10, 0x61, 0x08, 0x61, 0x10, 0x61, 0x08,
    0x60, 0x10, 0x81, 0x10, 0x61, 0x08, 0x61, 0x08, 0x61, 0x10, 0x81, 0x10,
    0x61, 0x10, 0x61, 0x08, 0x61, 0x10, 0x60, 0x10, 0x61, 0x08, 0x61, 0x10,
    0x61, 0x10, 0x61, 0x10, 0x81, 0x10, 0x61, 0x08, 0x81, 0x10, 0x81, 0x10,
    0x61, 0x10, 0x81, 0x10, 0x61, 0x10, 0x61, 0x10, 0x61, 0x10, 0x61, 0x10,
    0x81, 0x10, 0x61, 0x10, 0x61, 0x08, 0x61, 0x08, 0x61, 0x10, 0x81, 0x10,
    0x61, 0x08, 0x61, 0x10, 0x81, 0x10, 0x61, 0x10, 0x81, 0x10, 0x61, 0x08,
    0x61, 0x10, 0x61, 0x10, 0x81, 0x10, 0x82, 0x10, 0x81, 0x10, 0x81, 0x10,
    0x81, 0x10, 0x61, 0x10, 0x82, 0x10, 0x81, 0x10, 0x82, 0x10, 0x82, 0x10,
    0x82, 0x10, 0x81, 0x10, 0x82, 0x18, 0x82, 0x10, 0x81, 0x10, 0x81, 0x18,
    0x82, 0x10, 0x81, 0x10, 0x82, 0x18, 0x81, 0x10, 0x81, 0x10, 0x82, 0x18,
    0x81, 0x18, 0x82, 0x10, 0x81, 0x10, 0x82, 0x10, 0x82, 0x10, 0x61, 0x10,
    0x81, 0x10, 0x81, 0x10, 0x82, 0x18, 0x61, 0x10, 0x82, 0x10, 0x82, 0x18,
    0x81, 0x10, 0x62, 0x10, 0x82, 0x18, 0x81, 0x10, 0x82, 0x10, 0x81, 0x18,
    0x82, 0x10, 0x82, 0x18, 0x82, 0x10, 0x82, 0x18, 0x82, 0x18, 0x81, 0x18,
    0x82, 0x18, 0x81, 0x10, 0x81, 0x18, 0x82, 0x10, 0x81, 0x18, 0x81, 0x10,
    0x81, 0x10, 0x82, 0x18, 0x82, 0x10, 0x81, 0x10, 0x81, 0x18, 0x82, 0x18,
    0x81, 0x10, 0x82, 0x18, 0xa2, 0x18, 0x81, 0x10, 0x82, 0x18, 0x82, 0x18,
    0x81, 0x10, 0x81, 0x10, 0x82, 0x18, 0x82, 0x10, 0x61, 0x18, 0x81, 0x10,
    0x81, 0x10, 0x81, 0x18, 0x61, 0x18, 0x81, 0x10, 0x62, 0x10, 0x81, 0x10,
    0x81, 0x18, 0x62, 0x18, 0x81, 0x10, 0x61, 0x10, 0x82, 0x18, 0x81, 0x10,
    0x82, 0x10, 0x81, 0x18, 0x82, 0x18, 0x81, 0x18, 0x81, 0x18, 0x62, 0x10,
    0x81, 0x10, 0x81, 0x18, 0x61, 0x18, 0xa2, 0x20, 0x03, 0x39, 0x48, 0x6a,
    0xed, 0xab, 0x94, 0xf5, 0xf5, 0xfd, 0x16, 0xfe, 0xf5, 0xf5, 0xf6, 0xf5,
    0xf6, 0xf5, 0x16, 0xfe, 0xf6, 0xf5, 0xf6, 0xf5, 0x95, 0xf5, 0x95, 0xed,
    0x95, 0xed, 0x75, 0xed, 0x95, 0xed, 0x54, 0xe5, 0x13, 0xdd, 0x75, 0xed,
    0x13, 0xe5, 0xb1, 0xdc, 0x90, 0xd4, 0x4f, 0xcc, 0x2f, 0xcc, 0x4f, 0xcc,
    0x0e, 0xc4, 0x2f, 0xcc, 0x0e, 0xcc, 0xcd, 0xc3, 0xee, 0xcb, 0x2e, 0xd4,
    0x2f, 0xd4, 0x2e, 0xd4, 0x2f, 0xd4, 0x2f, 0xd4, 0x2e, 0xd4, 0x0f, 0xd4,
    0xcd, 0xc3, 0xee, 0xcb, 0x0e, 0xcc, 0xee, 0xcb, 0xcd, 0xc3, 0xad, 0xbb,
    0xcd, 0xbb, 0xcd, 0xbb, 0xee, 0xbb, 0xee, 0xbb, 0xee, 0xbb, 0xcd, 0xbb,
    0xee, 0xbb, 0xee, 0xbb, 0x0e, 0xbc, 0x0e, 0xbc, 0x0f, 0xc4, 0xee, 0xbb,
    0xee, 0xbb, 0xee, 0xbb, 0xad, 0xb3, 0xad, 0xbb, 0x2e, 0xcc, 0x2e, 0xcc,
    0x2f, 0xc4, 0x4f, 0xcc, 0x4f, 0xcc, 0x2e, 0xc4, 0xa9, 0x82, 0x44, 0x41,
    0x61, 0x18, 0x61, 0x18, 0x81, 0x18, 0x61, 0x10, 0x81, 0x18, 0x61, 0x10,
    0x61, 0x10, 0x61, 0x10, 0x81, 0x10, 0x61, 0x10, 0x61, 0x10, 0x61, 0x10,
    0x60, 0x10, 0x61, 0x10, 0x61, 0x10, 0x81, 0x10, 0x61, 0x08, 0x61, 0x10,
    0x61, 0x10, 0x61, 0x10, 0x61, 0x08, 0x61, 0x10, 0x61, 0x10, 0x60, 0x10,
    0x61, 0x10, 0x61, 0x08, 0x61, 0x10, 0x61, 0x10, 0x60, 0x10, 0x61, 0x08,
    0x61, 0x10, 0x60, 0x10, 0x60, 0x10, 0x61, 0x10, 0x61, 0x08, 0x61, 0x08,
    0x61, 0x10, 0x41, 0x08, 0x61, 0x10, 0x61, 0x10, 0x61, 0x10, 0x61, 0x10,
    0x61, 0x10, 0x61, 0x10, 0x61, 0x10, 0x61, 0x10, 0x81, 0x08, 0x60, 0x08,
    0x60, 0x10, 0x61, 0x08, 0x61, 0x10, 0x60, 0x10, 0x61, 0x10, 0x61, 0x10,
    0x81, 0x10, 0x81, 0x10, 0x81, 0x10, 0x61, 0x10, 0x61, 0x10, 0x61, 0x10,
    0x81, 0x10, 0x81, 0x10, 0x81, 0x10, 0x81, 0x10, 0x81, 0x10, 0x61, 0x10,
    0x81, 0x10, 0x81, 0x10, 0x61, 0x10, 0x61, 0x10, 0x61, 0x10, 0x81, 0x10,
    0x81, 0x10, 0x61, 0x10, 0x81, 0x10, 0x61, 0x10, 0x61, 0x10, 0x81, 0x10,
    0x81, 0x10, 0x61, 0x10, 0x82, 0x10, 0x61, 0x10, 0x81, 0x10, 0x81, 0x10,
    0x81, 0x10, 0x82, 0x10, 0x81, 0x10, 0x82, 0x10, 0x81, 0x10, 0x81, 0x10,
    0x81, 0x10, 0x62, 0x10, 0x81, 0x10, 0x81, 0x10, 0x82, 0x10, 0x61, 0x18,
    0x81, 0x10, 0x82, 0x10, 0x81, 0x18, 0x61, 0x10, 0x82, 0x10, 0x81, 0x10,
    0x82, 0x10, 0x61, 0x10, 0x81, 0x10, 0x82, 0x10, 0x82, 0x18, 0x81, 0x10,
    0x81, 0x10, 0x82, 0x18, 0x81, 0x10, 0x81, 0x10, 0x81, 0x10, 0x81, 0x10,
    0x81, 0x10, 0x82, 0x18, 0x81, 0x10, 0x81, 0x10, 0x82, 0x10, 0x81, 0x10,
    0x61, 0x10, 0x82, 0x10, 0x82, 0x18, 0x82, 0x10, 0x82, 0x10, 0x81, 0x10,
    0x81, 0x10, 0x81, 0x10, 0x81, 0x10, 0x82, 0x18, 0x82, 0x18, 0x81, 0x10,
    0x82, 0x18, 0x81, 0x10, 0x81, 0x10, 0x82, 0x10, 0xa1, 0x10, 0x81, 0x10,
    0x81, 0x10, 0x82, 0x10, 0x81, 0x18, 0x81, 0x10, 0x82, 0x18, 0x82, 0x18,
    0x81, 0x10, 0x81, 0x18, 0x81, 0x18, 0x81, 0x10, 0x62, 0x10, 0x81, 0x10,
    0x61, 0x10, 0x61, 0x10, 0x82, 0x18, 0x81, 0x10, 0x81, 0x18, 0x61, 0x10,
    0x61, 0x10, 0x81, 0x10, 0x81, 0x10, 0x81, 0x10, 0x82, 0x18, 0x81, 0x18,
    0x81, 0x10, 0x82, 0x10, 0x81, 0x18, 0x81, 0x10, 0x81, 0x18, 0x81, 0x18,
    0x82, 0x18, 0x81, 0x18, 0x61, 0x18, 0xe6, 0x59, 0x24, 0x41, 0x67, 0x6a,
    0xed, 0xab, 0xb4, 0xf5, 0xd5, 0xfd, 0xf5, 0xfd, 0xf5, 0xf5, 0xd5, 0xf5,
    0x16, 0xfe, 0x17, 0xfe, 0xd6, 0xf5, 0xb5, 0xf5, 0xf6, 0xf5, 0xd6, 0xf5,
    0x95, 0xed, 0x74, 0xe5, 0x13, 0xdd, 0xf2, 0xdc, 0xd2, 0xd4, 0x12, 0xdd,
    0xb1, 0xd4, 0x70, 0xcc, 0x2f, 0xc4, 0xee, 0xbb, 0xcd, 0xb3, 0x8c, 0xab,
    0x4b, 0xa3, 0xee, 0xc3, 0xad, 0xbb, 0xad, 0xbb, 0xcd, 0xc3, 0x0e, 0xcc,
    0x4f, 0xd4, 0x2e, 0xd4, 0x4f, 0xdc, 0x2f, 0xd4, 0x4f, 0xd4, 0x0e, 0xcc,
    0xed, 0xc3, 0x2f, 0xcc, 0x2f, 0xcc, 0xed, 0xc3, 0xee, 0xc3, 0xcd, 0xbb,
    0xad, 0xbb, 0xcd, 0xb3, 0xad, 0xb3, 0x8c, 0xab, 0xad, 0xb3, 0xcd, 0xb3,
    0xee, 0xb3, 0xee, 0xbb, 0xee, 0xb3, 0x0e, 0xbc, 0x2f, 0xbc, 0x2f, 0xbc,
    0x0f, 0xbc, 0xee, 0xb3, 0xee, 0xb3, 0xcd, 0xb3, 0xee, 0xc3, 0x2f, 0xcc,
    0x4f, 0xcc, 0x2e, 0xcc, 0x2e, 0xc4, 0x2e, 0xc4, 0xea, 0x82, 0xc6, 0x51,
    0x61, 0x18, 0x61, 0x10, 0x61, 0x10, 0x81, 0x10, 0x61, 0x10, 0x61, 0x10,
    0x81, 0x10, 0x61, 0x10, 0x61, 0x10, 0x61, 0x10, 0x61, 0x10, 0x81, 0x10,
    0x61, 0x10, 0x61, 0x10, 0x61, 0x10, 0x61, 0x08, 0x61, 0x10, 0x60, 0x08,
    0x61, 0x10, 0x61, 0x10, 0x61, 0x08, 0x61, 0x10, 0x61, 0x10, 0x61, 0x08,
    0x81, 0x10, 0x60, 0x10, 0x60, 0x08, 0x61, 0x10, 0x61, 0x10, 0x61, 0x08,
    0x61, 0x10, 0x61, 0x08, 0x61, 0x10, 0x61, 0x10, 0x60, 0x08, 0x61, 0x10,
    0x61, 0x10, 0x61, 0x08, 0x60, 0x10, 0x61, 0x10, 0x61, 0x08, 0x61, 0x10,
    0x81, 0x10, 0x60, 0x08, 0x61, 0x10, 0x81, 0x10, 0x61, 0x10, 0x61, 0x10,
    0x81, 0x10, 0x81, 0x10, 0x61, 0x10, 0x81, 0x10, 0x61, 0x10, 0x61, 0x08,
    0x81, 0x10, 0x61, 0x10, 0x61, 0x10, 0x61, 0x10, 0x81, 0x10, 0x61, 0x08,
    0x61, 0x08, 0x61, 0x10, 0x61, 0x08, 0x81, 0x10, 0x61, 0x10, 0x61, 0x08,
    0x81, 0x10, 0x61, 0x10, 0x61, 0x10, 0x81, 0x10, 0x81, 0x10, 0x61, 0x08,
    0x61, 0x10, 0x61, 0x10, 0x61, 0x08, 0x81, 0x10, 0x81, 0x10, 0x81, 0x10,
    0x82, 0x10, 0x81, 0x10, 0x61, 0x10, 0x81, 0x10, 0x81, 0x10, 0x62, 0x10,
    0x82, 0x10, 0x82, 0x10, 0x81, 0x10, 0x62, 0x10, 0x82, 0x10, 0x81, 0x10,
    0x82, 0x18, 0x81, 0x10, 0x82, 0x10, 0x82, 0x10, 0x81, 0x10, 0x82, 0x10,
    0x81, 0x10, 0x81, 0x10, 0x82, 0x10, 0x82, 0x18, 0x81, 0x10, 0x82, 0x10,
    0x82, 0x10, 0x81, 0x10, 0x82, 0x18, 0x81, 0x10, 0x82, 0x10, 0x82, 0x18,
    0x82, 0x10, 0x82, 0x10, 0x61, 0x10, 0x82, 0x10, 0x82, 0x18, 0x62, 0x10,
    0x81, 0x10, 0x81, 0x10, 0x82, 0x10, 0x82, 0x18, 0x82, 0x10, 0x81, 0x18,
    0x82, 0x18, 0x81, 0x10, 0x81, 0x10, 0x81, 0x18, 0x81, 0x10, 0x82, 0x10,
    0x82, 0x10, 0x62, 0x18, 0x82, 0x10, 0x81, 0x18, 0x81, 0x10, 0x82, 0x10,
    0x82, 0x18, 0x81, 0x10, 0x82, 0x18, 0x82, 0x10, 0x82, 0x18, 0x82, 0x18,
    0x82, 0x10, 0x81, 0x10, 0x82, 0x18, 0xa2, 0x10, 0x81, 0x18, 0x81, 0x10,
    0x82, 0x10, 0x81, 0x18, 0x82, 0x10, 0x82, 0x10, 0x61, 0x10, 0x61, 0x10,
    0x82, 0x18, 0x82, 0x10, 0x81, 0x10, 0x81, 0x10, 0x81, 0x18, 0x61, 0x18,
    0x81, 0x18, 0x61, 0x18, 0x82, 0x10, 0x82, 0x18, 0x61, 0x18, 0x82, 0x18,
    0x81, 0x10, 0x81, 0x18, 0x82, 0x18, 0x81, 0x18, 0x61, 0x10, 0x81, 0x18,
    0x81, 0x18, 0x81, 0x18, 0x89, 0x7a, 0xb0, 0xe4, 0xa5, 0x59, 0x27, 0x6a,
    0x0e, 0xb4, 0xb4, 0xf5, 0xd5, 0xfd, 0xf5, 0xfd, 0xf5, 0xf5, 0x16, 0xf6,
    0x16, 0xf6, 0xf6, 0xf5, 0x37, 0xf6, 0x38, 0xf6, 0x17, 0xf6, 0xd6, 0xed,
    0x95, 0xed, 0x13, 0xdd, 0xf2, 0xdc, 0x91, 0xcc, 0x90, 0xcc, 0x50, 0xc4,
    0x0e, 0xc4, 0xee, 0xbb, 0xee, 0xbb, 0xed, 0xbb, 0x6c, 0xab, 0x8c, 0xab,
    0x8c, 0xab, 0xad, 0xb3, 0xad, 0xbb, 0xac, 0xbb, 0xad, 0xbb, 0xed, 0xc3,
    0x4f, 0xd4, 0x8f, 0xdc, 0x6f, 0xdc, 0x2e, 0xd4, 0x4f, 0xdc, 0xee, 0xcb,
    0xad, 0xbb, 0x0e, 0xcc, 0x2e, 0xcc, 0x0e, 0xc4, 0xed, 0xc3, 0xcd, 0xbb,
    0x8c, 0xab, 0x6b, 0xa3, 0x2b, 0x9b, 0x0a, 0x93, 0x2b, 0x9b, 0x4b, 0x9b,
    0x4c, 0x9b, 0xad, 0xab, 0xce, 0xb3, 0xee, 0xb3, 0xee, 0xb3, 0x50, 0xbc,
    0x50, 0xbc, 0xee, 0xb3, 0x8d, 0xab, 0x8c, 0xab, 0xee, 0xbb, 0x2f, 0xc4,
    0x2e, 0xcc, 0x2e, 0xc4, 0x0e, 0xc4, 0x2e, 0xc4, 0xea, 0x8a, 0x85, 0x49,
    0x61, 0x10, 0x61, 0x10, 0x61, 0x10, 0x61, 0x18, 0x61, 0x10, 0x61, 0x10,
    0x61, 0x10, 0x81, 0x10, 0x61, 0x10, 0x61, 0x10, 0x61, 0x10, 0x61, 0x10,
    0x61, 0x10, 0x61, 0x10, 0x61, 0x10, 0x61, 0x10, 0x61, 0x10, 0x60, 0x08,
    0x61, 0x10, 0x61, 0x10, 0x60, 0x10, 0x61, 0x10, 0x60, 0x08, 0x61, 0x10,
    0x61, 0x10, 0x61, 0x10, 0x60, 0x10, 0x61, 0x10, 0x61, 0x10, 0x60, 0x10,
    0x81, 0x10, 0x61, 0x08, 0x61, 0x10, 0x61, 0x10, 0x61, 0x10, 0x60, 0x10,
    0x61, 0x10, 0x61, 0x10, 0x81, 0x10, 0x61, 0x10, 0x81, 0x10, 0x81, 0x10,
    0x81, 0x10, 0x61, 0x10, 0x61, 0x10, 0x61, 0x10, 0x81, 0x10, 0x61, 0x10,
    0x61, 0x08, 0x61, 0x10, 0x61, 0x10, 0x61, 0x08, 0x81, 0x10, 0x81, 0x10,
    0x61, 0x10, 0x81, 0x10, 0x81, 0x10, 0x61, 0x10, 0x81, 0x10, 0x81, 0x10,
    0x61, 0x10, 0x81, 0x10, 0x61, 0x10, 0x62, 0x10, 0x81, 0x10, 0x82, 0x10,
    0x82, 0x10, 0x81, 0x10, 0x61, 0x10, 0x61, 0x08, 0x81, 0x10, 0x62, 0x10,
    0x82, 0x10, 0x81, 0x10, 0x82, 0x10, 0x62, 0x10, 0x61, 0x10, 0x82, 0x10,
    0x82, 0x10, 0x81, 0x10, 0x82, 0x10, 0x81, 0x10, 0x81, 0x10, 0x82, 0x10,
    0x81, 0x10, 0x81, 0x10, 0x81, 0x10, 0x81, 0x10, 0x82, 0x10, 0x82, 0x10,
    0x81, 0x10, 0x82, 0x10, 0x82, 0x18, 0x82, 0x18, 0x82, 0x10, 0x82, 0x10,
    0x82, 0x10, 0x82, 0x18, 0x81, 0x10, 0x81, 0x10, 0x81, 0x10, 0x82, 0x10,
    0x81, 0x18, 0x82, 0x10, 0x61, 0x10, 0x81, 0x10, 0x81, 0x10, 0x82, 0x10,
    0x81, 0x10, 0x81, 0x18, 0x62, 0x10, 0x81, 0x18, 0x82, 0x10, 0x82, 0x10,
    0x81, 0x18, 0x82, 0x10, 0x81, 0x10, 0x82, 0x10, 0x81, 0x10, 0x82, 0x10,
    0x82, 0x10, 0x81, 0x10, 0x82, 0x10, 0x82, 0x18, 0x81, 0x18, 0x82, 0x10,
    0x82, 0x10, 0x81, 0x18, 0x81, 0x10, 0x82, 0x18, 0x82, 0x18, 0x81, 0x10,
    0x82, 0x10, 0x81, 0x18, 0x81, 0x10, 0x82, 0x18, 0x81, 0x10, 0x82, 0x18,
    0x82, 0x10, 0x81, 0x10, 0xa2, 0x18, 0x82, 0x10, 0x81, 0x10, 0x82, 0x18,
    0x81, 0x18, 0x81, 0x10, 0x61, 0x18, 0x82, 0x10, 0x81, 0x18, 0x81, 0x10,
    0x82, 0x10, 0x81, 0x10, 0x81, 0x10, 0x62, 0x18, 0x61, 0x10, 0x81, 0x10,
    0x82, 0x18, 0x81, 0x10, 0x61, 0x10, 0x81, 0x18, 0x81, 0x10, 0x61, 0x10,
    0x81, 0x18, 0x82, 0x18, 0x61, 0x10, 0x81, 0x18, 0x61, 0x18, 0x82, 0x18,
    0x81, 0x18, 0xa1, 0x20, 0x12, 0xe5, 0x53, 0xf5, 0x27, 0x7a, 0x68, 0x72,
    0x2e, 0xbc, 0xb5, 0xf5, 0xd5, 0xf5, 0xf5, 0xfd, 0xf6, 0xf5, 0x16, 0xf6,
    0xf6, 0xf5, 0xf6, 0xf5, 0x37, 0xf6, 0xf6, 0xed, 0x17, 0xf6, 0x95, 0xe5,
    0x70, 0xcc, 0x70, 0xcc, 0xee, 0xbb, 0x8c, 0xab, 0xad, 0xb3, 0xad, 0xab,
    0xcd, 0xb3, 0xad, 0xb3, 0x8c, 0xab, 0x0a, 0x9b, 0x2b, 0x9b, 0x4b, 0xa3,
    0x6b, 0xab, 0x8c, 0xab, 0xed, 0xbb, 0xcd, 0xbb, 0xcd, 0xbb, 0xed, 0xc3,
    0x4e, 0xd4, 0xb0, 0xdc, 0x90, 0xdc, 0xb0, 0xe4, 0x6f, 0xdc, 0x6f, 0xdc,
    0xed, 0xc3, 0xcd, 0xbb, 0x0d, 0xc4, 0xed, 0xc3, 0xac, 0xb3, 0x8c, 0xab,
    0x6c, 0xab, 0x6c, 0xa3, 0x0a, 0x93, 0xea, 0x8a, 0xc9, 0x8a, 0x0a, 0x93,
    0x0a, 0x8b, 0xea, 0x8a, 0xea, 0x8a, 0x8d, 0xa3, 0xae, 0xab, 0xcd, 0xab,
    0xad, 0xab, 0x2f, 0xbc, 0x50, 0xc4, 0x50, 0xc4, 0xee, 0xb3, 0x0e, 0xc4,
    0x0f, 0xcc, 0x2e, 0xc4, 0x0e, 0xc4, 0x2e, 0xc4, 0x2b, 0x93, 0xc6, 0x59,
    0x81, 0x18, 0x61, 0x18, 0x81, 0x10, 0x61, 0x18, 0x61, 0x10, 0x81, 0x10,
    0x61, 0x18, 0x61, 0x10, 0x61, 0x10, 0x61, 0x18, 0x60, 0x10, 0x61, 0x10,
    0x61, 0x10, 0x61, 0x10, 0x61, 0x10, 0x61, 0x10, 0x61, 0x10, 0x61, 0x10,
    0x81, 0x10, 0x61, 0x08, 0x61, 0x10, 0x61, 0x10, 0x81, 0x10, 0x61, 0x10,
    0x60, 0x08, 0x61, 0x10, 0x61, 0x10, 0x61, 0x08, 0x61, 0x10, 0x61, 0x10,
    0x60, 0x10, 0x60, 0x10, 0x61, 0x10, 0x81, 0x10, 0x61, 0x08, 0x61, 0x10,
    0x61, 0x10, 0x81, 0x08, 0x81, 0x10, 0x61, 0x10, 0x61, 0x10, 0x61, 0x10,
    0x61, 0x10, 0x61, 0x08, 0x81, 0x10, 0x81, 0x10, 0x81, 0x10, 0x61, 0x08,
    0x61, 0x10, 0x81, 0x10, 0x61, 0x10, 0x60, 0x08, 0x61, 0x10, 0x81, 0x10,
    0x61, 0x08, 0x61, 0x10, 0x81, 0x10, 0x61, 0x08, 0x61, 0x10, 0x81, 0x10,
    0x61, 0x10, 0x81, 0x10, 0x81, 0x10, 0x61, 0x10, 0x61, 0x10, 0x61, 0x10,
    0x61, 0x10, 0x81, 0x10, 0x82, 0x10, 0x81, 0x10, 0x61, 0x10, 0x81, 0x10,
    0x81, 0x10, 0x61, 0x10, 0x81, 0x10, 0x61, 0x10, 0x61, 0x10, 0x81, 0x10,
    0x81, 0x10, 0x81, 0x10, 0x81, 0x10, 0x62, 0x10, 0x81, 0x10, 0x82, 0x10,
    0x61, 0x10, 0x81, 0x10, 0x82, 0x10, 0x61, 0x18, 0x81, 0x10, 0x81, 0x10,
    0x82, 0x10, 0x81, 0x10, 0x81, 0x10, 0x81, 0x10, 0x82, 0x18, 0x81, 0x10,
    0x81, 0x10, 0x82, 0x10, 0x82, 0x18, 0x81, 0x10, 0x82, 0x10, 0x82, 0x10,
    0x81, 0x18, 0x81, 0x10, 0x82, 0x10, 0x82, 0x18, 0x81, 0x10, 0x62, 0x10,
    0x81, 0x18, 0x82, 0x10, 0x82, 0x10, 0x81, 0x10, 0x81, 0x10, 0x81, 0x10,
    0x82, 0x18, 0x82, 0x10, 0x81, 0x10, 0x81, 0x18, 0x82, 0x10, 0x61, 0x10,
    0x81, 0x10, 0x82, 0x10, 0x81, 0x18, 0x82, 0x10, 0x81, 0x10, 0x81, 0x10,
    0x82, 0x18, 0x81, 0x10, 0x81, 0x10, 0x82, 0x18, 0x81, 0x18, 0x81, 0x10,
    0x82, 0x18, 0x82, 0x10, 0x81, 0x18, 0xa2, 0x10, 0x81, 0x10, 0x81, 0x10,
    0x82, 0x18, 0xa2, 0x18, 0x81, 0x10, 0x81, 0x10, 0x81, 0x10, 0x81, 0x10,
    0x82, 0x10, 0x81, 0x10, 0x81, 0x10, 0x81, 0x10, 0x81, 0x10, 0x81, 0x10,
    0x61, 0x10, 0x61, 0x10, 0x82, 0x10, 0x81, 0x18, 0x61, 0x10, 0x81, 0x10,
    0x61, 0x18, 0x61, 0x10, 0x81, 0x10, 0x82, 0x18, 0x82, 0x18, 0x61, 0x10,
    0x81, 0x18, 0x82, 0x18, 0x61, 0x18, 0x81, 0x18, 0x81, 0x18, 0x81, 0x18,
    0x82, 0x18, 0xea, 0x8a, 0x32, 0xfd, 0x2a, 0xcb, 0xa9, 0x8a, 0x48, 0x6a,
    0x90, 0xc4, 0xb5, 0xfd, 0xd5, 0xfd, 0xf5, 0xfd, 0xf5, 0xf5, 0xf6, 0xf5,
    0xd5, 0xf5, 0xf6, 0xf5, 0x17, 0xf6, 0xd6, 0xed, 0x53, 0xe5, 0x12, 0xdd,
    0x4f, 0xcc, 0xee, 0xbb, 0xac, 0xab, 0x8c, 0xab, 0x8c, 0xab, 0x2b, 0x9b,
    0x2b, 0x9b, 0x6b, 0x9b, 0x4b, 0xa3, 0x2b, 0x9b, 0x4b, 0xa3, 0xac, 0xb3,
    0xed, 0xbb, 0xed, 0xbb, 0xee, 0xc3, 0x2e, 0xcc, 0xee, 0xc3, 0x2e, 0xcc,
    0x6f, 0xd4, 0xb0, 0xe4, 0xd0, 0xe4, 0x32, 0xed, 0x90, 0xe4, 0x8f, 0xdc,
    0x4f, 0xd4, 0xac, 0xbb, 0xcd, 0xbb, 0x0d, 0xc4, 0xac, 0xb3, 0x6b, 0xab,
    0x6b, 0xa3, 0x4b, 0xa3, 0x0a, 0x93, 0xea, 0x92, 0xea, 0x8a, 0xea, 0x8a,
    0xa9, 0x82, 0x68, 0x7a, 0x47, 0x72, 0x88, 0x82, 0xca, 0x8a, 0xea, 0x8a,
    0x2b, 0x93, 0xce, 0xab, 0xd2, 0xcc, 0x71, 0xc4, 0x70, 0xc4, 0xee, 0xbb,
    0xce, 0xbb, 0xad, 0xb3, 0x0d, 0xbc, 0x0e, 0xc4, 0x6b, 0xa3, 0xc6, 0x59,
    0xc6, 0x51, 0x61, 0x18, 0x61, 0x10, 0x81, 0x10, 0x81, 0x18, 0x61, 0x10,
    0x61, 0x18, 0x61, 0x10, 0x61, 0x10, 0x81, 0x10, 0x60, 0x10, 0x81, 0x10,
    0x61, 0x10, 0x80, 0x10, 0x61, 0x10, 0x81, 0x08, 0x61, 0x10, 0x61, 0x10,
    0x61, 0x08, 0x61, 0x10, 0x61, 0x10, 0x61, 0x10, 0x61, 0x10, 0x61, 0x08,
    0x61, 0x08, 0x61, 0x10, 0x61, 0x10, 0x80, 0x10, 0x61, 0x08, 0x61, 0x10,
    0x61, 0x08, 0x61, 0x08, 0x61, 0x10, 0x60, 0x08, 0x60, 0x10, 0x61, 0x10,
    0x61, 0x10, 0x61, 0x08, 0x61, 0x10, 0x81, 0x10, 0x61, 0x08, 0x81, 0x10,
    0x61, 0x10, 0x61, 0x10, 0x61, 0x08, 0x61, 0x10, 0x61, 0x10, 0x81, 0x10,
    0x61, 0x10, 0x81, 0x10, 0x81, 0x10, 0x61, 0x10, 0x61, 0x08, 0x61, 0x10,
    0x81, 0x10, 0x61, 0x10, 0x81, 0x10, 0x61, 0x10, 0x61, 0x08, 0x81, 0x10,
    0x61, 0x10, 0x61, 0x10, 0x61, 0x10, 0x61, 0x10, 0x81, 0x08, 0x61, 0x10,
    0x61, 0x10, 0x81, 0x10, 0x81, 0x10, 0x81, 0x10, 0x81, 0x10, 0x61, 0x10,
    0x61, 0x10, 0x61, 0x10, 0x61, 0x08, 0x81, 0x10, 0x82, 0x10, 0x61, 0x10,
    0x81, 0x10, 0x81, 0x10, 0x82, 0x10, 0x82, 0x10, 0x81, 0x10, 0x61, 0x10,
    0x81, 0x10, 0x82, 0x10, 0x82, 0x10, 0x81, 0x18, 0x81, 0x10, 0x81, 0x10,
    0x82, 0x18, 0x82, 0x10, 0x82, 0x18, 0x81, 0x10, 0x82, 0x10, 0x82, 0x18,
    0x81, 0x18, 0x82, 0x10, 0x82, 0x10, 0x81, 0x18, 0x81, 0x10, 0x82, 0x10,
    0x61, 0x10, 0x82, 0x10, 0x82, 0x10, 0x81, 0x18, 0x82, 0x10, 0x82, 0x10,
    0x81, 0x10, 0x81, 0x10, 0x82, 0x10, 0x81, 0x18, 0x82, 0x10, 0x81, 0x18,
    0x61, 0x10, 0x82, 0x10, 0x81, 0x18, 0x81, 0x10, 0x82, 0x10, 0x82, 0x18,
    0x82, 0x10, 0x81, 0x10, 0x81, 0x10, 0x82, 0x10, 0x81, 0x10, 0x82, 0x18,
    0x81, 0x10, 0x82, 0x10, 0x82, 0x10, 0x81, 0x10, 0x81, 0x10, 0x82, 0x10,
    0xa2, 0x18, 0x81, 0x18, 0x81, 0x10, 0x82, 0x10, 0x82, 0x18, 0x81, 0x10,
    0x82, 0x18, 0x82, 0x10, 0x82, 0x10, 0x81, 0x18, 0x82, 0x18, 0x81, 0x10,
    0x61, 0x10, 0x81, 0x18, 0x81, 0x18, 0x62, 0x10, 0x61, 0x10, 0x82, 0x18,
    0x82, 0x10, 0x81, 0x10, 0x82, 0x18, 0x81, 0x10, 0x61, 0x18, 0x82, 0x18,
    0x81, 0x10, 0x81, 0x18, 0x82, 0x10, 0x81, 0x10, 0x61, 0x18, 0x81, 0x10,
    0x81, 0x18, 0x61, 0x18, 0x81, 0x10, 0x81, 0x18, 0x82, 0x18, 0x81, 0x18,
    0x81, 0x20, 0x91, 0xd4, 0x0d, 0xe4, 0x6f, 0xe4, 0x4b, 0x9b, 0x89, 0x7a,
    0xd1, 0xd4, 0xb4, 0xf5, 0xf5, 0xfd, 0xf5, 0xfd, 0x16, 0xf6, 0xf6, 0xf5,
    0xd5, 0xf5, 0xd5, 0xed, 0x94, 0xed, 0x53, 0xe5, 0x33, 0xe5, 0xb1, 0xd4,
    0xb0, 0xd4, 0x4f, 0xcc, 0x6f, 0xcc, 0x2e, 0xc4, 0x0e, 0xbc, 0xed, 0xbb,
    0xed, 0xbb, 0xcd, 0xb3, 0xcd, 0xbb, 0x0d, 0xc4, 0x2d, 0xc4, 0x6e, 0xd4,
    0x6f, 0xd4, 0x6f, 0xd4, 0x4f, 0xd4, 0x4f, 0xd4, 0x4e, 0xd4, 0x8f, 0xdc,
    0xb0, 0xe4, 0xf0, 0xe4, 0x32, 0xed, 0x94, 0xf5, 0xb0, 0xe4, 0x6f, 0xdc,
    0x6f, 0xd4, 0xcd, 0xbb, 0xac, 0xbb, 0xed, 0xbb, 0xac, 0xb3, 0x8b, 0xab,
    0x8c, 0xb3, 0x6b, 0xa3, 0x4b, 0x9b, 0x2a, 0x9b, 0x2a, 0x93, 0x0a, 0x93,
    0xea, 0x8a, 0x68, 0x7a, 0xc5, 0x61, 0xc5, 0x61, 0x26, 0x6a, 0x47, 0x72,
    0x89, 0x82, 0x0a, 0x93, 0xad, 0xab, 0x2f, 0xbc, 0x91, 0xc4, 0x2f, 0xbc,
    0xee, 0xbb, 0xad, 0xb3, 0x0e, 0xc4, 0xed, 0xbb, 0xac, 0xab, 0xc6, 0x69,
    0xcc, 0xbb, 0x81, 0x18, 0x61, 0x10, 0x61, 0x18, 0x81, 0x10, 0x61, 0x10,
    0x81, 0x10, 0x61, 0x10, 0x61, 0x10, 0x61, 0x10, 0x61, 0x10, 0x61, 0x10,
    0x61, 0x10, 0x61, 0x10, 0x61, 0x10, 0x60, 0x10, 0x61, 0x10, 0x61, 0x10,
    0x61, 0x10, 0x61, 0x10, 0x60, 0x08, 0x61, 0x10, 0x61, 0x10, 0x60, 0x10,
    0x61, 0x10, 0x61, 0x10, 0x60, 0x10, 0x61, 0x10, 0x61, 0x10, 0x61, 0x10,
    0x61, 0x10, 0x61, 0x10, 0x61, 0x10, 0x61, 0x10, 0x61, 0x08, 0x61, 0x10,
    0x81, 0x10, 0x81, 0x10, 0x60, 0x10, 0x81, 0x10, 0x61, 0x10, 0x61, 0x08,
    0x81, 0x10, 0x61, 0x10, 0x61, 0x10, 0x61, 0x08, 0x61, 0x08, 0x61, 0x10,
    0x61, 0x10, 0x81, 0x10, 0x61, 0x10, 0x81, 0x10, 0x61, 0x10, 0x61, 0x10,
    0x81, 0x10, 0x61, 0x08, 0x81, 0x10, 0x81, 0x10, 0x62, 0x10, 0x61, 0x10,
    0x62, 0x10, 0x61, 0x08, 0x81, 0x10, 0x61, 0x10, 0x81, 0x10, 0x61, 0x10,
    0x81, 0x08, 0x61, 0x10, 0x81, 0x10, 0x81, 0x10, 0x81, 0x10, 0x61, 0x10,
    0x81, 0x10, 0x82, 0x10, 0x82, 0x10, 0x61, 0x10, 0x82, 0x10, 0x61, 0x10,
    0x61, 0x10, 0x81, 0x10, 0x61, 0x10, 0x82, 0x10, 0x61, 0x10, 0x81, 0x10,
    0x81, 0x10, 0x81, 0x10, 0x62, 0x10, 0x81, 0x10, 0x81, 0x10, 0x82, 0x10,
    0x82, 0x10, 0x82, 0x10, 0x82, 0x18, 0x82, 0x10, 0x81, 0x10, 0x82, 0x10,
    0x82, 0x10, 0x81, 0x10, 0x82, 0x10, 0x82, 0x18, 0x81, 0x10, 0x82, 0x10,
    0x82, 0x10, 0x81, 0x10, 0x82, 0x18, 0x81, 0x10, 0x81, 0x10, 0x81, 0x18,
    0x81, 0x10, 0x82, 0x10, 0x81, 0x18, 0x82, 0x10, 0x82, 0x10, 0x81, 0x10,
    0x82, 0x10, 0x82, 0x18, 0x81, 0x10, 0x81, 0x10, 0x82, 0x10, 0x81, 0x10,
    0x82, 0x18, 0x82, 0x18, 0x81, 0x10, 0x82, 0x18, 0x82, 0x18, 0x81, 0x10,
    0x82, 0x10, 0x81, 0x18, 0x82, 0x18, 0x81, 0x18, 0x82, 0x18, 0x81, 0x10,
    0x81, 0x18, 0x82, 0x10, 0x81, 0x10, 0x82, 0x18, 0x81, 0x10, 0xa2, 0x10,
    0x81, 0x10, 0x82, 0x10, 0x81, 0x18, 0x82, 0x10, 0x82, 0x18, 0x81, 0x10,
    0x82, 0x10, 0x82, 0x18, 0x81, 0x18, 0x62, 0x18, 0x61, 0x10, 0x81, 0x10,
    0x82, 0x10, 0x61, 0x10, 0x81, 0x10, 0x61, 0x10, 0x82, 0x18, 0x82, 0x18,
    0x81, 0x10, 0x61, 0x18, 0x82, 0x18, 0x81, 0x10, 0x81, 0x18, 0x81, 0x10,
    0x61, 0x18, 0x61, 0x10, 0x61, 0x18, 0x82, 0x18, 0x82, 0x18, 0x81, 0x18,
    0x07, 0x62, 0xd2, 0xf4, 0x2a, 0xd3, 0x33, 0xf5, 0xc9, 0x8a, 0x68, 0x72,
    0x12, 0xe5, 0xb4, 0xf5, 0x16, 0xfe, 0x16, 0xfe, 0x16, 0xf6, 0x36, 0xfe,
    0xd5, 0xed, 0x94, 0xe5, 0x53, 0xe5, 0x53, 0xe5, 0x74, 0xe5, 0x53, 0xe5,
    0x12, 0xe5, 0xf1, 0xdc, 0xb0, 0xd4, 0x4f, 0xcc, 0x2e, 0xc4, 0xed, 0xbb,
    0xac, 0xb3, 0x2a, 0x9b, 0x2a, 0xa3, 0x8b, 0xb3, 0xac, 0xb3, 0x2e, 0xcc,
    0x8f, 0xdc, 0xd0, 0xe4, 0x11, 0xed, 0xf1, 0xec, 0xd0, 0xec, 0xd0, 0xe4,
    0x11, 0xed, 0x52, 0xed, 0xb4, 0xf5, 0xb4, 0xf5, 0x11, 0xed, 0xb0, 0xdc,
    0x6f, 0xd4, 0x0d, 0xc4, 0x8c, 0xb3, 0xac, 0xbb, 0xcc, 0xbb, 0x8c, 0xb3,
    0x8c, 0xb3, 0x6b, 0xab, 0x6b, 0xab, 0x6b, 0xab, 0x4b, 0xa3, 0x2a, 0x9b,
    0x0a, 0x93, 0xe9, 0x92, 0x2a, 0x9b, 0x2a, 0x93, 0x4b, 0x9b, 0x2a, 0x9b,
    0x2b, 0x9b, 0x2b, 0x9b, 0x6c, 0xa3, 0xad, 0xab, 0xee, 0xb3, 0x0f, 0xbc,
    0x2f, 0xc4, 0xcd, 0xb3, 0xed, 0xbb, 0xed, 0xbb, 0xcd, 0xb3, 0x64, 0x51,
    0x4b, 0xbb, 0x27, 0x6a, 0x61, 0x18, 0x61, 0x10, 0x61, 0x10, 0x61, 0x10,
    0x61, 0x18, 0x61, 0x10, 0x61, 0x10, 0x61, 0x10, 0x81, 0x10, 0x61, 0x10,
    0x61, 0x10, 0x81, 0x10, 0x61, 0x10, 0x61, 0x10, 0x81, 0x10, 0x61, 0x10,
    0x61, 0x10, 0x61, 0x08, 0x60, 0x08, 0x61, 0x10, 0x61, 0x10, 0x60, 0x10,
    0x61, 0x10, 0x60, 0x08, 0x61, 0x10, 0x61, 0x08, 0x60, 0x10, 0x61, 0x10,
    0x60, 0x10, 0x81, 0x10, 0x61, 0x10, 0x60, 0x08, 0x61, 0x10, 0x81, 0x10,
    0x61, 0x10, 0x61, 0x10, 0x61, 0x08, 0x81, 0x10, 0x61, 0x10, 0x61, 0x10,
    0x61, 0x08, 0x81, 0x10, 0x61, 0x10, 0x81, 0x10, 0x61, 0x10, 0x81, 0x10,
    0x61, 0x08, 0x61, 0x10, 0x81, 0x10, 0x61, 0x10, 0x81, 0x10, 0x61, 0x10,
    0x62, 0x10, 0x81, 0x10, 0x61, 0x10, 0x61, 0x10, 0x61, 0x08, 0x61, 0x10,
    0x82, 0x10, 0x81, 0x10, 0x81, 0x10, 0x61, 0x10, 0x81, 0x10, 0x81, 0x10,
    0x61, 0x10, 0x61, 0x10, 0x62, 0x10, 0x61, 0x10, 0x81, 0x10, 0x82, 0x10,
    0x82, 0x10, 0x61, 0x08, 0x61, 0x10, 0x81, 0x10, 0x61, 0x10, 0x81, 0x10,
    0x82, 0x10, 0x82, 0x10, 0x81, 0x10, 0x82, 0x10, 0x61, 0x10, 0x81, 0x10,
    0x82, 0x18, 0x81, 0x10, 0x81, 0x10, 0x82, 0x10, 0x81, 0x10, 0x81, 0x10,
    0x81, 0x10, 0x81, 0x10, 0xa2, 0x18, 0x81, 0x10, 0x82, 0x10, 0x82, 0x10,
    0x81, 0x10, 0x82, 0x10, 0x82, 0x10, 0x82, 0x10, 0x81, 0x10, 0x82, 0x18,
    0x82, 0x10, 0x81, 0x10, 0x82, 0x10, 0x82, 0x10, 0x82, 0x10, 0x82, 0x18,
    0x82, 0x10, 0x81, 0x18, 0x81, 0x10, 0x81, 0x10, 0x81, 0x10, 0x81, 0x10,
    0x81, 0x18, 0x81, 0x10, 0x82, 0x10, 0x81, 0x18, 0x81, 0x10, 0x81, 0x10,
    0x82, 0x10, 0x82, 0x18, 0x81, 0x10, 0x82, 0x18, 0x82, 0x10, 0x81, 0x10,
    0x81, 0x10, 0x82, 0x10, 0x81, 0x10, 0x81, 0x10, 0x82, 0x10, 0x81, 0x10,
    0x82, 0x18, 0x82, 0x10, 0x81, 0x10, 0x81, 0x10, 0x82, 0x18, 0x81, 0x18,
    0xa2, 0x10, 0x81, 0x18, 0x82, 0x18, 0xa1, 0x10, 0x81, 0x10, 0x81, 0x10,
    0x81, 0x10, 0x81, 0x10, 0x61, 0x10, 0x81, 0x10, 0x81, 0x10, 0x81, 0x10,
    0x81, 0x18, 0x82, 0x10, 0x81, 0x18, 0x81, 0x10, 0x81, 0x10, 0x61, 0x18,
    0x61, 0x10, 0x61, 0x10, 0x61, 0x18, 0x82, 0x18, 0x61, 0x10, 0x81, 0x18,
    0x82, 0x10, 0x61, 0x18, 0x82, 0x18, 0x81, 0x18, 0x81, 0x18, 0x81, 0x20,
    0x30, 0xb4, 0xcd, 0xdb, 0xad, 0xdb, 0x12, 0xf5, 0xa9, 0x8a, 0xa9, 0x82,
    0x73, 0xed, 0xb5, 0xfd, 0x16, 0xfe, 0x36, 0xfe, 0x16, 0xf6, 0x16, 0xf6,
    0x37, 0xfe, 0x16, 0xf6, 0xd5, 0xed, 0xb5, 0xed, 0x73, 0xed, 0x32, 0xe5,
    0xd1, 0xdc, 0x6f, 0xcc, 0x2e, 0xbc, 0x2f, 0xbc, 0xea, 0x92, 0x68, 0x7a,
    0x06, 0x6a, 0xa4, 0x59, 0x63, 0x59, 0x43, 0x51, 0x06, 0x72, 0x4a, 0xa3,
    0xec, 0xbb, 0x4e, 0xd4, 0xd0, 0xe4, 0x11, 0xed, 0x32, 0xf5, 0x52, 0xf5,
    0xb4, 0xf5, 0x16, 0xfe, 0x57, 0xfe, 0xd4, 0xf5, 0x52, 0xed, 0xb0, 0xe4,
    0xd0, 0xdc, 0x6f, 0xd4, 0xed, 0xc3, 0xac, 0xbb, 0xcc, 0xbb, 0xac, 0xb3,
    0x6b, 0xab, 0x2a, 0xa3, 0x2a, 0x9b, 0x09, 0x9b, 0xc9, 0x8a, 0xa8, 0x82,
    0xa8, 0x82, 0x09, 0x93, 0x4a, 0x9b, 0x6b, 0xa3, 0xac, 0xab, 0xad, 0xb3,
    0xcd, 0xb3, 0xad, 0xab, 0x8c, 0xab, 0x6c, 0xa3, 0xcd, 0xb3, 0xad, 0xb3,
    0xee, 0xbb, 0x0e, 0xbc, 0xed, 0xbb, 0xed, 0xbb, 0xed, 0xbb, 0xc5, 0x61,
    0xc9, 0xa2, 0x0b, 0x93, 0x81, 0x18, 0x61, 0x18, 0x61, 0x10, 0x81, 0x10,
    0x61, 0x18, 0x61, 0x10, 0x81, 0x10, 0x61, 0x18, 0x61, 0x10, 0x80, 0x10,
    0x61, 0x10, 0x61, 0x10, 0x61, 0x10, 0x61, 0x10, 0x61, 0x10, 0x61, 0x10,
    0x81, 0x10, 0x61, 0x10, 0x61, 0x10, 0x61, 0x10, 0x61, 0x08, 0x61, 0x08,
    0x61, 0x10, 0x61, 0x10, 0x81, 0x10, 0x61, 0x10, 0x61, 0x08, 0x61, 0x08,
    0x81, 0x10, 0x61, 0x10, 0x60, 0x08, 0x61, 0x10, 0x61, 0x10, 0x61, 0x10,
    0x81, 0x10, 0x81, 0x10, 0x61, 0x10, 0x61, 0x10, 0x61, 0x10, 0x61, 0x10,
    0x81, 0x10, 0x61, 0x10, 0x81, 0x10, 0x61, 0x10, 0x61, 0x10, 0x61, 0x10,
    0x81, 0x10, 0x81, 0x10, 0x61, 0x08, 0x61, 0x10, 0x61, 0x08, 0x61, 0x10,
    0x61, 0x08, 0x61, 0x10, 0x81, 0x10, 0x81, 0x10, 0x81, 0x10, 0x61, 0x08,
    0x61, 0x10, 0x81, 0x10, 0x61, 0x10, 0x61, 0x10, 0x61, 0x08, 0x61, 0x10,
    0x62, 0x10, 0x81, 0x10, 0x81, 0x10, 0x61, 0x10, 0x81, 0x10, 0x82, 0x10,
    0x81, 0x10, 0x61, 0x10, 0x81, 0x10, 0x81, 0x10, 0x62, 0x10, 0x61, 0x10,
    0x82, 0x10, 0x81, 0x10, 0x82, 0x10, 0x82, 0x10, 0x81, 0x10, 0x82, 0x10,
    0x81, 0x10, 0x81, 0x10, 0x82, 0x10, 0x82, 0x10, 0x82, 0x10, 0x81, 0x10,
    0xa2, 0x18, 0x82, 0x10, 0xa2, 0x18, 0x82, 0x10, 0x81, 0x10, 0x82, 0x18,
    0x82, 0x18, 0x81, 0x18, 0x81, 0x18, 0x82, 0x10, 0x81, 0x10, 0x82, 0x10,
    0x82, 0x18, 0x81, 0x10, 0x81, 0x10, 0x82, 0x10, 0x82, 0x10, 0x81, 0x10,
    0x82, 0x10, 0x82, 0x18, 0x82, 0x10, 0x81, 0x10, 0x82, 0x18, 0x82, 0x18,
    0x81, 0x10, 0x82, 0x18, 0x82, 0x10, 0x82, 0x18, 0x81, 0x10, 0x82, 0x18,
    0x81, 0x10, 0x82, 0x10, 0x82, 0x10, 0x81, 0x10, 0x82, 0x18, 0x82, 0x10,
    0x82, 0x18, 0x81, 0x10, 0x82, 0x10, 0x82, 0x18, 0x81, 0x10, 0x82, 0x10,
    0xa2, 0x18, 0x82, 0x18, 0x81, 0x10, 0x82, 0x10, 0x81, 0x18, 0x82, 0x10,
    0x81, 0x10, 0x82, 0x10, 0x82, 0x10, 0x82, 0x18, 0x81, 0x10, 0x82, 0x18,
    0x81, 0x18, 0x81, 0x18, 0x82, 0x18, 0x81, 0x10, 0x82, 0x10, 0x62, 0x10,
    0x81, 0x18, 0x82, 0x10, 0x62, 0x18, 0x61, 0x10, 0x82, 0x10, 0x62, 0x18,
    0x81, 0x18, 0x82, 0x10, 0x81, 0x10, 0x82, 0x18, 0x81, 0x10, 0x81, 0x10,
    0x81, 0x18, 0x81, 0x18, 0x61, 0x18, 0x82, 0x18, 0x82, 0x18, 0x81, 0x20,
    0xb1, 0xdc, 0xa8, 0xc2, 0x90, 0xec, 0xb0, 0xec, 0x48, 0x7a, 0x4b, 0x93,
    0x73, 0xf5, 0xd5, 0xfd, 0x16, 0xfe, 0x36, 0xfe, 0x57, 0xfe, 0x57, 0xfe,
    0x36, 0xfe, 0x16, 0xf6, 0x16, 0xf6, 0xd4, 0xf5, 0x32, 0xe5, 0x2e, 0xcc,
    0x8b, 0xab, 0xee, 0xb3, 0x2c, 0x93, 0xca, 0x7a, 0xa6, 0x51, 0xe2, 0x38,
    0xa1, 0x30, 0xe2, 0x40, 0x23, 0x49, 0xa4, 0x61, 0x83, 0x61, 0x22, 0x59,
    0x87, 0x8a, 0x8b, 0xbb, 0xed, 0xc3, 0x8f, 0xdc, 0x94, 0xf5, 0xf5, 0xfd,
    0x57, 0xfe, 0x98, 0xfe, 0xb9, 0xfe, 0x16, 0xfe, 0x53, 0xf5, 0xb0, 0xe4,
    0x11, 0xe5, 0xb0, 0xdc, 0x6f, 0xd4, 0x2e, 0xcc, 0xed, 0xbb, 0x4a, 0xab,
    0xc8, 0x92, 0x67, 0x8a, 0x26, 0x72, 0x84, 0x59, 0x02, 0x41, 0x23, 0x49,
    0x64, 0x51, 0x64, 0x49, 0x84, 0x51, 0x07, 0x6a, 0x88, 0x82, 0x0a, 0x9b,
    0x6c, 0xa3, 0xad, 0xb3, 0xcd, 0xb3, 0xee, 0xbb, 0x2e, 0xbc, 0xcd, 0xb3,
    0x0e, 0xc4, 0x2e, 0xbc, 0x4f, 0xcc, 0x0e, 0xc4, 0x0e, 0xc4, 0x68, 0x7a,
    0xa8, 0x9a, 0x6c, 0xa3, 0x81, 0x18, 0x61, 0x18, 0x81, 0x10, 0x61, 0x18,
    0x61, 0x10, 0x61, 0x18, 0x61, 0x10, 0x61, 0x10, 0x61, 0x10, 0x61, 0x10,
    0x61, 0x10, 0x81, 0x10, 0x61, 0x10, 0x61, 0x10, 0x61, 0x10, 0x61, 0x10,
    0x61, 0x10, 0x61, 0x10, 0x81, 0x10, 0x61, 0x10, 0x61, 0x08, 0x60, 0x10,
    0x61, 0x08, 0x61, 0x10, 0x61, 0x10, 0x60, 0x10, 0x61, 0x10, 0x61, 0x10,
    0x61, 0x10, 0x61, 0x10, 0x61, 0x10, 0x81, 0x10, 0x81, 0x10, 0x81, 0x10,
    0x61, 0x10, 0x81, 0x10, 0x61, 0x10, 0x81, 0x10, 0x81, 0x10, 0x81, 0x10,
    0x61, 0x10, 0x61, 0x10, 0x81, 0x10, 0x81, 0x10, 0x61, 0x08, 0x81, 0x10,
    0x61, 0x10, 0x61, 0x10, 0x81, 0x10, 0x81, 0x10, 0x81, 0x10, 0x82, 0x10,
    0x81, 0x10, 0x61, 0x10, 0x61, 0x10, 0x81, 0x10, 0x62, 0x10, 0x61, 0x10,
    0x81, 0x10, 0x61, 0x10, 0x81, 0x10, 0x82, 0x10, 0x61, 0x10, 0x81, 0x10,
    0x82, 0x10, 0x81, 0x10, 0x81, 0x10, 0x81, 0x10, 0x61, 0x10, 0x82, 0x10,
    0x81, 0x10, 0x61, 0x10, 0x81, 0x10, 0x82, 0x10, 0x82, 0x10, 0x81, 0x10,
    0x81, 0x10, 0x61, 0x10, 0x61, 0x10, 0x81, 0x10, 0x81, 0x10, 0x82, 0x10,
    0x61, 0x10, 0x81, 0x10, 0x62, 0x10, 0x81, 0x10, 0x81, 0x10, 0x62, 0x10,
    0x82, 0x10, 0x82, 0x18, 0x81, 0x18, 0x82, 0x10, 0x82, 0x18, 0x82, 0x10,
    0x81, 0x10, 0x82, 0x10, 0x81, 0x10, 0x82, 0x18, 0x82, 0x10, 0x81, 0x10,
    0x82, 0x10, 0x82, 0x10, 0x81, 0x18, 0x82, 0x18, 0x81, 0x10, 0x81, 0x10,
    0x81, 0x10, 0x82, 0x10, 0x81, 0x10, 0x81, 0x10, 0x82, 0x10, 0x81, 0x10,
    0x82, 0x10, 0x81, 0x10, 0x81, 0x18, 0x81, 0x10, 0x82, 0x10, 0x81, 0x18,
    0x81, 0x10, 0x82, 0x10, 0x82, 0x18, 0x81, 0x10, 0x82, 0x10, 0x81, 0x18,
    0x81, 0x10, 0x82, 0x10, 0x82, 0x18, 0x81, 0x10, 0x81, 0x10, 0xa1, 0x10,
    0x81, 0x18, 0x81, 0x10, 0x82, 0x10, 0x82, 0x18, 0x81, 0x10, 0x82, 0x10,
    0x82, 0x10, 0x81, 0x18, 0x82, 0x10, 0x82, 0x10, 0x81, 0x18, 0x81, 0x10,
    0x81, 0x10, 0x62, 0x10, 0x81, 0x10, 0x81, 0x10, 0x62, 0x18, 0x81, 0x10,
    0x81, 0x10, 0x61, 0x10, 0x62, 0x18, 0x81, 0x10, 0x81, 0x10, 0x81, 0x10,
    0x81, 0x18, 0x81, 0x18, 0x81, 0x10, 0x81, 0x10, 0x61, 0x18, 0x82, 0x10,
    0x81, 0x10, 0x61, 0x18, 0x61, 0x18, 0x81, 0x18, 0x82, 0x18, 0x03, 0x31,
    0xd1, 0xec, 0x4b, 0xcb, 0x32, 0xf5, 0x12, 0xed, 0x48, 0x72, 0xcd, 0xb3,
    0x74, 0xf5, 0xd5, 0xfd, 0x16, 0xfe, 0x77, 0xfe, 0x77, 0xfe, 0x37, 0xfe,
    0x56, 0xfe, 0x15, 0xf6, 0x93, 0xed, 0xd0, 0xdc, 0x8b, 0xb3, 0x09, 0x9b,
    0x88, 0x82, 0x4b, 0x93, 0x14, 0xbd, 0xb8, 0xc5, 0x72, 0x9c, 0x6a, 0x62,
    0x00, 0x08, 0xa0, 0x30, 0x85, 0x51, 0xa5, 0x61, 0xc5, 0x69, 0x67, 0x8a,
    0xc4, 0x71, 0x67, 0x8a, 0x8c, 0xbb, 0x2e, 0xcc, 0x73, 0xf5, 0x16, 0xfe,
    0x78, 0xfe, 0xb9, 0xfe, 0xba, 0xfe, 0x37, 0xfe, 0x12, 0xf5, 0x8f, 0xe4,
    0xf1, 0xe4, 0xb1, 0xdc, 0xd1, 0xe4, 0x8f, 0xd4, 0xcd, 0xbb, 0xc9, 0x92,
    0x26, 0x7a, 0x64, 0x61, 0x61, 0x30, 0xa1, 0x38, 0xe2, 0x40, 0xe3, 0x38,
    0x41, 0x20, 0x00, 0x18, 0x20, 0x18, 0x41, 0x20, 0xe3, 0x38, 0x85, 0x51,
    0x68, 0x72, 0xa8, 0x82, 0x4b, 0xa3, 0x0e, 0xbc, 0x2f, 0xc4, 0x4f, 0xc4,
    0x6f, 0xc4, 0x2e, 0xc4, 0x4e, 0xcc, 0x2e, 0xc4, 0x0d, 0xc4, 0x88, 0x7a,
    0x88, 0x92, 0x6c, 0xa3, 0x61, 0x18, 0x61, 0x10, 0x61, 0x10, 0x61, 0x10,
    0x61, 0x10, 0x81, 0x10, 0x61, 0x10, 0x61, 0x10, 0x81, 0x10, 0x61, 0x10,
    0x61, 0x10, 0x81, 0x08, 0x61, 0x10, 0x61, 0x10, 0x61, 0x10, 0x61, 0x10,
    0x61, 0x10, 0x61, 0x10, 0x61, 0x08, 0x80, 0x10, 0x61, 0x10, 0x61, 0x10,
    0x60, 0x08, 0x61, 0x10, 0x61, 0x10, 0x81, 0x08, 0x61, 0x10, 0x61, 0x10,
    0x60, 0x10, 0x81, 0x08, 0x61, 0x10, 0x61, 0x08, 0x81, 0x10, 0x61, 0x08,
    0x61, 0x10, 0x61, 0x10, 0x81, 0x10, 0x61, 0x10, 0x61, 0x08, 0x81, 0x10,
    0x61, 0x10, 0x61, 0x08, 0x61, 0x10, 0x61, 0x10, 0x61, 0x08, 0x81, 0x10,
    0x61, 0x10, 0x61, 0x10, 0x81, 0x10, 0x62, 0x10, 0x61, 0x10, 0x81, 0x10,
    0x61, 0x10, 0x61, 0x10, 0x61, 0x10, 0x61, 0x08, 0x61, 0x08, 0x61, 0x10,
    0x61, 0x10, 0x61, 0x08, 0x61, 0x10, 0x81, 0x10, 0x61, 0x10, 0x61, 0x10,
    0x81, 0x10, 0x61, 0x10, 0x81, 0x10, 0x81, 0x10, 0x81, 0x10, 0x62, 0x10,
    0x82, 0x10, 0x81, 0x10, 0x61, 0x10, 0x81, 0x10, 0x61, 0x10, 0x81, 0x10,
    0x62, 0x10, 0x82, 0x10, 0x61, 0x10, 0x81, 0x10, 0x61, 0x10, 0x82, 0x10,
    0x81, 0x10, 0x81, 0x10, 0x81, 0x10, 0x82, 0x18, 0x81, 0x10, 0x82, 0x10,
    0x82, 0x18, 0xa2, 0x18, 0x82, 0x10, 0x82, 0x10, 0xa2, 0x18, 0x82, 0x10,
    0x81, 0x10, 0x82, 0x10, 0x82, 0x10, 0x81, 0x18, 0x81, 0x18, 0x82, 0x10,
    0x81, 0x10, 0x82, 0x10, 0x82, 0x10, 0x82, 0x10, 0x82, 0x10, 0x82, 0x18,
    0x82, 0x18, 0x82, 0x18, 0x81, 0x10, 0x82, 0x18, 0x81, 0x18, 0x81, 0x10,
    0x82, 0x18, 0x81, 0x10, 0x81, 0x10, 0x82, 0x18, 0x82, 0x10, 0x81, 0x10,
    0x81, 0x18, 0x82, 0x18, 0x81, 0x10, 0x82, 0x10, 0x82, 0x10, 0x82, 0x18,
    0x82, 0x10, 0x81, 0x10, 0x82, 0x10, 0x82, 0x18, 0x82, 0x10, 0x82, 0x18,
    0x81, 0x10, 0x82, 0x10, 0x81, 0x18, 0x81, 0x10, 0x82, 0x10, 0x81, 0x18,
    0x81, 0x18, 0x82, 0x10, 0x82, 0x18, 0x81, 0x10, 0x82, 0x10, 0x81, 0x18,
    0x81, 0x10, 0x81, 0x10, 0x62, 0x10, 0x81, 0x10, 0x81, 0x18, 0x82, 0x10,
    0x82, 0x10, 0x81, 0x18, 0x61, 0x10, 0x81, 0x10, 0x82, 0x18, 0x81, 0x10,
    0x61, 0x10, 0x61, 0x18, 0x82, 0x18, 0x81, 0x18, 0x82, 0x18, 0x61, 0x10,
    0x81, 0x18, 0x82, 0x18, 0x82, 0x18, 0x81, 0x18, 0x81, 0x20, 0x8a, 0x7a,
    0x4f, 0xe4, 0x33, 0xf5, 0x17, 0xfe, 0xd6, 0xf5, 0x27, 0x72, 0x4f, 0xc4,
    0x94, 0xf5, 0xf5, 0xfd, 0x16, 0xfe, 0x77, 0xfe, 0x78, 0xfe, 0x57, 0xfe,
    0x16, 0xf6, 0xb3, 0xed, 0xd0, 0xdc, 0x8b, 0xb3, 0x8c, 0xb3, 0xac, 0xb3,
    0x8c, 0xb3, 0x91, 0xc4, 0x7a, 0xe6, 0x7a, 0xde, 0x97, 0xbd, 0xec, 0x72,
    0x40, 0x20, 0x21, 0x49, 0x84, 0x51, 0x07, 0x6a, 0xc6, 0x69, 0x06, 0x72,
    0x88, 0x92, 0xa7, 0x92, 0x4a, 0xab, 0x2e, 0xcc, 0x94, 0xf5, 0x57, 0xfe,
    0x98, 0xfe, 0xb9, 0xfe, 0xba, 0xfe, 0xf6, 0xfd, 0x12, 0xed, 0x4f, 0xdc,
    0x90, 0xe4, 0xb1, 0xe4, 0xd1, 0xe4, 0xb0, 0xdc, 0xcd, 0xb3, 0xc9, 0x92,
    0xc5, 0x69, 0x02, 0x51, 0xe2, 0x40, 0xa1, 0x38, 0x03, 0x41, 0x86, 0x49,
    0x49, 0x5a, 0x20, 0x10, 0x00, 0x08, 0x03, 0x39, 0x2d, 0x73, 0x72, 0x9c,
    0x48, 0x62, 0xe6, 0x61, 0xc5, 0x61, 0xe9, 0x9a, 0x0d, 0xbc, 0x8f, 0xcc,
    0x90, 0xcc, 0xb0, 0xd4, 0x8f, 0xd4, 0x6f, 0xcc, 0x2e, 0xc4, 0xea, 0x92,
    0x27, 0x7a, 0x6c, 0xab, 0x61, 0x18, 0x61, 0x18, 0x61, 0x10, 0x81, 0x18,
    0x61, 0x18, 0x61, 0x10, 0x61, 0x10, 0x61, 0x10, 0x61, 0x10, 0x61, 0x10,
    0x61, 0x10, 0x61, 0x10, 0x61, 0x10, 0x61, 0x10, 0x61, 0x10, 0x61, 0x10,
    0x61, 0x10, 0x81, 0x10, 0x61, 0x10, 0x61, 0x10, 0x61, 0x10, 0x81, 0x10,
    0x61, 0x10, 0x61, 0x10, 0x60, 0x10, 0x61, 0x08, 0x61, 0x10, 0x61, 0x10,
    0x61, 0x10, 0x61, 0x08, 0x61, 0x10, 0x81, 0x10, 0x61, 0x10, 0x61, 0x10,
    0x81, 0x10, 0x61, 0x10, 0x61, 0x10, 0x61, 0x10, 0x61, 0x10, 0x81, 0x10,
    0x61, 0x10, 0x61, 0x10, 0x61, 0x10, 0x81, 0x10, 0x81, 0x10, 0x61, 0x10,
    0x81, 0x10, 0x81, 0x10, 0x61, 0x10, 0x61, 0x10, 0x81, 0x10, 0x61, 0x10,
    0x61, 0x10, 0x81, 0x10, 0x61, 0x08, 0x82, 0x10, 0x81, 0x10, 0x81, 0x10,
    0x61, 0x10, 0x61, 0x10, 0x81, 0x10, 0x61, 0x10, 0x82, 0x08, 0x81, 0x10,
    0x61, 0x10, 0x62, 0x10, 0x61, 0x08, 0x61, 0x10, 0x81, 0x10, 0x61, 0x10,
    0x61, 0x10, 0x81, 0x10, 0x81, 0x10, 0x81, 0x10, 0x81, 0x10, 0x82, 0x10,
    0x62, 0x10, 0x82, 0x10, 0x82, 0x10, 0x82, 0x10, 0x81, 0x10, 0x81, 0x10,
    0x82, 0x10, 0x82, 0x18, 0x82, 0x10, 0x81, 0x10, 0x82, 0x10, 0x82, 0x10,
    0xa2, 0x18, 0x82, 0x10, 0xa1, 0x10, 0xa2, 0x18, 0xa2, 0x18, 0x82, 0x10,
    0x81, 0x18, 0x82, 0x18, 0x81, 0x10, 0x82, 0x10, 0x82, 0x10, 0x82, 0x10,
    0x82, 0x18, 0x81, 0x10, 0x82, 0x18, 0x81, 0x10, 0x81, 0x10, 0x82, 0x10,
    0x81, 0x10, 0x81, 0x10, 0x82, 0x10, 0x82, 0x18, 0x81, 0x10, 0x81, 0x10,
    0x82, 0x18, 0x81, 0x10, 0x81, 0x10, 0x82, 0x10, 0x81, 0x10, 0x82, 0x18,
    0x82, 0x10, 0x81, 0x10, 0x82, 0x18, 0x81, 0x10, 0x82, 0x18, 0x82, 0x10,
    0x81, 0x18, 0x81, 0x10, 0x82, 0x18, 0x82, 0x10, 0x81, 0x18, 0x81, 0x10,
    0x82, 0x10, 0x82, 0x18, 0x81, 0x10, 0x82, 0x18, 0x82, 0x10, 0x81, 0x10,
    0x81, 0x10, 0x82, 0x10, 0x82, 0x10, 0x81, 0x18, 0x81, 0x10, 0x82, 0x10,
    0x81, 0x18, 0x82, 0x10, 0x61, 0x10, 0x81, 0x18, 0x81, 0x10, 0x62, 0x10,
    0x81, 0x18, 0x61, 0x10, 0x82, 0x10, 0x81, 0x10, 0x82, 0x10, 0x61, 0x18,
    0x81, 0x18, 0x61, 0x10, 0x82, 0x18, 0x81, 0x18, 0x82, 0x18, 0x81, 0x10,
    0x81, 0x10, 0x81, 0x10, 0x82, 0x18, 0x82, 0x18, 0x81, 0x18, 0x4c, 0xa3,
    0x91, 0xec, 0x17, 0xfe, 0x58, 0xfe, 0xf2, 0xe4, 0xc6, 0x61, 0xb1, 0xd4,
    0x94, 0xfd, 0xf5, 0xfd, 0x37, 0xfe, 0x57, 0xfe, 0x77, 0xfe, 0x98, 0xfe,
    0x36, 0xf6, 0x93, 0xed, 0xd0, 0xdc, 0xb0, 0xd4, 0x73, 0xed, 0x12, 0xe5,
    0x53, 0xe5, 0xf2, 0xdc, 0xd3, 0xd4, 0x7a, 0xe6, 0xb4, 0xac, 0xc5, 0x61,
    0xa2, 0x61, 0x82, 0x59, 0xa4, 0x59, 0x06, 0x72, 0xa5, 0x69, 0x02, 0x59,
    0x44, 0x61, 0xc5, 0x79, 0x8c, 0xb3, 0xd0, 0xe4, 0x94, 0xf5, 0x58, 0xfe,
    0x99, 0xfe, 0x99, 0xfe, 0x78, 0xfe, 0xd6, 0xfd, 0x12, 0xf5, 0x4f, 0xdc,
    0x70, 0xdc, 0x90, 0xe4, 0xb0, 0xe4, 0xb0, 0xdc, 0x2f, 0xcc, 0x0a, 0x9b,
    0x47, 0x82, 0xe2, 0x48, 0x40, 0x20, 0x41, 0x28, 0x44, 0x49, 0xa6, 0x51,
    0xe7, 0x51, 0x40, 0x18, 0x00, 0x08, 0x65, 0x49, 0x56, 0xbd, 0x97, 0xbd,
    0x31, 0x9c, 0xeb, 0x82, 0x84, 0x59, 0x84, 0x61, 0xe9, 0x9a, 0x2e, 0xc4,
    0xb0, 0xd4, 0xd0, 0xd4, 0xd0, 0xd4, 0x6e, 0xcc, 0x2e, 0xcc, 0x4b, 0xa3,
    0xe6, 0x79, 0x6c, 0xab, 0x61, 0x18, 0x61, 0x18, 0x81, 0x10, 0x61, 0x10,
    0x61, 0x10, 0x61, 0x10, 0x61, 0x18, 0x61, 0x18, 0x61, 0x10, 0x81, 0x10,
    0x61, 0x10, 0x61, 0x10, 0x61, 0x10, 0x61, 0x10, 0x61, 0x08, 0x61, 0x10,
    0x81, 0x10, 0x61, 0x10, 0x61, 0x10, 0x61, 0x10, 0x81, 0x08, 0x61, 0x10,
    0x61, 0x10, 0x81, 0x10, 0x60, 0x10, 0x61, 0x10, 0x61, 0x10, 0x81, 0x10,
    0x61, 0x08, 0x61, 0x10, 0x61, 0x10, 0x81, 0x10, 0x61, 0x10, 0x61, 0x08,
    0x61, 0x10, 0x61, 0x10, 0x61, 0x10, 0x61, 0x10, 0x62, 0x10, 0x81, 0x10,
    0x61, 0x08, 0x81, 0x10, 0x81, 0x10, 0x61, 0x10, 0x61, 0x10, 0x61, 0x10,
    0x81, 0x10, 0x61, 0x10, 0x61, 0x10, 0x82, 0x10, 0x81, 0x10, 0x61, 0x10,
    0x81, 0x10, 0x81, 0x10, 0x81, 0x10, 0x61, 0x10, 0x81, 0x10, 0x62, 0x10,
    0x61, 0x08, 0x81, 0x10, 0x81, 0x10, 0x61, 0x10, 0x82, 0x10, 0x81, 0x10,
    0x61, 0x10, 0x81, 0x10, 0x82, 0x10, 0x62, 0x10, 0x81, 0x10, 0x81, 0x10,
    0x81, 0x10, 0x81, 0x10, 0x81, 0x10, 0x62, 0x10, 0x61, 0x10, 0x81, 0x10,
    0x81, 0x10, 0x81, 0x10, 0x81, 0x10, 0x62, 0x10, 0x82, 0x10, 0x82, 0x10,
    0x81, 0x18, 0x82, 0x10, 0x81, 0x10, 0x81, 0x10, 0x82, 0x18, 0x82, 0x10,
    0x82, 0x18, 0xa2, 0x18, 0x82, 0x10, 0x81, 0x10, 0x82, 0x10, 0x82, 0x10,
    0x81, 0x10, 0x82, 0x18, 0x81, 0x10, 0x82, 0x10, 0x82, 0x10, 0x82, 0x10,
    0x81, 0x10, 0x81, 0x10, 0x82, 0x10, 0x82, 0x18, 0x81, 0x10, 0x81, 0x10,
    0x82, 0x10, 0x81, 0x10, 0x82, 0x10, 0x82, 0x10, 0x82, 0x10, 0x81, 0x10,
    0x82, 0x18, 0x81, 0x10, 0x81, 0x10, 0x81, 0x18, 0x82, 0x10, 0x81, 0x10,
    0x81, 0x10, 0x82, 0x10, 0x81, 0x18, 0x81, 0x10, 0x82, 0x10, 0x81, 0x10,
    0x81, 0x10, 0x82, 0x10, 0x81, 0x10, 0x81, 0x18, 0x81, 0x10, 0x81, 0x10,
    0xa1, 0x18, 0x82, 0x18, 0x81, 0x18, 0x81, 0x10, 0x81, 0x18, 0x81, 0x10,
    0x82, 0x10, 0x82, 0x18, 0x81, 0x10, 0x82, 0x10, 0x81, 0x10, 0x61, 0x10,
    0x61, 0x10, 0x81, 0x10, 0x81, 0x10, 0x82, 0x10, 0x81, 0x10, 0x81, 0x10,
    0x61, 0x10, 0x61, 0x10, 0x82, 0x18, 0x81, 0x10, 0x81, 0x10, 0x82, 0x18,
    0x81, 0x10, 0x82, 0x10, 0x81, 0x18, 0x62, 0x10, 0x81, 0x18, 0x82, 0x18,
    0x81, 0x18, 0x81, 0x18, 0x81, 0x18, 0x82, 0x18, 0xa1, 0x20, 0x8d, 0xbb,
    0x54, 0xfd, 0x17, 0xfe, 0xb6, 0xfd, 0xcd, 0xcb, 0xc6, 0x61, 0xf2, 0xe4,
    0x94, 0xfd, 0xf6, 0xfd, 0x57, 0xfe, 0x78, 0xfe, 0x77, 0xfe, 0xb9, 0xfe,
    0x98, 0xfe, 0x15, 0xf6, 0xb4, 0xed, 0x52, 0xe5, 0x73, 0xed, 0x94, 0xf5,
    0xb4, 0xf5, 0xf6, 0xf5, 0x54, 0xe5, 0x70, 0xcc, 0x30, 0xbc, 0xca, 0x92,
    0x67, 0x7a, 0x47, 0x82, 0x68, 0x82, 0x68, 0x8a, 0x67, 0x8a, 0x84, 0x71,
    0xc5, 0x79, 0xc9, 0xa2, 0x6b, 0xb3, 0xb0, 0xdc, 0x53, 0xed, 0x58, 0xfe,
    0x78, 0xfe, 0x78, 0xfe, 0x58, 0xfe, 0x95, 0xfd, 0xb1, 0xec, 0x0e, 0xdc,
    0x0f, 0xd4, 0x70, 0xdc, 0x90, 0xdc, 0x6f, 0xdc, 0xed, 0xc3, 0x4b, 0xab,
    0xc5, 0x61, 0xe2, 0x40, 0x20, 0x28, 0x40, 0x28, 0xe3, 0x40, 0x85, 0x51,
    0xc2, 0x30, 0xe1, 0x38, 0xe1, 0x38, 0x02, 0x39, 0xaf, 0x8b, 0x36, 0xbd,
    0x92, 0xac, 0xc9, 0x8a, 0xc9, 0x8a, 0x47, 0x7a, 0x47, 0x82, 0x29, 0xa3,
    0x2d, 0xc4, 0x8f, 0xd4, 0xaf, 0xd4, 0x8e, 0xd4, 0x2d, 0xc4, 0x8c, 0xab,
    0xa5, 0x69, 0x4c, 0xbb, 0xa2, 0x20, 0x61, 0x18, 0x61, 0x10, 0x61, 0x10,
    0x61, 0x10, 0x61, 0x10, 0x61, 0x10, 0x80, 0x10, 0x61, 0x10, 0x61, 0x10,
    0x61, 0x10, 0x61, 0x10, 0x61, 0x10, 0x61, 0x10, 0x61, 0x10, 0x61, 0x10,
    0x61, 0x10, 0x60, 0x10, 0x61, 0x08, 0x81, 0x10, 0x60, 0x10, 0x61, 0x10,
    0x61, 0x10, 0x61, 0x10, 0x61, 0x08, 0x61, 0x10, 0x61, 0x10, 0x60, 0x10,
    0x81, 0x10, 0x61, 0x10, 0x61, 0x10, 0x81, 0x10, 0x81, 0x10, 0x81, 0x10,
    0x61, 0x10, 0x81, 0x10, 0x81, 0x10, 0x61, 0x10, 0x61, 0x10, 0x61, 0x10,
    0x61, 0x08, 0x81, 0x10, 0x61, 0x10, 0x61, 0x10, 0x81, 0x10, 0x81, 0x08,
    0x61, 0x10, 0x81, 0x10, 0x62, 0x10, 0x81, 0x08, 0x61, 0x10, 0x81, 0x10,
    0x61, 0x08, 0x81, 0x10, 0x61, 0x10, 0x61, 0x10, 0x82, 0x10, 0x81, 0x10,
    0x61, 0x10, 0x61, 0x10, 0x81, 0x10, 0x62, 0x10, 0x61, 0x10, 0x61, 0x10,
    0x82, 0x10, 0x81, 0x10, 0x61, 0x10, 0x81, 0x10, 0x61, 0x10, 0x62, 0x10,
    0x81, 0x10, 0x81, 0x10, 0x61, 0x10, 0x61, 0x10, 0x81, 0x10, 0x61, 0x10,
    0x81, 0x10, 0x81, 0x10, 0x61, 0x10, 0x81, 0x10, 0x82, 0x10, 0x82, 0x10,
    0x81, 0x10, 0x82, 0x10, 0x82, 0x18, 0x81, 0x10, 0xa2, 0x10, 0x81, 0x10,
    0x82, 0x18, 0xa2, 0x10, 0xa2, 0x18, 0x82, 0x18, 0x82, 0x18, 0x82, 0x18,
    0x82, 0x10, 0xa2, 0x10, 0x82, 0x18, 0x81, 0x18, 0xa2, 0x10, 0x81, 0x10,
    0x82, 0x18, 0x82, 0x10, 0x82, 0x10, 0x82, 0x18, 0x82, 0x10, 0x82, 0x18,
    0x82, 0x18, 0x81, 0x10, 0x82, 0x18, 0x81, 0x10, 0x82, 0x10, 0x82, 0x18,
    0x82, 0x10, 0x81, 0x10, 0x82, 0x18, 0x82, 0x10, 0x81, 0x18, 0x81, 0x10,
    0x82, 0x10, 0x82, 0x18, 0x81, 0x10, 0xa2, 0x10, 0x82, 0x18, 0x81, 0x18,
    0xa2, 0x10, 0x82, 0x10, 0x81, 0x18, 0x82, 0x10, 0x82, 0x10, 0x81, 0x18,
    0x81, 0x10, 0x82, 0x10, 0x81, 0x10, 0x81, 0x10, 0x82, 0x10, 0x82, 0x10,
    0x81, 0x10, 0x81, 0x18, 0x82, 0x18, 0x82, 0x10, 0x81, 0x10, 0x81, 0x18,
    0x82, 0x18, 0x61, 0x18, 0x82, 0x10, 0x61, 0x10, 0x82, 0x18, 0x82, 0x10,
    0x82, 0x10, 0x81, 0x18, 0x82, 0x18, 0x81, 0x10, 0x61, 0x18, 0x81, 0x18,
    0x61, 0x10, 0x81, 0x18, 0x81, 0x10, 0x82, 0x18, 0x82, 0x18, 0x81, 0x18,
    0x62, 0x18, 0x81, 0x18, 0x81, 0x18, 0x81, 0x18, 0x82, 0x20, 0x2f, 0xcc,
    0xb6, 0xfd, 0x54, 0xfd, 0xb1, 0xec, 0x4b, 0xc3, 0x27, 0x72, 0x53, 0xf5,
    0xb5, 0xfd, 0xf6, 0xfd, 0x57, 0xfe, 0x78, 0xfe, 0x98, 0xfe, 0x98, 0xfe,
    0x98, 0xfe, 0x57, 0xfe, 0x37, 0xfe, 0xf5, 0xf5, 0xb4, 0xf5, 0xb4, 0xf5,
    0x16, 0xf6, 0x37, 0xf6, 0xd5, 0xed, 0x33, 0xe5, 0xb1, 0xd4, 0x2f, 0xc4,
    0x2b, 0xa3, 0xc9, 0x9a, 0x67, 0x8a, 0xe6, 0x81, 0xa4, 0x79, 0x84, 0x71,
    0x06, 0x82, 0x0a, 0xa3, 0x0a, 0xa3, 0x90, 0xd4, 0xb5, 0xf5, 0x57, 0xfe,
    0x37, 0xfe, 0x38, 0xfe, 0xf7, 0xfd, 0x33, 0xf5, 0x2f, 0xdc, 0xad, 0xcb,
    0xad, 0xd3, 0x0e, 0xd4, 0x2f, 0xdc, 0x4f, 0xd4, 0xcd, 0xbb, 0xea, 0x92,
    0x47, 0x7a, 0x84, 0x61, 0xa1, 0x40, 0xa1, 0x38, 0x44, 0x59, 0xc5, 0x69,
    0xc5, 0x61, 0x64, 0x59, 0x44, 0x49, 0x89, 0x7a, 0x31, 0xa4, 0x11, 0xac,
    0x2c, 0x9b, 0x8c, 0xab, 0x4b, 0xab, 0x8c, 0xb3, 0x6b, 0xab, 0x4a, 0xa3,
    0xec, 0xbb, 0xaf, 0xd4, 0xaf, 0xdc, 0x6e, 0xd4, 0x4e, 0xcc, 0xed, 0xbb,
    0xe6, 0x79, 0xca, 0xb2, 0x28, 0x72, 0x61, 0x18, 0x61, 0x10, 0x81, 0x10,
    0x61, 0x18, 0x61, 0x10, 0x61, 0x10, 0x61, 0x10, 0x61, 0x10, 0x61, 0x10,
    0x61, 0x10, 0x61, 0x10, 0x61, 0x10, 0x61, 0x10, 0x61, 0x10, 0x81, 0x10,
    0x61, 0x10, 0x61, 0x10, 0x81, 0x10, 0x61, 0x10, 0x60, 0x10, 0x60, 0x10,
    0x61, 0x10, 0x61, 0x08, 0x81, 0x10, 0x60, 0x10, 0x61, 0x10, 0x61, 0x10,
    0x61, 0x10, 0x61, 0x10, 0x81, 0x10, 0x61, 0x10, 0x81, 0x10, 0x61, 0x10,
    0x81, 0x10, 0x82, 0x10, 0x61, 0x10, 0x81, 0x10, 0x81, 0x10, 0x82, 0x10,
    0x61, 0x10, 0x81, 0x10, 0x61, 0x10, 0x61, 0x10, 0x81, 0x10, 0x61, 0x10,
    0x61, 0x10, 0x82, 0x10, 0x81, 0x10, 0x81, 0x10, 0x62, 0x10, 0x61, 0x10,
    0x81, 0x10, 0x62, 0x10, 0x81, 0x10, 0x81, 0x10, 0x62, 0x10, 0x81, 0x10,
    0x62, 0x10, 0x81, 0x10, 0x61, 0x10, 0x81, 0x10, 0x81, 0x10, 0x62, 0x10,
    0x81, 0x10, 0x61, 0x08, 0x61, 0x10, 0x81, 0x10, 0x81, 0x10, 0x62, 0x10,
    0x82, 0x10, 0x61, 0x10, 0x81, 0x10, 0x81, 0x10, 0x61, 0x10, 0x61, 0x10,
    0x81, 0x10, 0x82, 0x10, 0x81, 0x10, 0x82, 0x10, 0x81, 0x10, 0x82, 0x10,
    0x81, 0x10, 0x81, 0x10, 0x82, 0x18, 0x82, 0x18, 0x82, 0x10, 0x82, 0x10,
    0x82, 0x10, 0x81, 0x10, 0xa2, 0x18, 0xa2, 0x10, 0xa1, 0x10, 0xa2, 0x18,
    0x81, 0x10, 0x82, 0x10, 0x82, 0x10, 0x81, 0x10, 0x82, 0x10, 0x82, 0x18,
    0x81, 0x10, 0x82, 0x10, 0x81, 0x18, 0xa2, 0x10, 0x82, 0x10, 0x82, 0x10,
    0x81, 0x10, 0x82, 0x10, 0x82, 0x10, 0x81, 0x18, 0x82, 0x10, 0x82, 0x10,
    0x81, 0x18, 0x82, 0x10, 0x82, 0x10, 0x81, 0x18, 0x82, 0x10, 0x82, 0x18,
    0x81, 0x10, 0x81, 0x10, 0x82, 0x18, 0x81, 0x18, 0x82, 0x10, 0x82, 0x10,
    0x81, 0x18, 0x82, 0x10, 0x81, 0x10, 0x82, 0x10, 0x82, 0x10, 0x81, 0x18,
    0x81, 0x10, 0x82, 0x18, 0x81, 0x18, 0x81, 0x10, 0x81, 0x10, 0x82, 0x10,
    0x81, 0x10, 0x81, 0x10, 0x82, 0x10, 0x81, 0x10, 0x62, 0x18, 0x81, 0x10,
    0x61, 0x10, 0x61, 0x18, 0x81, 0x18, 0x81, 0x10, 0x61, 0x18, 0x81, 0x10,
    0x81, 0x10, 0x81, 0x10, 0x82, 0x10, 0x61, 0x10, 0x61, 0x18, 0x82, 0x10,
    0x82, 0x18, 0x81, 0x10, 0x81, 0x10, 0x61, 0x18, 0x82, 0x18, 0x81, 0x18,
    0x81, 0x18, 0x82, 0x18, 0x81, 0x18, 0x82, 0x18, 0x82, 0x20, 0xf2, 0xe4,
    0x75, 0xfd, 0x70, 0xec, 0x8c, 0xd3, 0xea, 0xba, 0x89, 0x82, 0x74, 0xf5,
    0xd5, 0xfd, 0xd6, 0xfd, 0x16, 0xfe, 0x57, 0xfe, 0x78, 0xfe, 0x78, 0xfe,
    0x57, 0xfe, 0x78, 0xfe, 0x57, 0xfe, 0x36, 0xf6, 0xf5, 0xf5, 0x16, 0xf6,
    0x36, 0xf6, 0x37, 0xf6, 0xf6, 0xf5, 0x94, 0xed, 0xd0, 0xdc, 0x0d, 0xcc,
    0x4a, 0xab, 0xa8, 0x9a, 0x67, 0x8a, 0xe5, 0x81, 0xc5, 0x79, 0xe5, 0x79,
    0x27, 0x8a, 0x67, 0x8a, 0x2a, 0xa3, 0x53, 0xed, 0xd5, 0xfd, 0x16, 0xfe,
    0x17, 0xfe, 0x58, 0xfe, 0xf6, 0xfd, 0xd2, 0xec, 0x0f, 0xdc, 0xad, 0xcb,
    0x8c, 0xcb, 0x0f, 0xd4, 0x0f, 0xd4, 0x2f, 0xd4, 0xee, 0xcb, 0x6b, 0xa3,
    0xa5, 0x61, 0x23, 0x51, 0xc2, 0x48, 0x81, 0x40, 0xc2, 0x48, 0x43, 0x59,
    0xa5, 0x69, 0xe6, 0x71, 0x27, 0x7a, 0xa9, 0x8a, 0xea, 0x92, 0x6c, 0xa3,
    0x70, 0xc4, 0x6f, 0xc4, 0xed, 0xbb, 0xed, 0xbb, 0xec, 0xbb, 0xec, 0xbb,
    0x6e, 0xcc, 0xaf, 0xd4, 0xaf, 0xd4, 0x8f, 0xd4, 0x2e, 0xcc, 0x0d, 0xc4,
    0x48, 0x82, 0x4b, 0xb3, 0xca, 0x92, 0x61, 0x18, 0x81, 0x10, 0x61, 0x10,
    0x61, 0x10, 0x61, 0x18, 0x61, 0x10, 0x61, 0x10, 0x81, 0x10, 0x61, 0x10,
    0x61, 0x10, 0x61, 0x10, 0x61, 0x10, 0x60, 0x10, 0x61, 0x10, 0x61, 0x10,
    0x61, 0x10, 0x81, 0x10, 0x61, 0x08, 0x61, 0x10, 0x61, 0x10, 0x61, 0x08,
    0x61, 0x10, 0x80, 0x10, 0x61, 0x10, 0x61, 0x10, 0x61, 0x10, 0x61, 0x10,
    0x61, 0x08, 0x81, 0x10, 0x81, 0x10, 0x61, 0x10, 0x61, 0x10, 0x81, 0x10,
    0x61, 0x10, 0x61, 0x08, 0x61, 0x10, 0x61, 0x10, 0x61, 0x10, 0x61, 0x10,
    0x61, 0x10, 0x81, 0x10, 0x61, 0x08, 0x81, 0x10, 0x81, 0x10, 0x61, 0x10,
    0x61, 0x10, 0x81, 0x10, 0x61, 0x10, 0x61, 0x10, 0x81, 0x10, 0x61, 0x10,
    0x81, 0x10, 0x81, 0x10, 0x82, 0x10, 0x61, 0x10, 0x81, 0x10, 0x81, 0x10,
    0x61, 0x10, 0x82, 0x10, 0x61, 0x08, 0x61, 0x10, 0x81, 0x10, 0x81, 0x10,
    0x61, 0x10, 0x81, 0x10, 0x81, 0x10, 0x61, 0x10, 0x81, 0x10, 0x81, 0x10,
    0x81, 0x10, 0x81, 0x10, 0x61, 0x10, 0x61, 0x10, 0x82, 0x10, 0x81, 0x10,
    0x61, 0x10, 0x82, 0x10, 0x81, 0x10, 0x82, 0x10, 0x82, 0x10, 0x82, 0x18,
    0x81, 0x10, 0x81, 0x10, 0x81, 0x10, 0xa1, 0x10, 0x82, 0x10, 0x82, 0x10,
    0x82, 0x18, 0x81, 0x10, 0x82, 0x18, 0x82, 0x10, 0xa2, 0x18, 0x82, 0x18,
    0x82, 0x18, 0x82, 0x18, 0xa2, 0x10, 0x82, 0x10, 0x81, 0x10, 0x82, 0x18,
    0xa2, 0x10, 0x82, 0x10, 0x82, 0x10, 0x81, 0x10, 0x81, 0x18, 0x82, 0x18,
    0xa2, 0x10, 0x81, 0x18, 0x82, 0x10, 0x82, 0x10, 0x82, 0x10, 0x82, 0x10,
    0x81, 0x10, 0x81, 0x18, 0x82, 0x18, 0x81, 0x10, 0x81, 0x18, 0xa2, 0x18,
    0x81, 0x10, 0x82, 0x18, 0x81, 0x10, 0x81, 0x18, 0x82, 0x10, 0x82, 0x10,
    0x81, 0x10, 0x81, 0x18, 0x82, 0x10, 0x82, 0x18, 0xa1, 0x10, 0x82, 0x10,
    0x81, 0x18, 0x82, 0x18, 0x82, 0x10, 0x81, 0x10, 0x81, 0x18, 0x82, 0x18,
    0x81, 0x10, 0x81, 0x10, 0x81, 0x10, 0x81, 0x18, 0x82, 0x10, 0x81, 0x10,
    0x61, 0x18, 0x82, 0x10, 0x82, 0x10, 0x81, 0x18, 0x81, 0x18, 0x62, 0x10,
    0x81, 0x18, 0x82, 0x10, 0x81, 0x10, 0x82, 0x18, 0x81, 0x10, 0x81, 0x10,
    0x81, 0x18, 0x82, 0x18, 0x61, 0x18, 0x81, 0x18, 0x82, 0x18, 0x81, 0x10,
    0x82, 0x18, 0x81, 0x18, 0x81, 0x18, 0x81, 0x18, 0x44, 0x39, 0x74, 0xfd,
    0x13, 0xf5, 0x8c, 0xdb, 0xa8, 0xba, 0x2b, 0xc3, 0x68, 0x7a, 0x74, 0xfd,
    0xd5, 0xfd, 0xf6, 0xfd, 0x36, 0xfe, 0x57, 0xfe, 0x77, 0xfe, 0x57, 0xfe,
    0x57, 0xf6, 0x57, 0xf6, 0x57, 0xfe, 0x57, 0xf6, 0x78, 0xfe, 0x57, 0xf6,
    0x37, 0xf6, 0xf6, 0xf5, 0x93, 0xed, 0xf1, 0xe4, 0x8f, 0xdc, 0x0d, 0xcc,
    0x6b, 0xbb, 0xe9, 0xa2, 0xa9, 0x9a, 0x88, 0x92, 0x88, 0x92, 0xc9, 0x9a,
    0xa9, 0x92, 0x6c, 0xb3, 0xf1, 0xdc, 0x94, 0xf5, 0xf6, 0xfd, 0xd6, 0xfd,
    0xf7, 0xfd, 0x79, 0xfe, 0x17, 0xfe, 0xf2, 0xec, 0x0e, 0xdc, 0x8d, 0xcb,
    0xad, 0xcb, 0x0f, 0xd4, 0x2f, 0xdc, 0x0e, 0xd4, 0xee, 0xcb, 0xcd, 0xbb,
    0x47, 0x7a, 0x23, 0x59, 0xe2, 0x48, 0xa1, 0x40, 0xe2, 0x48, 0x23, 0x59,
    0x84, 0x69, 0x06, 0x7a, 0xa8, 0x8a, 0xc8, 0x92, 0x8c, 0xab, 0x2f, 0xc4,
    0xd1, 0xd4, 0xb1, 0xd4, 0x6f, 0xcc, 0x4e, 0xc4, 0x4e, 0xcc, 0x6e, 0xcc,
    0xaf, 0xd4, 0xf1, 0xdc, 0xd0, 0xdc, 0x8e, 0xd4, 0x4e, 0xcc, 0x0d, 0xc4,
    0x89, 0x8a, 0xee, 0xcb, 0x89, 0x8a, 0x81, 0x18, 0x61, 0x18, 0x81, 0x10,
    0x61, 0x10, 0x61, 0x10, 0x81, 0x10, 0x61, 0x18, 0x61, 0x10, 0x61, 0x10,
    0x61, 0x10, 0x61, 0x10, 0x61, 0x10, 0x61, 0x10, 0x81, 0x10, 0x61, 0x10,
    0x61, 0x10, 0x61, 0x10, 0x61, 0x08, 0x60, 0x10, 0x81, 0x10, 0x61, 0x08,
    0x61, 0x10, 0x61, 0x10, 0x61, 0x10, 0x61, 0x10, 0x61, 0x10, 0x61, 0x08,
    0x61, 0x10, 0x61, 0x10, 0x81, 0x10, 0x61, 0x08, 0x81, 0x10, 0x81, 0x10,
    0x61, 0x10, 0x81, 0x10, 0x61, 0x08, 0x81, 0x10, 0x81, 0x10, 0x61, 0x10,
    0x81, 0x10, 0x61, 0x08, 0x61, 0x10, 0x61, 0x10, 0x81, 0x10, 0x61, 0x10,
    0x61, 0x10, 0x61, 0x10, 0x81, 0x10, 0x61, 0x10, 0x81, 0x10, 0x81, 0x10,
    0x81, 0x10, 0x81, 0x10, 0x81, 0x10, 0x81, 0x10, 0x62, 0x10, 0x81, 0x10,
    0x61, 0x10, 0x81, 0x10, 0x81, 0x10, 0x62, 0x10, 0x81, 0x10, 0x61, 0x10,
    0x82, 0x10, 0x81, 0x10, 0x81, 0x10, 0x61, 0x10, 0x82, 0x10, 0x62, 0x10,
    0x81, 0x10, 0x81, 0x10, 0x82, 0x10, 0x61, 0x10, 0x82, 0x10, 0x81, 0x10,
    0x81, 0x10, 0x82, 0x10, 0x61, 0x10, 0x82, 0x10, 0x82, 0x18, 0x82, 0x10,
    0x82, 0x10, 0x82, 0x10, 0x82, 0x10, 0x81, 0x18, 0xa1, 0x10, 0x82, 0x10,
    0xa2, 0x10, 0x82, 0x10, 0x81, 0x18, 0x82, 0x18, 0x82, 0x10, 0x81, 0x10,
    0x82, 0x10, 0xa1, 0x10, 0x81, 0x18, 0x82, 0x18, 0x82, 0x18, 0x81, 0x10,
    0x82, 0x10, 0x82, 0x18, 0x81, 0x10, 0x82, 0x10, 0x82, 0x10, 0x81, 0x10,
    0x82, 0x18, 0x81, 0x10, 0x82, 0x10, 0x81, 0x10, 0x82, 0x18, 0x81, 0x10,
    0x82, 0x10, 0x81, 0x10, 0x82, 0x10, 0x82, 0x10, 0x81, 0x10, 0x82, 0x10,
    0x82, 0x18, 0x81, 0x10, 0x82, 0x10, 0xa2, 0x10, 0x82, 0x18, 0xa1, 0x10,
    0x82, 0x10, 0x81, 0x18, 0x82, 0x10, 0x81, 0x10, 0x82, 0x18, 0x81, 0x10,
    0x81, 0x10, 0x81, 0x10, 0x82, 0x10, 0x61, 0x10, 0x81, 0x10, 0x82, 0x10,
    0x82, 0x18, 0x81, 0x10, 0x82, 0x18, 0x82, 0x10, 0x81, 0x10, 0x81, 0x10,
    0x61, 0x18, 0x81, 0x10, 0x81, 0x10, 0x81, 0x10, 0x82, 0x10, 0x81, 0x10,
    0x82, 0x18, 0x82, 0x10, 0x61, 0x10, 0x81, 0x10, 0x61, 0x18, 0x61, 0x18,
    0x81, 0x10, 0x82, 0x18, 0x81, 0x18, 0x81, 0x10, 0x82, 0x18, 0x81, 0x18,
    0x81, 0x18, 0x82, 0x18, 0x81, 0x18, 0x81, 0x18, 0x8a, 0x7a, 0x34, 0xfd,
    0x70, 0xec, 0xea, 0xca, 0x47, 0xaa, 0x6c, 0xc3, 0xa9, 0x8a, 0x74, 0xf5,
    0xd5, 0xfd, 0xf5, 0xfd, 0x16, 0xfe, 0x16, 0xfe, 0x57, 0xfe, 0x37, 0xfe,
    0x16, 0xf6, 0x16, 0xf6, 0x37, 0xfe, 0x37, 0xf6, 0x37, 0xfe, 0x16, 0xf6,
    0xd5, 0xf5, 0x94, 0xed, 0x53, 0xed, 0x12, 0xe5, 0xd1, 0xdc, 0x2e, 0xcc,
    0xcd, 0xc3, 0xad, 0xbb, 0x6c, 0xb3, 0x6c, 0xb3, 0x2b, 0xab, 0x2b, 0xab,
    0xee, 0xbb, 0xf2, 0xe4, 0x94, 0xf5, 0xd5, 0xfd, 0xd5, 0xfd, 0xd6, 0xfd,
    0xf7, 0xfd, 0x58, 0xfe, 0x38, 0xfe, 0xf3, 0xf4, 0x0f, 0xdc, 0xad, 0xcb,
    0xad, 0xcb, 0x2f, 0xdc, 0x50, 0xdc, 0x2f, 0xdc, 0x0e, 0xd4, 0xee, 0xcb,
    0xac, 0xb3, 0x48, 0x7a, 0x44, 0x59, 0x64, 0x59, 0x23, 0x59, 0x23, 0x59,
    0x63, 0x61, 0x26, 0x82, 0xc8, 0x9a, 0x2a, 0xa3, 0xac, 0xb3, 0x2e, 0xc4,
    0x90, 0xcc, 0x90, 0xcc, 0x8f, 0xcc, 0x8f, 0xcc, 0x8f, 0xd4, 0x6f, 0xcc,
    0x8f, 0xd4, 0xb0, 0xd4, 0xd0, 0xdc, 0x8f, 0xd4, 0x2e, 0xcc, 0xed, 0xc3,
    0x89, 0x8a, 0x50, 0xd4, 0x89, 0x82, 0x81, 0x18, 0x61, 0x18, 0x61, 0x10,
    0x61, 0x18, 0x61, 0x10, 0x61, 0x10, 0x61, 0x10, 0x61, 0x10, 0x61, 0x10,
    0x61, 0x10, 0x61, 0x10, 0x61, 0x10, 0x61, 0x10, 0x61, 0x10, 0x61, 0x10,
    0x81, 0x10, 0x61, 0x10, 0x60, 0x10, 0x61, 0x10, 0x61, 0x10, 0x81, 0x10,
    0x60, 0x10, 0x61, 0x10, 0x61, 0x10, 0x61, 0x10, 0x61, 0x08, 0x61, 0x10,
    0x61, 0x10, 0x61, 0x10, 0x61, 0x10, 0x81, 0x10, 0x81, 0x10, 0x61, 0x10,
    0x61, 0x10, 0x81, 0x10, 0x61, 0x10, 0x61, 0x10, 0x81, 0x10, 0x61, 0x10,
    0x81, 0x10, 0x61, 0x10, 0x81, 0x10, 0x61, 0x10, 0x81, 0x10, 0x81, 0x10,
    0x61, 0x10, 0x81, 0x10, 0x81, 0x10, 0x61, 0x10, 0x61, 0x10, 0x81, 0x10,
    0x81, 0x10, 0x61, 0x10, 0x81, 0x10, 0x61, 0x10, 0x62, 0x10, 0x82, 0x10,
    0x61, 0x10, 0x81, 0x10, 0x81, 0x10, 0x61, 0x10, 0x81, 0x10, 0x61, 0x10,
    0x61, 0x10, 0x81, 0x10, 0x62, 0x10, 0x81, 0x10, 0x81, 0x10, 0x62, 0x10,
    0x61, 0x10, 0x61, 0x10, 0x81, 0x10, 0x82, 0x10, 0x81, 0x10, 0x81, 0x10,
    0x61, 0x10, 0x81, 0x10, 0x81, 0x10, 0x82, 0x10, 0x81, 0x10, 0x81, 0x10,
    0x81, 0x10, 0x82, 0x10, 0x82, 0x18, 0x82, 0x10, 0x81, 0x10, 0x82, 0x18,
    0x82, 0x18, 0x82, 0x10, 0xa2, 0x18, 0xa2, 0x10, 0xa2, 0x10, 0xa2, 0x10,
    0x82, 0x10, 0x81, 0x18, 0x82, 0x10, 0xa2, 0x18, 0x81, 0x18, 0xa1, 0x10,
    0x82, 0x10, 0x82, 0x18, 0x81, 0x10, 0xa2, 0x18, 0x82, 0x10, 0x81, 0x10,
    0x81, 0x10, 0x82, 0x10, 0xa2, 0x18, 0x82, 0x18, 0x81, 0x10, 0xa2, 0x18,
    0x82, 0x10, 0x82, 0x18, 0xa1, 0x18, 0x82, 0x18, 0x82, 0x18, 0x81, 0x10,
    0x82, 0x10, 0x81, 0x18, 0x82, 0x18, 0x81, 0x10, 0x82, 0x18, 0x82, 0x10,
    0x82, 0x10, 0x82, 0x18, 0x82, 0x10, 0x81, 0x10, 0x82, 0x10, 0x82, 0x18,
    0x82, 0x10, 0x81, 0x10, 0x81, 0x18, 0x81, 0x18, 0x81, 0x10, 0x81, 0x10,
    0x81, 0x10, 0x82, 0x10, 0x81, 0x10, 0x61, 0x10, 0x61, 0x10, 0x82, 0x10,
    0x61, 0x10, 0x81, 0x18, 0x81, 0x10, 0x81, 0x10, 0x62, 0x18, 0x81, 0x10,
    0x61, 0x10, 0x81, 0x10, 0x81, 0x10, 0x61, 0x10, 0x82, 0x18, 0x81, 0x18,
    0x82, 0x18, 0x81, 0x18, 0x81, 0x18, 0x82, 0x18, 0x82, 0x18, 0x81, 0x18,
    0x81, 0x18, 0x82, 0x18, 0x82, 0x18, 0x81, 0x18, 0x4c, 0x9b, 0x33, 0xfd,
    0xee, 0xe3, 0x67, 0xba, 0xe5, 0xa1, 0xcd, 0xc3, 0x4c, 0xa3, 0x94, 0xf5,
    0xd5, 0xfd, 0xf6, 0xfd, 0x16, 0xfe, 0x57, 0xfe, 0x16, 0xfe, 0x16, 0xfe,
    0x16, 0xfe, 0x37, 0xfe, 0x37, 0xfe, 0xf6, 0xf5, 0x16, 0xf6, 0xd5, 0xf5,
    0x73, 0xed, 0x74, 0xed, 0x53, 0xe5, 0x12, 0xe5, 0xb1, 0xdc, 0x70, 0xd4,
    0x2f, 0xcc, 0xee, 0xc3, 0xcd, 0xc3, 0xcd, 0xbb, 0xee, 0xc3, 0x50, 0xd4,
    0x53, 0xed, 0xb5, 0xf5, 0xd5, 0xfd, 0xf6, 0xfd, 0x17, 0xfe, 0x38, 0xfe,
    0x18, 0xfe, 0x38, 0xfe, 0x17, 0xfe, 0x13, 0xed, 0x50, 0xe4, 0x8d, 0xcb,
    0xad, 0xcb, 0x0f, 0xd4, 0x2f, 0xd4, 0x50, 0xdc, 0x2f, 0xd4, 0x2f, 0xd4,
    0x0e, 0xcc, 0xac, 0xb3, 0x68, 0x82, 0x06, 0x72, 0xc6, 0x71, 0xc5, 0x71,
    0xc5, 0x71, 0x06, 0x7a, 0x88, 0x8a, 0xe9, 0x9a, 0x2a, 0xa3, 0x8b, 0xab,
    0x0e, 0xc4, 0x90, 0xd4, 0xf1, 0xd4, 0xf1, 0xdc, 0xd0, 0xd4, 0x8f, 0xd4,
    0x6f, 0xd4, 0x8f, 0xd4, 0x8f, 0xd4, 0x6f, 0xd4, 0x2e, 0xcc, 0xcd, 0xc3,
    0x68, 0x82, 0xee, 0xcb, 0xeb, 0x92, 0x61, 0x18, 0x61, 0x10, 0x61, 0x10,
    0x61, 0x10, 0x81, 0x18, 0x61, 0x18, 0x61, 0x10, 0x61, 0x10, 0x61, 0x18,
    0x81, 0x10, 0x61, 0x10, 0x61, 0x10, 0x81, 0x10, 0x61, 0x10, 0x61, 0x10,
    0x61, 0x10, 0x81, 0x10, 0x60, 0x08, 0x61, 0x10, 0x61, 0x10, 0x60, 0x08,
    0x61, 0x10, 0x61, 0x08, 0x81, 0x10, 0x61, 0x10, 0x60, 0x08, 0x81, 0x10,
    0x61, 0x10, 0x61, 0x10, 0x81, 0x10, 0x61, 0x10, 0x61, 0x10, 0x61, 0x10,
    0x81, 0x08, 0x82, 0x10, 0x61, 0x10, 0x61, 0x10, 0x81, 0x10, 0x61, 0x10,
    0x61, 0x10, 0x81, 0x10, 0x61, 0x10, 0x81, 0x08, 0x61, 0x10, 0x61, 0x10,
    0x61, 0x10, 0x61, 0x10, 0x61, 0x10, 0x81, 0x10, 0x61, 0x10, 0x61, 0x10,
    0x81, 0x10, 0x81, 0x10, 0x62, 0x10, 0x61, 0x10, 0x81, 0x10, 0x81, 0x10,
    0x61, 0x10, 0x82, 0x10, 0x61, 0x10, 0x81, 0x10, 0x81, 0x08, 0x82, 0x10,
    0x61, 0x10, 0x81, 0x10, 0x61, 0x10, 0x82, 0x10, 0x62, 0x10, 0x81, 0x10,
    0x81, 0x10, 0x82, 0x10, 0x61, 0x10, 0x61, 0x10, 0x81, 0x10, 0x81, 0x10,
    0x61, 0x10, 0x61, 0x10, 0x81, 0x10, 0x82, 0x10, 0x81, 0x10, 0x61, 0x10,
    0x82, 0x10, 0x81, 0x10, 0x81, 0x10, 0x81, 0x10, 0x82, 0x10, 0x81, 0x10,
    0xa2, 0x18, 0x82, 0x10, 0x81, 0x18, 0xa2, 0x18, 0xa2, 0x18, 0x82, 0x18,
    0xa2, 0x10, 0xa2, 0x18, 0x82, 0x18, 0xa2, 0x10, 0x81, 0x10, 0x82, 0x18,
    0xa2, 0x10, 0x81, 0x10, 0x82, 0x10, 0x82, 0x18, 0xa2, 0x18, 0x82, 0x18,
    0x82, 0x10, 0x81, 0x10, 0x82, 0x18, 0x81, 0x10, 0x81, 0x10, 0x82, 0x10,
    0x82, 0x18, 0x81, 0x10, 0x82, 0x10, 0x81, 0x10, 0x81, 0x18, 0x82, 0x10,
    0x81, 0x10, 0x81, 0x10, 0x82, 0x10, 0x81, 0x10, 0x81, 0x18, 0x82, 0x10,
    0x81, 0x10, 0x81, 0x10, 0x82, 0x18, 0x82, 0x10, 0x81, 0x10, 0x81, 0x18,
    0x81, 0x10, 0x82, 0x18, 0x82, 0x10, 0x81, 0x10, 0x82, 0x18, 0x81, 0x10,
    0x81, 0x10, 0x62, 0x18, 0x81, 0x10, 0x81, 0x10, 0x82, 0x10, 0x81, 0x18,
    0x61, 0x10, 0x82, 0x10, 0x61, 0x10, 0x82, 0x18, 0x81, 0x18, 0x82, 0x10,
    0x82, 0x10, 0x81, 0x18, 0x82, 0x18, 0x81, 0x10, 0x81, 0x10, 0x82, 0x18,
    0x61, 0x18, 0x61, 0x10, 0x61, 0x18, 0x81, 0x18, 0x82, 0x18, 0x82, 0x18,
    0x81, 0x18, 0x82, 0x18, 0x81, 0x18, 0x81, 0x20, 0xce, 0xb3, 0x54, 0xfd,
    0x2f, 0xec, 0x67, 0xba, 0xe5, 0x99, 0x8c, 0xb3, 0xad, 0xb3, 0x74, 0xf5,
    0xd5, 0xfd, 0xf6, 0xfd, 0x16, 0xfe, 0x37, 0xfe, 0x37, 0xfe, 0x57, 0xfe,
    0x37, 0xfe, 0x16, 0xfe, 0xf5, 0xf5, 0xf6, 0xf5, 0xb4, 0xf5, 0x53, 0xed,
    0xb1, 0xdc, 0xf1, 0xe4, 0x12, 0xe5, 0x12, 0xe5, 0x90, 0xdc, 0xb1, 0xdc,
    0x2f, 0xcc, 0x2f, 0xd4, 0x0e, 0xcc, 0x2f, 0xd4, 0x90, 0xdc, 0x12, 0xed,
    0x74, 0xf5, 0xb5, 0xfd, 0xf6, 0xfd, 0x17, 0xfe, 0xf7, 0xfd, 0x17, 0xfe,
    0xf7, 0xfd, 0x38, 0xfe, 0xf7, 0xfd, 0x54, 0xf5, 0x2f, 0xe4, 0x6c, 0xc3,
    0x6c, 0xc3, 0xce, 0xcb, 0x0f, 0xd4, 0x2f, 0xdc, 0x4f, 0xdc, 0x2f, 0xd4,
    0x2f, 0xd4, 0x0e, 0xcc, 0xcd, 0xbb, 0x2b, 0xa3, 0x68, 0x82, 0x68, 0x82,
    0x68, 0x82, 0x68, 0x82, 0xc9, 0x92, 0x2a, 0xa3, 0xac, 0xab, 0xac, 0xb3,
    0xcc, 0xb3, 0x4f, 0xc4, 0x90, 0xd4, 0x90, 0xd4, 0x90, 0xd4, 0x8f, 0xd4,
    0x4e, 0xcc, 0x8f, 0xd4, 0x8f, 0xd4, 0x8f, 0xd4, 0x2e, 0xcc, 0xed, 0xc3,
    0x48, 0x82, 0x0f, 0xd4, 0x2c, 0xa3, 0x81, 0x18, 0x61, 0x18, 0x61, 0x10,
    0x81, 0x10, 0x61, 0x10, 0x61, 0x18, 0x61, 0x10, 0x61, 0x10, 0x61, 0x10,
    0x61, 0x10, 0x61, 0x10, 0x61, 0x10, 0x61, 0x10, 0x61, 0x10, 0x61, 0x10,
    0x61, 0x10, 0x61, 0x10, 0x61, 0x10, 0x61, 0x08, 0x81, 0x10, 0x61, 0x10,
    0x61, 0x08, 0x60, 0x10, 0x61, 0x10, 0x61, 0x10, 0x61, 0x10, 0x61, 0x10,
    0x61, 0x10, 0x61, 0x10, 0x61, 0x10, 0x81, 0x10, 0x81, 0x10, 0x61, 0x10,
    0x81, 0x10, 0x61, 0x10, 0x81, 0x10, 0x81, 0x10, 0x61, 0x10, 0x61, 0x10,
    0x81, 0x10, 0x61, 0x10, 0x81, 0x10, 0x81, 0x10, 0x61, 0x10, 0x61, 0x10,
    0x81, 0x08, 0x61, 0x10, 0x61, 0x10, 0x81, 0x10, 0x81, 0x10, 0x82, 0x10,
    0x61, 0x10, 0x61, 0x10, 0x81, 0x10, 0x82, 0x10, 0x81, 0x10, 0x61, 0x10,
    0x81, 0x10, 0x61, 0x10, 0x62, 0x10, 0x61, 0x10, 0x81, 0x10, 0x61, 0x10,
    0x81, 0x10, 0x61, 0x08, 0x82, 0x10, 0x61, 0x10, 0x81, 0x10, 0x61, 0x08,
    0x82, 0x10, 0x81, 0x10, 0x62, 0x10, 0x61, 0x10, 0x81, 0x10, 0x81, 0x10,
    0x61, 0x10, 0x81, 0x10, 0x81, 0x10, 0x82, 0x10, 0x81, 0x10, 0x82, 0x10,
    0x82, 0x18, 0x82, 0x10, 0x82, 0x10, 0x82, 0x10, 0x81, 0x18, 0x81, 0x10,
    0xa2, 0x10, 0x82, 0x10, 0x81, 0x10, 0x81, 0x18, 0x82, 0x18, 0x82, 0x18,
    0xa1, 0x10, 0x82, 0x18, 0xa2, 0x18, 0x81, 0x10, 0x82, 0x10, 0x81, 0x18,
    0xa2, 0x18, 0x82, 0x10, 0x82, 0x18, 0x82, 0x10, 0x81, 0x10, 0x82, 0x18,
    0x82, 0x10, 0x82, 0x10, 0x82, 0x18, 0x82, 0x10, 0x82, 0x10, 0x82, 0x10,
    0x81, 0x10, 0x82, 0x18, 0x82, 0x10, 0x81, 0x10, 0x82, 0x18, 0x82, 0x10,
    0x81, 0x18, 0x82, 0x10, 0x82, 0x18, 0x81, 0x10, 0x81, 0x10, 0x82, 0x10,
    0xa2, 0x10, 0x81, 0x10, 0x81, 0x18, 0x82, 0x18, 0x82, 0x10, 0x81, 0x10,
    0x81, 0x18, 0x82, 0x10, 0x81, 0x10, 0x61, 0x10, 0x81, 0x10, 0x82, 0x10,
    0x61, 0x10, 0x82, 0x10, 0x82, 0x18, 0x82, 0x18, 0x61, 0x10, 0x81, 0x10,
    0x81, 0x10, 0x82, 0x10, 0x81, 0x10, 0x81, 0x10, 0x81, 0x18, 0x81, 0x10,
    0x81, 0x10, 0x62, 0x10, 0x81, 0x10, 0x81, 0x10, 0x62, 0x18, 0x81, 0x10,
    0x81, 0x10, 0x61, 0x18, 0x82, 0x18, 0x81, 0x18, 0x81, 0x18, 0x81, 0x18,
    0x82, 0x18, 0x82, 0x18, 0x81, 0x18, 0xa2, 0x20, 0x0f, 0xc4, 0x75, 0xfd,
    0x54, 0xfd, 0x0b, 0xcb, 0xc5, 0x99, 0x88, 0x9a, 0xcd, 0xbb, 0x32, 0xe5,
    0xb5, 0xf5, 0xf6, 0xfd, 0x37, 0xfe, 0x57, 0xfe, 0x58, 0xfe, 0x57, 0xfe,
    0x37, 0xfe, 0x57, 0xfe, 0xd5, 0xfd, 0x53, 0xed, 0x74, 0xf5, 0xf1, 0xec,
    0x70, 0xdc, 0x4f, 0xd4, 0xb1, 0xdc, 0xd1, 0xe4, 0x4f, 0xd4, 0x4f, 0xdc,
    0x4f, 0xdc, 0x4f, 0xdc, 0x90, 0xdc, 0x50, 0xdc, 0x90, 0xe4, 0xd1, 0xe4,
    0x54, 0xf5, 0x95, 0xf5, 0xf7, 0xfd, 0x17, 0xfe, 0x17, 0xfe, 0x17, 0xfe,
    0xd6, 0xfd, 0xd7, 0xfd, 0xb6, 0xfd, 0x34, 0xf5, 0x50, 0xe4, 0x8d, 0xcb,
    0x2b, 0xbb, 0x8d, 0xc3, 0xce, 0xd3, 0x0f, 0xd4, 0x2f, 0xdc, 0x50, 0xdc,
    0x50, 0xdc, 0x4f, 0xd4, 0x0e, 0xc4, 0xad, 0xb3, 0x2b, 0xa3, 0xea, 0x9a,
    0xa9, 0x92, 0xe9, 0x92, 0x0a, 0x9b, 0x2a, 0x9b, 0x4b, 0xa3, 0x8c, 0xab,
    0xcd, 0xb3, 0x2e, 0xc4, 0x4f, 0xcc, 0x6f, 0xcc, 0x6f, 0xcc, 0x8f, 0xd4,
    0x6f, 0xcc, 0x90, 0xd4, 0x90, 0xd4, 0x8f, 0xd4, 0x4e, 0xcc, 0xcd, 0xc3,
    0x27, 0x82, 0xee, 0xd3, 0x4c, 0xab, 0x81, 0x18, 0x61, 0x18, 0x61, 0x10,
    0x61, 0x10, 0x61, 0x10, 0x61, 0x10, 0x80, 0x10, 0x61, 0x10, 0x61, 0x10,
    0x61, 0x10, 0x61, 0x10, 0x61, 0x10, 0x61, 0x10, 0x81, 0x18, 0x61, 0x10,
    0x60, 0x10, 0x61, 0x10, 0x81, 0x10, 0x60, 0x10, 0x61, 0x10, 0x61, 0x10,
    0x61, 0x10, 0x61, 0x10, 0x81, 0x10, 0x61, 0x10, 0x61, 0x08, 0x61, 0x10,
    0x61, 0x10, 0x61, 0x10, 0x61, 0x10, 0x81, 0x10, 0x61, 0x10, 0x81, 0x10,
    0x61, 0x10, 0x61, 0x10, 0x81, 0x10, 0x61, 0x10, 0x61, 0x10, 0x81, 0x10,
    0x81, 0x10, 0x61, 0x10, 0x61, 0x08, 0x81, 0x10, 0x61, 0x10, 0x81, 0x10,
    0x81, 0x10, 0x82, 0x10, 0x61, 0x10, 0x81, 0x10, 0x61, 0x10, 0x81, 0x10,
    0x61, 0x10, 0x81, 0x10, 0x81, 0x10, 0x81, 0x10, 0x81, 0x10, 0x61, 0x10,
    0x81, 0x10, 0x81, 0x10, 0x81, 0x10, 0x81, 0x10, 0x81, 0x10, 0x61, 0x10,
    0x61, 0x10, 0x81, 0x10, 0x81, 0x10, 0x81, 0x10, 0x81, 0x10, 0x81, 0x10,
    0x82, 0x10, 0x82, 0x10, 0x61, 0x10, 0x62, 0x10, 0x82, 0x10, 0x61, 0x10,
    0x61, 0x10, 0x82, 0x10, 0x81, 0x10, 0x81, 0x10, 0x81, 0x10, 0x81, 0x10,
    0x81, 0x10, 0x81, 0x18, 0x82, 0x10, 0x82, 0x10, 0x81, 0x10, 0x82, 0x10,
    0x82, 0x18, 0xa2, 0x18, 0xa2, 0x10, 0xa2, 0x10, 0xa2, 0x10, 0xa1, 0x18,
    0x82, 0x10, 0x81, 0x10, 0xa2, 0x18, 0xa2, 0x18, 0x81, 0x10, 0x82, 0x10,
    0x81, 0x18, 0x82, 0x18, 0x81, 0x10, 0x82, 0x18, 0x82, 0x10, 0xa1, 0x18,
    0x81, 0x10, 0x82, 0x10, 0xa1, 0x10, 0x82, 0x10, 0x81, 0x18, 0x82, 0x18,
    0x81, 0x10, 0x82, 0x10, 0xa2, 0x18, 0x82, 0x18, 0x81, 0x10, 0x82, 0x10,
    0xa1, 0x18, 0x81, 0x10, 0x82, 0x10, 0x81, 0x18, 0x81, 0x18, 0x81, 0x10,
    0x82, 0x18, 0x82, 0x10, 0x81, 0x10, 0x81, 0x10, 0xa2, 0x10, 0x82, 0x18,
    0x81, 0x10, 0x81, 0x10, 0x82, 0x10, 0x81, 0x18, 0x81, 0x10, 0x81, 0x18,
    0x81, 0x10, 0x81, 0x10, 0x82, 0x10, 0x81, 0x10, 0x81, 0x10, 0x82, 0x10,
    0x61, 0x18, 0x61, 0x18, 0x61, 0x10, 0x81, 0x10, 0x82, 0x10, 0x81, 0x10,
    0x81, 0x10, 0x82, 0x18, 0x82, 0x10, 0x61, 0x10, 0x81, 0x18, 0x81, 0x10,
    0x82, 0x10, 0x82, 0x18, 0x81, 0x18, 0x82, 0x18, 0x81, 0x18, 0x82, 0x18,
    0xa1, 0x18, 0xa1, 0x18, 0x82, 0x20, 0xa2, 0x20, 0xce, 0xbb, 0x34, 0xf5,
    0x96, 0xfd, 0x91, 0xec, 0xad, 0xdb, 0xe9, 0xb2, 0x8c, 0xb3, 0xf1, 0xe4,
    0x94, 0xf5, 0xf6, 0xfd, 0x57, 0xfe, 0x58, 0xfe, 0x57, 0xfe, 0x57, 0xfe,
    0x58, 0xfe, 0x57, 0xfe, 0xf6, 0xfd, 0x53, 0xf5, 0x53, 0xf5, 0xd1, 0xec,
    0x8f, 0xe4, 0x4f, 0xdc, 0x2e, 0xd4, 0x6f, 0xdc, 0x0e, 0xd4, 0x2f, 0xdc,
    0x4f, 0xdc, 0x4f, 0xdc, 0x2f, 0xdc, 0x0f, 0xd4, 0x50, 0xdc, 0xd1, 0xec,
    0x13, 0xed, 0x95, 0xf5, 0xd6, 0xfd, 0xf7, 0xfd, 0xf6, 0xfd, 0xd6, 0xfd,
    0xd6, 0xfd, 0x95, 0xfd, 0x54, 0xfd, 0xd2, 0xec, 0x30, 0xdc, 0x6d, 0xcb,
    0x0b, 0xbb, 0x0b, 0xb3, 0x8d, 0xc3, 0xce, 0xcb, 0x0e, 0xd4, 0x2f, 0xdc,
    0x70, 0xdc, 0x2f, 0xcc, 0xee, 0xc3, 0x8c, 0xb3, 0x2b, 0xab, 0x2a, 0xab,
    0x0a, 0xa3, 0xea, 0x9a, 0xc9, 0x92, 0x0a, 0x9b, 0x4b, 0xa3, 0x6c, 0xab,
    0x8c, 0xab, 0x8c, 0xb3, 0xcc, 0xbb, 0x2e, 0xc4, 0x6f, 0xd4, 0x90, 0xd4,
    0x90, 0xd4, 0x8f, 0xd4, 0x8f, 0xd4, 0x6f, 0xd4, 0x4e, 0xd4, 0x8c, 0xb3,
    0x07, 0x82, 0xad, 0xcb, 0x6c, 0xb3, 0x61, 0x18, 0x61, 0x18, 0x61, 0x18,
    0x81, 0x18, 0x61, 0x10, 0x61, 0x10, 0x61, 0x18, 0x61, 0x10, 0x61, 0x10,
    0x81, 0x10, 0x61, 0x10, 0x61, 0x10, 0x61, 0x10, 0x61, 0x10, 0x61, 0x10,
    0x61, 0x10, 0x61, 0x10, 0x61, 0x10, 0x61, 0x10, 0x61, 0x10, 0x81, 0x10,
    0x61, 0x10, 0x61, 0x10, 0x61, 0x10, 0x61, 0x10, 0x61, 0x10, 0x81, 0x10,
    0x61, 0x10, 0x61, 0x10, 0x61, 0x10, 0x81, 0x10, 0x61, 0x10, 0x61, 0x08,
    0x81, 0x10, 0x61, 0x10, 0x81, 0x10, 0x61, 0x10, 0x61, 0x10, 0x81, 0x08,
    0x61, 0x10, 0x61, 0x10, 0x81, 0x10, 0x61, 0x10, 0x61, 0x08, 0x61, 0x10,
    0x61, 0x10, 0x61, 0x10, 0x81, 0x10, 0x61, 0x10, 0x61, 0x10, 0x81, 0x10,
    0x61, 0x10, 0x61, 0x10, 0x81, 0x10, 0x81, 0x10, 0x82, 0x10, 0x61, 0x10,
    0x81, 0x10, 0x81, 0x10, 0x81, 0x10, 0x61, 0x10, 0x82, 0x10, 0x81, 0x10,
    0x82, 0x10, 0x82, 0x10, 0x81, 0x10, 0x62, 0x10, 0x82, 0x10, 0x81, 0x10,
    0x61, 0x10, 0x81, 0x10, 0x82, 0x10, 0x81, 0x10, 0x61, 0x10, 0x82, 0x10,
    0x81, 0x10, 0x81, 0x10, 0x81, 0x10, 0x62, 0x10, 0x82, 0x10, 0x81, 0x10,
    0x62, 0x10, 0x81, 0x10, 0x81, 0x10, 0x82, 0x10, 0x81, 0x10, 0x82, 0x10,
    0x82, 0x10, 0x81, 0x10, 0xa2, 0x18, 0x81, 0x18, 0x81, 0x10, 0x82, 0x18,
    0xa2, 0x18, 0x82, 0x18, 0x82, 0x10, 0xa2, 0x10, 0x82, 0x10, 0x82, 0x18,
    0x82, 0x10, 0xa2, 0x18, 0x81, 0x10, 0x82, 0x18, 0xa2, 0x18, 0x82, 0x10,
    0x82, 0x18, 0x81, 0x10, 0x82, 0x18, 0x81, 0x10, 0x82, 0x10, 0xa2, 0x18,
    0x82, 0x18, 0x81, 0x10, 0x82, 0x10, 0xa2, 0x18, 0x81, 0x10, 0x82, 0x10,
    0x82, 0x18, 0x81, 0x10, 0x82, 0x10, 0xa2, 0x18, 0x82, 0x18, 0x81, 0x10,
    0x82, 0x10, 0x82, 0x18, 0x81, 0x10, 0x81, 0x10, 0x82, 0x18, 0x82, 0x10,
    0x81, 0x10, 0x82, 0x18, 0x81, 0x10, 0x82, 0x18, 0x82, 0x10, 0x61, 0x10,
    0x82, 0x18, 0x82, 0x10, 0x81, 0x10, 0x61, 0x10, 0x82, 0x18, 0x81, 0x10,
    0x62, 0x10, 0x81, 0x10, 0x81, 0x10, 0x62, 0x18, 0x82, 0x18, 0x82, 0x10,
    0x61, 0x10, 0x81, 0x18, 0x81, 0x10, 0x82, 0x10, 0x81, 0x18, 0x82, 0x18,
    0x82, 0x18, 0x81, 0x18, 0x81, 0x18, 0x82, 0x18, 0x81, 0x18, 0x82, 0x18,
    0xa2, 0x18, 0x81, 0x18, 0x82, 0x18, 0x82, 0x20, 0xae, 0xb3, 0xf3, 0xf4,
    0x75, 0xfd, 0x54, 0xf5, 0x91, 0xec, 0xe9, 0xba, 0x4b, 0xbb, 0xb0, 0xd4,
    0x74, 0xf5, 0x16, 0xfe, 0x17, 0xfe, 0x58, 0xfe, 0x37, 0xfe, 0x37, 0xfe,
    0x37, 0xfe, 0x37, 0xfe, 0x37, 0xfe, 0xd6, 0xfd, 0x74, 0xf5, 0xf2, 0xec,
    0xf1, 0xec, 0xb0, 0xec, 0x90, 0xe4, 0xb1, 0xec, 0x70, 0xe4, 0x70, 0xe4,
    0x4f, 0xdc, 0x2f, 0xdc, 0x0e, 0xd4, 0xee, 0xd3, 0x2f, 0xdc, 0x91, 0xe4,
    0x13, 0xed, 0x75, 0xf5, 0xb6, 0xfd, 0xd6, 0xfd, 0xb6, 0xfd, 0xd6, 0xfd,
    0xb6, 0xfd, 0x75, 0xfd, 0x13, 0xf5, 0x92, 0xec, 0xee, 0xdb, 0x4c, 0xc3,
    0xeb, 0xb2, 0xeb, 0xb2, 0x2c, 0xbb, 0xad, 0xcb, 0xee, 0xd3, 0x2f, 0xd4,
    0x2f, 0xd4, 0xce, 0xc3, 0x6c, 0xb3, 0x2b, 0xab, 0xc9, 0x9a, 0xea, 0xa2,
    0x0a, 0xa3, 0x0a, 0xa3, 0xea, 0xa2, 0xe9, 0x9a, 0xe9, 0x9a, 0xe9, 0x9a,
    0x0a, 0xa3, 0x4b, 0xab, 0x6b, 0xb3, 0xed, 0xc3, 0x2e, 0xcc, 0x90, 0xd4,
    0xb0, 0xdc, 0xb0, 0xdc, 0x8f, 0xd4, 0x6f, 0xd4, 0x4f, 0xcc, 0x4b, 0xab,
    0x06, 0x82, 0x6c, 0xbb, 0x4c, 0xb3, 0x61, 0x18, 0x81, 0x18, 0x61, 0x10,
    0x81, 0x10, 0x61, 0x10, 0x61, 0x18, 0x81, 0x10, 0x61, 0x10, 0x61, 0x18,
    0x61, 0x10, 0x61, 0x10, 0x61, 0x10, 0x81, 0x10, 0x61, 0x10, 0x61, 0x10,
    0x61, 0x10, 0x61, 0x10, 0x81, 0x10, 0x61, 0x10, 0x61, 0x10, 0x61, 0x10,
    0x61, 0x10, 0x81, 0x08, 0x61, 0x10, 0x61, 0x10, 0x61, 0x10, 0x61, 0x08,
    0x61, 0x10, 0x61, 0x10, 0x61, 0x08, 0x81, 0x10, 0x81, 0x10, 0x61, 0x10,
    0x81, 0x10, 0x81, 0x10, 0x61, 0x10, 0x61, 0x10, 0x81, 0x10, 0x61, 0x10,
    0x61, 0x10, 0x81, 0x10, 0x81, 0x10, 0x61, 0x10, 0x81, 0x10, 0x81, 0x10,
    0x61, 0x10, 0x81, 0x10, 0x81, 0x10, 0x62, 0x10, 0x81, 0x10, 0x81, 0x10,
    0x62, 0x10, 0x61, 0x10, 0x81, 0x10, 0x61, 0x10, 0x81, 0x10, 0x81, 0x10,
    0x61, 0x10, 0x61, 0x10, 0x81, 0x10, 0x61, 0x10, 0x81, 0x10, 0x62, 0x10,
    0x81, 0x10, 0x81, 0x10, 0x81, 0x10, 0x61, 0x10, 0x81, 0x10, 0x81, 0x10,
    0x61, 0x10, 0x82, 0x10, 0x61, 0x10, 0x81, 0x10, 0x62, 0x10, 0x81, 0x10,
    0x81, 0x10, 0x61, 0x10, 0x81, 0x10, 0x81, 0x10, 0x82, 0x10, 0x81, 0x10,
    0x82, 0x10, 0x82, 0x18, 0x81, 0x10, 0x82, 0x10, 0x81, 0x18, 0x81, 0x10,
    0xa2, 0x10, 0x81, 0x18, 0x82, 0x18, 0x82, 0x10, 0xa2, 0x10, 0x82, 0x18,
    0xa1, 0x10, 0x81, 0x10, 0x82, 0x18, 0x82, 0x10, 0x81, 0x18, 0x81, 0x10,
    0xa2, 0x10, 0x82, 0x18, 0x82, 0x10, 0x82, 0x18, 0x81, 0x10, 0x82, 0x10,
    0x82, 0x18, 0xa2, 0x10, 0x82, 0x10, 0x82, 0x10, 0x82, 0x10, 0x81, 0x10,
    0xa2, 0x18, 0x82, 0x10, 0x82, 0x10, 0x82, 0x10, 0x81, 0x18, 0x81, 0x10,
    0x81, 0x18, 0x81, 0x10, 0xa2, 0x10, 0x81, 0x10, 0x82, 0x10, 0x81, 0x18,
    0xa1, 0x10, 0x82, 0x18, 0x82, 0x10, 0x81, 0x10, 0x82, 0x10, 0x81, 0x10,
    0x81, 0x18, 0x82, 0x10, 0x81, 0x10, 0x81, 0x10, 0x81, 0x10, 0x81, 0x10,
    0x81, 0x10, 0x81, 0x10, 0x81, 0x18, 0x82, 0x10, 0x82, 0x10, 0x81, 0x10,
    0x81, 0x10, 0x61, 0x10, 0x81, 0x10, 0x82, 0x10, 0x81, 0x10, 0x81, 0x10,
    0x82, 0x10, 0x61, 0x18, 0x81, 0x10, 0x82, 0x18, 0x61, 0x10, 0x61, 0x18,
    0x81, 0x10, 0x81, 0x10, 0x82, 0x18, 0x81, 0x10, 0x82, 0x18, 0x81, 0x18,
    0x81, 0x18, 0xa2, 0x18, 0x81, 0x18, 0xa1, 0x20, 0x4c, 0x9b, 0x13, 0xf5,
    0x33, 0xf5, 0x95, 0xfd, 0x13, 0xf5, 0x6b, 0xcb, 0x0e, 0xcc, 0x6f, 0xcc,
    0x53, 0xed, 0x16, 0xfe, 0x17, 0xfe, 0x58, 0xfe, 0x58, 0xfe, 0x58, 0xfe,
    0x37, 0xfe, 0x58, 0xfe, 0x17, 0xfe, 0xf6, 0xfd, 0x95, 0xfd, 0x13, 0xf5,
    0x13, 0xf5, 0x12, 0xf5, 0x13, 0xf5, 0x12, 0xed, 0xd2, 0xec, 0x70, 0xe4,
    0x71, 0xe4, 0x50, 0xe4, 0x2f, 0xdc, 0x4f, 0xe4, 0x70, 0xe4, 0xd1, 0xec,
    0x54, 0xf5, 0x95, 0xfd, 0xf7, 0xfd, 0x37, 0xfe, 0x17, 0xfe, 0xf6, 0xfd,
    0xd6, 0xfd, 0x75, 0xfd, 0x13, 0xf5, 0xb2, 0xec, 0xae, 0xd3, 0x2c, 0xbb,
    0x0b, 0xb3, 0xeb, 0xb2, 0x2c, 0xbb, 0xad, 0xcb, 0x0f, 0xd4, 0x50, 0xdc,
    0x70, 0xdc, 0x0f, 0xcc, 0x0f, 0xcc, 0x8d, 0xb3, 0x0a, 0xab, 0x0b, 0xab,
    0xea, 0xa2, 0x0a, 0xab, 0x2b, 0xab, 0x2b, 0xab, 0x0a, 0xab, 0x0a, 0xab,
    0x2a, 0xab, 0x4b, 0xb3, 0xad, 0xbb, 0xee, 0xcb, 0x4f, 0xcc, 0xb0, 0xdc,
    0xb1, 0xdc, 0xd1, 0xdc, 0xb0, 0xdc, 0x90, 0xdc, 0x2e, 0xcc, 0x0a, 0x9b,
    0xca, 0xa2, 0x0f, 0xd4, 0x4c, 0xb3, 0x81, 0x20, 0x81, 0x18, 0x81, 0x18,
    0x61, 0x10, 0x61, 0x10, 0x61, 0x18, 0x61, 0x10, 0x61, 0x10, 0x61, 0x10,
    0x61, 0x10, 0x61, 0x10, 0x61, 0x10, 0x61, 0x10, 0x61, 0x10, 0x61, 0x10,
    0x61, 0x10, 0x61, 0x10, 0x61, 0x10, 0x61, 0x10, 0x61, 0x10, 0x61, 0x10,
    0x61, 0x10, 0x61, 0x10, 0x61, 0x10, 0x61, 0x10, 0x81, 0x10, 0x61, 0x10,
    0x61, 0x10, 0x60, 0x08, 0x61, 0x10, 0x61, 0x10, 0x81, 0x10, 0x61, 0x10,
    0x61, 0x10, 0x81, 0x10, 0x61, 0x10, 0x81, 0x10, 0x81, 0x10, 0x61, 0x10,
    0x81, 0x10, 0x61, 0x10, 0x61, 0x10, 0x81, 0x10, 0x81, 0x10, 0x61, 0x10,
    0x81, 0x10, 0x61, 0x10, 0x61, 0x10, 0x81, 0x10, 0x81, 0x10, 0x81, 0x10,
    0x81, 0x10, 0x81, 0x10, 0x81, 0x10, 0x61, 0x10, 0x61, 0x10, 0x81, 0x10,
    0x81, 0x10, 0x81, 0x10, 0x61, 0x10, 0x81, 0x10, 0x61, 0x10, 0x61, 0x10,
    0x61, 0x10, 0x61, 0x10, 0x81, 0x10, 0x81, 0x10, 0x81, 0x10, 0x81, 0x10,
    0x82, 0x10, 0x81, 0x10, 0x61, 0x10, 0x62, 0x10, 0x81, 0x10, 0x61, 0x10,
    0x62, 0x10, 0x61, 0x10, 0x81, 0x10, 0x81, 0x10, 0x81, 0x18, 0x81, 0x10,
    0x82, 0x10, 0x81, 0x18, 0x82, 0x18, 0x81, 0x10, 0x82, 0x10, 0x82, 0x18,
    0xa2, 0x18, 0xa2, 0x18, 0xa2, 0x10, 0x81, 0x10, 0xa2, 0x18, 0x82, 0x18,
    0xa2, 0x10, 0xa2, 0x18, 0x82, 0x10, 0x82, 0x18, 0xa1, 0x10, 0x82, 0x10,
    0x81, 0x18, 0xa2, 0x18, 0x81, 0x10, 0x82, 0x18, 0xa1, 0x10, 0x81, 0x10,
    0x82, 0x10, 0xa2, 0x10, 0x81, 0x18, 0x82, 0x18, 0x82, 0x10, 0x82, 0x10,
    0x81, 0x10, 0x81, 0x18, 0x82, 0x10, 0x82, 0x18, 0x82, 0x10, 0xa2, 0x18,
    0x81, 0x18, 0x82, 0x18, 0x82, 0x10, 0x81, 0x18, 0x82, 0x18, 0x82, 0x10,
    0x81, 0x10, 0x81, 0x10, 0x82, 0x18, 0x81, 0x10, 0x82, 0x10, 0x81, 0x10,
    0x82, 0x10, 0x81, 0x10, 0x81, 0x18, 0x82, 0x18, 0x61, 0x10, 0x81, 0x10,
    0x82, 0x10, 0x61, 0x18, 0x82, 0x10, 0x81, 0x10, 0x61, 0x10, 0x81, 0x18,
    0x61, 0x18, 0x82, 0x10, 0x81, 0x18, 0x81, 0x10, 0x61, 0x10, 0x81, 0x18,
    0x82, 0x10, 0x81, 0x10, 0x82, 0x18, 0x61, 0x10, 0x82, 0x18, 0x81, 0x18,
    0x81, 0x18, 0x81, 0x18, 0x82, 0x18, 0x81, 0x10, 0x81, 0x18, 0x82, 0x18,
    0x81, 0x18, 0x82, 0x18, 0xa1, 0x20, 0x81, 0x20, 0x0b, 0x8b, 0x54, 0xfd,
    0x75, 0xfd, 0xf6, 0xfd, 0x17, 0xfe, 0xf2, 0xf4, 0xd1, 0xe4, 0x2e, 0xc4,
    0x53, 0xed, 0xf6, 0xfd, 0x37, 0xfe, 0x58, 0xfe, 0x38, 0xfe, 0x58, 0xfe,
    0x58, 0xfe, 0x58, 0xfe, 0x38, 0xfe, 0xf7, 0xfd, 0x75, 0xfd, 0x54, 0xf5,
    0x33, 0xf5, 0x33, 0xf5, 0x33, 0xf5, 0x33, 0xf5, 0xf2, 0xec, 0xb1, 0xec,
    0x91, 0xec, 0x70, 0xe4, 0x2f, 0xdc, 0x4f, 0xe4, 0x50, 0xe4, 0xf2, 0xec,
    0x54, 0xf5, 0xd6, 0xfd, 0x17, 0xfe, 0x58, 0xfe, 0x17, 0xfe, 0x17, 0xfe,
    0xf7, 0xfd, 0x55, 0xfd, 0x54, 0xfd, 0xd2, 0xec, 0xef, 0xdb, 0x4c, 0xbb,
    0xeb, 0xb2, 0xaa, 0xa2, 0x2c, 0xbb, 0xad, 0xcb, 0x0f, 0xd4, 0x70, 0xdc,
    0x91, 0xdc, 0x70, 0xd4, 0x0f, 0xc4, 0xad, 0xbb, 0x4c, 0xab, 0x0b, 0xab,
    0xea, 0xa2, 0xea, 0xaa, 0x2b, 0xab, 0x2c, 0xb3, 0x6c, 0xb3, 0x4c, 0xb3,
    0x6c, 0xb3, 0x8d, 0xbb, 0x0e, 0xcc, 0x2f, 0xd4, 0x90, 0xdc, 0xd1, 0xdc,
    0xb0, 0xdc, 0xd1, 0xe4, 0xb1, 0xdc, 0xb1, 0xdc, 0x4f, 0xd4, 0xca, 0x92,
    0xad, 0xc3, 0xce, 0xc3, 0x6d, 0xb3, 0x61, 0x18, 0x61, 0x18, 0x61, 0x18,
    0x81, 0x10, 0x61, 0x10, 0x61, 0x18, 0x61, 0x10, 0x61, 0x10, 0x61, 0x10,
    0x61, 0x10, 0x61, 0x10, 0x61, 0x10, 0x61, 0x10, 0x61, 0x10, 0x60, 0x10,
    0x61, 0x10, 0x61, 0x10, 0x60, 0x10, 0x60, 0x10, 0x61, 0x10, 0x61, 0x08,
    0x61, 0x10, 0x60, 0x10, 0x61, 0x10, 0x61, 0x10, 0x61, 0x10, 0x61, 0x10,
    0x61, 0x10, 0x81, 0x10, 0x61, 0x10, 0x81, 0x10, 0x61, 0x10, 0x81, 0x10,
    0x81, 0x10, 0x61, 0x10, 0x61, 0x10, 0x81, 0x10, 0x61, 0x10, 0x61, 0x10,
    0x81, 0x10, 0x81, 0x10, 0x61, 0x10, 0x81, 0x10, 0x61, 0x10, 0x61, 0x10,
    0x81, 0x10, 0x81, 0x10, 0x81, 0x10, 0x61, 0x10, 0x61, 0x10, 0x61, 0x10,
    0x61, 0x10, 0x62, 0x10, 0x81, 0x10, 0x81, 0x10, 0x81, 0x10, 0x61, 0x10,
    0x81, 0x10, 0x81, 0x10, 0x81, 0x10, 0x61, 0x10, 0x82, 0x10, 0x81, 0x10,
    0x61, 0x10, 0x81, 0x10, 0x82, 0x10, 0x61, 0x10, 0x61, 0x10, 0x81, 0x10,
    0x81, 0x10, 0x61, 0x10, 0x81, 0x10, 0x82, 0x10, 0x81, 0x10, 0x61, 0x10,
    0x82, 0x10, 0x82, 0x10, 0x82, 0x10, 0x82, 0x10, 0x61, 0x10, 0x82, 0x10,
    0x81, 0x10, 0x82, 0x10, 0x82, 0x10, 0x82, 0x10, 0x82, 0x10, 0x81, 0x10,
    0xa2, 0x18, 0x82, 0x18, 0x82, 0x18, 0xa2, 0x10, 0x82, 0x18, 0x81, 0x10,
    0x82, 0x10, 0xa2, 0x18, 0xa2, 0x18, 0xa2, 0x18, 0xa2, 0x18, 0x82, 0x10,
    0x82, 0x10, 0xa2, 0x18, 0x81, 0x10, 0x81, 0x18, 0xa2, 0x10, 0x82, 0x10,
    0x81, 0x10, 0x82, 0x10, 0x81, 0x10, 0xa2, 0x18, 0xa2, 0x18, 0xa2, 0x18,
    0x82, 0x10, 0x82, 0x10, 0x81, 0x10, 0x81, 0x10, 0x82, 0x10, 0x81, 0x10,
    0x82, 0x10, 0x81, 0x10, 0x81, 0x18, 0x82, 0x18, 0x81, 0x10, 0x82, 0x10,
    0x82, 0x18, 0x82, 0x10, 0x81, 0x18, 0x81, 0x18, 0x81, 0x10, 0x82, 0x18,
    0x82, 0x18, 0x81, 0x10, 0x82, 0x10, 0x82, 0x10, 0x81, 0x10, 0x81, 0x18,
    0x61, 0x10, 0x82, 0x10, 0x81, 0x10, 0x61, 0x10, 0x82, 0x10, 0x82, 0x10,
    0x81, 0x10, 0x81, 0x18, 0x82, 0x18, 0x62, 0x18, 0x81, 0x10, 0x81, 0x18,
    0x82, 0x10, 0x81, 0x10, 0x61, 0x10, 0x82, 0x10, 0x82, 0x18, 0x81, 0x10,
    0x82, 0x18, 0x82, 0x10, 0x81, 0x18, 0x82, 0x18, 0x82, 0x18, 0x81, 0x18,
    0x82, 0x18, 0x81, 0x18, 0xa2, 0x18, 0x82, 0x20, 0xa6, 0x49, 0x75, 0xf5,
    0x95, 0xfd, 0xf7, 0xfd, 0x58, 0xfe, 0xd5, 0xfd, 0x94, 0xf5, 0x2f, 0xcc,
    0x53, 0xed, 0xb5, 0xfd, 0x37, 0xfe, 0x38, 0xfe, 0x38, 0xfe, 0x58, 0xfe,
    0x59, 0xfe, 0x38, 0xfe, 0x18, 0xfe, 0xf7, 0xfd, 0x95, 0xfd, 0x75, 0xf5,
    0x75, 0xfd, 0x95, 0xfd, 0x34, 0xf5, 0x75, 0xf5, 0xf2, 0xec, 0xd2, 0xec,
    0xd1, 0xec, 0x70, 0xe4, 0x4f, 0xe4, 0x4f, 0xe4, 0x2f, 0xdc, 0x90, 0xe4,
    0xd2, 0xec, 0xb6, 0xfd, 0xf7, 0xfd, 0xd6, 0xfd, 0x96, 0xfd, 0xd6, 0xfd,
    0xd6, 0xfd, 0x75, 0xfd, 0x34, 0xf5, 0xb2, 0xec, 0x0f, 0xdc, 0xae, 0xcb,
    0xeb, 0xb2, 0xeb, 0xaa, 0x2c, 0xb3, 0x8d, 0xc3, 0xce, 0xcb, 0x0f, 0xd4,
    0x70, 0xdc, 0x71, 0xd4, 0x0f, 0xcc, 0x8d, 0xbb, 0x6c, 0xb3, 0x2b, 0xab,
    0x0b, 0xab, 0x2b, 0xb3, 0x4c, 0xb3, 0x6c, 0xbb, 0x8c, 0xbb, 0xcd, 0xc3,
    0xad, 0xc3, 0xce, 0xc3, 0xee, 0xcb, 0x2f, 0xd4, 0xb1, 0xdc, 0xf2, 0xe4,
    0xb1, 0xdc, 0xd1, 0xe4, 0xb1, 0xdc, 0xb0, 0xdc, 0x2f, 0xcc, 0x2b, 0xa3,
    0xcd, 0xc3, 0x8d, 0xc3, 0x4c, 0xab, 0x82, 0x18, 0x61, 0x18, 0x61, 0x10,
    0x61, 0x10, 0x61, 0x18, 0x61, 0x10, 0x81, 0x10, 0x61, 0x18, 0x61, 0x10,
    0x81, 0x10, 0x61, 0x10, 0x81, 0x18, 0x61, 0x10, 0x61, 0x10, 0x81, 0x10,
    0x61, 0x10, 0x61, 0x10, 0x61, 0x10, 0x61, 0x10, 0x61, 0x10, 0x61, 0x10,
    0x61, 0x10, 0x61, 0x10, 0x61, 0x10, 0x61, 0x10, 0x81, 0x10, 0x61, 0x10,
    0x61, 0x08, 0x61, 0x10, 0x61, 0x10, 0x61, 0x10, 0x61, 0x10, 0x81, 0x10,
    0x61, 0x10, 0x61, 0x10, 0x61, 0x10, 0x61, 0x10, 0x81, 0x10, 0x61, 0x10,
    0x61, 0x10, 0x61, 0x10, 0x81, 0x10, 0x81, 0x10, 0x61, 0x10, 0x81, 0x10,
    0x61, 0x10, 0x81, 0x10, 0x81, 0x10, 0x81, 0x10, 0x81, 0x10, 0x62, 0x18,
    0x81, 0x10, 0x61, 0x10, 0x61, 0x10, 0x81, 0x10, 0x61, 0x10, 0x61, 0x10,
    0x81, 0x10, 0x61, 0x10, 0x81, 0x10, 0x61, 0x10, 0x81, 0x10, 0x81, 0x10,
    0x81, 0x10, 0x81, 0x10, 0x81, 0x10, 0x81, 0x10, 0x81, 0x10, 0x62, 0x10,
    0x82, 0x10, 0x81, 0x10, 0x61, 0x10, 0x61, 0x10, 0x81, 0x10, 0x81, 0x10,
    0x81, 0x10, 0x61, 0x10, 0x81, 0x10, 0x82, 0x10, 0x81, 0x10, 0x81, 0x10,
    0x82, 0x10, 0x81, 0x10, 0x81, 0x10, 0x82, 0x10, 0x81, 0x10, 0x81, 0x10,
    0xa2, 0x10, 0x82, 0x10, 0x82, 0x18, 0xa2, 0x10, 0x82, 0x10, 0x82, 0x10,
    0x82, 0x10, 0x82, 0x10, 0x81, 0x10, 0x82, 0x10, 0x82, 0x10, 0x81, 0x18,
    0x82, 0x18, 0xa2, 0x10, 0xa2, 0x10, 0xa2, 0x10, 0x81, 0x18, 0x82, 0x18,
    0x82, 0x10, 0x82, 0x10, 0x82, 0x10, 0x81, 0x10, 0x81, 0x10, 0x82, 0x10,
    0x82, 0x18, 0x82, 0x10, 0x82, 0x18, 0xa1, 0x10, 0x82, 0x18, 0x81, 0x10,
    0x81, 0x10, 0xa2, 0x18, 0x82, 0x10, 0x81, 0x10, 0x82, 0x10, 0x81, 0x18,
    0x82, 0x10, 0x81, 0x10, 0x82, 0x10, 0x82, 0x10, 0x81, 0x10, 0x82, 0x10,
    0x81, 0x18, 0x81, 0x10, 0x81, 0x10, 0x81, 0x10, 0x81, 0x10, 0x82, 0x18,
    0x81, 0x10, 0x81, 0x10, 0x82, 0x18, 0x81, 0x10, 0x81, 0x10, 0x61, 0x10,
    0x81, 0x10, 0x61, 0x10, 0x81, 0x10, 0x81, 0x10, 0x82, 0x10, 0x61, 0x18,
    0x81, 0x18, 0x81, 0x10, 0x81, 0x10, 0x81, 0x10, 0x81, 0x10, 0x81, 0x18,
    0x82, 0x10, 0x81, 0x18, 0x81, 0x18, 0x81, 0x18, 0x81, 0x10, 0x82, 0x18,
    0x81, 0x18, 0x81, 0x18, 0x81, 0x18, 0x81, 0x18, 0xa2, 0x20, 0x91, 0xcc,
    0x75, 0xfd, 0xb6, 0xfd, 0xd6, 0xfd, 0x17, 0xfe, 0xf5, 0xfd, 0x70, 0xd4,
    0xf2, 0xe4, 0xb5, 0xf5, 0x17, 0xfe, 0x58, 0xfe, 0x58, 0xfe, 0x58, 0xfe,
    0x38, 0xfe, 0x18, 0xfe, 0x38, 0xfe, 0x17, 0xfe, 0xf7, 0xfd, 0xd6, 0xfd,
    0xb6, 0xfd, 0xb6, 0xf5, 0xd6, 0xfd, 0x95, 0xf5, 0x54, 0xf5, 0xd2, 0xec,
    0xd2, 0xec, 0x70, 0xe4, 0x4f, 0xe4, 0xee, 0xd3, 0xcd, 0xd3, 0x2f, 0xdc,
    0xf3, 0xec, 0xb6, 0xfd, 0x54, 0xf5, 0x33, 0xf5, 0x54, 0xfd, 0x75, 0xfd,
    0x75, 0xfd, 0x55, 0xfd, 0x54, 0xf5, 0xd3, 0xf4, 0x50, 0xe4, 0x0f, 0xd4,
    0x2c, 0xbb, 0x2c, 0xb3, 0x6d, 0xbb, 0xce, 0xcb, 0xad, 0xcb, 0xad, 0xc3,
    0xce, 0xcb, 0x50, 0xd4, 0xad, 0xbb, 0x2b, 0xb3, 0x0b, 0xab, 0x4c, 0xb3,
    0x0b, 0xab, 0x4b, 0xb3, 0x8d, 0xbb, 0x6c, 0xb3, 0xad, 0xbb, 0xee, 0xc3,
    0xee, 0xc3, 0x0f, 0xcc, 0x0f, 0xcc, 0x0e, 0xcc, 0x70, 0xd4, 0xd1, 0xe4,
    0xd1, 0xdc, 0xb1, 0xdc, 0x90, 0xdc, 0x90, 0xdc, 0x2f, 0xcc, 0xad, 0xbb,
    0x0f, 0xcc, 0xad, 0xc3, 0x0b, 0x9b, 0x81, 0x18, 0x81, 0x18, 0x61, 0x10,
    0x61, 0x10, 0x81, 0x18, 0x61, 0x10, 0x61, 0x10, 0x61, 0x10, 0x61, 0x18,
    0x61, 0x10, 0x61, 0x10, 0x61, 0x10, 0x61, 0x10, 0x61, 0x10, 0x61, 0x18,
    0x61, 0x10, 0x61, 0x10, 0x61, 0x10, 0x81, 0x10, 0x61, 0x10, 0x81, 0x10,
    0x61, 0x10, 0x81, 0x10, 0x61, 0x10, 0x61, 0x10, 0x61, 0x10, 0x61, 0x10,
    0x61, 0x10, 0x61, 0x10, 0x61, 0x10, 0x61, 0x10, 0x61, 0x10, 0x81, 0x10,
    0x61, 0x10, 0x61, 0x10, 0x61, 0x10, 0x81, 0x10, 0x81, 0x10, 0x61, 0x10,
    0x61, 0x10, 0x61, 0x10, 0x61, 0x10, 0x81, 0x10, 0x61, 0x10, 0x81, 0x10,
    0x61, 0x10, 0x61, 0x10, 0x61, 0x10, 0x81, 0x10, 0x61, 0x10, 0x81, 0x10,
    0x81, 0x10, 0x81, 0x10, 0x81, 0x10, 0x82, 0x10, 0x61, 0x10, 0x81, 0x10,
    0x81, 0x10, 0x81, 0x10, 0x81, 0x10, 0x82, 0x10, 0x61, 0x10, 0x61, 0x10,
    0x62, 0x10, 0x81, 0x10, 0x81, 0x10, 0x81, 0x10, 0x81, 0x10, 0x81, 0x10,
    0x61, 0x10, 0x62, 0x10, 0x82, 0x10, 0x61, 0x10, 0x61, 0x10, 0x82, 0x10,
    0x61, 0x10, 0x81, 0x10, 0x82, 0x10, 0x81, 0x10, 0x81, 0x10, 0x81, 0x10,
    0x82, 0x18, 0x81, 0x10, 0x81, 0x10, 0x82, 0x10, 0x82, 0x18, 0x81, 0x10,
    0xa2, 0x18, 0xa2, 0x18, 0xa2, 0x18, 0x81, 0x10, 0xa2, 0x18, 0x82, 0x18,
    0x81, 0x18, 0x82, 0x10, 0xa2, 0x18, 0xa2, 0x10, 0x82, 0x18, 0x82, 0x10,
    0xa2, 0x18, 0x82, 0x10, 0x82, 0x18, 0xa2, 0x18, 0xa1, 0x10, 0xa2, 0x18,
    0xa2, 0x18, 0x82, 0x18, 0xa2, 0x18, 0xa2, 0x10, 0x82, 0x10, 0xa2, 0x18,
    0x81, 0x10, 0xa2, 0x18, 0x81, 0x10, 0x82, 0x18, 0x82, 0x10, 0xa2, 0x18,
    0x81, 0x18, 0x82, 0x10, 0x82, 0x18, 0x82, 0x18, 0x81, 0x10, 0x82, 0x18,
    0x82, 0x10, 0x81, 0x18, 0x82, 0x10, 0x82, 0x10, 0x81, 0x10, 0x81, 0x18,
    0x82, 0x10, 0x82, 0x18, 0x81, 0x10, 0x81, 0x18, 0x82, 0x10, 0x81, 0x10,
    0x82, 0x10, 0x61, 0x10, 0x82, 0x18, 0x82, 0x10, 0x82, 0x18, 0x82, 0x10,
    0x61, 0x18, 0x61, 0x18, 0x61, 0x10, 0x82, 0x18, 0x81, 0x10, 0x82, 0x18,
    0x62, 0x10, 0x62, 0x18, 0x82, 0x10, 0x81, 0x10, 0x82, 0x18, 0x81, 0x18,
    0x81, 0x18, 0x82, 0x18, 0x81, 0x18, 0x81, 0x18, 0x82, 0x10, 0x81, 0x10,
    0x82, 0x10, 0x82, 0x18, 0x82, 0x18, 0xa2, 0x18, 0xa2, 0x20, 0xaa, 0x7a,
    0x75, 0xfd, 0x95, 0xfd, 0x95, 0xfd, 0xb5, 0xfd, 0xf6, 0xfd, 0xf1, 0xe4,
    0xd1, 0xdc, 0xb5, 0xf5, 0x17, 0xfe, 0x58, 0xfe, 0x58, 0xfe, 0x38, 0xfe,
    0x38, 0xfe, 0x58, 0xfe, 0x58, 0xfe, 0x18, 0xfe, 0x17, 0xfe, 0xf7, 0xfd,
    0xd7, 0xfd, 0xd6, 0xfd, 0xd6, 0xfd, 0x95, 0xf5, 0x95, 0xfd, 0xf3, 0xec,
    0x70, 0xe4, 0x70, 0xe4, 0xce, 0xd3, 0x8c, 0xcb, 0x4b, 0xc3, 0x0e, 0xdc,
    0xb6, 0xfd, 0x95, 0xfd, 0x54, 0xf5, 0x54, 0xfd, 0x75, 0xfd, 0x95, 0xfd,
    0xb6, 0xfd, 0xb6, 0xfd, 0xd7, 0xfd, 0x55, 0xf5, 0x71, 0xe4, 0xef, 0xd3,
    0xae, 0xcb, 0x6d, 0xc3, 0xef, 0xcb, 0xef, 0xcb, 0xae, 0xcb, 0xae, 0xc3,
    0x8d, 0xc3, 0xce, 0xcb, 0xce, 0xc3, 0xa9, 0x9a, 0xa9, 0xa2, 0xca, 0xa2,
    0x2b, 0xb3, 0x4c, 0xb3, 0x8d, 0xbb, 0x8d, 0xbb, 0xce, 0xc3, 0x2f, 0xcc,
    0x2f, 0xd4, 0x4f, 0xd4, 0x4f, 0xd4, 0x50, 0xd4, 0x91, 0xdc, 0xb1, 0xdc,
    0xb1, 0xdc, 0xb1, 0xdc, 0x90, 0xdc, 0x70, 0xd4, 0xee, 0xbb, 0xee, 0xc3,
    0x4f, 0xd4, 0xee, 0xcb, 0xca, 0x8a, 0x81, 0x18, 0x81, 0x18, 0x81, 0x10,
    0x81, 0x18, 0x81, 0x10, 0x61, 0x18, 0x61, 0x10, 0x81, 0x10, 0x61, 0x10,
    0x61, 0x18, 0x81, 0x10, 0x61, 0x10, 0x60, 0x18, 0x61, 0x10, 0x61, 0x10,
    0x61, 0x10, 0x81, 0x18, 0x61, 0x10, 0x61, 0x10, 0x61, 0x10, 0x61, 0x10,
    0x61, 0x10, 0x61, 0x10, 0x61, 0x10, 0x61, 0x10, 0x61, 0x10, 0x61, 0x10,
    0x81, 0x10, 0x81, 0x10, 0x61, 0x10, 0x81, 0x10, 0x61, 0x10, 0x61, 0x10,
    0x61, 0x10, 0x61, 0x10, 0x81, 0x10, 0x61, 0x10, 0x81, 0x10, 0x81, 0x10,
    0x81, 0x10, 0x61, 0x10, 0x81, 0x10, 0x61, 0x10, 0x61, 0x10, 0x81, 0x10,
    0x81, 0x10, 0x61, 0x10, 0x81, 0x10, 0x61, 0x10, 0x61, 0x10, 0x61, 0x10,
    0x61, 0x10, 0x61, 0x10, 0x81, 0x10, 0x81, 0x10, 0x81, 0x10, 0x81, 0x10,
    0x62, 0x10, 0x61, 0x10, 0x81, 0x10, 0x82, 0x10, 0x81, 0x10, 0x61, 0x10,
    0x81, 0x10, 0x81, 0x10, 0x61, 0x10, 0x61, 0x10, 0x82, 0x10, 0x81, 0x10,
    0x61, 0x10, 0x81, 0x10, 0x81, 0x10, 0x61, 0x10, 0x62, 0x10, 0x81, 0x10,
    0x81, 0x10, 0x82, 0x10, 0x82, 0x10, 0x81, 0x10, 0x61, 0x10, 0x82, 0x18,
    0x82, 0x10, 0x81, 0x10, 0x81, 0x10, 0x82, 0x10, 0x81, 0x10, 0x82, 0x10,
    0xa2, 0x18, 0xa2, 0x10, 0xa2, 0x18, 0xa2, 0x18, 0xa2, 0x18, 0x82, 0x10,
    0xa1, 0x18, 0xa2, 0x18, 0xa2, 0x18, 0x81, 0x18, 0x81, 0x10, 0x82, 0x10,
    0x82, 0x10, 0xa1, 0x10, 0x82, 0x18, 0x81, 0x10, 0x82, 0x10, 0xa2, 0x18,
    0x81, 0x10, 0x81, 0x10, 0x82, 0x18, 0x82, 0x10, 0x82, 0x10, 0x82, 0x18,
    0xa2, 0x18, 0x82, 0x10, 0x82, 0x18, 0xa2, 0x10, 0x82, 0x10, 0x82, 0x18,
    0x81, 0x10, 0x81, 0x10, 0x82, 0x10, 0x82, 0x10, 0xa1, 0x18, 0x82, 0x18,
    0x81, 0x10, 0x82, 0x10, 0x81, 0x18, 0x81, 0x10, 0x81, 0x10, 0x82, 0x10,
    0x81, 0x10, 0x81, 0x10, 0x82, 0x10, 0x81, 0x18, 0x61, 0x18, 0x81, 0x10,
    0x81, 0x10, 0x82, 0x10, 0x61, 0x10, 0x81, 0x10, 0x81, 0x10, 0x82, 0x10,
    0x81, 0x10, 0x61, 0x10, 0x82, 0x18, 0x81, 0x10, 0x81, 0x10, 0x61, 0x10,
    0x81, 0x10, 0x81, 0x10, 0x61, 0x18, 0x82, 0x10, 0x82, 0x18, 0x81, 0x10,
    0x81, 0x10, 0x81, 0x18, 0x82, 0x10, 0x81, 0x18, 0x81, 0x10, 0x82, 0x18,
    0x81, 0x18, 0x81, 0x18, 0x81, 0x18, 0x81, 0x18, 0xa1, 0x18, 0xa2, 0x20,
    0x8d, 0xab, 0x74, 0xfd, 0xb5, 0xfd, 0xd6, 0xfd, 0xd6, 0xfd, 0x32, 0xed,
    0x8f, 0xd4, 0x94, 0xf5, 0xd6, 0xfd, 0x17, 0xfe, 0x38, 0xfe, 0x58, 0xfe,
    0x59, 0xfe, 0x38, 0xfe, 0x79, 0xfe, 0x79, 0xfe, 0x38, 0xfe, 0x17, 0xfe,
    0xf7, 0xfd, 0xd6, 0xfd, 0xd7, 0xfd, 0xd6, 0xf5, 0x75, 0xf5, 0xf2, 0xec,
    0x2f, 0xdc, 0xcd, 0xd3, 0x4c, 0xc3, 0xea, 0xaa, 0x2b, 0xbb, 0x33, 0xed,
    0xd6, 0xfd, 0xd7, 0xfd, 0xf7, 0xfd, 0xf7, 0xfd, 0x59, 0xfe, 0x79, 0xfe,
    0x9a, 0xfe, 0xba, 0xfe, 0x9a, 0xfe, 0xf7, 0xfd, 0xd2, 0xec, 0x30, 0xdc,
    0xef, 0xd3, 0x0f, 0xd4, 0xd2, 0xdc, 0x55, 0xe5, 0x30, 0xd4, 0xef, 0xd3,
    0xef, 0xd3, 0xee, 0xcb, 0x0f, 0xcc, 0x0b, 0xa3, 0x89, 0x9a, 0x68, 0x92,
    0xa9, 0xa2, 0x0b, 0xab, 0x8d, 0xbb, 0xce, 0xc3, 0x2f, 0xd4, 0x50, 0xd4,
    0x71, 0xd4, 0x91, 0xdc, 0x91, 0xdc, 0xd2, 0xdc, 0x91, 0xdc, 0xb1, 0xdc,
    0xb1, 0xdc, 0x90, 0xdc, 0x70, 0xdc, 0x4f, 0xcc, 0xac, 0xb3, 0xee, 0xcb,
    0x0f, 0xd4, 0x0f, 0xcc, 0xa7, 0x51, 0x81, 0x18, 0x61, 0x18, 0x81, 0x18,
    0x61, 0x10, 0x61, 0x10, 0x61, 0x10, 0x61, 0x18, 0x81, 0x10, 0x61, 0x10,
    0x61, 0x10, 0x61, 0x10, 0x61, 0x18, 0x61, 0x10, 0x81, 0x10, 0x61, 0x10,
    0x61, 0x10, 0x60, 0x10, 0x61, 0x10, 0x61, 0x10, 0x81, 0x10, 0x61, 0x10,
    0x61, 0x10, 0x61, 0x10, 0x61, 0x10, 0x61, 0x10, 0x81, 0x10, 0x61, 0x10,
    0x61, 0x10, 0x60, 0x10, 0x61, 0x10, 0x61, 0x08, 0x61, 0x10, 0x81, 0x10,
    0x61, 0x10, 0x61, 0x10, 0x61, 0x10, 0x81, 0x10, 0x61, 0x10, 0x61, 0x10,
    0x61, 0x10, 0x81, 0x10, 0x61, 0x10, 0x81, 0x10, 0x81, 0x10, 0x61, 0x10,
    0x61, 0x10, 0x61, 0x10, 0x61, 0x10, 0x61, 0x10, 0x61, 0x10, 0x81, 0x10,
    0x81, 0x10, 0x61, 0x10, 0x61, 0x10, 0x61, 0x10, 0x61, 0x10, 0x81, 0x10,
    0x61, 0x10, 0x81, 0x10, 0x61, 0x10, 0x61, 0x10, 0x81, 0x10, 0x61, 0x10,
    0x81, 0x10, 0x81, 0x10, 0x81, 0x10, 0x82, 0x10, 0x81, 0x10, 0x61, 0x10,
    0x61, 0x10, 0x81, 0x10, 0x61, 0x10, 0x82, 0x10, 0x81, 0x10, 0x61, 0x10,
    0x61, 0x10, 0x81, 0x10, 0x81, 0x10, 0x82, 0x10, 0x81, 0x10, 0x81, 0x10,
    0x81, 0x10, 0x81, 0x10, 0x81, 0x10, 0x82, 0x10, 0x81, 0x10, 0x81, 0x10,
    0x82, 0x10, 0x82, 0x18, 0xa1, 0x10, 0x82, 0x10, 0xa2, 0x18, 0x82, 0x10,
    0xa2, 0x10, 0x82, 0x10, 0x82, 0x18, 0xa2, 0x18, 0xa2, 0x18, 0xa2, 0x18,
    0xa2, 0x18, 0xa2, 0x18, 0xa2, 0x18, 0xa2, 0x18, 0x82, 0x18, 0xa2, 0x18,
    0x82, 0x18, 0x82, 0x10, 0x81, 0x10, 0x82, 0x18, 0xa2, 0x10, 0x81, 0x10,
    0xa2, 0x18, 0x82, 0x10, 0x81, 0x10, 0x82, 0x18, 0xa2, 0x18, 0xa2, 0x18,
    0x82, 0x10, 0x82, 0x18, 0x81, 0x10, 0x82, 0x18, 0x82, 0x10, 0x81, 0x10,
    0x82, 0x18, 0x82, 0x10, 0x82, 0x18, 0x81, 0x18, 0x82, 0x10, 0x82, 0x10,
    0x81, 0x18, 0x81, 0x10, 0x81, 0x10, 0x82, 0x10, 0x81, 0x10, 0x81, 0x18,
    0x82, 0x18, 0x81, 0x10, 0x81, 0x10, 0x81, 0x18, 0x61, 0x10, 0x81, 0x18,
    0x62, 0x10, 0x81, 0x18, 0x82, 0x18, 0x81, 0x10, 0x61, 0x10, 0x82, 0x18,
    0x81, 0x10, 0x81, 0x18, 0x81, 0x10, 0x81, 0x10, 0x61, 0x18, 0x82, 0x18,
    0x81, 0x10, 0x82, 0x18, 0x81, 0x18, 0x82, 0x18, 0x81, 0x10, 0x81, 0x10,
    0x81, 0x18, 0x81, 0x10, 0x82, 0x18, 0x81, 0x18, 0xa2, 0x20, 0xa2, 0x20,
    0xa2, 0x20, 0x2c, 0x93, 0xd2, 0xe4, 0x33, 0xf5, 0xf2, 0xec, 0x0e, 0xc4,
    0x90, 0xd4, 0x53, 0xed, 0x94, 0xed, 0x17, 0xfe, 0x58, 0xfe, 0x38, 0xfe,
    0x59, 0xfe, 0x79, 0xfe, 0x79, 0xfe, 0x59, 0xfe, 0x79, 0xfe, 0x58, 0xfe,
    0x38, 0xfe, 0xf7, 0xfd, 0xd6, 0xf5, 0xb6, 0xf5, 0x54, 0xf5, 0x91, 0xe4,
    0xce, 0xd3, 0x4c, 0xc3, 0xa9, 0xa2, 0x88, 0xa2, 0xcd, 0xcb, 0x75, 0xf5,
    0xf7, 0xfd, 0x58, 0xfe, 0x79, 0xfe, 0x79, 0xfe, 0x9a, 0xfe, 0x79, 0xfe,
    0x59, 0xfe, 0x38, 0xfe, 0x79, 0xfe, 0x18, 0xfe, 0xf3, 0xec, 0x0f, 0xdc,
    0x0f, 0xd4, 0x30, 0xd4, 0xf3, 0xe4, 0xf3, 0xe4, 0x50, 0xdc, 0x71, 0xdc,
    0x70, 0xe4, 0x90, 0xdc, 0x50, 0xdc, 0xae, 0xbb, 0xa9, 0x9a, 0xe6, 0x81,
    0x27, 0x8a, 0xea, 0xa2, 0x4c, 0xbb, 0xcd, 0xc3, 0x4f, 0xcc, 0x50, 0xd4,
    0x91, 0xd4, 0xb2, 0xdc, 0xf3, 0xdc, 0xf3, 0xdc, 0x13, 0xe5, 0xf2, 0xe4,
    0xd1, 0xdc, 0x90, 0xdc, 0x70, 0xd4, 0x70, 0xd4, 0x4c, 0xab, 0xce, 0xcb,
    0x50, 0xdc, 0xae, 0xb3, 0x81, 0x18, 0x81, 0x18, 0x61, 0x18, 0x61, 0x10,
    0x81, 0x10, 0x61, 0x18, 0x61, 0x10, 0x61, 0x10, 0x61, 0x18, 0x61, 0x10,
    0x61, 0x10, 0x81, 0x18, 0x61, 0x10, 0x61, 0x18, 0x61, 0x10, 0x61, 0x10,
    0x61, 0x18, 0x61, 0x10, 0x61, 0x10, 0x81, 0x10, 0x61, 0x10, 0x61, 0x10,
    0x61, 0x10, 0x61, 0x10, 0x61, 0x10, 0x61, 0x10, 0x61, 0x10, 0x61, 0x10,
    0x61, 0x10, 0x61, 0x10, 0x61, 0x10, 0x80, 0x10, 0x61, 0x10, 0x61, 0x10,
    0x61, 0x10, 0x61, 0x10, 0x61, 0x10, 0x61, 0x10, 0x81, 0x10, 0x61, 0x10,
    0x61, 0x10, 0x81, 0x10, 0x61, 0x10, 0x61, 0x10, 0x81, 0x10, 0x81, 0x10,
    0x61, 0x10, 0x61, 0x10, 0x81, 0x10, 0x81, 0x10, 0x81, 0x10, 0x82, 0x10,
    0x61, 0x18, 0x81, 0x10, 0x81, 0x10, 0x61, 0x10, 0x81, 0x10, 0x61, 0x10,
    0x82, 0x10, 0x81, 0x10, 0x81, 0x10, 0x82, 0x10, 0x81, 0x10, 0x81, 0x10,
    0x81, 0x10, 0x62, 0x10, 0x81, 0x10, 0x81, 0x10, 0x62, 0x10, 0x61, 0x10,
    0x81, 0x10, 0x61, 0x10, 0x62, 0x10, 0x82, 0x10, 0x81, 0x10, 0x81, 0x10,
    0x82, 0x10, 0x82, 0x10, 0x61, 0x10, 0x81, 0x10, 0x81, 0x10, 0x82, 0x18,
    0x81, 0x10, 0x62, 0x10, 0x81, 0x10, 0x82, 0x10, 0x61, 0x10, 0x82, 0x10,
    0x82, 0x10, 0xa2, 0x18, 0x82, 0x10, 0x82, 0x10, 0xa2, 0x18, 0xa2, 0x18,
    0x82, 0x18, 0xa2, 0x10, 0xa2, 0x10, 0xa2, 0x10, 0xa2, 0x18, 0x82, 0x18,
    0x82, 0x10, 0x82, 0x18, 0xa2, 0x18, 0x82, 0x18, 0xa2, 0x10, 0xa2, 0x18,
    0xa2, 0x10, 0xa2, 0x18, 0xa2, 0x18, 0xa2, 0x18, 0x81, 0x10, 0x82, 0x10,
    0x82, 0x10, 0x81, 0x18, 0x82, 0x10, 0x82, 0x10, 0x81, 0x18, 0x82, 0x18,
    0x81, 0x10, 0x82, 0x18, 0x82, 0x18, 0x81, 0x10, 0x82, 0x18, 0x81, 0x10,
    0x81, 0x10, 0x82, 0x10, 0xa1, 0x10, 0x82, 0x18, 0x81, 0x10, 0x82, 0x18,
    0x82, 0x10, 0x81, 0x10, 0x81, 0x18, 0x82, 0x10, 0x81, 0x10, 0x61, 0x10,
    0x81, 0x10, 0x82, 0x10, 0x82, 0x18, 0x81, 0x10, 0x82, 0x10, 0x81, 0x10,
    0x81, 0x18, 0x81, 0x10, 0x81, 0x10, 0x81, 0x10, 0x81, 0x18, 0x81, 0x10,
    0x82, 0x18, 0x61, 0x10, 0x82, 0x10, 0x81, 0x10, 0x81, 0x18, 0x61, 0x10,
    0x82, 0x18, 0x81, 0x10, 0x81, 0x18, 0x81, 0x10, 0x81, 0x10, 0x81, 0x10,
    0x82, 0x18, 0x82, 0x18, 0x81, 0x18, 0x82, 0x18, 0xa1, 0x18, 0xa2, 0x20,
    0x81, 0x20, 0xa2, 0x20, 0xe3, 0x30, 0xc6, 0x61, 0x44, 0x49, 0x44, 0x41,
    0x2f, 0xc4, 0x33, 0xe5, 0x95, 0xf5, 0xf7, 0xfd, 0x58, 0xfe, 0x58, 0xfe,
    0x38, 0xfe, 0x38, 0xfe, 0x9a, 0xfe, 0x59, 0xfe, 0x58, 0xfe, 0x58, 0xfe,
    0x17, 0xfe, 0xf7, 0xfd, 0xd6, 0xf5, 0x95, 0xf5, 0x13, 0xf5, 0x0f, 0xdc,
    0x4c, 0xc3, 0xa9, 0xa2, 0x47, 0x92, 0xc9, 0xaa, 0x2f, 0xd4, 0x33, 0xf5,
    0xf7, 0xfd, 0x38, 0xfe, 0xf7, 0xfd, 0x74, 0xfd, 0x33, 0xf5, 0x74, 0xf5,
    0xd6, 0xfd, 0xd6, 0xfd, 0xf7, 0xfd, 0xd6, 0xfd, 0xf3, 0xec, 0x50, 0xdc,
    0x0f, 0xd4, 0x0f, 0xd4, 0x30, 0xd4, 0x0f, 0xcc, 0xee, 0xcb, 0xee, 0xcb,
    0x0f, 0xd4, 0x50, 0xdc, 0x50, 0xdc, 0xce, 0xc3, 0xc9, 0x9a, 0xc5, 0x79,
    0x27, 0x8a, 0x48, 0x92, 0x0b, 0xab, 0x8d, 0xbb, 0x2f, 0xcc, 0x50, 0xcc,
    0x70, 0xd4, 0x13, 0xe5, 0x34, 0xe5, 0x34, 0xe5, 0x33, 0xe5, 0x13, 0xe5,
    0xd2, 0xdc, 0x90, 0xdc, 0x4f, 0xd4, 0x4f, 0xd4, 0xad, 0xbb, 0x30, 0xd4,
    0xef, 0xcb, 0x85, 0x49, 0x81, 0x18, 0x61, 0x18, 0x81, 0x18, 0x61, 0x10,
    0x61, 0x10, 0x81, 0x18, 0x61, 0x10, 0x81, 0x10, 0x61, 0x10, 0x61, 0x10,
    0x61, 0x10, 0x61, 0x10, 0x61, 0x10, 0x61, 0x10, 0x61, 0x10, 0x61, 0x10,
    0x81, 0x10, 0x61, 0x10, 0x61, 0x10, 0x81, 0x10, 0x61, 0x10, 0x61, 0x10,
    0x61, 0x10, 0x81, 0x10, 0x61, 0x10, 0x81, 0x10, 0x61, 0x10, 0x61, 0x10,
    0x61, 0x10, 0x81, 0x10, 0x61, 0x10, 0x61, 0x10, 0x60, 0x08, 0x61, 0x10,
    0x61, 0x10, 0x61, 0x10, 0x81, 0x18, 0x61, 0x10, 0x81, 0x10, 0x61, 0x10,
    0x81, 0x10, 0x81, 0x10, 0x81, 0x10, 0x61, 0x10, 0x81, 0x10, 0x61, 0x10,
    0x81, 0x10, 0x81, 0x10, 0x61, 0x10, 0x61, 0x10, 0x81, 0x10, 0x61, 0x10,
    0x61, 0x10, 0x81, 0x10, 0x61, 0x10, 0x81, 0x10, 0x81, 0x10, 0x61, 0x10,
    0x61, 0x10, 0x81, 0x10, 0x61, 0x10, 0x81, 0x10, 0x81, 0x10, 0x81, 0x10,
    0x61, 0x10, 0x81, 0x10, 0x81, 0x10, 0x81, 0x10, 0x81, 0x10, 0x61, 0x10,
    0x81, 0x10, 0x81, 0x10, 0x61, 0x10, 0x61, 0x10, 0x61, 0x10, 0x61, 0x10,
    0x81, 0x10, 0x81, 0x10, 0x81, 0x10, 0x82, 0x10, 0x81, 0x10, 0x81, 0x10,
    0x61, 0x10, 0x61, 0x10, 0x81, 0x10, 0x81, 0x10, 0x82, 0x10, 0x81, 0x10,
    0xa2, 0x18, 0xa2, 0x18, 0x82, 0x10, 0xa2, 0x10, 0xa2, 0x18, 0xa2, 0x18,
    0xa2, 0x18, 0x82, 0x10, 0x82, 0x18, 0xa2, 0x10, 0x82, 0x18, 0xa2, 0x10,
    0xa2, 0x10, 0x82, 0x10, 0x81, 0x18, 0xa2, 0x10, 0x82, 0x18, 0x81, 0x10,
    0x82, 0x10, 0x82, 0x18, 0x81, 0x10, 0xa2, 0x10, 0xa2, 0x18, 0x82, 0x10,
    0x82, 0x18, 0xa1, 0x10, 0x82, 0x18, 0xa2, 0x10, 0x82, 0x10, 0x82, 0x18,
    0x82, 0x18, 0x82, 0x10, 0xa2, 0x18, 0x82, 0x18, 0x82, 0x10, 0xa1, 0x10,
    0x82, 0x18, 0xa2, 0x18, 0x81, 0x10, 0x81, 0x10, 0x82, 0x10, 0x81, 0x10,
    0x82, 0x10, 0x81, 0x10, 0x81, 0x18, 0x81, 0x10, 0x62, 0x10, 0x81, 0x10,
    0x81, 0x10, 0x82, 0x18, 0x81, 0x10, 0x81, 0x10, 0x82, 0x10, 0x81, 0x10,
    0x82, 0x10, 0x61, 0x10, 0x82, 0x10, 0x82, 0x18, 0x81, 0x10, 0x81, 0x10,
    0x81, 0x18, 0x82, 0x10, 0x62, 0x18, 0x61, 0x18, 0x82, 0x10, 0x61, 0x18,
    0x81, 0x18, 0x81, 0x10, 0x81, 0x18, 0x82, 0x18, 0x81, 0x18, 0x81, 0x18,
    0x82, 0x10, 0x81, 0x18, 0x81, 0x18, 0x82, 0x18, 0x81, 0x18, 0xa2, 0x18,
    0x81, 0x18, 0xa2, 0x18, 0x82, 0x20, 0xe3, 0x20, 0xa2, 0x20, 0xe3, 0x30,
    0x4f, 0xc4, 0xd1, 0xdc, 0x94, 0xf5, 0x95, 0xf5, 0xf7, 0xfd, 0x17, 0xfe,
    0x17, 0xf6, 0x79, 0xfe, 0x58, 0xfe, 0x79, 0xfe, 0x79, 0xfe, 0x79, 0xfe,
    0x18, 0xfe, 0xf7, 0xfd, 0xd6, 0xf5, 0x54, 0xf5, 0x91, 0xe4, 0xad, 0xcb,
    0x0a, 0xb3, 0x68, 0x9a, 0x68, 0x9a, 0x6c, 0xbb, 0x4f, 0xdc, 0xf2, 0xec,
    0xb5, 0xfd, 0x75, 0xfd, 0x4f, 0xe4, 0x47, 0xa2, 0xc5, 0x89, 0x48, 0x92,
    0xad, 0xbb, 0xf2, 0xe4, 0xb6, 0xfd, 0x95, 0xfd, 0x13, 0xed, 0x50, 0xe4,
    0x0f, 0xd4, 0xee, 0xcb, 0xee, 0xcb, 0x6d, 0xbb, 0x48, 0x8a, 0xa5, 0x71,
    0xa8, 0xa2, 0xcd, 0xcb, 0x2f, 0xd4, 0xcd, 0xc3, 0x0b, 0xa3, 0x07, 0x82,
    0xa5, 0x71, 0x06, 0x8a, 0xa9, 0x9a, 0x4b, 0xb3, 0xee, 0xcb, 0x70, 0xd4,
    0x91, 0xd4, 0x13, 0xe5, 0x33, 0xe5, 0x13, 0xdd, 0x74, 0xe5, 0x13, 0xe5,
    0xb1, 0xdc, 0xb1, 0xdc, 0x2f, 0xcc, 0xee, 0xc3, 0x6c, 0xb3, 0x4c, 0xa3,
    0x24, 0x39, 0x81, 0x18, 0x61, 0x18, 0x81, 0x18, 0x61, 0x10, 0x61, 0x10,
    0x81, 0x18, 0x81, 0x10, 0x61, 0x10, 0x61, 0x10, 0x81, 0x18, 0x61, 0x18,
    0x61, 0x10, 0x61, 0x10, 0x81, 0x18, 0x61, 0x10, 0x61, 0x10, 0x61, 0x10,
    0x81, 0x10, 0x61, 0x10, 0x61, 0x18, 0x81, 0x10, 0x81, 0x10, 0x61, 0x10,
    0x61, 0x10, 0x61, 0x10, 0x61, 0x10, 0x61, 0x10, 0x81, 0x10, 0x61, 0x10,
    0x60, 0x10, 0x61, 0x10, 0x61, 0x10, 0x61, 0x10, 0x61, 0x10, 0x61, 0x10,
    0x81, 0x10, 0x61, 0x10, 0x61, 0x10, 0x61, 0x10, 0x81, 0x10, 0x81, 0x10,
    0x61, 0x10, 0x61, 0x10, 0x81, 0x10, 0x81, 0x10, 0x61, 0x10, 0x61, 0x10,
    0x81, 0x10, 0x81, 0x10, 0x61, 0x10, 0x61, 0x10, 0x81, 0x10, 0x61, 0x10,
    0x81, 0x10, 0x61, 0x10, 0x61, 0x10, 0x81, 0x10, 0x61, 0x10, 0x61, 0x10,
    0x81, 0x10, 0x61, 0x10, 0x61, 0x10, 0x61, 0x10, 0x81, 0x10, 0x81, 0x10,
    0x61, 0x10, 0x81, 0x10, 0x81, 0x10, 0x61, 0x10, 0x61, 0x10, 0x81, 0x10,
    0x81, 0x10, 0x61, 0x10, 0x81, 0x10, 0x81, 0x10, 0x82, 0x10, 0x81, 0x10,
    0x61, 0x10, 0x81, 0x10, 0x81, 0x10, 0x62, 0x10, 0x81, 0x10, 0x81, 0x10,
    0x61, 0x10, 0x81, 0x10, 0x82, 0x10, 0x82, 0x10, 0x81, 0x10, 0x81, 0x18,
    0xa2, 0x18, 0xa2, 0x18, 0xa2, 0x18, 0x82, 0x10, 0x82, 0x10, 0x82, 0x10,
    0xa2, 0x10, 0x81, 0x18, 0xa2, 0x10, 0x82, 0x18, 0xa2, 0x18, 0x82, 0x10,
    0xa2, 0x18, 0xa2, 0x18, 0x82, 0x18, 0xa2, 0x18, 0xa2, 0x10, 0x81, 0x18,
    0x81, 0x18, 0xa2, 0x18, 0x82, 0x10, 0x81, 0x10, 0xa2, 0x18, 0xa2, 0x10,
    0xa2, 0x10, 0x81, 0x10, 0xa2, 0x18, 0x82, 0x10, 0x81, 0x10, 0x82, 0x18,
    0x82, 0x10, 0x81, 0x18, 0x81, 0x10, 0x81, 0x10, 0x82, 0x18, 0x82, 0x10,
    0x82, 0x10, 0x82, 0x18, 0x82, 0x18, 0x81, 0x10, 0x82, 0x10, 0x82, 0x18,
    0x81, 0x10, 0x82, 0x10, 0x82, 0x10, 0x81, 0x18, 0x81, 0x10, 0x81, 0x18,
    0x81, 0x10, 0x82, 0x10, 0x61, 0x10, 0x81, 0x10, 0x82, 0x18, 0x62, 0x10,
    0x81, 0x10, 0x61, 0x10, 0x81, 0x18, 0x81, 0x10, 0x62, 0x10, 0x81, 0x10,
    0x81, 0x10, 0x61, 0x18, 0x81, 0x10, 0x62, 0x10, 0x81, 0x10, 0x81, 0x18,
    0x82, 0x18, 0x82, 0x18, 0x81, 0x18, 0x81, 0x18, 0x82, 0x18, 0x81, 0x10,
    0x82, 0x18, 0x82, 0x18, 0x81, 0x18, 0x82, 0x18, 0x82, 0x18, 0xa2, 0x18,
    0xa1, 0x18, 0xa1, 0x20, 0x82, 0x18, 0xc2, 0x20, 0xa1, 0x20, 0xc2, 0x20,
    0x0e, 0xbc, 0xd1, 0xdc, 0x12, 0xe5, 0xd6, 0xfd, 0xf6, 0xf5, 0x17, 0xfe,
    0x17, 0xfe, 0x58, 0xfe, 0x18, 0xfe, 0x79, 0xfe, 0x58, 0xfe, 0x18, 0xfe,
    0xf7, 0xfd, 0xd6, 0xf5, 0x74, 0xf5, 0xd2, 0xec, 0x50, 0xdc, 0x8d, 0xc3,
    0x88, 0xa2, 0x68, 0x92, 0x4a, 0xb3, 0x4f, 0xd4, 0xd1, 0xec, 0xd2, 0xec,
    0x33, 0xf5, 0x13, 0xf5, 0x2f, 0xe4, 0xac, 0xd3, 0x70, 0xdc, 0x75, 0xed,
    0x75, 0xe5, 0x50, 0xd4, 0xf2, 0xec, 0x74, 0xf5, 0xd2, 0xec, 0x2f, 0xdc,
    0xcd, 0xc3, 0xcd, 0xc3, 0xad, 0xbb, 0xce, 0xbb, 0xae, 0xbb, 0x89, 0x9a,
    0x67, 0xa2, 0xad, 0xcb, 0x4f, 0xd4, 0x2f, 0xcc, 0xce, 0xbb, 0xea, 0x9a,
    0x84, 0x71, 0xa5, 0x79, 0x68, 0x92, 0x0a, 0xab, 0xad, 0xbb, 0x2f, 0xcc,
    0x70, 0xd4, 0xd2, 0xdc, 0x13, 0xdd, 0x34, 0xe5, 0xf3, 0xdc, 0x13, 0xdd,
    0x90, 0xd4, 0x70, 0xd4, 0x4f, 0xcc, 0x4b, 0x9b, 0x85, 0x51, 0x81, 0x18,
    0x81, 0x18, 0x82, 0x18, 0x61, 0x18, 0x81, 0x10, 0x81, 0x18, 0x61, 0x18,
    0x61, 0x10, 0x61, 0x10, 0x61, 0x10, 0x61, 0x10, 0x61, 0x10, 0x81, 0x10,
    0x61, 0x10, 0x61, 0x10, 0x61, 0x10, 0x61, 0x18, 0x61, 0x10, 0x61, 0x10,
    0x81, 0x10, 0x61, 0x10, 0x61, 0x10, 0x61, 0x10, 0x61, 0x10, 0x61, 0x10,
    0x81, 0x10, 0x81, 0x10, 0x81, 0x10, 0x81, 0x10, 0x81, 0x10, 0x61, 0x10,
    0x61, 0x10, 0x61, 0x10, 0x80, 0x10, 0x61, 0x10, 0x61, 0x10, 0x61, 0x10,
    0x61, 0x10, 0x61, 0x10, 0x61, 0x10, 0x81, 0x10, 0x61, 0x10, 0x81, 0x10,
    0x81, 0x10, 0x81, 0x10, 0x82, 0x10, 0x81, 0x10, 0x61, 0x10, 0x61, 0x10,
    0x81, 0x10, 0x61, 0x10, 0x62, 0x10, 0x82, 0x10, 0x82, 0x10, 0x61, 0x10,
    0x62, 0x10, 0x82, 0x10, 0x81, 0x10, 0x62, 0x10, 0x81, 0x10, 0x82, 0x10,
    0x81, 0x10, 0x81, 0x10, 0x62, 0x10, 0x81, 0x10, 0x61, 0x10, 0x61, 0x10,
    0x61, 0x10, 0x61, 0x10, 0x61, 0x10, 0x61, 0x10, 0x61, 0x10, 0x81, 0x10,
    0x61, 0x10, 0x61, 0x10, 0x81, 0x10, 0x61, 0x10, 0x81, 0x10, 0x81, 0x10,
    0x82, 0x10, 0x81, 0x10, 0x61, 0x10, 0x81, 0x10, 0x82, 0x10, 0x61, 0x10,
    0x61, 0x10, 0x81, 0x10, 0x82, 0x10, 0x81, 0x10, 0x62, 0x10, 0x81, 0x10,
    0xa2, 0x18, 0xa2, 0x10, 0xa2, 0x18, 0xa2, 0x18, 0xa2, 0x18, 0x82, 0x10,
    0xa2, 0x10, 0xa2, 0x10, 0x81, 0x10, 0xa2, 0x18, 0x81, 0x18, 0x81, 0x10,
    0xa2, 0x18, 0xa2, 0x18, 0xa2, 0x18, 0xa2, 0x18, 0x82, 0x10, 0xa2, 0x18,
    0xa2, 0x18, 0x82, 0x10, 0x82, 0x18, 0x81, 0x18, 0x82, 0x10, 0x81, 0x18,
    0x82, 0x18, 0x82, 0x10, 0x82, 0x18, 0xa2, 0x18, 0x81, 0x10, 0x81, 0x18,
    0xa2, 0x10, 0x82, 0x18, 0x82, 0x18, 0xa2, 0x18, 0x81, 0x10, 0x81, 0x18,
    0x81, 0x10, 0x81, 0x10, 0x82, 0x18, 0x82, 0x10, 0x81, 0x18, 0x81, 0x10,
    0x82, 0x10, 0x81, 0x10, 0x81, 0x18, 0x61, 0x10, 0x82, 0x10, 0x81, 0x10,
    0x82, 0x18, 0x81, 0x10, 0x81, 0x10, 0x82, 0x18, 0x61, 0x10, 0x81, 0x10,
    0x81, 0x18, 0x81, 0x10, 0x81, 0x10, 0x61, 0x18, 0x81, 0x10, 0x82, 0x10,
    0x82, 0x10, 0x81, 0x10, 0x81, 0x18, 0x82, 0x18, 0x81, 0x10, 0x81, 0x10,
    0x82, 0x18, 0x81, 0x18, 0x81, 0x10, 0x81, 0x10, 0x82, 0x10, 0x81, 0x18,
    0xa1, 0x10, 0x81, 0x18, 0x81, 0x18, 0xa2, 0x18, 0xa1, 0x18, 0x81, 0x20,
    0xa2, 0x20, 0x82, 0x18, 0xa2, 0x18, 0xa2, 0x20, 0xa2, 0x20, 0xc2, 0x20,
    0xcd, 0xab, 0x33, 0xed, 0x32, 0xe5, 0x95, 0xf5, 0x94, 0xf5, 0xf6, 0xf5,
    0xf7, 0xfd, 0xf7, 0xfd, 0x38, 0xfe, 0x38, 0xfe, 0x38, 0xfe, 0xd6, 0xf5,
    0xb6, 0xf5, 0x95, 0xf5, 0x33, 0xed, 0xd1, 0xec, 0x0e, 0xd4, 0x4b, 0xbb,
    0xa9, 0xa2, 0x2a, 0xb3, 0x4f, 0xd4, 0xf2, 0xec, 0x13, 0xf5, 0x33, 0xf5,
    0x54, 0xf5, 0x53, 0xf5, 0x13, 0xf5, 0x13, 0xed, 0x54, 0xed, 0x96, 0xed,
    0xb2, 0xd4, 0xad, 0xbb, 0xb1, 0xdc, 0x13, 0xed, 0x0e, 0xd4, 0x6b, 0xb3,
    0x6c, 0xbb, 0xee, 0xc3, 0x2f, 0xcc, 0x30, 0xcc, 0x0f, 0xc4, 0x6c, 0xb3,
    0xad, 0xc3, 0x50, 0xd4, 0x70, 0xd4, 0x2f, 0xd4, 0x2f, 0xcc, 0xad, 0xb3,
    0x27, 0x82, 0xa5, 0x79, 0x26, 0x8a, 0xc9, 0x9a, 0x6c, 0xb3, 0xcd, 0xc3,
    0x2f, 0xcc, 0x90, 0xd4, 0xf3, 0xdc, 0xf2, 0xdc, 0xb1, 0xd4, 0xf2, 0xdc,
    0x90, 0xcc, 0x2e, 0xc4, 0xee, 0xbb, 0x48, 0x72, 0x81, 0x18, 0x61, 0x18,
    0x61, 0x18, 0x61, 0x18, 0x81, 0x18, 0x62, 0x10, 0x81, 0x10, 0x61, 0x10,
    0x61, 0x18, 0x61, 0x18, 0x61, 0x10, 0x61, 0x10, 0x81, 0x10, 0x61, 0x10,
    0x81, 0x18, 0x61, 0x10, 0x61, 0x10, 0x61, 0x10, 0x61, 0x10, 0x61, 0x10,
    0x61, 0x18, 0x61, 0x10, 0x61, 0x10, 0x81, 0x10, 0x61, 0x10, 0x61, 0x10,
    0x81, 0x10, 0x61, 0x10, 0x81, 0x10, 0x61, 0x10, 0x61, 0x10, 0x61, 0x10,
    0x61, 0x10, 0x61, 0x10, 0x61, 0x10, 0x60, 0x10, 0x81, 0x10, 0x60, 0x10,
    0x60, 0x10, 0x81, 0x10, 0x61, 0x10, 0x81, 0x10, 0x61, 0x10, 0x61, 0x10,
    0x61, 0x10, 0x61, 0x10, 0x61, 0x10, 0x61, 0x10, 0x81, 0x10, 0x82, 0x10,
    0x61, 0x10, 0x61, 0x10, 0x61, 0x10, 0x81, 0x10, 0x61, 0x10, 0x81, 0x10,
    0x61, 0x10, 0x81, 0x10, 0x61, 0x18, 0x61, 0x10, 0x81, 0x10, 0x61, 0x10,
    0x61, 0x10, 0x81, 0x10, 0x81, 0x10, 0x61, 0x10, 0x82, 0x10, 0x81, 0x10,
    0x81, 0x10, 0x61, 0x10, 0x81, 0x10, 0x81, 0x10, 0x81, 0x10, 0x81, 0x10,
    0x81, 0x10, 0x61, 0x10, 0x61, 0x10, 0x61, 0x10, 0x61, 0x10, 0x61, 0x10,
    0x81, 0x10, 0x62, 0x10, 0x61, 0x10, 0x81, 0x10, 0x82, 0x10, 0x81, 0x10,
    0x81, 0x10, 0x61, 0x10, 0x61, 0x10, 0x81, 0x10, 0x62, 0x10, 0x61, 0x10,
    0xa2, 0x18, 0xa2, 0x18, 0xa2, 0x10, 0xa2, 0x18, 0xa2, 0x18, 0xa2, 0x18,
    0xa2, 0x18, 0x82, 0x10, 0x82, 0x10, 0xa2, 0x18, 0xa2, 0x10, 0x82, 0x18,
    0x82, 0x10, 0xa2, 0x10, 0x82, 0x10, 0x82, 0x18, 0xa2, 0x10, 0x82, 0x10,
    0x82, 0x10, 0xa2, 0x10, 0x82, 0x10, 0x82, 0x18, 0x82, 0x10, 0xa2, 0x18,
    0xa1, 0x10, 0x82, 0x18, 0x82, 0x10, 0x82, 0x10, 0x82, 0x18, 0x82, 0x10,
    0xa2, 0x10, 0x81, 0x10, 0x82, 0x18, 0xa2, 0x10, 0x82, 0x18, 0x81, 0x10,
    0xa2, 0x18, 0x81, 0x10, 0x81, 0x10, 0x82, 0x18, 0x82, 0x10, 0x82, 0x10,
    0x82, 0x18, 0x81, 0x10, 0x82, 0x18, 0x82, 0x10, 0x81, 0x10, 0x81, 0x10,
    0x82, 0x10, 0x61, 0x18, 0x82, 0x10, 0x81, 0x10, 0x81, 0x10, 0x82, 0x10,
    0x82, 0x10, 0x82, 0x18, 0x81, 0x10, 0x82, 0x18, 0x81, 0x18, 0x81, 0x18,
    0x82, 0x10, 0x81, 0x10, 0x81, 0x10, 0x82, 0x18, 0x81, 0x18, 0x81, 0x10,
    0x81, 0x18, 0x81, 0x18, 0x81, 0x10, 0x82, 0x18, 0x81, 0x10, 0x82, 0x10,
    0x82, 0x18, 0x82, 0x18, 0x81, 0x18, 0x81, 0x18, 0x81, 0x18, 0x81, 0x18,
    0x82, 0x18, 0xa2, 0x18, 0xa2, 0x20, 0xa1, 0x20, 0x82, 0x20, 0xc2, 0x20,
    0x8c, 0x9b, 0x12, 0xe5, 0x12, 0xed, 0x53, 0xed, 0xf6, 0xf5, 0xd6, 0xf5,
    0x17, 0xfe, 0xd6, 0xf5, 0xd6, 0xf5, 0x17, 0xfe, 0x95, 0xed, 0x94, 0xed,
    0x74, 0xf5, 0x74, 0xf5, 0x13, 0xed, 0x70, 0xdc, 0x2e, 0xd4, 0x4b, 0xb3,
    0x8c, 0xbb, 0x4f, 0xdc, 0xf2, 0xec, 0x33, 0xf5, 0x33, 0xf5, 0x54, 0xf5,
    0x13, 0xed, 0x74, 0xf5, 0x13, 0xed, 0xb1, 0xdc, 0x91, 0xd4, 0x2f, 0xc4,
    0xce, 0xb3, 0x0a, 0x9b, 0x0a, 0x9b, 0xad, 0xbb, 0xcd, 0xc3, 0x6b, 0xb3,
    0x4b, 0xab, 0xca, 0x8a, 0x27, 0x72, 0x48, 0x7a, 0x2b, 0xa3, 0xcd, 0xbb,
    0xce, 0xc3, 0x70, 0xd4, 0x91, 0xdc, 0x70, 0xd4, 0x2f, 0xcc, 0x0e, 0xc4,
    0x6c, 0xab, 0x06, 0x7a, 0x06, 0x82, 0xa8, 0x9a, 0x0a, 0xa3, 0x6c, 0xb3,
    0xee, 0xc3, 0x0e, 0xcc, 0xb1, 0xdc, 0x90, 0xd4, 0xb1, 0xd4, 0x90, 0xd4,
    0x4f, 0xcc, 0xee, 0xbb, 0x8c, 0xab, 0x24, 0x39, 0x81, 0x18, 0x81, 0x18,
    0x61, 0x18, 0x81, 0x18, 0x61, 0x18, 0x61, 0x10, 0x61, 0x18, 0x81, 0x18,
    0x81, 0x10, 0x61, 0x10, 0x61, 0x18, 0x81, 0x10, 0x61, 0x10, 0x61, 0x10,
    0x61, 0x10, 0x61, 0x18, 0x61, 0x10, 0x81, 0x10, 0x61, 0x18, 0x61, 0x10,
    0x81, 0x10, 0x61, 0x10, 0x81, 0x10, 0x61, 0x10, 0x61, 0x10, 0x61, 0x10,
    0x61, 0x10, 0x62, 0x10, 0x61, 0x10, 0x81, 0x10, 0x61, 0x10, 0x61, 0x10,
    0x81, 0x10, 0x61, 0x10, 0x61, 0x10, 0x61, 0x10, 0x61, 0x10, 0x61, 0x10,
    0x61, 0x10, 0x61, 0x10, 0x61, 0x10, 0x61, 0x10, 0x81, 0x10, 0x81, 0x10,
    0x81, 0x10, 0x61, 0x10, 0x81, 0x10, 0x81, 0x10, 0x62, 0x10, 0x81, 0x10,
    0x81, 0x10, 0x62, 0x10, 0x81, 0x10, 0x81, 0x10, 0x81, 0x10, 0x61, 0x10,
    0x81, 0x10, 0x81, 0x10, 0x62, 0x10, 0x81, 0x10, 0x81, 0x10, 0x61, 0x10,
    0x61, 0x10, 0x61, 0x18, 0x81, 0x10, 0x61, 0x10, 0x61, 0x10, 0x61, 0x10,
    0x81, 0x10, 0x61, 0x10, 0x61, 0x10, 0x61, 0x10, 0x61, 0x10, 0x61, 0x10,
    0x81, 0x10, 0x81, 0x10, 0x81, 0x10, 0x81, 0x10, 0x81, 0x10, 0x61, 0x10,
    0x81, 0x10, 0x61, 0x10, 0x82, 0x10, 0x81, 0x10, 0x82, 0x10, 0x82, 0x10,
    0x61, 0x10, 0x82, 0x10, 0x81, 0x10, 0x82, 0x10, 0x81, 0x10, 0x61, 0x10,
    0xa2, 0x18, 0xa2, 0x18, 0xa2, 0x10, 0xa2, 0x10, 0xa2, 0x18, 0xa2, 0x10,
    0xa2, 0x18, 0x82, 0x10, 0xa2, 0x18, 0xa1, 0x10, 0x82, 0x10, 0x82, 0x10,
    0xa2, 0x18, 0xa2, 0x18, 0x81, 0x10, 0xa2, 0x18, 0xa2, 0x18, 0x81, 0x18,
    0x82, 0x10, 0x81, 0x10, 0xa2, 0x18, 0xa2, 0x10, 0xa2, 0x18, 0xa2, 0x18,
    0x82, 0x10, 0xa1, 0x10, 0xa2, 0x18, 0x81, 0x10, 0x81, 0x10, 0x82, 0x18,
    0xa2, 0x18, 0x82, 0x10, 0x81, 0x10, 0x82, 0x18, 0x82, 0x18, 0x82, 0x10,
    0x82, 0x18, 0x82, 0x10, 0x82, 0x10, 0x81, 0x18, 0x82, 0x10, 0x81, 0x10,
    0x81, 0x10, 0x82, 0x18, 0x81, 0x10, 0x81, 0x18, 0x82, 0x18, 0x81, 0x18,
    0x82, 0x10, 0x81, 0x10, 0x62, 0x18, 0x82, 0x18, 0x81, 0x18, 0x61, 0x10,
    0x81, 0x10, 0x81, 0x18, 0x81, 0x10, 0x81, 0x10, 0x61, 0x10, 0x81, 0x10,
    0x62, 0x10, 0x81, 0x10, 0x61, 0x18, 0x61, 0x10, 0x81, 0x10, 0x82, 0x18,
    0x62, 0x10, 0x81, 0x10, 0x82, 0x18, 0x81, 0x18, 0x82, 0x10, 0x81, 0x18,
    0x82, 0x18, 0x82, 0x18, 0x81, 0x18, 0x81, 0x18, 0x82, 0x18, 0x82, 0x18,
    0x81, 0x18, 0xa1, 0x18, 0xa2, 0x20, 0xa2, 0x18, 0xa2, 0x20, 0xa2, 0x20,
    0x2b, 0x8b, 0x53, 0xed, 0x53, 0xed, 0x74, 0xed, 0xb5, 0xf5, 0xd5, 0xf5,
    0xf6, 0xf5, 0xd6, 0xf5, 0xf6, 0xf5, 0xd6, 0xf5, 0xb5, 0xf5, 0x33, 0xed,
    0x74, 0xed, 0x74, 0xf5, 0x54, 0xf5, 0xb1, 0xe4, 0x4f, 0xdc, 0x0e, 0xd4,
    0xb1, 0xdc, 0xf2, 0xe4, 0x33, 0xf5, 0x53, 0xf5, 0x54, 0xf5, 0x34, 0xf5,
    0xb1, 0xe4, 0x50, 0xd4, 0x0f, 0xcc, 0x2f, 0xcc, 0xef, 0xbb, 0x30, 0xc4,
    0x8d, 0xab, 0xea, 0x92, 0x88, 0x8a, 0x47, 0x7a, 0x06, 0x72, 0x06, 0x72,
    0x68, 0x7a, 0xc6, 0x61, 0xa6, 0x61, 0x48, 0x7a, 0x69, 0x7a, 0xa9, 0x8a,
    0x4c, 0xab, 0xce, 0xc3, 0x2f, 0xcc, 0x50, 0xd4, 0x50, 0xd4, 0x2f, 0xcc,
    0xad, 0xb3, 0x0a, 0x9b, 0x68, 0x8a, 0xa9, 0x92, 0x2a, 0xab, 0x6b, 0xab,
    0xac, 0xb3, 0xed, 0xbb, 0x6f, 0xcc, 0x90, 0xd4, 0x4f, 0xcc, 0x2f, 0xc4,
    0x2f, 0xc4, 0x0e, 0xbc, 0xea, 0x8a, 0xc2, 0x28, 0x81, 0x18, 0x61, 0x10,
    0x61, 0x10, 0x61, 0x18, 0x81, 0x10, 0x81, 0x18, 0x61, 0x10, 0x61, 0x10,
    0x61, 0x10, 0x62, 0x10, 0x61, 0x10, 0x61, 0x10, 0x61, 0x10, 0x61, 0x10,
    0x61, 0x10, 0x61, 0x10, 0x61, 0x10, 0x61, 0x18, 0x61, 0x10, 0x61, 0x10,
    0x61, 0x10, 0x61, 0x10, 0x61, 0x10, 0x81, 0x10, 0x61, 0x10, 0x61, 0x10,
    0x61, 0x10, 0x81, 0x10, 0x81, 0x10, 0x61, 0x10, 0x81, 0x10, 0x61, 0x10,
    0x81, 0x10, 0x61, 0x08, 0x81, 0x10, 0x81, 0x10, 0x61, 0x10, 0x61, 0x10,
    0x81, 0x10, 0x61, 0x10, 0x61, 0x10, 0x61, 0x10, 0x81, 0x10, 0x61, 0x10,
    0x81, 0x10, 0x81, 0x10, 0x61, 0x10, 0x81, 0x10, 0x61, 0x10, 0x81, 0x10,
    0x81, 0x10, 0x61, 0x10, 0x62, 0x10, 0x81, 0x10, 0x81, 0x10, 0x81, 0x10,
    0x81, 0x10, 0x61, 0x10, 0x81, 0x10, 0x62, 0x10, 0x81, 0x10, 0x82, 0x10,
    0x61, 0x18, 0x81, 0x10, 0x62, 0x10, 0x81, 0x10, 0x81, 0x10, 0x61, 0x10,
    0x61, 0x10, 0x61, 0x10, 0x61, 0x10, 0x81, 0x10, 0x61, 0x10, 0x61, 0x10,
    0x61, 0x10, 0x81, 0x10, 0x61, 0x10, 0x81, 0x10, 0x61, 0x10, 0x81, 0x10,
    0x62, 0x10, 0x81, 0x10, 0x81, 0x10, 0x81, 0x10, 0x61, 0x10, 0x81, 0x10,
    0x61, 0x10, 0x81, 0x18, 0x81, 0x10, 0x82, 0x10, 0x81, 0x10, 0x81, 0x10,
    0xa2, 0x10, 0xa2, 0x18, 0x82, 0x18, 0xa2, 0x18, 0x82, 0x10, 0x82, 0x10,
    0xa2, 0x18, 0xa2, 0x18, 0x82, 0x10, 0xa2, 0x18, 0x82, 0x18, 0xa1, 0x10,
    0xa1, 0x18, 0xa2, 0x18, 0x82, 0x18, 0x82, 0x10, 0x82, 0x18, 0x82, 0x18,
    0xa2, 0x18, 0xa2, 0x18, 0x81, 0x10, 0x82, 0x18, 0x81, 0x10, 0x81, 0x10,
    0x82, 0x18, 0x82, 0x18, 0x82, 0x18, 0xa1, 0x10, 0x82, 0x10, 0x82, 0x10,
    0x82, 0x10, 0x81, 0x18, 0x81, 0x10, 0x82, 0x10, 0x81, 0x18, 0xa1, 0x10,
    0x82, 0x18, 0x82, 0x18, 0x81, 0x10, 0x82, 0x10, 0x82, 0x18, 0x82, 0x10,
    0x81, 0x10, 0x82, 0x10, 0x81, 0x10, 0x82, 0x10, 0x81, 0x10, 0x81, 0x10,
    0x81, 0x18, 0x81, 0x10, 0x81, 0x10, 0x82, 0x10, 0x81, 0x10, 0x82, 0x10,
    0x61, 0x10, 0x81, 0x10, 0x81, 0x10, 0x62, 0x10, 0x81, 0x18, 0x81, 0x10,
    0x82, 0x10, 0x82, 0x18, 0x81, 0x18, 0x82, 0x18, 0x61, 0x10, 0x81, 0x18,
    0x81, 0x10, 0x62, 0x10, 0x81, 0x18, 0x81, 0x10, 0x82, 0x10, 0x81, 0x10,
    0x81, 0x18, 0x82, 0x18, 0x82, 0x18, 0x81, 0x18, 0x81, 0x18, 0x81, 0x18,
    0xa2, 0x18, 0xa2, 0x18, 0x82, 0x18, 0xa2, 0x20, 0xa1, 0x20, 0x03, 0x31,
    0x88, 0x72, 0x33, 0xe5, 0x74, 0xf5, 0x33, 0xed, 0xb4, 0xf5, 0xb5, 0xf5,
    0xb5, 0xf5, 0xd5, 0xf5, 0xd5, 0xf5, 0xb5, 0xf5, 0x74, 0xed, 0x94, 0xf5,
    0xb5, 0xf5, 0xb4, 0xf5, 0x94, 0xf5, 0xf1, 0xe4, 0xb1, 0xe4, 0x12, 0xed,
    0xd2, 0xe4, 0x74, 0xf5, 0x74, 0xf5, 0x54, 0xf5, 0x33, 0xed, 0xb2, 0xdc,
    0x0f, 0xc4, 0x6c, 0xab, 0x2c, 0x9b, 0x0c, 0x93, 0x2c, 0x9b, 0x0b, 0x93,
    0x0b, 0x93, 0xc9, 0x8a, 0x27, 0x72, 0xe6, 0x61, 0xc5, 0x61, 0x64, 0x51,
    0x06, 0x6a, 0x64, 0x51, 0xc6, 0x61, 0x07, 0x6a, 0x07, 0x6a, 0x69, 0x7a,
    0xca, 0x8a, 0x2b, 0xa3, 0xad, 0xbb, 0xce, 0xc3, 0x2f, 0xcc, 0x0e, 0xc4,
    0xee, 0xc3, 0x8c, 0xb3, 0x2b, 0xa3, 0xc9, 0x9a, 0x2a, 0xa3, 0x8c, 0xb3,
    0xcd, 0xbb, 0xcd, 0xbb, 0x2f, 0xc4, 0x70, 0xcc, 0x0e, 0xbc, 0x2f, 0xc4,
    0xcd, 0xb3, 0x8c, 0xab, 0xe6, 0x59, 0x81, 0x18, 0x61, 0x18, 0x81, 0x18,
    0x81, 0x10, 0x61, 0x10, 0x81, 0x18, 0x61, 0x10, 0x61, 0x10, 0x61, 0x18,
    0x61, 0x18, 0x81, 0x10, 0x81, 0x10, 0x61, 0x18, 0x61, 0x10, 0x81, 0x10,
    0x61, 0x10, 0x61, 0x10, 0x61, 0x10, 0x61, 0x10, 0x81, 0x10, 0x61, 0x10,
    0x61, 0x18, 0x61, 0x10, 0x61, 0x10, 0x61, 0x10, 0x81, 0x10, 0x61, 0x10,
    0x61, 0x10, 0x81, 0x10, 0x81, 0x10, 0x61, 0x10, 0x61, 0x10, 0x61, 0x10,
    0x81, 0x10, 0x81, 0x10, 0x60, 0x10, 0x61, 0x08, 0x81, 0x10, 0x60, 0x08,
    0x61, 0x10, 0x61, 0x10, 0x61, 0x10, 0x60, 0x10, 0x61, 0x10, 0x61, 0x10,
    0x61, 0x10, 0x61, 0x10, 0x61, 0x10, 0x61, 0x10, 0x61, 0x10, 0x61, 0x10,
    0x81, 0x10, 0x82, 0x10, 0x61, 0x10, 0x61, 0x10, 0x61, 0x10, 0x82, 0x10,
    0x81, 0x10, 0x81, 0x10, 0x61, 0x10, 0x61, 0x10, 0x81, 0x10, 0x61, 0x10,
    0x81, 0x10, 0x61, 0x10, 0x61, 0x10, 0x82, 0x10, 0x61, 0x10, 0x81, 0x10,
    0x81, 0x10, 0x81, 0x10, 0x61, 0x10, 0x81, 0x10, 0x61, 0x10, 0x61, 0x10,
    0x81, 0x10, 0x81, 0x10, 0x61, 0x10, 0x61, 0x10, 0x81, 0x10, 0x81, 0x10,
    0x82, 0x10, 0x82, 0x10, 0x81, 0x10, 0x82, 0x18, 0x82, 0x10, 0x82, 0x10,
    0x81, 0x10, 0x81, 0x10, 0x82, 0x18, 0x81, 0x10, 0x81, 0x10, 0x82, 0x10,
    0xa2, 0x18, 0xa2, 0x10, 0xa2, 0x18, 0xa2, 0x18, 0xa2, 0x18, 0x82, 0x10,
    0x82, 0x10, 0xa2, 0x18, 0xa2, 0x18, 0x82, 0x10, 0xa2, 0x10, 0xa2, 0x18,
    0xa2, 0x10, 0xa2, 0x18, 0x82, 0x18, 0xa2, 0x10, 0xa1, 0x10, 0x82, 0x10,
    0xa2, 0x10, 0xa2, 0x18, 0x81, 0x10, 0x82, 0x18, 0x82, 0x10, 0x82, 0x10,
    0x81, 0x10, 0xa2, 0x18, 0xa2, 0x10, 0x82, 0x18, 0x81, 0x10, 0x82, 0x18,
    0xa2, 0x18, 0x82, 0x18, 0x82, 0x18, 0x82, 0x10, 0x81, 0x10, 0x82, 0x10,
    0x82, 0x10, 0x81, 0x10, 0xa2, 0x18, 0x82, 0x10, 0x81, 0x10, 0x81, 0x18,
    0x82, 0x10, 0x82, 0x10, 0x81, 0x18, 0x82, 0x18, 0x82, 0x10, 0x81, 0x10,
    0x82, 0x10, 0x82, 0x10, 0x81, 0x10, 0x82, 0x18, 0x82, 0x10, 0x82, 0x10,
    0x81, 0x10, 0x81, 0x18, 0x62, 0x10, 0x82, 0x18, 0x81, 0x18, 0x81, 0x10,
    0x81, 0x10, 0x81, 0x10, 0x82, 0x10, 0x81, 0x18, 0x81, 0x18, 0x82, 0x18,
    0x81, 0x18, 0x81, 0x10, 0x81, 0x10, 0x81, 0x18, 0x82, 0x18, 0x81, 0x10,
    0x81, 0x18, 0x82, 0x18, 0x81, 0x10, 0x82, 0x18, 0x82, 0x18, 0x81, 0x18,
    0xa1, 0x18, 0xa2, 0x18, 0xa2, 0x20, 0x82, 0x18, 0xa2, 0x20, 0x03, 0x31,
    0x4b, 0x8b, 0x32, 0xe5, 0xb4, 0xf5, 0x53, 0xed, 0x94, 0xf5, 0xb5, 0xf5,
    0x94, 0xed, 0xb5, 0xf5, 0xf6, 0xf5, 0xb5, 0xf5, 0x94, 0xf5, 0xd5, 0xf5,
    0xd6, 0xf5, 0xd5, 0xf5, 0x94, 0xf5, 0x74, 0xed, 0x33, 0xed, 0xb1, 0xdc,
    0xd1, 0xdc, 0x13, 0xe5, 0x34, 0xed, 0x13, 0xed, 0xb2, 0xdc, 0x50, 0xcc,
    0xce, 0xb3, 0x8d, 0xab, 0x6d, 0x9b, 0xae, 0xab, 0x4c, 0x9b, 0x0b, 0x93,
    0x0b, 0x93, 0x07, 0x6a, 0x85, 0x59, 0x85, 0x51, 0x23, 0x41, 0x64, 0x51,
    0x64, 0x49, 0x24, 0x49, 0xa5, 0x51, 0x07, 0x6a, 0xc7, 0x61, 0xc6, 0x61,
    0xe7, 0x61, 0x69, 0x82, 0x2b, 0xa3, 0x4c, 0xa3, 0xad, 0xb3, 0xce, 0xbb,
    0xcd, 0xb3, 0x8c, 0xab, 0x8c, 0xab, 0x6b, 0xab, 0x4b, 0xab, 0xac, 0xb3,
    0xac, 0xb3, 0xcd, 0xbb, 0xac, 0xb3, 0xee, 0xbb, 0xee, 0xbb, 0xed, 0xbb,
    0xcd, 0xb3, 0x4b, 0x9b, 0x24, 0x39, 0x82, 0x18, 0x61, 0x10, 0x81, 0x18,
    0x61, 0x10, 0x81, 0x10, 0x61, 0x18, 0x61, 0x10, 0x61, 0x10, 0x82, 0x18,
    0x81, 0x10, 0x61, 0x10, 0x61, 0x18, 0x61, 0x18, 0x81, 0x18, 0x81, 0x10,
    0x61, 0x10, 0x61, 0x18, 0x81, 0x10, 0x61, 0x10, 0x61, 0x10, 0x61, 0x10,
    0x81, 0x10, 0x61, 0x10, 0x61, 0x10, 0x81, 0x10, 0x61, 0x10, 0x61, 0x10,
    0x61, 0x10, 0x61, 0x10, 0x61, 0x10, 0x61, 0x10, 0x61, 0x10, 0x61, 0x10,
    0x61, 0x10, 0x61, 0x10, 0x61, 0x10, 0x61, 0x10, 0x61, 0x10, 0x61, 0x10,
    0x81, 0x10, 0x61, 0x10, 0x61, 0x10, 0x61, 0x10, 0x61, 0x10, 0x81, 0x10,
    0x61, 0x10, 0x61, 0x10, 0x62, 0x10, 0x61, 0x10, 0x61, 0x10, 0x81, 0x10,
    0x61, 0x10, 0x61, 0x10, 0x61, 0x10, 0x81, 0x10, 0x82, 0x10, 0x61, 0x10,
    0x81, 0x10, 0x61, 0x10, 0x81, 0x10, 0x81, 0x10, 0x62, 0x10, 0x81, 0x10,
    0x61, 0x10, 0x61, 0x10, 0x81, 0x10, 0x61, 0x10, 0x61, 0x10, 0x61, 0x10,
    0x81, 0x10, 0x61, 0x10, 0x81, 0x10, 0x81, 0x10, 0x81, 0x10, 0x81, 0x10,
    0x61, 0x10, 0x81, 0x10, 0x81, 0x10, 0x61, 0x10, 0x81, 0x10, 0x61, 0x10,
    0x61, 0x10, 0x61, 0x10, 0x81, 0x10, 0x81, 0x10, 0x61, 0x10, 0x82, 0x18,
    0x81, 0x10, 0x81, 0x10, 0x81, 0x10, 0x82, 0x10, 0x81, 0x10, 0x81, 0x10,
    0xa2, 0x18, 0xa2, 0x18, 0xa2, 0x10, 0xa2, 0x18, 0xa2, 0x18, 0xa2, 0x10,
    0xa2, 0x18, 0x82, 0x10, 0x82, 0x10, 0xa2, 0x18, 0x82, 0x18, 0xa2, 0x18,
    0x82, 0x10, 0x82, 0x18, 0x81, 0x18, 0xa2, 0x18, 0x82, 0x18, 0x82, 0x18,
    0x82, 0x10, 0xa2, 0x18, 0x82, 0x18, 0xa2, 0x18, 0x82, 0x18, 0x82, 0x18,
    0x81, 0x10, 0x82, 0x10, 0x82, 0x18, 0x82, 0x10, 0x81, 0x10, 0x82, 0x18,
    0x81, 0x10, 0xa2, 0x18, 0x81, 0x18, 0x82, 0x18, 0x82, 0x18, 0x81, 0x18,
    0xa1, 0x10, 0x82, 0x18, 0x82, 0x10, 0x81, 0x10, 0x82, 0x18, 0x82, 0x10,
    0x82, 0x18, 0x82, 0x18, 0x81, 0x18, 0x81, 0x10, 0x82, 0x18, 0x81, 0x10,
    0x81, 0x18, 0x81, 0x10, 0x82, 0x10, 0x82, 0x18, 0x61, 0x10, 0x81, 0x10,
    0x82, 0x18, 0x81, 0x10, 0x81, 0x10, 0x81, 0x18, 0x82, 0x10, 0x82, 0x18,
    0x82, 0x10, 0x81, 0x10, 0x82, 0x10, 0x82, 0x10, 0x61, 0x10, 0x82, 0x18,
    0x81, 0x10, 0x81, 0x10, 0x82, 0x10, 0x81, 0x18, 0x82, 0x18, 0x81, 0x10,
    0x82, 0x18, 0x81, 0x18, 0x81, 0x18, 0x81, 0x18, 0x81, 0x18, 0x82, 0x18,
    0xa1, 0x18, 0xa1, 0x20, 0xa2, 0x20, 0xa2, 0x18, 0xa2, 0x20, 0x03, 0x31,
    0xc9, 0x7a, 0x12, 0xe5, 0x94, 0xf5, 0x74, 0xed, 0x74, 0xed, 0xd5, 0xf5,
    0x74, 0xed, 0x74, 0xe5, 0x94, 0xed, 0xf6, 0xf5, 0x53, 0xed, 0xb5, 0xf5,
    0xf6, 0xfd, 0xf6, 0xfd, 0xd6, 0xf5, 0x74, 0xf5, 0xd1, 0xdc, 0xf2, 0xdc,
    0xf2, 0xdc, 0x91, 0xdc, 0x91, 0xd4, 0x0f, 0xc4, 0x30, 0xc4, 0x0f, 0xbc,
    0x6d, 0xa3, 0x6d, 0x9b, 0x0b, 0x93, 0xae, 0xa3, 0x0b, 0x93, 0x2b, 0x93,
    0x0b, 0x8b, 0x27, 0x6a, 0x85, 0x51, 0x64, 0x51, 0x24, 0x49, 0x44, 0x49,
    0x24, 0x41, 0x44, 0x49, 0x85, 0x51, 0x44, 0x49, 0xa5, 0x51, 0xa6, 0x59,
    0x07, 0x62, 0xe7, 0x69, 0x69, 0x7a, 0xa9, 0x8a, 0x2c, 0x9b, 0x6c, 0xa3,
    0x0b, 0x93, 0x4c, 0xa3, 0x4c, 0xa3, 0x8c, 0xb3, 0xcd, 0xb3, 0xcd, 0xbb,
    0xcd, 0xbb, 0xcc, 0xbb, 0x8c, 0xb3, 0x8c, 0xab, 0x0e, 0xbc, 0xcd, 0xb3,
    0x6b, 0xa3, 0x68, 0x72, 0xc2, 0x20, 0x61, 0x18, 0x61, 0x18, 0x62, 0x10,
    0x82, 0x10, 0x61, 0x10, 0x61, 0x10, 0x81, 0x10, 0x81, 0x18, 0x81, 0x10,
    0x81, 0x10, 0x62, 0x18, 0x61, 0x10, 0x61, 0x10, 0x61, 0x10, 0x61, 0x10,
    0x61, 0x10, 0x61, 0x10, 0x61, 0x18, 0x61, 0x10, 0x61, 0x18, 0x61, 0x10,
    0x61, 0x10, 0x81, 0x10, 0x81, 0x10, 0x81, 0x10, 0x81, 0x10, 0x81, 0x10,
    0x61, 0x10, 0x61, 0x10, 0x61, 0x10, 0x81, 0x10, 0x61, 0x10, 0x61, 0x10,
    0x81, 0x10, 0x61, 0x08, 0x61, 0x10, 0x80, 0x10, 0x61, 0x10, 0x61, 0x10,
    0x81, 0x10, 0x61, 0x10, 0x61, 0x10, 0x81, 0x10, 0x61, 0x10, 0x61, 0x10,
    0x61, 0x10, 0x82, 0x10, 0x61, 0x10, 0x81, 0x10, 0x61, 0x10, 0x81, 0x10,
    0x81, 0x10, 0x61, 0x10, 0x61, 0x10, 0x81, 0x10, 0x61, 0x10, 0x61, 0x10,
    0x81, 0x10, 0x61, 0x10, 0x61, 0x10, 0x81, 0x10, 0x61, 0x10, 0x81, 0x10,
    0x61, 0x10, 0x61, 0x10, 0x82, 0x10, 0x61, 0x10, 0x61, 0x10, 0x81, 0x10,
    0x62, 0x10, 0x61, 0x10, 0x81, 0x10, 0x61, 0x10, 0x81, 0x10, 0x61, 0x10,
    0x61, 0x10, 0x61, 0x10, 0x82, 0x10, 0x61, 0x10, 0x81, 0x10, 0x82, 0x10,
    0x81, 0x10, 0x61, 0x10, 0x82, 0x10, 0x82, 0x10, 0x81, 0x10, 0x82, 0x10,
    0x81, 0x10, 0x82, 0x10, 0x81, 0x10, 0x81, 0x10, 0x82, 0x10, 0x81, 0x10,
    0xa2, 0x18, 0xa2, 0x18, 0xa2, 0x18, 0xa2, 0x10, 0xa2, 0x10, 0xa2, 0x18,
    0xa2, 0x18, 0xa2, 0x10, 0xa2, 0x18, 0xa2, 0x18, 0x82, 0x10, 0x81, 0x10,
    0xa2, 0x18, 0x82, 0x10, 0x82, 0x10, 0xa2, 0x18, 0xa2, 0x18, 0xa1, 0x18,
    0x81, 0x10, 0x82, 0x10, 0xa2, 0x10, 0xa1, 0x10, 0xa2, 0x18, 0x81, 0x18,
    0xa2, 0x10, 0x82, 0x10, 0x81, 0x10, 0xa2, 0x18, 0x82, 0x10, 0x82, 0x10,
    0xa1, 0x10, 0xa2, 0x10, 0x81, 0x18, 0x81, 0x10, 0x82, 0x10, 0x82, 0x18,
    0x81, 0x18, 0x82, 0x10, 0x82, 0x10, 0xa2, 0x18, 0x81, 0x10, 0x82, 0x10,
    0x81, 0x10, 0x82, 0x10, 0x81, 0x10, 0x82, 0x18, 0x81, 0x10, 0x81, 0x10,
    0x82, 0x18, 0x81, 0x10, 0x81, 0x10, 0x82, 0x10, 0x81, 0x18, 0x82, 0x10,
    0x81, 0x10, 0x81, 0x18, 0x61, 0x10, 0x81, 0x10, 0x81, 0x10, 0x81, 0x18,
    0x81, 0x10, 0x81, 0x10, 0x81, 0x18, 0x61, 0x10, 0x82, 0x10, 0x61, 0x10,
    0x81, 0x18, 0x81, 0x18, 0x82, 0x10, 0x81, 0x18, 0x82, 0x18, 0x82, 0x18,
    0x81, 0x18, 0x82, 0x10, 0x82, 0x18, 0x81, 0x18, 0x81, 0x18, 0x82, 0x18,
    0x81, 0x18, 0xa2, 0x18, 0xa2, 0x18, 0xa2, 0x20, 0xa2, 0x20, 0xc2, 0x20,
    0x48, 0x6a, 0xd1, 0xd4, 0x53, 0xed, 0xb4, 0xf5, 0x73, 0xed, 0x74, 0xe5,
    0x94, 0xed, 0x74, 0xed, 0x74, 0xe5, 0xb5, 0xed, 0xd6, 0xf5, 0xf6, 0xf5,
    0x16, 0xfe, 0x16, 0xfe, 0x95, 0xf5, 0x12, 0xe5, 0xb1, 0xd4, 0x50, 0xcc,
    0x0f, 0xbc, 0x0f, 0xbc, 0x0f, 0xbc, 0xcd, 0xab, 0x0f, 0xbc, 0x8d, 0xab,
    0x0b, 0x93, 0x0b, 0x93, 0xeb, 0x8a, 0x0b, 0x93, 0x4c, 0x9b, 0x89, 0x7a,
    0x48, 0x6a, 0xe7, 0x61, 0x85, 0x51, 0x44, 0x49, 0x03, 0x41, 0x03, 0x41,
    0x03, 0x41, 0x44, 0x41, 0xc6, 0x59, 0xa6, 0x59, 0xa6, 0x59, 0x07, 0x62,
    0xe6, 0x61, 0x07, 0x6a, 0x48, 0x72, 0x28, 0x6a, 0x89, 0x7a, 0x48, 0x72,
    0x68, 0x72, 0xc9, 0x82, 0xa9, 0x82, 0xea, 0x92, 0xed, 0xbb, 0x0d, 0xc4,
    0x4e, 0xc4, 0x2e, 0xc4, 0x0d, 0xbc, 0x0d, 0xbc, 0xed, 0xb3, 0xed, 0xb3,
    0x6c, 0x9b, 0x27, 0x62, 0x81, 0x18, 0x61, 0x18, 0x81, 0x10, 0x61, 0x10,
    0x61, 0x18, 0x81, 0x18, 0x82, 0x10, 0x61, 0x18, 0x81, 0x10, 0x61, 0x10,
    0x61, 0x18, 0x61, 0x10, 0x81, 0x10, 0x81, 0x10, 0x61, 0x10, 0x61, 0x10,
    0x81, 0x10, 0x61, 0x10, 0x61, 0x10, 0x61, 0x10, 0x61, 0x10, 0x81, 0x10,
    0x61, 0x10, 0x61, 0x10, 0x61, 0x10, 0x61, 0x10, 0x61, 0x10, 0x61, 0x10,
    0x61, 0x10, 0x81, 0x10, 0x61, 0x10, 0x61, 0x10, 0x81, 0x10, 0x81, 0x10,
    0x61, 0x10, 0x61, 0x10, 0x61, 0x10, 0x81, 0x10, 0x81, 0x10, 0x61, 0x10,
    0x61, 0x10, 0x60, 0x10, 0x61, 0x10, 0x61, 0x10, 0x61, 0x10, 0x81, 0x10,
    0x81, 0x10, 0x61, 0x10, 0x81, 0x10, 0x61, 0x10, 0x61, 0x10, 0x61, 0x10,
    0x61, 0x10, 0x61, 0x10, 0x61, 0x10, 0x61, 0x10, 0x61, 0x10, 0x81, 0x10,
    0x61, 0x10, 0x81, 0x10, 0x61, 0x10, 0x61, 0x10, 0x61, 0x10, 0x81, 0x10,
    0x81, 0x10, 0x61, 0x10, 0x81, 0x10, 0x61, 0x10, 0x81, 0x10, 0x61, 0x10,
    0x81, 0x10, 0x81, 0x10, 0x81, 0x10, 0x81, 0x10, 0x81, 0x10, 0x61, 0x10,
    0x61, 0x10, 0x81, 0x10, 0x61, 0x10, 0x81, 0x10, 0x81, 0x10, 0x81, 0x10,
    0x81, 0x10, 0x81, 0x10, 0x81, 0x10, 0x82, 0x10, 0x81, 0x10, 0x82, 0x18,
    0x82, 0x10, 0x81, 0x10, 0x81, 0x10, 0x81, 0x18, 0x81, 0x10, 0x81, 0x10,
    0xa2, 0x18, 0xa2, 0x18, 0x82, 0x10, 0xa2, 0x10, 0xa2, 0x18, 0x82, 0x18,
    0xa2, 0x10, 0xa2, 0x18, 0x82, 0x18, 0xa2, 0x10, 0xa2, 0x10, 0xa2, 0x18,
    0xa2, 0x18, 0xa2, 0x10, 0x81, 0x10, 0xa2, 0x18, 0x82, 0x10, 0x81, 0x10,
    0x82, 0x18, 0x82, 0x10, 0x81, 0x10, 0x82, 0x18, 0x82, 0x10, 0xa1, 0x18,
    0x82, 0x10, 0x82, 0x10, 0xa2, 0x18, 0x81, 0x18, 0x82, 0x10, 0x82, 0x18,
    0xa2, 0x18, 0x82, 0x10, 0xa2, 0x18, 0x81, 0x10, 0xa2, 0x18, 0x82, 0x10,
    0x82, 0x10, 0x81, 0x10, 0x81, 0x10, 0x82, 0x10, 0x81, 0x18, 0x82, 0x10,
    0x81, 0x10, 0x82, 0x18, 0x82, 0x10, 0x81, 0x10, 0x82, 0x18, 0x82, 0x18,
    0x82, 0x10, 0x81, 0x18, 0x82, 0x18, 0x81, 0x10, 0x82, 0x10, 0x81, 0x10,
    0x82, 0x18, 0x81, 0x10, 0x82, 0x10, 0x82, 0x10, 0x81, 0x10, 0x81, 0x18,
    0x82, 0x10, 0x62, 0x10, 0x82, 0x18, 0x81, 0x10, 0x81, 0x10, 0x81, 0x18,
    0x82, 0x18, 0x82, 0x10, 0x81, 0x18, 0x61, 0x10, 0x82, 0x10, 0x81, 0x18,
    0x81, 0x18, 0x82, 0x18, 0x82, 0x18, 0x81, 0x18, 0x82, 0x18, 0xa2, 0x18,
    0xa1, 0x18, 0xa2, 0x20, 0x82, 0x20, 0xa2, 0x20, 0xa2, 0x20, 0xc2, 0x20,
    0x48, 0x62, 0xd1, 0xd4, 0x94, 0xf5, 0xb5, 0xf5, 0xd1, 0xdc, 0x33, 0xe5,
    0x73, 0xe5, 0x74, 0xe5, 0xb5, 0xed, 0xb5, 0xf5, 0xd5, 0xf5, 0xd5, 0xf5,
    0x16, 0xfe, 0xf6, 0xfd, 0x13, 0xe5, 0x50, 0xc4, 0x2f, 0xbc, 0x2f, 0xc4,
    0xee, 0xb3, 0xcd, 0xab, 0x8c, 0xa3, 0x4b, 0x9b, 0xee, 0xb3, 0xad, 0xab,
    0xce, 0xab, 0xad, 0xab, 0x4c, 0x9b, 0x6c, 0xa3, 0x6c, 0x9b, 0x2b, 0x9b,
    0xca, 0x8a, 0x27, 0x72, 0x64, 0x51, 0x03, 0x41, 0xe2, 0x38, 0x23, 0x41,
    0xe2, 0x38, 0x03, 0x41, 0xa5, 0x59, 0xc6, 0x61, 0xe6, 0x61, 0x27, 0x6a,
    0xc6, 0x61, 0xe6, 0x61, 0xc6, 0x61, 0xc6, 0x61, 0x27, 0x6a, 0xc6, 0x59,
    0x27, 0x6a, 0x68, 0x72, 0xa9, 0x7a, 0x68, 0x7a, 0x8b, 0xab, 0x4e, 0xcc,
    0x6f, 0xcc, 0x4f, 0xcc, 0x2e, 0xc4, 0x0e, 0xbc, 0x8c, 0xa3, 0xac, 0xa3,
    0x2a, 0x93, 0x23, 0x39, 0x61, 0x18, 0x61, 0x18, 0x81, 0x10, 0x81, 0x18,
    0x61, 0x18, 0x81, 0x10, 0x61, 0x10, 0x61, 0x10, 0x81, 0x18, 0x61, 0x10,
    0x61, 0x10, 0x81, 0x18, 0x81, 0x10, 0x62, 0x10, 0x61, 0x10, 0x82, 0x10,
    0x81, 0x18, 0x81, 0x10, 0x81, 0x10, 0x81, 0x18, 0x61, 0x10, 0x61, 0x10,
    0x61, 0x10, 0x61, 0x10, 0x81, 0x10, 0x61, 0x10, 0x61, 0x10, 0x61, 0x10,
    0x61, 0x10, 0x61, 0x10, 0x61, 0x10, 0x81, 0x10, 0x61, 0x10, 0x61, 0x10,
    0x61, 0x10, 0x61, 0x10, 0x60, 0x10, 0x81, 0x10, 0x81, 0x08, 0x61, 0x10,
    0x61, 0x10, 0x61, 0x10, 0x61, 0x08, 0x61, 0x10, 0x61, 0x10, 0x61, 0x08,
    0x61, 0x10, 0x61, 0x10, 0x61, 0x10, 0x61, 0x10, 0x81, 0x10, 0x61, 0x10,
    0x81, 0x10, 0x81, 0x10, 0x61, 0x10, 0x61, 0x10, 0x81, 0x10, 0x61, 0x10,
    0x61, 0x10, 0x81, 0x10, 0x61, 0x10, 0x81, 0x10, 0x61, 0x10, 0x61, 0x10,
    0x61, 0x10, 0x82, 0x10, 0x61, 0x10, 0x61, 0x10, 0x82, 0x10, 0x81, 0x10,
    0x61, 0x10, 0x82, 0x10, 0x82, 0x10, 0x61, 0x10, 0x61, 0x10, 0x81, 0x10,
    0x82, 0x10, 0x61, 0x10, 0x61, 0x10, 0x82, 0x10, 0x61, 0x18, 0x81, 0x10,
    0x81, 0x10, 0x61, 0x10, 0x82, 0x10, 0x61, 0x10, 0x82, 0x18, 0x81, 0x18,
    0x62, 0x10, 0x82, 0x10, 0x81, 0x10, 0x81, 0x10, 0x82, 0x10, 0x81, 0x10,
    0xa2, 0x18, 0xa2, 0x10, 0xa2, 0x18, 0xa2, 0x18, 0xa2, 0x18, 0xa2, 0x10,
    0x82, 0x10, 0x82, 0x10, 0x82, 0x10, 0xa2, 0x18, 0x82, 0x18, 0xa2, 0x10,
    0x82, 0x10, 0xa2, 0x18, 0xa2, 0x10, 0xa2, 0x18, 0x81, 0x10, 0x82, 0x18,
    0xa2, 0x18, 0x81, 0x18, 0xa2, 0x10, 0x81, 0x10, 0xa2, 0x18, 0x82, 0x10,
    0x81, 0x18, 0x82, 0x10, 0x82, 0x10, 0x82, 0x10, 0xa2, 0x10, 0x81, 0x18,
    0x82, 0x18, 0x81, 0x10, 0x82, 0x10, 0xa2, 0x18, 0x82, 0x18, 0x81, 0x10,
    0xa2, 0x18, 0x81, 0x18, 0x81, 0x18, 0x82, 0x10, 0x82, 0x10, 0x81, 0x18,
    0x82, 0x10, 0x81, 0x18, 0x81, 0x10, 0x82, 0x10, 0x81, 0x18, 0x81, 0x10,
    0x81, 0x10, 0x81, 0x10, 0x82, 0x10, 0x81, 0x18, 0x81, 0x10, 0x61, 0x10,
    0x82, 0x10, 0x81, 0x10, 0x81, 0x10, 0x61, 0x18, 0x82, 0x18, 0x81, 0x10,
    0x82, 0x10, 0x81, 0x10, 0x81, 0x10, 0x81, 0x10, 0x81, 0x10, 0x81, 0x18,
    0x61, 0x18, 0x82, 0x18, 0x81, 0x18, 0x81, 0x18, 0x82, 0x18, 0x81, 0x18,
    0x82, 0x10, 0x81, 0x18, 0x81, 0x18, 0x82, 0x18, 0x81, 0x18, 0x82, 0x18,
    0xa2, 0x18, 0x81, 0x18, 0xa2, 0x18, 0xa2, 0x20, 0xa2, 0x20, 0xc2, 0x20,
    0x07, 0x5a, 0x90, 0xcc, 0x94, 0xed, 0xd5, 0xf5, 0x33, 0xe5, 0x74, 0xed,
    0x94, 0xed, 0x53, 0xe5, 0x94, 0xed, 0x53, 0xe5, 0xb5, 0xf5, 0xf6, 0xf5,
    0x17, 0xfe, 0xd5, 0xf5, 0xb1, 0xd4, 0x70, 0xc4, 0xee, 0xb3, 0x8c, 0xa3,
    0x4b, 0x93, 0xcd, 0xab, 0x4b, 0xa3, 0x8c, 0xab, 0xac, 0xb3, 0xed, 0xb3,
    0xad, 0xb3, 0xad, 0xb3, 0xac, 0xb3, 0xed, 0xc3, 0x6c, 0xab, 0x2b, 0xab,
    0x0a, 0xa3, 0xea, 0x9a, 0xe6, 0x69, 0x44, 0x51, 0x44, 0x51, 0x84, 0x59,
    0xa5, 0x61, 0xc5, 0x61, 0x67, 0x82, 0xa9, 0x8a, 0xa9, 0x8a, 0x88, 0x8a,
    0x27, 0x72, 0x27, 0x6a, 0x07, 0x72, 0x88, 0x7a, 0x26, 0x6a, 0x27, 0x6a,
    0x06, 0x62, 0x27, 0x6a, 0x88, 0x7a, 0x88, 0x7a, 0x4b, 0xa3, 0x2e, 0xc4,
    0x90, 0xd4, 0x6f, 0xcc, 0x0d, 0xbc, 0x8c, 0xab, 0x2a, 0x93, 0x4b, 0x9b,
    0xa9, 0x82, 0xc2, 0x20, 0x61, 0x18, 0x61, 0x18, 0x81, 0x10, 0x61, 0x10,
    0x81, 0x10, 0x61, 0x18, 0x61, 0x10, 0x81, 0x18, 0x81, 0x10, 0x61, 0x18,
    0x81, 0x10, 0x81, 0x10, 0x61, 0x10, 0x61, 0x18, 0x61, 0x10, 0x81, 0x10,
    0x61, 0x18, 0x61, 0x10, 0x61, 0x10, 0x61, 0x18, 0x61, 0x10, 0x61, 0x10,
    0x61, 0x10, 0x61, 0x10, 0x61, 0x10, 0x61, 0x10, 0x61, 0x10, 0x61, 0x10,
    0x61, 0x10, 0x61, 0x10, 0x61, 0x10, 0x61, 0x10, 0x61, 0x10, 0x61, 0x10,
    0x81, 0x10, 0x61, 0x10, 0x61, 0x10, 0x61, 0x10, 0x61, 0x10, 0x61, 0x08,
    0x61, 0x10, 0x81, 0x10, 0x81, 0x10, 0x61, 0x10, 0x61, 0x10, 0x81, 0x10,
    0x61, 0x10, 0x61, 0x10, 0x81, 0x10, 0x61, 0x10, 0x61, 0x10, 0x61, 0x10,
    0x61, 0x10, 0x61, 0x10, 0x61, 0x10, 0x81, 0x10, 0x61, 0x10, 0x81, 0x10,
    0x81, 0x10, 0x61, 0x10, 0x61, 0x10, 0x61, 0x10, 0x61, 0x10, 0x61, 0x08,
    0x81, 0x10, 0x81, 0x10, 0x61, 0x10, 0x61, 0x10, 0x81, 0x10, 0x61, 0x10,
    0x61, 0x10, 0x61, 0x10, 0x61, 0x10, 0x81, 0x10, 0x61, 0x10, 0x61, 0x10,
    0x81, 0x10, 0x81, 0x10, 0x61, 0x10, 0x61, 0x10, 0x81, 0x10, 0x81, 0x10,
    0x81, 0x10, 0x81, 0x10, 0x82, 0x10, 0x81, 0x10, 0x81, 0x10, 0x81, 0x10,
    0x81, 0x10, 0x82, 0x10, 0x81, 0x10, 0x81, 0x10, 0x82, 0x10, 0x81, 0x10,
    0xa2, 0x18, 0xa2, 0x18, 0xa3, 0x18, 0xa2, 0x18, 0xa2, 0x18, 0xa2, 0x18,
    0x82, 0x10, 0xa2, 0x18, 0xa2, 0x18, 0x82, 0x10, 0x82, 0x10, 0xa2, 0x18,
    0x82, 0x18, 0xa2, 0x18, 0x82, 0x18, 0xa2, 0x18, 0x81, 0x10, 0xa2, 0x10,
    0xa2, 0x10, 0x82, 0x18, 0x81, 0x18, 0xa2, 0x10, 0xa2, 0x18, 0x81, 0x18,
    0x82, 0x10, 0xa2, 0x18, 0x81, 0x18, 0x82, 0x18, 0xa2, 0x10, 0x82, 0x10,
    0x81, 0x10, 0x82, 0x10, 0x81, 0x10, 0xa2, 0x18, 0x81, 0x10, 0x81, 0x10,
    0x82, 0x18, 0x82, 0x18, 0x81, 0x10, 0x82, 0x10, 0x82, 0x10, 0x82, 0x18,
    0x81, 0x10, 0x82, 0x10, 0x81, 0x10, 0x82, 0x18, 0x82, 0x18, 0x81, 0x10,
    0x82, 0x18, 0x81, 0x10, 0x81, 0x10, 0x82, 0x10, 0x82, 0x10, 0x81, 0x10,
    0x82, 0x18, 0x61, 0x10, 0x82, 0x18, 0x82, 0x18, 0x81, 0x10, 0x81, 0x10,
    0x81, 0x18, 0x81, 0x10, 0x82, 0x18, 0x82, 0x18, 0x82, 0x18, 0x82, 0x18,
    0x81, 0x18, 0x81, 0x10, 0x82, 0x18, 0x82, 0x18, 0x81, 0x10, 0x82, 0x18,
    0x82, 0x18, 0xa2, 0x18, 0x81, 0x18, 0x82, 0x18, 0x81, 0x18, 0x81, 0x18,
    0xa2, 0x18, 0x82, 0x18, 0xa1, 0x18, 0xa2, 0x20, 0xa2, 0x20, 0xa2, 0x20,
    0x64, 0x39, 0x0e, 0xb4, 0x74, 0xed, 0xd5, 0xf5, 0x53, 0xed, 0x94, 0xed,
    0x94, 0xed, 0x74, 0xed, 0x94, 0xed, 0x94, 0xed, 0xb4, 0xed, 0x16, 0xf6,
    0x36, 0xf6, 0x53, 0xe5, 0x8b, 0xa3, 0x0e, 0xb4, 0x6c, 0x9b, 0x6b, 0x9b,
    0xe9, 0x92, 0x87, 0x82, 0xe9, 0x92, 0x4a, 0xa3, 0x8b, 0xab, 0x0e, 0xc4,
    0x4f, 0xd4, 0x6f, 0xd4, 0x70, 0xdc, 0x2f, 0xd4, 0x2f, 0xdc, 0xee, 0xd3,
    0xee, 0xd3, 0x8d, 0xc3, 0x4b, 0xbb, 0xea, 0xaa, 0xa9, 0xa2, 0x88, 0x9a,
    0xa9, 0x9a, 0x0a, 0xab, 0x6c, 0xbb, 0x6c, 0xb3, 0x4c, 0xb3, 0x0a, 0xa3,
    0xe9, 0x9a, 0xc9, 0x92, 0x67, 0x82, 0x47, 0x7a, 0x26, 0x72, 0x26, 0x6a,
    0xc5, 0x61, 0xe5, 0x61, 0xe6, 0x61, 0x27, 0x6a, 0x0a, 0x93, 0xed, 0xbb,
    0x8f, 0xcc, 0x4f, 0xc4, 0x0d, 0xbc, 0xed, 0xb3, 0x2b, 0x93, 0xea, 0x8a,
    0x89, 0x7a, 0xa2, 0x20, 0x81, 0x18, 0x61, 0x18, 0x81, 0x18, 0x61, 0x10,
    0x82, 0x10, 0x81, 0x18, 0x61, 0x18, 0x62, 0x10, 0x81, 0x10, 0x61, 0x18,
    0x61, 0x10, 0x61, 0x10, 0x61, 0x10, 0x61, 0x18, 0x81, 0x10, 0x61, 0x10,
    0x81, 0x10, 0x61, 0x10, 0x61, 0x18, 0x61, 0x10, 0x81, 0x10, 0x81, 0x18,
    0x61, 0x18, 0x81, 0x10, 0x61, 0x10, 0x61, 0x10, 0x81, 0x10, 0x61, 0x18,
    0x61, 0x10, 0x61, 0x10, 0x81, 0x10, 0x61, 0x10, 0x61, 0x10, 0x81, 0x10,
    0x61, 0x10, 0x81, 0x10, 0x61, 0x10, 0x81, 0x10, 0x61, 0x10, 0x60, 0x10,
    0x81, 0x10, 0x61, 0x10, 0x61, 0x10, 0x61, 0x10, 0x81, 0x10, 0x61, 0x08,
    0x61, 0x10, 0x81, 0x10, 0x81, 0x10, 0x61, 0x10, 0x61, 0x10, 0x61, 0x10,
    0x61, 0x10, 0x81, 0x10, 0x61, 0x10, 0x82, 0x10, 0x61, 0x10, 0x61, 0x10,
    0x81, 0x10, 0x81, 0x10, 0x81, 0x10, 0x61, 0x08, 0x61, 0x10, 0x81, 0x10,
    0x82, 0x10, 0x61, 0x10, 0x61, 0x10, 0x61, 0x10, 0x61, 0x10, 0x81, 0x10,
    0x82, 0x10, 0x61, 0x10, 0x81, 0x10, 0x61, 0x10, 0x81, 0x10, 0x61, 0x10,
    0x61, 0x10, 0x82, 0x10, 0x81, 0x10, 0x61, 0x18, 0x61, 0x10, 0x81, 0x10,
    0x81, 0x18, 0x82, 0x10, 0x61, 0x10, 0x81, 0x10, 0x82, 0x10, 0x82, 0x10,
    0x81, 0x10, 0x62, 0x10, 0x81, 0x10, 0x81, 0x10, 0x82, 0x18, 0x81, 0x10,
    0xa2, 0x18, 0xa2, 0x18, 0xa2, 0x10, 0xa2, 0x10, 0xa2, 0x18, 0x82, 0x10,
    0xa2, 0x18, 0xa2, 0x18, 0xa2, 0x18, 0xa2, 0x10, 0xa2, 0x18, 0x82, 0x18,
    0xa2, 0x10, 0x82, 0x10, 0x82, 0x10, 0x82, 0x10, 0xa2, 0x18, 0x82, 0x10,
    0xa2, 0x18, 0x81, 0x10, 0x81, 0x10, 0x82, 0x10, 0x82, 0x10, 0xa2, 0x18,
    0x81, 0x10, 0xa2, 0x10, 0x82, 0x18, 0x81, 0x10, 0xa1, 0x18, 0xa2, 0x18,
    0x82, 0x10, 0xa2, 0x18, 0x82, 0x10, 0xa2, 0x18, 0x82, 0x10, 0x81, 0x10,
    0x82, 0x10, 0x82, 0x18, 0xa1, 0x18, 0x82, 0x18, 0x82, 0x10, 0x81, 0x10,
    0x82, 0x18, 0x82, 0x10, 0x82, 0x10, 0x81, 0x18, 0x82, 0x10, 0x82, 0x10,
    0x81, 0x10, 0x81, 0x10, 0x82, 0x18, 0x81, 0x10, 0x81, 0x10, 0x82, 0x18,
    0x81, 0x10, 0x81, 0x10, 0x81, 0x10, 0x81, 0x10, 0x61, 0x18, 0x81, 0x10,
    0x82, 0x10, 0x82, 0x10, 0x82, 0x10, 0x81, 0x10, 0x82, 0x10, 0x62, 0x18,
    0x81, 0x18, 0x81, 0x18, 0x82, 0x18, 0x81, 0x18, 0x81, 0x18, 0x81, 0x10,
    0x81, 0x18, 0x82, 0x18, 0x82, 0x18, 0xa2, 0x18, 0xa1, 0x18, 0x81, 0x18,
    0xa2, 0x20, 0x82, 0x18, 0xa2, 0x18, 0xa2, 0x20, 0xa2, 0x20, 0xa2, 0x20,
    0x44, 0x31, 0xcd, 0xab, 0x53, 0xed, 0xd6, 0xf5, 0xf6, 0xf5, 0x53, 0xed,
    0x54, 0xe5, 0x74, 0xe5, 0x74, 0xe5, 0xf6, 0xf5, 0x37, 0xfe, 0xd6, 0xf5,
    0xb4, 0xed, 0x33, 0xe5, 0xcd, 0xab, 0xed, 0xab, 0x8c, 0xa3, 0xc9, 0x8a,
    0x87, 0x82, 0xc7, 0x8a, 0xc8, 0x92, 0xac, 0xbb, 0xac, 0xbb, 0xcd, 0xc3,
    0xce, 0xcb, 0xad, 0xcb, 0x4c, 0xbb, 0xad, 0xcb, 0xae, 0xcb, 0x8d, 0xcb,
    0x4c, 0xc3, 0xeb, 0xba, 0xca, 0xb2, 0xca, 0xb2, 0xea, 0xb2, 0xca, 0xaa,
    0x89, 0xa2, 0x68, 0xa2, 0x69, 0x9a, 0x69, 0x9a, 0xca, 0xa2, 0xca, 0x9a,
    0x89, 0x92, 0x68, 0x8a, 0x67, 0x8a, 0x87, 0x82, 0x26, 0x72, 0x05, 0x6a,
    0xe5, 0x61, 0xe5, 0x61, 0x06, 0x62, 0xe6, 0x61, 0xa8, 0x82, 0x0d, 0xbc,
    0x6f, 0xc4, 0x6f, 0xc4, 0xcd, 0xab, 0x8c, 0xa3, 0x2b, 0x93, 0x4b, 0x9b,
    0x27, 0x6a, 0x81, 0x20, 0x61, 0x10, 0x81, 0x10, 0x82, 0x18, 0x81, 0x18,
    0x61, 0x10, 0x82, 0x10, 0x81, 0x10, 0x61, 0x10, 0x61, 0x18, 0x61, 0x10,
    0x81, 0x18, 0x82, 0x10, 0x61, 0x10, 0x62, 0x10, 0x61, 0x10, 0x61, 0x10,
    0x61, 0x10, 0x61, 0x10, 0x61, 0x10, 0x61, 0x10, 0x81, 0x18, 0x61, 0x10,
    0x81, 0x10, 0x81, 0x10, 0x81, 0x10, 0x61, 0x10, 0x61, 0x10, 0x61, 0x18,
    0x61, 0x10, 0x61, 0x10, 0x61, 0x10, 0x81, 0x10, 0x61, 0x10, 0x61, 0x10,
    0x61, 0x10, 0x60, 0x10, 0x61, 0x10, 0x61, 0x10, 0x61, 0x10, 0x61, 0x10,
    0x61, 0x10, 0x61, 0x10, 0x61, 0x10, 0x61, 0x10, 0x61, 0x10, 0x61, 0x10,
    0x81, 0x08, 0x61, 0x10, 0x61, 0x10, 0x61, 0x10, 0x81, 0x10, 0x61, 0x10,
    0x81, 0x10, 0x61, 0x10, 0x61, 0x10, 0x61, 0x10, 0x61, 0x10, 0x81, 0x10,
    0x61, 0x10, 0x61, 0x10, 0x61, 0x10, 0x61, 0x10, 0x61, 0x10, 0x61, 0x10,
    0x61, 0x10, 0x81, 0x10, 0x81, 0x10, 0x81, 0x08, 0x61, 0x10, 0x81, 0x10,
    0x61, 0x10, 0x81, 0x10, 0x61, 0x10, 0x82, 0x10, 0x61, 0x10, 0x81, 0x10,
    0x61, 0x10, 0x81, 0x10, 0x82, 0x10, 0x81, 0x10, 0x61, 0x10, 0x81, 0x10,
    0x61, 0x10, 0x81, 0x10, 0x81, 0x10, 0x61, 0x10, 0x81, 0x10, 0x61, 0x10,
    0x82, 0x10, 0x61, 0x18, 0x82, 0x10, 0x81, 0x10, 0x61, 0x10, 0x81, 0x10,
    0xa2, 0x18, 0xa2, 0x18, 0xa2, 0x18, 0xa2, 0x10, 0xa2, 0x18, 0xa2, 0x18,
    0xa2, 0x10, 0xa2, 0x18, 0xa2, 0x10, 0xa2, 0x18, 0x82, 0x10, 0xa2, 0x18,
    0xa2, 0x18, 0xa2, 0x10, 0xa2, 0x18, 0xa2, 0x18, 0x82, 0x18, 0xa1, 0x18,
    0x82, 0x18, 0xa2, 0x18, 0x81, 0x10, 0xa2, 0x18, 0x81, 0x18, 0x81, 0x10,
    0x82, 0x18, 0xa2, 0x18, 0x82, 0x10, 0x82, 0x10, 0x82, 0x18, 0x82, 0x10,
    0xa2, 0x18, 0x82, 0x18, 0xa2, 0x18, 0x82, 0x10, 0x81, 0x18, 0x82, 0x10,
    0xa2, 0x10, 0x81, 0x10, 0x81, 0x18, 0xa2, 0x10, 0x82, 0x10, 0x81, 0x18,
    0x82, 0x10, 0x82, 0x18, 0x81, 0x18, 0xa2, 0x10, 0x81, 0x10, 0x81, 0x18,
    0x81, 0x10, 0x81, 0x18, 0x82, 0x18, 0x82, 0x10, 0x81, 0x18, 0x82, 0x10,
    0x81, 0x10, 0x81, 0x10, 0x81, 0x18, 0x82, 0x18, 0x82, 0x10, 0x81, 0x18,
    0x81, 0x18, 0x81, 0x10, 0x81, 0x18, 0x81, 0x10, 0x81, 0x10, 0x82, 0x18,
    0x81, 0x10, 0x82, 0x18, 0x82, 0x18, 0x61, 0x18, 0x82, 0x18, 0x82, 0x18,
    0x81, 0x18, 0x82, 0x18, 0x82, 0x18, 0xa2, 0x18, 0x82, 0x18, 0xa1, 0x18,
    0x81, 0x20, 0xa2, 0x18, 0xa2, 0x18, 0xa2, 0x20, 0xa2, 0x18, 0xa2, 0x20,
    0x03, 0x29, 0xcd, 0xab, 0x53, 0xed, 0xb5, 0xf5, 0xd6, 0xfd, 0x74, 0xed,
    0x53, 0xed, 0x73, 0xe5, 0x53, 0xe5, 0x94, 0xed, 0xd5, 0xed, 0xb5, 0xed,
    0xd5, 0xed, 0xb0, 0xd4, 0xad, 0xab, 0x2a, 0x93, 0x0a, 0x8b, 0xa8, 0x7a,
    0x26, 0x72, 0xc4, 0x61, 0x47, 0x82, 0xe6, 0x79, 0xca, 0xa2, 0x6d, 0xc3,
    0xad, 0xcb, 0xae, 0xd3, 0xae, 0xcb, 0x4c, 0xc3, 0x6d, 0xc3, 0x8d, 0xcb,
    0xce, 0xd3, 0x0b, 0xbb, 0xca, 0xb2, 0xeb, 0xb2, 0xca, 0xb2, 0xca, 0xb2,
    0xa9, 0xa2, 0xaa, 0xa2, 0xaa, 0xa2, 0xaa, 0xa2, 0xaa, 0xa2, 0xaa, 0x9a,
    0xaa, 0x9a, 0x68, 0x92, 0xa5, 0x71, 0xe6, 0x79, 0x26, 0x7a, 0xe5, 0x69,
    0x63, 0x51, 0x02, 0x39, 0x23, 0x41, 0xc5, 0x61, 0xa8, 0x82, 0xed, 0xb3,
    0x2e, 0xbc, 0xed, 0xb3, 0x8c, 0xa3, 0x2a, 0x9b, 0x8c, 0xa3, 0x2a, 0x9b,
    0x03, 0x39, 0x81, 0x18, 0x81, 0x18, 0x82, 0x10, 0x82, 0x10, 0x81, 0x10,
    0x61, 0x10, 0x81, 0x18, 0x81, 0x18, 0x81, 0x18, 0x81, 0x10, 0x61, 0x10,
    0x61, 0x10, 0x81, 0x10, 0x81, 0x10, 0x61, 0x10, 0x61, 0x18, 0x81, 0x18,
    0x61, 0x10, 0x61, 0x18, 0x81, 0x10, 0x61, 0x10, 0x61, 0x10, 0x61, 0x10,
    0x61, 0x10, 0x61, 0x10, 0x61, 0x18, 0x61, 0x10, 0x61, 0x10, 0x61, 0x10,
    0x81, 0x18, 0x81, 0x10, 0x61, 0x18, 0x61, 0x10, 0x61, 0x18, 0x61, 0x10,
    0x61, 0x10, 0x61, 0x10, 0x61, 0x10, 0x61, 0x10, 0x61, 0x10, 0x61, 0x10,
    0x61, 0x10, 0x81, 0x10, 0x61, 0x10, 0x81, 0x10, 0x61, 0x10, 0x61, 0x10,
    0x61, 0x10, 0x81, 0x10, 0x81, 0x10, 0x61, 0x10, 0x61, 0x10, 0x61, 0x10,
    0x61, 0x10, 0x61, 0x10, 0x81, 0x10, 0x61, 0x08, 0x61, 0x10, 0x61, 0x10,
    0x81, 0x08, 0x61, 0x10, 0x61, 0x10, 0x61, 0x10, 0x81, 0x10, 0x61, 0x10,
    0x61, 0x10, 0x61, 0x10, 0x81, 0x10, 0x61, 0x10, 0x81, 0x10, 0x61, 0x10,
    0x61, 0x10, 0x61, 0x08, 0x81, 0x10, 0x61, 0x10, 0x82, 0x10, 0x81, 0x10,
    0x81, 0x10, 0x61, 0x10, 0x61, 0x10, 0x81, 0x10, 0x81, 0x10, 0x82, 0x10,
    0x61, 0x10, 0x82, 0x18, 0x81, 0x10, 0x82, 0x10, 0x81, 0x10, 0x81, 0x10,
    0x81, 0x10, 0x81, 0x10, 0x82, 0x10, 0x81, 0x18, 0x81, 0x10, 0x81, 0x10,
    0xa2, 0x18, 0xa2, 0x10, 0xa2, 0x18, 0xa2, 0x18, 0xa2, 0x10, 0xa2, 0x18,
    0xa2, 0x18, 0x82, 0x10, 0xa2, 0x10, 0xa2, 0x18, 0xa2, 0x18, 0xa2, 0x10,
    0xa2, 0x18, 0xa2, 0x18, 0xa2, 0x18, 0x82, 0x10, 0xa1, 0x18, 0x82, 0x10,
    0xa2, 0x10, 0x82, 0x18, 0xa2, 0x18, 0xa2, 0x18, 0x82, 0x10, 0xa2, 0x18,
    0xa2, 0x18, 0x82, 0x10, 0xa2, 0x18, 0xa2, 0x18, 0x81, 0x10, 0x82, 0x10,
    0x81, 0x10, 0x82, 0x10, 0x81, 0x10, 0x81, 0x10, 0x82, 0x18, 0x82, 0x18,
    0x81, 0x10, 0x82, 0x10, 0x82, 0x10, 0x82, 0x10, 0xa1, 0x18, 0x82, 0x18,
    0x81, 0x10, 0xa2, 0x10, 0x82, 0x18, 0x81, 0x18, 0x82, 0x18, 0x82, 0x18,
    0x82, 0x10, 0x81, 0x10, 0x82, 0x10, 0x81, 0x10, 0x82, 0x18, 0x82, 0x10,
    0x81, 0x10, 0x82, 0x18, 0x82, 0x10, 0x81, 0x18, 0x81, 0x18, 0x82, 0x10,
    0x61, 0x10, 0x82, 0x18, 0x82, 0x18, 0x81, 0x10, 0x81, 0x18, 0x81, 0x10,
    0x81, 0x18, 0x82, 0x18, 0x81, 0x10, 0x81, 0x10, 0x82, 0x18, 0x82, 0x18,
    0x81, 0x10, 0x82, 0x18, 0x81, 0x18, 0x81, 0x18, 0x82, 0x18, 0xa2, 0x18,
    0xa2, 0x20, 0xa1, 0x18, 0xa2, 0x18, 0xa2, 0x20, 0xa2, 0x20, 0xa2, 0x20,
    0xc2, 0x20, 0x2b, 0x8b, 0x32, 0xe5, 0xb5, 0xf5, 0xf6, 0xfd, 0x94, 0xf5,
    0x74, 0xed, 0x12, 0xdd, 0x74, 0xe5, 0x33, 0xdd, 0x12, 0xdd, 0xd5, 0xed,
    0xb4, 0xed, 0xf2, 0xd4, 0xcd, 0xab, 0x2a, 0x9b, 0xc9, 0x82, 0xc9, 0x82,
    0x47, 0x72, 0xc9, 0x92, 0x4f, 0xcc, 0xf2, 0xec, 0x50, 0xdc, 0x31, 0xe4,
    0x92, 0xec, 0xb3, 0xf4, 0xd3, 0xf4, 0xf4, 0xf4, 0x30, 0xdc, 0xae, 0xcb,
    0xeb, 0xba, 0xaa, 0xaa, 0x48, 0x9a, 0xca, 0xaa, 0xcb, 0xaa, 0xaa, 0xa2,
    0x28, 0x92, 0x49, 0x9a, 0xcb, 0xa2, 0x8e, 0xbb, 0x8e, 0xc3, 0x2d, 0xb3,
    0x2c, 0xb3, 0x0b, 0xab, 0x6d, 0xb3, 0x0e, 0xc4, 0x4b, 0xa3, 0xe5, 0x69,
    0x84, 0x51, 0xe2, 0x38, 0x03, 0x41, 0xc5, 0x61, 0x2a, 0x9b, 0x0e, 0xbc,
    0x2e, 0xbc, 0xed, 0xb3, 0xed, 0xb3, 0x6b, 0x9b, 0x6b, 0x9b, 0x2a, 0x93,
    0xe2, 0x28, 0x61, 0x18, 0x81, 0x18, 0x81, 0x10, 0x62, 0x10, 0x81, 0x10,
    0x61, 0x10, 0x61, 0x18, 0x61, 0x10, 0x61, 0x10, 0x61, 0x18, 0x81, 0x10,
    0x61, 0x10, 0x62, 0x10, 0x61, 0x18, 0x61, 0x10, 0x81, 0x10, 0x61, 0x10,
    0x61, 0x10, 0x61, 0x10, 0x81, 0x18, 0x61, 0x10, 0x61, 0x10, 0x81, 0x18,
    0x61, 0x10, 0x61, 0x10, 0x81, 0x10, 0x61, 0x10, 0x61, 0x18, 0x61, 0x10,
    0x62, 0x10, 0x61, 0x18, 0x61, 0x10, 0x61, 0x10, 0x61, 0x10, 0x61, 0x10,
    0x61, 0x10, 0x61, 0x10, 0x61, 0x10, 0x61, 0x10, 0x80, 0x10, 0x61, 0x10,
    0x61, 0x10, 0x61, 0x10, 0x61, 0x10, 0x61, 0x10, 0x81, 0x10, 0x81, 0x10,
    0x61, 0x10, 0x61, 0x08, 0x81, 0x10, 0x61, 0x10, 0x61, 0x10, 0x81, 0x08,
    0x81, 0x10, 0x81, 0x10, 0x61, 0x10, 0x61, 0x10, 0x61, 0x10, 0x61, 0x10,
    0x81, 0x10, 0x61, 0x10, 0x61, 0x10, 0x61, 0x10, 0x61, 0x10, 0x61, 0x10,
    0x61, 0x10, 0x81, 0x10, 0x61, 0x10, 0x61, 0x10, 0x81, 0x10, 0x81, 0x10,
    0x61, 0x10, 0x81, 0x10, 0x61, 0x10, 0x61, 0x10, 0x81, 0x10, 0x61, 0x10,
    0x62, 0x10, 0x81, 0x10, 0x61, 0x10, 0x81, 0x10, 0x62, 0x10, 0x81, 0x10,
    0x61, 0x10, 0x61, 0x10, 0x61, 0x10, 0x61, 0x10, 0x82, 0x10, 0x82, 0x10,
    0x61, 0x10, 0x81, 0x10, 0x61, 0x10, 0x82, 0x10, 0x81, 0x10, 0x81, 0x10,
    0xa2, 0x18, 0xa2, 0x18, 0xa3, 0x18, 0xa2, 0x10, 0xa2, 0x18, 0x82, 0x10,
    0xa2, 0x18, 0xa2, 0x18, 0x82, 0x10, 0xa2, 0x18, 0x82, 0x10, 0xa2, 0x18,
    0x82, 0x10, 0xa2, 0x18, 0xa2, 0x10, 0xa2, 0x18, 0xa2, 0x18, 0x82, 0x10,
    0xa2, 0x18, 0xa1, 0x18, 0x82, 0x10, 0x81, 0x18, 0xa2, 0x10, 0x82, 0x18,
    0xa1, 0x10, 0x82, 0x10, 0x81, 0x18, 0xa2, 0x18, 0xa2, 0x18, 0x81, 0x10,
    0x82, 0x10, 0xa2, 0x18, 0x81, 0x10, 0xa2, 0x18, 0xa2, 0x10, 0x82, 0x10,
    0xa2, 0x18, 0x81, 0x18, 0xa2, 0x18, 0x82, 0x10, 0xa2, 0x18, 0xa2, 0x18,
    0x81, 0x10, 0x81, 0x10, 0x82, 0x10, 0x82, 0x18, 0x81, 0x10, 0x82, 0x10,
    0x81, 0x10, 0x81, 0x18, 0x82, 0x10, 0x81, 0x10, 0x82, 0x18, 0x81, 0x10,
    0x81, 0x10, 0x81, 0x10, 0x82, 0x10, 0x81, 0x18, 0x81, 0x10, 0x82, 0x10,
    0x82, 0x18, 0x82, 0x10, 0x81, 0x18, 0x82, 0x10, 0x82, 0x18, 0x81, 0x18,
    0x82, 0x10, 0x81, 0x18, 0x81, 0x18, 0x81, 0x10, 0x82, 0x18, 0x81, 0x18,
    0x82, 0x18, 0xa1, 0x10, 0x81, 0x18, 0x82, 0x18, 0xa2, 0x18, 0x81, 0x18,
    0x82, 0x18, 0xa2, 0x20, 0xa1, 0x20, 0xa2, 0x20, 0xc2, 0x20, 0xa2, 0x18,
    0xa2, 0x20, 0x48, 0x62, 0xd1, 0xd4, 0xd5, 0xf5, 0xb5, 0xf5, 0xd5, 0xf5,
    0x53, 0xe5, 0x74, 0xed, 0xf2, 0xd4, 0x94, 0xed, 0x53, 0xe5, 0xd6, 0xed,
    0xd5, 0xed, 0x12, 0xdd, 0xb0, 0xcc, 0x0a, 0x93, 0x88, 0x7a, 0xc9, 0x82,
    0x2a, 0x93, 0xb0, 0xd4, 0xd6, 0xfd, 0xf6, 0xfd, 0xf6, 0xfd, 0xb6, 0xfd,
    0x35, 0xf5, 0x14, 0xf5, 0x14, 0xf5, 0x35, 0xf5, 0x35, 0xf5, 0xb3, 0xec,
    0x10, 0xe4, 0xaf, 0xd3, 0x2c, 0xc3, 0x2c, 0xc3, 0x4d, 0xc3, 0xcb, 0xaa,
    0xcb, 0xaa, 0x2c, 0xb3, 0x10, 0xcc, 0xcf, 0xcb, 0xae, 0xc3, 0x6d, 0xbb,
    0xae, 0xc3, 0x0f, 0xd4, 0x4f, 0xd4, 0x70, 0xcc, 0x0e, 0xbc, 0xe9, 0x8a,
    0xe6, 0x59, 0x64, 0x49, 0x64, 0x51, 0xc8, 0x82, 0xac, 0xab, 0x0e, 0xbc,
    0x0e, 0xbc, 0xcd, 0xab, 0x2b, 0x93, 0x8c, 0xa3, 0x4b, 0x9b, 0xc9, 0x82,
    0x82, 0x20, 0x61, 0x18, 0x61, 0x10, 0x81, 0x18, 0x81, 0x10, 0x82, 0x18,
    0x81, 0x10, 0x81, 0x10, 0x81, 0x18, 0x61, 0x10, 0x61, 0x10, 0x81, 0x18,
    0x61, 0x10, 0x61, 0x10, 0x82, 0x10, 0x61, 0x10, 0x61, 0x10, 0x61, 0x18,
    0x61, 0x10, 0x61, 0x10, 0x61, 0x10, 0x61, 0x10, 0x81, 0x10, 0x61, 0x10,
    0x81, 0x10, 0x61, 0x10, 0x61, 0x10, 0x81, 0x10, 0x61, 0x10, 0x61, 0x10,
    0x81, 0x10, 0x61, 0x18, 0x61, 0x10, 0x61, 0x10, 0x81, 0x18, 0x61, 0x10,
    0x61, 0x10, 0x81, 0x10, 0x61, 0x10, 0x81, 0x10, 0x61, 0x10, 0x61, 0x10,
    0x61, 0x10, 0x61, 0x10, 0x61, 0x10, 0x61, 0x10, 0x61, 0x10, 0x61, 0x10,
    0x61, 0x10, 0x61, 0x10, 0x61, 0x08, 0x61, 0x10, 0x61, 0x10, 0x61, 0x08,
    0x81, 0x10, 0x61, 0x10, 0x61, 0x10, 0x61, 0x10, 0x81, 0x08, 0x61, 0x10,
    0x81, 0x10, 0x61, 0x08, 0x61, 0x10, 0x81, 0x10, 0x61, 0x10, 0x81, 0x10,
    0x61, 0x10, 0x61, 0x10, 0x61, 0x10, 0x61, 0x10, 0x81, 0x10, 0x62, 0x10,
    0x61, 0x10, 0x81, 0x10, 0x81, 0x10, 0x61, 0x10, 0x81, 0x10, 0x61, 0x10,
    0x81, 0x10, 0x81, 0x10, 0x61, 0x10, 0x61, 0x10, 0x81, 0x10, 0x61, 0x10,
    0x81, 0x10, 0x81, 0x18, 0x81, 0x10, 0x81, 0x10, 0x81, 0x18, 0x81, 0x10,
    0x81, 0x10, 0x82, 0x10, 0x81, 0x10, 0x61, 0x10, 0x82, 0x10, 0x82, 0x10,
    0xa2, 0x18, 0xa2, 0x18, 0xa3, 0x18, 0xa2, 0x18, 0xa3, 0x18, 0xa2, 0x10,
    0xa2, 0x10, 0xa2, 0x18, 0xa2, 0x10, 0x82, 0x10, 0xa2, 0x18, 0xa2, 0x18,
    0x82, 0x10, 0xa2, 0x18, 0x82, 0x10, 0x82, 0x18, 0xa2, 0x18, 0x82, 0x10,
    0x82, 0x18, 0xa2, 0x18, 0x82, 0x18, 0x82, 0x18, 0xa2, 0x18, 0x81, 0x10,
    0x82, 0x18, 0x82, 0x10, 0x82, 0x10, 0x82, 0x10, 0x82, 0x18, 0x82, 0x18,
    0x81, 0x10, 0xa2, 0x18, 0x82, 0x18, 0xa2, 0x18, 0x81, 0x10, 0x82, 0x18,
    0x82, 0x18, 0x81, 0x18, 0x81, 0x10, 0x82, 0x10, 0xa2, 0x18, 0x82, 0x10,
    0x82, 0x10, 0x82, 0x18, 0x81, 0x10, 0x82, 0x10, 0xa2, 0x18, 0x81, 0x10,
    0x81, 0x10, 0x82, 0x18, 0x81, 0x10, 0x82, 0x18, 0x81, 0x10, 0x82, 0x18,
    0x82, 0x18, 0x81, 0x10, 0x81, 0x10, 0x82, 0x18, 0x81, 0x18, 0x81, 0x10,
    0x81, 0x18, 0x81, 0x10, 0x81, 0x18, 0x82, 0x18, 0x82, 0x10, 0x81, 0x18,
    0x82, 0x18, 0x61, 0x10, 0x82, 0x18, 0x82, 0x18, 0x81, 0x18, 0x81, 0x18,
    0x82, 0x18, 0x82, 0x18, 0xa1, 0x18, 0xa2, 0x18, 0x81, 0x18, 0xa1, 0x18,
    0x82, 0x18, 0xa2, 0x18, 0xa2, 0x18, 0xa2, 0x20, 0xa2, 0x18, 0xc2, 0x20,
    0xa2, 0x20, 0x27, 0x62, 0x90, 0xcc, 0xd5, 0xf5, 0x95, 0xf5, 0xf6, 0xfd,
    0xb5, 0xf5, 0x74, 0xed, 0x73, 0xed, 0xf1, 0xd4, 0x33, 0xe5, 0x53, 0xe5,
    0x94, 0xe5, 0x73, 0xe5, 0x32, 0xdd, 0xac, 0xab, 0xea, 0x8a, 0x6b, 0x9b,
    0xb0, 0xd4, 0x94, 0xed, 0x16, 0xfe, 0x17, 0xfe, 0x17, 0xfe, 0x17, 0xfe,
    0xd7, 0xfd, 0x18, 0xfe, 0xb7, 0xfd, 0x35, 0xf5, 0xb3, 0xec, 0x31, 0xe4,
    0xcf, 0xdb, 0x4d, 0xcb, 0x0c, 0xc3, 0x0c, 0xbb, 0x0c, 0xbb, 0xeb, 0xb2,
    0x0c, 0xbb, 0x6d, 0xc3, 0x8e, 0xc3, 0x8e, 0xc3, 0x10, 0xcc, 0x30, 0xd4,
    0x70, 0xdc, 0x90, 0xdc, 0xd1, 0xdc, 0xf1, 0xdc, 0x90, 0xcc, 0x8c, 0xa3,
    0x88, 0x7a, 0x84, 0x51, 0x67, 0x72, 0x6b, 0x9b, 0xcd, 0xb3, 0x2e, 0xbc,
    0xcd, 0xab, 0x8c, 0x9b, 0x2a, 0x93, 0xcd, 0xb3, 0x8c, 0xab, 0x68, 0x6a,
    0x81, 0x18, 0x81, 0x18, 0x81, 0x18, 0x82, 0x10, 0x82, 0x10, 0x81, 0x10,
    0x82, 0x18, 0x61, 0x18, 0x81, 0x18, 0x81, 0x10, 0x81, 0x10, 0x82, 0x18,
    0x61, 0x10, 0x61, 0x18, 0x81, 0x10, 0x61, 0x10, 0x81, 0x10, 0x61, 0x10,
    0x61, 0x18, 0x81, 0x10, 0x61, 0x10, 0x61, 0x10, 0x61, 0x10, 0x61, 0x10,
    0x61, 0x18, 0x61, 0x10, 0x61, 0x10, 0x61, 0x10, 0x61, 0x18, 0x81, 0x10,
    0x61, 0x10, 0x61, 0x18, 0x81, 0x10, 0x61, 0x10, 0x61, 0x10, 0x61, 0x10,
    0x61, 0x10, 0x60, 0x10, 0x61, 0x10, 0x61, 0x10, 0x60, 0x10, 0x81, 0x10,
    0x61, 0x10, 0x61, 0x10, 0x61, 0x10, 0x61, 0x10, 0x61, 0x10, 0x81, 0x10,
    0x81, 0x10, 0x61, 0x10, 0x61, 0x10, 0x81, 0x10, 0x81, 0x10, 0x61, 0x10,
    0x61, 0x10, 0x81, 0x10, 0x81, 0x10, 0x61, 0x10, 0x61, 0x10, 0x61, 0x10,
    0x81, 0x10, 0x81, 0x10, 0x81, 0x10, 0x61, 0x10, 0x81, 0x10, 0x61, 0x10,
    0x81, 0x10, 0x61, 0x10, 0x82, 0x10, 0x61, 0x10, 0x61, 0x10, 0x81, 0x10,
    0x61, 0x08, 0x81, 0x10, 0x62, 0x10, 0x61, 0x10, 0x81, 0x10, 0x62, 0x10,
    0x81, 0x10, 0x81, 0x10, 0x61, 0x10, 0x81, 0x10, 0x81, 0x10, 0x61, 0x10,
    0x61, 0x10, 0x82, 0x10, 0x81, 0x10, 0x61, 0x10, 0x82, 0x10, 0x81, 0x18,
    0x81, 0x10, 0x82, 0x10, 0x81, 0x10, 0x81, 0x10, 0x81, 0x10, 0x81, 0x10,
    0xa2, 0x18, 0xa2, 0x18, 0xa3, 0x18, 0xa2, 0x18, 0xa2, 0x18, 0xa2, 0x10,
    0x82, 0x18, 0xa2, 0x18, 0xa2, 0x18, 0xa2, 0x18, 0xa2, 0x18, 0x82, 0x10,
    0xa2, 0x18, 0xa2, 0x18, 0x82, 0x10, 0xa2, 0x10, 0xa2, 0x10, 0x81, 0x10,
    0x81, 0x10, 0xa2, 0x18, 0xa2, 0x10, 0x82, 0x10, 0xa2, 0x18, 0x81, 0x10,
    0x82, 0x18, 0xa2, 0x10, 0xa1, 0x18, 0xa2, 0x10, 0xa2, 0x18, 0x81, 0x10,
    0x82, 0x18, 0xa2, 0x10, 0x82, 0x10, 0x82, 0x18, 0x82, 0x18, 0x81, 0x10,
    0xa2, 0x10, 0x82, 0x18, 0x82, 0x18, 0xa2, 0x18, 0x81, 0x10, 0x82, 0x10,
    0x82, 0x18, 0x82, 0x18, 0x81, 0x10, 0xa2, 0x18, 0x81, 0x18, 0x81, 0x10,
    0x82, 0x18, 0x82, 0x18, 0x82, 0x10, 0x81, 0x10, 0x81, 0x10, 0x82, 0x10,
    0x81, 0x18, 0x81, 0x10, 0x81, 0x10, 0x82, 0x10, 0x82, 0x18, 0x81, 0x10,
    0x81, 0x10, 0x82, 0x18, 0x82, 0x10, 0x81, 0x10, 0x82, 0x18, 0x81, 0x18,
    0x82, 0x18, 0x81, 0x10, 0x82, 0x18, 0x82, 0x18, 0x81, 0x18, 0xa2, 0x18,
    0x82, 0x18, 0xa2, 0x18, 0x81, 0x18, 0xa2, 0x18, 0x82, 0x18, 0x82, 0x18,
    0xa2, 0x20, 0xa1, 0x18, 0xa1, 0x18, 0xa2, 0x18, 0xa2, 0x20, 0xa2, 0x20,
    0xa2, 0x20, 0x65, 0x41, 0x4f, 0xbc, 0x94, 0xed, 0xf6, 0xfd, 0xf6, 0xf5,
    0x16, 0xfe, 0x94, 0xed, 0x74, 0xed, 0x94, 0xed, 0x53, 0xe5, 0x94, 0xe5,
    0x73, 0xe5, 0x74, 0xe5, 0x73, 0xe5, 0x0e, 0xbc, 0xcd, 0xab, 0xcd, 0xb3,
    0x32, 0xdd, 0xd5, 0xf5, 0xd5, 0xf5, 0x37, 0xfe, 0x16, 0xfe, 0xf6, 0xfd,
    0xd6, 0xfd, 0xf7, 0xfd, 0x38, 0xfe, 0x38, 0xfe, 0x76, 0xf5, 0xf3, 0xec,
    0xf0, 0xdb, 0x8e, 0xcb, 0x4d, 0xcb, 0x2c, 0xc3, 0x0c, 0xbb, 0xeb, 0xb2,
    0x2c, 0xbb, 0x8e, 0xc3, 0x30, 0xd4, 0x71, 0xdc, 0x71, 0xdc, 0x71, 0xdc,
    0x90, 0xdc, 0xb1, 0xdc, 0xb1, 0xdc, 0xf1, 0xdc, 0xb0, 0xd4, 0xcd, 0xb3,
    0x0a, 0x8b, 0x68, 0x72, 0xc9, 0x8a, 0x8c, 0xa3, 0xcd, 0xa3, 0xac, 0xa3,
    0x4b, 0x9b, 0x2b, 0x9b, 0xcd, 0xab, 0x0e, 0xbc, 0x6b, 0x9b, 0x44, 0x39,
    0x81, 0x18, 0x81, 0x18, 0x61, 0x10, 0x81, 0x18, 0x61, 0x10, 0x81, 0x10,
    0x61, 0x18, 0x81, 0x18, 0x61, 0x10, 0x61, 0x10, 0x61, 0x18, 0x81, 0x10,
    0x61, 0x18, 0x61, 0x10, 0x61, 0x18, 0x61, 0x10, 0x81, 0x10, 0x61, 0x10,
    0x61, 0x10, 0x61, 0x18, 0x81, 0x10, 0x61, 0x10, 0x61, 0x10, 0x81, 0x10,
    0x61, 0x18, 0x61, 0x10, 0x81, 0x10, 0x61, 0x10, 0x81, 0x10, 0x61, 0x10,
    0x62, 0x10, 0x61, 0x10, 0x61, 0x10, 0x81, 0x18, 0x61, 0x10, 0x81, 0x10,
    0x61, 0x10, 0x61, 0x18, 0x81, 0x10, 0x61, 0x10, 0x81, 0x10, 0x81, 0x10,
    0x81, 0x10, 0x61, 0x10, 0x81, 0x10, 0x61, 0x10, 0x61, 0x10, 0x61, 0x10,
    0x61, 0x10, 0x81, 0x10, 0x61, 0x10, 0x81, 0x10, 0x81, 0x10, 0x61, 0x10,
    0x61, 0x10, 0x61, 0x08, 0x61, 0x10, 0x61, 0x10, 0x81, 0x10, 0x61, 0x10,
    0x61, 0x10, 0x81, 0x10, 0x61, 0x10, 0x61, 0x10, 0x81, 0x10, 0x61, 0x10,
    0x61, 0x10, 0x61, 0x10, 0x81, 0x10, 0x61, 0x10, 0x81, 0x10, 0x81, 0x10,
    0x61, 0x10, 0x81, 0x10, 0x81, 0x10, 0x61, 0x10, 0x81, 0x10, 0x81, 0x10,
    0x61, 0x10, 0x61, 0x10, 0x81, 0x10, 0x82, 0x10, 0x61, 0x10, 0x82, 0x10,
    0x81, 0x18, 0x61, 0x10, 0x82, 0x18, 0x81, 0x10, 0x81, 0x10, 0x82, 0x10,
    0x81, 0x10, 0x82, 0x10, 0x62, 0x10, 0x81, 0x10, 0x81, 0x10, 0x81, 0x10,
    0xa2, 0x18, 0xa2, 0x18, 0xa2, 0x18, 0xa2, 0x18, 0xa2, 0x10, 0xa2, 0x18,
    0xa2, 0x18, 0x82, 0x10, 0xa2, 0x18, 0xa2, 0x10, 0xa2, 0x10, 0x82, 0x18,
    0xa2, 0x18, 0xa2, 0x18, 0xa2, 0x10, 0x82, 0x18, 0x82, 0x18, 0xa2, 0x10,
    0xa2, 0x18, 0x82, 0x10, 0xa1, 0x18, 0x82, 0x10, 0xa2, 0x10, 0xa2, 0x18,
    0x82, 0x10, 0xa2, 0x18, 0x82, 0x18, 0x82, 0x18, 0x82, 0x10, 0xa2, 0x18,
    0x82, 0x18, 0xa2, 0x10, 0x81, 0x10, 0xa1, 0x18, 0xa2, 0x18, 0xa1, 0x10,
    0x82, 0x18, 0x82, 0x18, 0x81, 0x10, 0x82, 0x10, 0x81, 0x10, 0x81, 0x18,
    0xa2, 0x10, 0x82, 0x10, 0x81, 0x18, 0xa1, 0x10, 0x82, 0x10, 0x82, 0x18,
    0xa1, 0x10, 0x81, 0x18, 0x81, 0x10, 0x81, 0x10, 0x82, 0x18, 0x81, 0x10,
    0x82, 0x10, 0x81, 0x18, 0x82, 0x10, 0x81, 0x10, 0x81, 0x18, 0x82, 0x18,
    0x82, 0x10, 0x81, 0x18, 0x81, 0x18, 0x82, 0x10, 0x81, 0x18, 0x81, 0x10,
    0x82, 0x18, 0x81, 0x18, 0x81, 0x18, 0x82, 0x18, 0x82, 0x18, 0x81, 0x18,
    0x82, 0x18, 0x81, 0x18, 0x81, 0x10, 0x82, 0x18, 0xa2, 0x18, 0x81, 0x18,
    0xa2, 0x18, 0xa2, 0x20, 0xa2, 0x18, 0xa2, 0x20, 0xc2, 0x20, 0xa2, 0x20,
    0xa2, 0x20, 0x23, 0x31, 0x8c, 0x9b, 0x53, 0xe5, 0xd5, 0xf5, 0xf6, 0xfd,
    0x16, 0xfe, 0xd5, 0xf5, 0xb4, 0xf5, 0x53, 0xe5, 0x32, 0xdd, 0x53, 0xe5,
    0x33, 0xe5, 0x73, 0xe5, 0x32, 0xdd, 0xb0, 0xd4, 0x6f, 0xcc, 0x70, 0xcc,
    0xb1, 0xd4, 0xb4, 0xed, 0x16, 0xfe, 0x17, 0xfe, 0xf6, 0xfd, 0xd5, 0xf5,
    0x94, 0xf5, 0x12, 0xe5, 0x12, 0xe5, 0xf2, 0xe4, 0x91, 0xd4, 0x50, 0xdc,
    0x0f, 0xd4, 0xcf, 0xcb, 0xae, 0xcb, 0x8d, 0xc3, 0x6d, 0xbb, 0x2c, 0xb3,
    0x4c, 0xbb, 0x6d, 0xb3, 0x6d, 0xb3, 0x6d, 0xab, 0x2b, 0x9b, 0xac, 0xb3,
    0x0e, 0xc4, 0x70, 0xd4, 0xb1, 0xd4, 0xb1, 0xd4, 0x4f, 0xc4, 0xcd, 0xab,
    0x6b, 0x9b, 0xe9, 0x8a, 0x2a, 0x93, 0xad, 0xa3, 0xed, 0xab, 0x4b, 0x9b,
    0x8c, 0x9b, 0x2b, 0x93, 0x4b, 0xa3, 0xed, 0xbb, 0xa9, 0x7a, 0xc2, 0x28,
    0x61, 0x18, 0x61, 0x18, 0x61, 0x10, 0x81, 0x18, 0x61, 0x18, 0x82, 0x10,
    0x61, 0x10, 0x61, 0x18, 0x81, 0x10, 0x62, 0x18, 0x81, 0x10, 0x61, 0x10,
    0x81, 0x10, 0x61, 0x10, 0x82, 0x10, 0x61, 0x18, 0x81, 0x10, 0x81, 0x18,
    0x61, 0x10, 0x61, 0x10, 0x61, 0x18, 0x81, 0x10, 0x61, 0x10, 0x61, 0x10,
    0x81, 0x10, 0x61, 0x10, 0x81, 0x18, 0x61, 0x10, 0x61, 0x10, 0x81, 0x18,
    0x61, 0x10, 0x61, 0x10, 0x81, 0x10, 0x81, 0x10, 0x81, 0x10, 0x61, 0x10,
    0x61, 0x10, 0x81, 0x10, 0x61, 0x18, 0x61, 0x10, 0x61, 0x10, 0x61, 0x10,
    0x81, 0x10, 0x81, 0x18, 0x61, 0x10, 0x61, 0x10, 0x81, 0x10, 0x61, 0x10,
    0x61, 0x10, 0x61, 0x10, 0x81, 0x10, 0x61, 0x10, 0x61, 0x10, 0x61, 0x10,
    0x81, 0x10, 0x61, 0x10, 0x61, 0x10, 0x81, 0x10, 0x81, 0x10, 0x61, 0x10,
    0x81, 0x10, 0x61, 0x10, 0x61, 0x08, 0x61, 0x10, 0x81, 0x10, 0x61, 0x10,
    0x61, 0x10, 0x61, 0x10, 0x81, 0x10, 0x61, 0x10, 0x81, 0x10, 0x61, 0x10,
    0x61, 0x10, 0x81, 0x10, 0x81, 0x10, 0x61, 0x10, 0x61, 0x10, 0x81, 0x10,
    0x61, 0x10, 0x82, 0x10, 0x81, 0x10, 0x81, 0x10, 0x61, 0x10, 0x81, 0x10,
    0x81, 0x10, 0x61, 0x10, 0x81, 0x10, 0x81, 0x10, 0x82, 0x10, 0x62, 0x10,
    0x81, 0x10, 0x81, 0x18, 0x81, 0x10, 0x81, 0x10, 0x62, 0x18, 0x81, 0x10,
    0xa2, 0x18, 0xa2, 0x10, 0xa2, 0x18, 0xa3, 0x18, 0xa2, 0x10, 0x82, 0x18,
    0xa2, 0x18, 0xa3, 0x10, 0xa2, 0x18, 0xa2, 0x10, 0x82, 0x18, 0x82, 0x10,
    0xa2, 0x10, 0xa2, 0x18, 0xa2, 0x18, 0xa2, 0x10, 0xa2, 0x18, 0xa2, 0x18,
    0xa2, 0x18, 0x81, 0x18, 0x82, 0x18, 0x81, 0x10, 0x82, 0x10, 0x82, 0x18,
    0xa1, 0x18, 0xa2, 0x10, 0x81, 0x10, 0x82, 0x18, 0x81, 0x18, 0xa2, 0x10,
    0xa2, 0x18, 0x82, 0x10, 0x82, 0x18, 0x82, 0x10, 0x82, 0x10, 0x82, 0x18,
    0x81, 0x10, 0x81, 0x10, 0xa1, 0x10, 0xa2, 0x18, 0xa2, 0x18, 0x82, 0x10,
    0x82, 0x10, 0x82, 0x18, 0x81, 0x10, 0x82, 0x10, 0x82, 0x18, 0x81, 0x10,
    0x82, 0x10, 0x82, 0x18, 0x82, 0x18, 0x82, 0x10, 0x81, 0x10, 0x81, 0x10,
    0x81, 0x10, 0x82, 0x18, 0x81, 0x10, 0x82, 0x10, 0x81, 0x10, 0x81, 0x18,
    0x82, 0x10, 0x81, 0x18, 0x82, 0x18, 0x81, 0x10, 0x82, 0x10, 0x82, 0x18,
    0x81, 0x18, 0x82, 0x18, 0x82, 0x18, 0x81, 0x18, 0x82, 0x18, 0xa2, 0x18,
    0x81, 0x18, 0x82, 0x18, 0x81, 0x18, 0xa1, 0x18, 0xa2, 0x18, 0x81, 0x18,
    0xa2, 0x18, 0xa2, 0x20, 0xa2, 0x18, 0xa2, 0x20, 0xa2, 0x20, 0xa2, 0x20,
    0xa2, 0x20, 0xc2, 0x20, 0x2b, 0x8b, 0x13, 0xdd, 0xd5, 0xf5, 0xd5, 0xf5,
    0x16, 0xfe, 0xd6, 0xf5, 0xf6, 0xf5, 0x53, 0xed, 0x32, 0xdd, 0x12, 0xdd,
    0x32, 0xdd, 0x53, 0xdd, 0x73, 0xe5, 0x53, 0xe5, 0xd1, 0xd4, 0x90, 0xd4,
    0x12, 0xdd, 0xb5, 0xed, 0xf6, 0xfd, 0xf6, 0xfd, 0x17, 0xfe, 0x37, 0xfe,
    0xb5, 0xf5, 0x53, 0xed, 0x6f, 0xd4, 0xcd, 0xbb, 0x2b, 0x9b, 0xa9, 0x8a,
    0x47, 0x7a, 0x27, 0x72, 0xc9, 0x8a, 0xa9, 0x82, 0x68, 0x7a, 0xe6, 0x61,
    0x27, 0x72, 0x27, 0x72, 0xe6, 0x61, 0xc6, 0x61, 0x47, 0x7a, 0x2b, 0xa3,
    0x0e, 0xc4, 0xb0, 0xdc, 0xd1, 0xdc, 0xd1, 0xd4, 0x2f, 0xc4, 0xed, 0xb3,
    0x6b, 0x9b, 0x8c, 0x9b, 0x4b, 0x93, 0x4b, 0x93, 0x8c, 0x9b, 0x6b, 0x9b,
    0x6c, 0x9b, 0x0a, 0x8b, 0x4b, 0xa3, 0xcc, 0xb3, 0x68, 0x6a, 0x81, 0x20,
    0x81, 0x18, 0x81, 0x10, 0x81, 0x18, 0x81, 0x10, 0x82, 0x18, 0x61, 0x18,
    0x82, 0x10, 0x81, 0x10, 0x81, 0x18, 0x81, 0x18, 0x81, 0x10, 0x61, 0x18,
    0x61, 0x10, 0x61, 0x10, 0x61, 0x10, 0x61, 0x10, 0x61, 0x10, 0x61, 0x10,
    0x61, 0x10, 0x61, 0x10, 0x61, 0x10, 0x61, 0x10, 0x61, 0x10, 0x61, 0x10,
    0x61, 0x10, 0x61, 0x10, 0x61, 0x10, 0x61, 0x10, 0x61, 0x18, 0x81, 0x10,
    0x61, 0x10, 0x61, 0x10, 0x61, 0x10, 0x61, 0x10, 0x61, 0x10, 0x61, 0x18,
    0x61, 0x10, 0x61, 0x10, 0x61, 0x18, 0x61, 0x10, 0x81, 0x10, 0x61, 0x10,
    0x61, 0x10, 0x61, 0x10, 0x61, 0x10, 0x61, 0x10, 0x61, 0x18, 0x61, 0x10,
    0x61, 0x10, 0x61, 0x10, 0x81, 0x10, 0x81, 0x10, 0x61, 0x10, 0x61, 0x10,
    0x81, 0x10, 0x61, 0x10, 0x61, 0x10, 0x81, 0x10, 0x61, 0x10, 0x61, 0x10,
    0x61, 0x10, 0x81, 0x10, 0x81, 0x10, 0x61, 0x10, 0x61, 0x10, 0x81, 0x10,
    0x81, 0x10, 0x81, 0x10, 0x61, 0x10, 0x81, 0x10, 0x62, 0x10, 0x81, 0x10,
    0x61, 0x10, 0x61, 0x08, 0x81, 0x10, 0x61, 0x10, 0x81, 0x10, 0x81, 0x10,
    0x61, 0x10, 0x61, 0x10, 0x61, 0x10, 0x61, 0x10, 0x81, 0x18, 0x81, 0x10,
    0x61, 0x10, 0x82, 0x10, 0x81, 0x10, 0x81, 0x10, 0x62, 0x18, 0x81, 0x10,
    0x81, 0x10, 0x82, 0x18, 0x81, 0x10, 0x82, 0x10, 0x81, 0x10, 0x82, 0x10,
    0xa2, 0x18, 0xa2, 0x18, 0xa2, 0x18, 0xa2, 0x18, 0xa2, 0x10, 0xa2, 0x18,
    0xa2, 0x10, 0xa2, 0x18, 0x82, 0x10, 0xa2, 0x18, 0xa2, 0x18, 0xa2, 0x18,
    0xa2, 0x10, 0xa2, 0x18, 0xa2, 0x18, 0x81, 0x10, 0x82, 0x18, 0x82, 0x10,
    0xa2, 0x18, 0xa2, 0x18, 0x82, 0x10, 0xa2, 0x18, 0x82, 0x18, 0x82, 0x18,
    0x82, 0x18, 0xa2, 0x18, 0xa2, 0x10, 0xa2, 0x18, 0x82, 0x18, 0x82, 0x10,
    0x81, 0x10, 0x82, 0x10, 0x82, 0x18, 0x82, 0x10, 0xa2, 0x18, 0x82, 0x18,
    0x82, 0x10, 0x81, 0x10, 0x82, 0x18, 0xa2, 0x18, 0x82, 0x10, 0x82, 0x18,
    0xa2, 0x18, 0x82, 0x18, 0xa2, 0x10, 0x81, 0x18, 0x82, 0x18, 0x82, 0x18,
    0x81, 0x18, 0x82, 0x10, 0x81, 0x18, 0x82, 0x18, 0x81, 0x10, 0x82, 0x18,
    0x82, 0x10, 0x82, 0x18, 0x81, 0x10, 0x82, 0x18, 0x81, 0x18, 0x81, 0x10,
    0x62, 0x18, 0x82, 0x18, 0x81, 0x10, 0x82, 0x18, 0x81, 0x18, 0x81, 0x18,
    0x82, 0x18, 0x81, 0x10, 0x82, 0x18, 0x82, 0x18, 0x82, 0x18, 0x82, 0x18,
    0xa2, 0x18, 0xa2, 0x18, 0x82, 0x18, 0xa2, 0x18, 0x81, 0x18, 0x82, 0x18,
    0xa2, 0x18, 0xa1, 0x18, 0xa2, 0x20, 0xa2, 0x18, 0xa2, 0x20, 0xa2, 0x20,
    0xa2, 0x20, 0xa2, 0x18, 0xea, 0x7a, 0x70, 0xc4, 0x74, 0xed, 0xb5, 0xf5,
    0xf5, 0xf5, 0xf6, 0xfd, 0xd5, 0xf5, 0x94, 0xed, 0x33, 0xe5, 0xb5, 0xed,
    0x73, 0xe5, 0x94, 0xe5, 0x94, 0xe5, 0x32, 0xdd, 0xb4, 0xe5, 0x53, 0xe5,
    0x12, 0xdd, 0x73, 0xe5, 0xf6, 0xf5, 0xf6, 0xf5, 0xf6, 0xfd, 0x16, 0xfe,
    0xf6, 0xfd, 0xb5, 0xf5, 0x13, 0xed, 0x0e, 0xc4, 0x2a, 0x9b, 0x47, 0x7a,
    0x07, 0x6a, 0xc6, 0x61, 0x64, 0x51, 0xc6, 0x59, 0x44, 0x49, 0x65, 0x49,
    0x07, 0x62, 0x47, 0x72, 0x88, 0x82, 0x0a, 0xa3, 0x8c, 0xb3, 0xed, 0xc3,
    0x2f, 0xcc, 0x70, 0xd4, 0xd1, 0xd4, 0x6f, 0xcc, 0x2f, 0xbc, 0xac, 0xab,
    0x0e, 0xb4, 0x8c, 0x9b, 0xac, 0xa3, 0x6b, 0x9b, 0x8c, 0xa3, 0x8c, 0xa3,
    0x6c, 0x9b, 0x4b, 0x9b, 0x6b, 0x9b, 0x0a, 0x93, 0x44, 0x41, 0x81, 0x18,
    0x61, 0x18, 0x81, 0x10, 0x81, 0x18, 0x82, 0x10, 0x62, 0x18, 0x81, 0x10,
    0x61, 0x18, 0x61, 0x10, 0x81, 0x18, 0x81, 0x10, 0x81, 0x18, 0x82, 0x18,
    0x62, 0x10, 0x61, 0x10, 0x81, 0x10, 0x61, 0x10, 0x82, 0x10, 0x81, 0x10,
    0x81, 0x18, 0x61, 0x10, 0x81, 0x10, 0x61, 0x10, 0x61, 0x18, 0x81, 0x10,
    0x61, 0x10, 0x61, 0x18, 0x61, 0x10, 0x61, 0x10, 0x61, 0x10, 0x81, 0x10,
    0x61, 0x10, 0x61, 0x10, 0x81, 0x18, 0x61, 0x10, 0x61, 0x10, 0x61, 0x10,
    0x61, 0x10, 0x61, 0x10, 0x61, 0x10, 0x81, 0x18, 0x61, 0x10, 0x81, 0x10,
    0x81, 0x10, 0x61, 0x10, 0x81, 0x10, 0x61, 0x10, 0x61, 0x10, 0x61, 0x10,
    0x61, 0x10, 0x61, 0x10, 0x61, 0x10, 0x61, 0x10, 0x81, 0x10, 0x61, 0x10,
    0x81, 0x10, 0x81, 0x10, 0x61, 0x10, 0x61, 0x10, 0x61, 0x10, 0x61, 0x10,
    0x61, 0x10, 0x81, 0x10, 0x61, 0x10, 0x81, 0x10, 0x61, 0x10, 0x81, 0x10,
    0x62, 0x10, 0x81, 0x10, 0x61, 0x10, 0x61, 0x08, 0x81, 0x10, 0x81, 0x10,
    0x61, 0x10, 0x81, 0x10, 0x81, 0x10, 0x61, 0x10, 0x81, 0x10, 0x81, 0x10,
    0x61, 0x10, 0x81, 0x10, 0x82, 0x10, 0x61, 0x10, 0x81, 0x10, 0x82, 0x18,
    0x81, 0x10, 0x82, 0x10, 0x81, 0x18, 0x61, 0x10, 0x82, 0x18, 0x81, 0x10,
    0x81, 0x10, 0x62, 0x10, 0x82, 0x18, 0x81, 0x10, 0x81, 0x10, 0x81, 0x10,
    0xa2, 0x18, 0xa3, 0x18, 0xa2, 0x10, 0xa2, 0x10, 0xa2, 0x18, 0xa2, 0x18,
    0xa2, 0x18, 0x82, 0x10, 0xa2, 0x10, 0xa2, 0x18, 0x82, 0x10, 0xa2, 0x18,
    0xa2, 0x10, 0x82, 0x10, 0xa2, 0x18, 0x82, 0x10, 0xa2, 0x10, 0x81, 0x10,
    0xa2, 0x10, 0xa2, 0x18, 0x81, 0x10, 0xa2, 0x10, 0x82, 0x10, 0xa2, 0x10,
    0x81, 0x10, 0x81, 0x10, 0x82, 0x10, 0xa2, 0x10, 0xa2, 0x18, 0x82, 0x18,
    0xa2, 0x18, 0xa1, 0x18, 0x81, 0x10, 0x81, 0x10, 0xa1, 0x10, 0x82, 0x18,
    0xa2, 0x10, 0x81, 0x18, 0xa2, 0x18, 0x81, 0x10, 0x81, 0x10, 0xa2, 0x10,
    0x81, 0x18, 0x82, 0x10, 0x82, 0x10, 0xa1, 0x10, 0xa2, 0x18, 0x82, 0x10,
    0x81, 0x18, 0x81, 0x10, 0x82, 0x18, 0x81, 0x10, 0x82, 0x10, 0x81, 0x10,
    0x81, 0x10, 0x82, 0x18, 0x81, 0x18, 0x82, 0x10, 0x82, 0x10, 0x81, 0x18,
    0x82, 0x18, 0x81, 0x10, 0x82, 0x18, 0x81, 0x18, 0x82, 0x10, 0x81, 0x10,
    0x81, 0x18, 0x82, 0x10, 0x81, 0x10, 0x81, 0x10, 0x82, 0x18, 0x82, 0x18,
    0x81, 0x18, 0xa1, 0x18, 0xa2, 0x18, 0x82, 0x18, 0xa2, 0x18, 0xa2, 0x18,
    0x81, 0x18, 0xa2, 0x18, 0xa2, 0x18, 0xa2, 0x18, 0xa2, 0x18, 0xa2, 0x20,
    0xa2, 0x20, 0xa2, 0x20, 0x27, 0x5a, 0x2f, 0xbc, 0x33, 0xe5, 0x53, 0xe5,
    0x94, 0xed, 0xb5, 0xf5, 0xf5, 0xf5, 0xd5, 0xed, 0xb5, 0xed, 0xb4, 0xed,
    0xb5, 0xed, 0xd5, 0xed, 0xb4, 0xed, 0x94, 0xe5, 0x53, 0xdd, 0x70, 0xc4,
    0x12, 0xd5, 0x94, 0xed, 0xb5, 0xed, 0xd5, 0xf5, 0xb5, 0xf5, 0xb5, 0xf5,
    0xd6, 0xfd, 0xd5, 0xfd, 0xb4, 0xf5, 0x53, 0xf5, 0x12, 0xed, 0x4f, 0xd4,
    0x6c, 0xab, 0xea, 0x9a, 0x47, 0x7a, 0x48, 0x7a, 0x68, 0x82, 0xa9, 0x92,
    0x0b, 0xa3, 0xac, 0xb3, 0xcd, 0xbb, 0xed, 0xc3, 0x2e, 0xcc, 0x4f, 0xcc,
    0x2f, 0xcc, 0x2e, 0xc4, 0x4f, 0xc4, 0xee, 0xab, 0xcd, 0xa3, 0x2e, 0xb4,
    0xad, 0xa3, 0x8c, 0xa3, 0xed, 0xab, 0xed, 0xab, 0x6c, 0x9b, 0x2b, 0x93,
    0x2a, 0x93, 0x6c, 0xa3, 0xad, 0xab, 0x88, 0x7a, 0xe3, 0x28, 0x61, 0x18,
    0x81, 0x18, 0x61, 0x10, 0x81, 0x10, 0x81, 0x10, 0x61, 0x10, 0x81, 0x10,
    0x61, 0x18, 0x61, 0x18, 0x62, 0x10, 0x61, 0x10, 0x61, 0x10, 0x81, 0x10,
    0x81, 0x18, 0x81, 0x10, 0x81, 0x18, 0x62, 0x18, 0x81, 0x10, 0x61, 0x18,
    0x61, 0x18, 0x61, 0x10, 0x61, 0x10, 0x81, 0x18, 0x61, 0x10, 0x61, 0x10,
    0x81, 0x10, 0x61, 0x18, 0x81, 0x10, 0x61, 0x10, 0x61, 0x18, 0x61, 0x18,
    0x81, 0x10, 0x61, 0x10, 0x61, 0x18, 0x61, 0x18, 0x61, 0x10, 0x81, 0x10,
    0x61, 0x18, 0x61, 0x10, 0x61, 0x10, 0x61, 0x10, 0x61, 0x10, 0x81, 0x10,
    0x61, 0x10, 0x81, 0x10, 0x81, 0x10, 0x81, 0x10, 0x61, 0x10, 0x61, 0x10,
    0x81, 0x10, 0x61, 0x10, 0x81, 0x10, 0x81, 0x10, 0x61, 0x10, 0x61, 0x08,
    0x61, 0x10, 0x61, 0x10, 0x61, 0x10, 0x61, 0x10, 0x81, 0x10, 0x61, 0x10,
    0x81, 0x10, 0x62, 0x10, 0x61, 0x08, 0x61, 0x10, 0x81, 0x10, 0x61, 0x08,
    0x81, 0x10, 0x61, 0x10, 0x81, 0x10, 0x61, 0x10, 0x81, 0x10, 0x61, 0x10,
    0x61, 0x10, 0x81, 0x10, 0x61, 0x10, 0x61, 0x10, 0x81, 0x10, 0x61, 0x10,
    0x81, 0x10, 0x81, 0x10, 0x61, 0x10, 0x82, 0x10, 0x61, 0x10, 0x81, 0x10,
    0x81, 0x10, 0x61, 0x10, 0x81, 0x10, 0x81, 0x10, 0x82, 0x10, 0x82, 0x10,
    0x81, 0x10, 0x62, 0x18, 0x81, 0x10, 0x82, 0x10, 0x61, 0x10, 0x81, 0x10,
    0xa2, 0x18, 0xa2, 0x18, 0xa2, 0x18, 0xa2, 0x18, 0xa3, 0x10, 0xa2, 0x18,
    0x82, 0x10, 0xa2, 0x10, 0xa2, 0x18, 0xa2, 0x18, 0xa2, 0x18, 0x82, 0x10,
    0xa2, 0x18, 0xa2, 0x18, 0xa2, 0x18, 0xa2, 0x18, 0x82, 0x10, 0xa2, 0x18,
    0x82, 0x18, 0x81, 0x10, 0x82, 0x18, 0x82, 0x18, 0xa2, 0x18, 0xa1, 0x10,
    0x82, 0x18, 0x82, 0x18, 0x82, 0x10, 0xa2, 0x18, 0x82, 0x18, 0x82, 0x10,
    0x81, 0x10, 0x82, 0x18, 0xa2, 0x18, 0x82, 0x10, 0xa2, 0x18, 0x82, 0x10,
    0x82, 0x18, 0x82, 0x18, 0xa2, 0x10, 0xa2, 0x10, 0x82, 0x18, 0x82, 0x18,
    0x82, 0x10, 0xa2, 0x18, 0x82, 0x18, 0x81, 0x10, 0x82, 0x18, 0x82, 0x18,
    0xa2, 0x10, 0x82, 0x18, 0x82, 0x10, 0x82, 0x10, 0x82, 0x18, 0x82, 0x18,
    0x81, 0x10, 0x81, 0x18, 0x82, 0x10, 0x81, 0x10, 0x81, 0x18, 0x82, 0x18,
    0x82, 0x18, 0x81, 0x10, 0x81, 0x10, 0x82, 0x10, 0x82, 0x10, 0x81, 0x18,
    0x82, 0x18, 0x82, 0x18, 0x81, 0x18, 0x82, 0x18, 0x81, 0x18, 0xa2, 0x18,
    0x82, 0x18, 0x81, 0x18, 0xa2, 0x18, 0xa2, 0x18, 0x81, 0x18, 0xa2, 0x18,
    0x82, 0x20, 0xa2, 0x18, 0xa2, 0x20, 0xa2, 0x20, 0xa2, 0x18, 0xa2, 0x20,
    0xa2, 0x20, 0xa2, 0x20, 0x64, 0x41, 0xf1, 0xd4, 0x90, 0xc4, 0x33, 0xe5,
    0xb4, 0xed, 0xd5, 0xf5, 0xf6, 0xf5, 0xd5, 0xf5, 0xd5, 0xf5, 0xf6, 0xf5,
    0x16, 0xf6, 0xb5, 0xed, 0x74, 0xe5, 0x54, 0xdd, 0xf2, 0xcc, 0xb1, 0xcc,
    0xf2, 0xcc, 0x70, 0xc4, 0xd2, 0xd4, 0xf2, 0xdc, 0x73, 0xed, 0xd6, 0xf5,
    0xb5, 0xf5, 0x94, 0xf5, 0x73, 0xf5, 0x32, 0xed, 0x12, 0xed, 0xb0, 0xe4,
    0x2e, 0xd4, 0x6b, 0xab, 0xa9, 0x92, 0x68, 0x82, 0x89, 0x8a, 0xea, 0xa2,
    0x6b, 0xab, 0xac, 0xbb, 0xed, 0xc3, 0xed, 0xc3, 0x2f, 0xcc, 0x4f, 0xcc,
    0xcd, 0xb3, 0xad, 0xab, 0xee, 0xb3, 0xee, 0xab, 0xac, 0x9b, 0x4b, 0x93,
    0xad, 0xa3, 0xad, 0xa3, 0xad, 0xa3, 0x0e, 0xb4, 0xee, 0xb3, 0x4b, 0x9b,
    0x6b, 0x9b, 0xed, 0xb3, 0xcd, 0xa3, 0xc6, 0x59, 0x82, 0x18, 0x81, 0x18,
    0x61, 0x10, 0x81, 0x18, 0x81, 0x18, 0x62, 0x10, 0x81, 0x18, 0x82, 0x18,
    0x82, 0x10, 0x81, 0x10, 0x81, 0x18, 0x81, 0x10, 0x81, 0x10, 0x81, 0x18,
    0x61, 0x10, 0x62, 0x10, 0x81, 0x10, 0x61, 0x10, 0x61, 0x18, 0x61, 0x10,
    0x61, 0x10, 0x81, 0x18, 0x61, 0x10, 0x81, 0x18, 0x61, 0x10, 0x61, 0x10,
    0x61, 0x18, 0x61, 0x10, 0x61, 0x18, 0x61, 0x10, 0x81, 0x10, 0x62, 0x10,
    0x61, 0x10, 0x61, 0x10, 0x61, 0x10, 0x81, 0x18, 0x61, 0x10, 0x61, 0x10,
    0x81, 0x18, 0x61, 0x10, 0x61, 0x10, 0x81, 0x18, 0x81, 0x10, 0x61, 0x10,
    0x61, 0x10, 0x61, 0x10, 0x61, 0x10, 0x61, 0x10, 0x61, 0x10, 0x61, 0x18,
    0x61, 0x10, 0x61, 0x10, 0x81, 0x10, 0x61, 0x10, 0x81, 0x10, 0x61, 0x10,
    0x61, 0x10, 0x61, 0x10, 0x61, 0x10, 0x81, 0x10, 0x61, 0x10, 0x61, 0x10,
    0x61, 0x10, 0x81, 0x10, 0x81, 0x10, 0x61, 0x10, 0x82, 0x10, 0x61, 0x10,
    0x61, 0x10, 0x81, 0x10, 0x62, 0x10, 0x81, 0x10, 0x62, 0x10, 0x61, 0x10,
    0x81, 0x10, 0x81, 0x10, 0x61, 0x10, 0x81, 0x10, 0x62, 0x10, 0x61, 0x10,
    0x81, 0x10, 0x81, 0x10, 0x61, 0x10, 0x82, 0x18, 0x61, 0x10, 0x81, 0x10,
    0x81, 0x10, 0x81, 0x10, 0x82, 0x10, 0x81, 0x18, 0x81, 0x10, 0x81, 0x10,
    0x82, 0x10, 0x81, 0x10, 0x81, 0x10, 0x82, 0x10, 0x82, 0x10, 0x81, 0x10,
    0xa2, 0x18, 0xa2, 0x10, 0xa3, 0x18, 0xa2, 0x18, 0xa2, 0x18, 0xa2, 0x18,
    0xa2, 0x18, 0x82, 0x10, 0xa2, 0x18, 0xa2, 0x18, 0xa2, 0x10, 0xa2, 0x18,
    0x82, 0x10, 0xa2, 0x18, 0xa2, 0x10, 0xa2, 0x18, 0x82, 0x18, 0xa2, 0x10,
    0x82, 0x18, 0x81, 0x18, 0xa2, 0x10, 0x82, 0x10, 0x81, 0x10, 0xa2, 0x18,
    0x82, 0x18, 0x81, 0x10, 0xa2, 0x10, 0xa2, 0x18, 0x82, 0x10, 0xa2, 0x10,
    0x82, 0x10, 0xa2, 0x10, 0x82, 0x10, 0x82, 0x18, 0x82, 0x10, 0xa1, 0x18,
    0xa2, 0x18, 0x82, 0x18, 0x81, 0x10, 0x81, 0x10, 0x82, 0x18, 0xa2, 0x10,
    0xa1, 0x18, 0xa2, 0x18, 0x82, 0x10, 0x82, 0x18, 0x81, 0x10, 0x81, 0x10,
    0x81, 0x10, 0x81, 0x18, 0x81, 0x10, 0xa1, 0x10, 0x81, 0x18, 0x82, 0x10,
    0x82, 0x18, 0x81, 0x10, 0xa2, 0x10, 0x81, 0x10, 0x81, 0x10, 0x82, 0x10,
    0x81, 0x18, 0x82, 0x18, 0x81, 0x10, 0x82, 0x18, 0x81, 0x10, 0x81, 0x10,
    0x82, 0x18, 0x81, 0x18, 0x82, 0x18, 0x81, 0x10, 0x82, 0x18, 0x82, 0x18,
    0x82, 0x18, 0x82, 0x10, 0x81, 0x18, 0x82, 0x18, 0x81, 0x18, 0xa1, 0x18,
    0xa2, 0x18, 0xa2, 0x20, 0xa1, 0x18, 0xa2, 0x18, 0xa2, 0x20, 0xa2, 0x18,
    0xa2, 0x20, 0xa2, 0x20, 0xe3, 0x28, 0x12, 0xd5, 0x70, 0xcc, 0xd1, 0xd4,
    0x33, 0xdd, 0xd5, 0xf5, 0xf6, 0xfd, 0xd5, 0xf5, 0xb4, 0xed, 0xd5, 0xed,
    0xf6, 0xf5, 0x94, 0xe5, 0x32, 0xd5, 0x12, 0xd5, 0xf2, 0xcc, 0xf2, 0xcc,
    0x13, 0xcd, 0x90, 0xc4, 0xf1, 0xd4, 0x53, 0xdd, 0x74, 0xed, 0xb5, 0xf5,
    0x74, 0xf5, 0x11, 0xe5, 0xb0, 0xe4, 0xf1, 0xe4, 0xb0, 0xe4, 0x90, 0xdc,
    0x4f, 0xd4, 0x6c, 0xb3, 0x89, 0x8a, 0x48, 0x82, 0x68, 0x82, 0xc9, 0x9a,
    0x0a, 0xa3, 0x6b, 0xab, 0x6b, 0xab, 0x8c, 0xb3, 0xed, 0xbb, 0x6f, 0xcc,
    0xee, 0xb3, 0xee, 0xb3, 0xad, 0xa3, 0x4b, 0x93, 0x8c, 0x9b, 0x0b, 0x8b,
    0x8c, 0x9b, 0xcd, 0xa3, 0x0e, 0xb4, 0xed, 0xab, 0x0e, 0xb4, 0xcd, 0xab,
    0x0e, 0xbc, 0xed, 0xb3, 0x68, 0x72, 0x88, 0x7a, 0x81, 0x18, 0x61, 0x18,
    0x81, 0x10, 0x61, 0x10, 0x81, 0x10, 0x81, 0x10, 0x81, 0x18, 0x61, 0x18,
    0x82, 0x10, 0x61, 0x18, 0x61, 0x18, 0x82, 0x10, 0x82, 0x18, 0x61, 0x10,
    0x82, 0x18, 0x81, 0x10, 0x61, 0x10, 0x81, 0x18, 0x81, 0x10, 0x61, 0x10,
    0x61, 0x10, 0x61, 0x10, 0x61, 0x10, 0x61, 0x10, 0x61, 0x10, 0x61, 0x10,
    0x61, 0x10, 0x61, 0x10, 0x81, 0x10, 0x81, 0x10, 0x61, 0x10, 0x61, 0x18,
    0x81, 0x10, 0x61, 0x10, 0x61, 0x10, 0x61, 0x10, 0x61, 0x10, 0x61, 0x10,
    0x61, 0x10, 0x61, 0x10, 0x61, 0x18, 0x60, 0x10, 0x61, 0x10, 0x81, 0x18,
    0x81, 0x10, 0x61, 0x10, 0x81, 0x10, 0x61, 0x10, 0x61, 0x10, 0x81, 0x10,
    0x61, 0x10, 0x61, 0x10, 0x61, 0x10, 0x81, 0x10, 0x61, 0x08, 0x61, 0x10,
    0x81, 0x10, 0x61, 0x10, 0x61, 0x10, 0x81, 0x10, 0x61, 0x10, 0x81, 0x10,
    0x81, 0x10, 0x61, 0x10, 0x61, 0x10, 0x61, 0x10, 0x81, 0x10, 0x81, 0x10,
    0x61, 0x10, 0x61, 0x10, 0x81, 0x10, 0x81, 0x10, 0x61, 0x10, 0x81, 0x10,
    0x61, 0x10, 0x61, 0x10, 0x81, 0x10, 0x61, 0x10, 0x81, 0x10, 0x81, 0x10,
    0x81, 0x10, 0x61, 0x10, 0x81, 0x10, 0x81, 0x10, 0x81, 0x10, 0x81, 0x10,
    0x82, 0x18, 0x81, 0x10, 0x61, 0x10, 0x81, 0x10, 0x81, 0x10, 0x61, 0x10,
    0x81, 0x18, 0x82, 0x10, 0x61, 0x10, 0x81, 0x18, 0x81, 0x10, 0x81, 0x10,
    0xa2, 0x18, 0xa3, 0x18, 0xa2, 0x10, 0xa2, 0x18, 0xa2, 0x18, 0xa2, 0x18,
    0xa2, 0x18, 0xa2, 0x10, 0xa2, 0x18, 0xa2, 0x10, 0x82, 0x18, 0xa2, 0x18,
    0xa2, 0x18, 0x82, 0x10, 0xa2, 0x10, 0xa2, 0x18, 0xa2, 0x18, 0xa2, 0x10,
    0xa2, 0x18, 0xa2, 0x18, 0xa2, 0x18, 0x82, 0x10, 0x82, 0x18, 0xa2, 0x18,
    0xa2, 0x10, 0x81, 0x10, 0xa2, 0x18, 0xa2, 0x18, 0x82, 0x18, 0x81, 0x10,
    0xa2, 0x18, 0xa2, 0x18, 0xa2, 0x18, 0x82, 0x18, 0xa1, 0x10, 0x82, 0x18,
    0xa2, 0x18, 0x82, 0x10, 0xa2, 0x18, 0x81, 0x10, 0x82, 0x10, 0xa2, 0x18,
    0x81, 0x10, 0x82, 0x10, 0xa2, 0x18, 0x82, 0x18, 0x82, 0x18, 0x82, 0x18,
    0x81, 0x10, 0x82, 0x10, 0x82, 0x18, 0x81, 0x10, 0x81, 0x10, 0x82, 0x10,
    0x82, 0x18, 0x81, 0x10, 0x81, 0x18, 0x82, 0x18, 0x82, 0x18, 0x81, 0x10,
    0x82, 0x10, 0x82, 0x10, 0x82, 0x10, 0x81, 0x18, 0x82, 0x18, 0x82, 0x18,
    0x81, 0x18, 0x81, 0x10, 0x82, 0x18, 0x82, 0x18, 0xa2, 0x18, 0xa2, 0x18,
    0x81, 0x18, 0x82, 0x18, 0xa2, 0x18, 0xa2, 0x18, 0x82, 0x18, 0x81, 0x18,
    0xa2, 0x18, 0xa2, 0x18, 0xa1, 0x18, 0xa2, 0x18, 0xa2, 0x18, 0xa2, 0x20,
    0xa2, 0x20, 0xa2, 0x20, 0xe3, 0x28, 0xd1, 0xcc, 0x74, 0xe5, 0xee, 0xab,
    0xd1, 0xd4, 0x94, 0xed, 0xf5, 0xf5, 0xd5, 0xf5, 0xd5, 0xf5, 0xb4, 0xed,
    0xf6, 0xf5, 0x74, 0xdd, 0x74, 0xe5, 0x95, 0xdd, 0xd2, 0xc4, 0xd2, 0xc4,
    0x12, 0xcd, 0x13, 0xd5, 0x33, 0xdd, 0x74, 0xe5, 0x53, 0xe5, 0x94, 0xed,
    0x74, 0xed, 0x12, 0xe5, 0x94, 0xf5, 0xb5, 0xf5, 0x33, 0xed, 0xb1, 0xe4,
    0x90, 0xdc, 0xee, 0xc3, 0x6c, 0xb3, 0x4c, 0xab, 0x4b, 0xab, 0x8c, 0xb3,
    0x8d, 0xb3, 0xcd, 0xbb, 0xed, 0xbb, 0xcd, 0xb3, 0xcd, 0xb3, 0xee, 0xbb,
    0xcd, 0xb3, 0x0e, 0xb4, 0xad, 0xab, 0x6c, 0x9b, 0x2b, 0x8b, 0xea, 0x82,
    0x8c, 0x9b, 0xcd, 0xa3, 0x8c, 0x9b, 0x0e, 0xb4, 0xad, 0xa3, 0x6f, 0xc4,
    0x0e, 0xb4, 0x6b, 0x9b, 0x48, 0x72, 0x0a, 0x8b, 0x81, 0x18, 0x61, 0x18,
    0x61, 0x18, 0x82, 0x10, 0x81, 0x10, 0x61, 0x18, 0x61, 0x10, 0x82, 0x10,
    0x81, 0x18, 0x61, 0x18, 0x82, 0x10, 0x61, 0x10, 0x81, 0x18, 0x81, 0x18,
    0x82, 0x10, 0x81, 0x10, 0x61, 0x10, 0x62, 0x10, 0x81, 0x18, 0x81, 0x10,
    0x61, 0x18, 0x61, 0x10, 0x81, 0x18, 0x81, 0x18, 0x61, 0x18, 0x81, 0x10,
    0x61, 0x10, 0x61, 0x18, 0x61, 0x10, 0x61, 0x10, 0x61, 0x10, 0x62, 0x10,
    0x62, 0x10, 0x81, 0x18, 0x81, 0x10, 0x61, 0x10, 0x81, 0x18, 0x81, 0x10,
    0x61, 0x10, 0x61, 0x10, 0x80, 0x10, 0x81, 0x18, 0x61, 0x10, 0x61, 0x10,
    0x81, 0x10, 0x61, 0x10, 0x61, 0x10, 0x81, 0x10, 0x81, 0x10, 0x61, 0x10,
    0x61, 0x10, 0x61, 0x10, 0x81, 0x10, 0x61, 0x10, 0x61, 0x10, 0x61, 0x10,
    0x61, 0x10, 0x81, 0x10, 0x81, 0x10, 0x61, 0x10, 0x81, 0x10, 0x61, 0x10,
    0x61, 0x10, 0x81, 0x10, 0x61, 0x10, 0x61, 0x10, 0x61, 0x10, 0x81, 0x10,
    0x81, 0x10, 0x61, 0x10, 0x82, 0x10, 0x61, 0x10, 0x61, 0x10, 0x81, 0x10,
    0x62, 0x10, 0x81, 0x10, 0x81, 0x10, 0x61, 0x10, 0x61, 0x10, 0x82, 0x10,
    0x81, 0x10, 0x81, 0x10, 0x61, 0x10, 0x62, 0x10, 0x81, 0x10, 0x61, 0x10,
    0x81, 0x10, 0x81, 0x10, 0x81, 0x10, 0x82, 0x10, 0x81, 0x10, 0x82, 0x18,
    0x82, 0x10, 0x82, 0x10, 0x81, 0x10, 0x82, 0x10, 0x81, 0x18, 0x82, 0x10,
    0xa2, 0x18, 0xa2, 0x18, 0xa2, 0x18, 0xa2, 0x18, 0xa2, 0x18, 0xa3, 0x18,
    0xa2, 0x10, 0xa2, 0x18, 0xa3, 0x18, 0xa2, 0x18, 0xa2, 0x10, 0xa2, 0x18,
    0xa2, 0x18, 0xa2, 0x18, 0xa2, 0x18, 0xa2, 0x10, 0x82, 0x18, 0x82, 0x18,
    0x81, 0x10, 0xa2, 0x18, 0x82, 0x10, 0xa1, 0x18, 0x82, 0x18, 0xa1, 0x18,
    0x82, 0x18, 0x82, 0x10, 0x82, 0x18, 0xa2, 0x10, 0x82, 0x10, 0xa2, 0x18,
    0x82, 0x18, 0x82, 0x18, 0xa2, 0x10, 0x82, 0x10, 0x82, 0x18, 0x82, 0x10,
    0x81, 0x18, 0x82, 0x18, 0xa2, 0x18, 0x82, 0x10, 0xa2, 0x18, 0x82, 0x18,
    0x82, 0x10, 0x81, 0x10, 0x82, 0x18, 0xa1, 0x10, 0x81, 0x18, 0xa2, 0x18,
    0x82, 0x10, 0x81, 0x10, 0xa2, 0x18, 0x82, 0x18, 0x81, 0x10, 0x81, 0x10,
    0xa2, 0x18, 0x82, 0x10, 0x81, 0x10, 0x82, 0x18, 0x81, 0x18, 0x81, 0x18,
    0x82, 0x10, 0xa2, 0x18, 0x81, 0x10, 0x82, 0x10, 0x82, 0x18, 0x81, 0x10,
    0x81, 0x18, 0xa2, 0x10, 0x82, 0x18, 0x81, 0x18, 0x81, 0x10, 0x82, 0x18,
    0xa2, 0x18, 0xa1, 0x18, 0x81, 0x18, 0x82, 0x18, 0xa2, 0x18, 0xa1, 0x18,
    0x82, 0x18, 0xa2, 0x18, 0xa2, 0x20, 0xa2, 0x18, 0xa2, 0x18, 0xa2, 0x20,
    0xa1, 0x20, 0xa2, 0x20, 0xc2, 0x20, 0x4f, 0xbc, 0xf5, 0xf5, 0xf2, 0xd4,
    0xce, 0xa3, 0x53, 0xdd, 0xb5, 0xed, 0xb4, 0xed, 0x73, 0xe5, 0x53, 0xe5,
    0x33, 0xdd, 0x33, 0xd5, 0x33, 0xd5, 0x54, 0xdd, 0x4f, 0xb4, 0x2f, 0xb4,
    0x13, 0xcd, 0x74, 0xd5, 0xf6, 0xed, 0x74, 0xe5, 0x94, 0xe5, 0x94, 0xed,
    0x33, 0xe5, 0x12, 0xe5, 0x53, 0xe5, 0x74, 0xed, 0x54, 0xed, 0xd1, 0xd4,
    0x70, 0xd4, 0xee, 0xc3, 0x6c, 0xab, 0x6c, 0xab, 0x8d, 0xab, 0xce, 0xb3,
    0xad, 0xb3, 0x8d, 0xab, 0x6c, 0xa3, 0x4b, 0x9b, 0x4c, 0x9b, 0xce, 0xb3,
    0xce, 0xb3, 0xce, 0xab, 0x0b, 0x8b, 0xea, 0x82, 0x89, 0x72, 0xa9, 0x72,
    0xad, 0x9b, 0xac, 0x9b, 0x2b, 0x93, 0x6c, 0xa3, 0x0e, 0xb4, 0x2e, 0xbc,
    0x8c, 0xa3, 0x27, 0x6a, 0x2b, 0x9b, 0xc9, 0x82, 0x81, 0x18, 0x61, 0x18,
    0x61, 0x18, 0x81, 0x18, 0x61, 0x18, 0x82, 0x18, 0x81, 0x10, 0x61, 0x10,
    0x81, 0x10, 0x81, 0x18, 0x81, 0x10, 0x61, 0x10, 0x61, 0x10, 0x81, 0x18,
    0x81, 0x18, 0x82, 0x10, 0x61, 0x10, 0x61, 0x10, 0x61, 0x10, 0x61, 0x10,
    0x61, 0x10, 0x81, 0x18, 0x61, 0x10, 0x61, 0x10, 0x61, 0x10, 0x61, 0x10,
    0x81, 0x18, 0x61, 0x10, 0x61, 0x10, 0x61, 0x10, 0x81, 0x10, 0x61, 0x10,
    0x61, 0x10, 0x61, 0x10, 0x61, 0x10, 0x61, 0x10, 0x61, 0x18, 0x81, 0x10,
    0x61, 0x10, 0x61, 0x10, 0x81, 0x10, 0x61, 0x10, 0x61, 0x10, 0x81, 0x10,
    0x61, 0x10, 0x81, 0x10, 0x61, 0x10, 0x81, 0x10, 0x81, 0x10, 0x61, 0x10,
    0x61, 0x10, 0x81, 0x10, 0x61, 0x10, 0x61, 0x10, 0x61, 0x10, 0x61, 0x10,
    0x61, 0x10, 0x61, 0x10, 0x61, 0x10, 0x61, 0x10, 0x81, 0x10, 0x61, 0x10,
    0x61, 0x10, 0x82, 0x10, 0x61, 0x10, 0x81, 0x10, 0x62, 0x10, 0x61, 0x10,
    0x81, 0x10, 0x81, 0x10, 0x61, 0x10, 0x81, 0x10, 0x81, 0x10, 0x61, 0x10,
    0x81, 0x10, 0x61, 0x10, 0x81, 0x10, 0x61, 0x10, 0x61, 0x10, 0x61, 0x10,
    0x61, 0x10, 0x81, 0x10, 0x82, 0x10, 0x81, 0x10, 0x61, 0x10, 0x82, 0x18,
    0x61, 0x10, 0x61, 0x10, 0x81, 0x10, 0x62, 0x10, 0x81, 0x10, 0x81, 0x10,
    0x81, 0x10, 0x81, 0x10, 0x82, 0x18, 0x82, 0x10, 0x81, 0x10, 0x81, 0x10,
    0xa2, 0x18, 0xa2, 0x10, 0xa3, 0x18, 0xa2, 0x10, 0xa2, 0x18, 0xa2, 0x18,
    0xa2, 0x18, 0xa2, 0x18, 0xa2, 0x18, 0xa2, 0x10, 0x82, 0x18, 0xa2, 0x10,
    0xa2, 0x18, 0xa2, 0x18, 0xa2, 0x18, 0xa2, 0x10, 0xa2, 0x18, 0xa2, 0x18,
    0xa2, 0x10, 0xa2, 0x18, 0x82, 0x18, 0x82, 0x18, 0xa2, 0x10, 0x82, 0x10,
    0xa2, 0x18, 0xa1, 0x18, 0x81, 0x10, 0xa2, 0x18, 0xa2, 0x10, 0xa2, 0x10,
    0x82, 0x18, 0xa2, 0x10, 0x82, 0x10, 0xa1, 0x18, 0xa2, 0x18, 0x81, 0x10,
    0x82, 0x18, 0x81, 0x10, 0x81, 0x10, 0xa2, 0x18, 0x82, 0x10, 0x81, 0x10,
    0xa1, 0x10, 0xa2, 0x18, 0xa2, 0x10, 0x81, 0x10, 0x81, 0x10, 0x82, 0x18,
    0x81, 0x10, 0x82, 0x10, 0x82, 0x18, 0xa2, 0x18, 0x82, 0x10, 0x81, 0x10,
    0x82, 0x18, 0x81, 0x10, 0x81, 0x10, 0x82, 0x18, 0x81, 0x10, 0x81, 0x18,
    0x81, 0x10, 0x81, 0x18, 0x81, 0x18, 0x82, 0x10, 0x82, 0x18, 0x81, 0x18,
    0x81, 0x10, 0x82, 0x10, 0x81, 0x18, 0x81, 0x10, 0x82, 0x18, 0xa2, 0x18,
    0xa2, 0x18, 0x81, 0x18, 0x82, 0x18, 0x81, 0x18, 0x82, 0x18, 0xa2, 0x18,
    0x81, 0x18, 0xa2, 0x20, 0xa2, 0x20, 0xa2, 0x18, 0xa2, 0x18, 0xa2, 0x20,
    0xa2, 0x20, 0xa2, 0x20, 0xa2, 0x20, 0xee, 0xab, 0xd5, 0xf5, 0xb5, 0xed,
    0xce, 0xab, 0x0e, 0xb4, 0x73, 0xe5, 0xb5, 0xed, 0xd1, 0xd4, 0x33, 0xd5,
    0x33, 0xd5, 0xb5, 0xe5, 0xf1, 0xcc, 0x12, 0xcd, 0xd1, 0xc4, 0xb1, 0xbc,
    0x13, 0xcd, 0xd5, 0xe5, 0x33, 0xd5, 0x94, 0xdd, 0x33, 0xd5, 0xf2, 0xd4,
    0x74, 0xe5, 0x53, 0xe5, 0x33, 0xe5, 0xf2, 0xd4, 0x70, 0xcc, 0x91, 0xcc,
    0x91, 0xd4, 0xad, 0xb3, 0x6c, 0xab, 0x2c, 0xa3, 0x2b, 0x9b, 0x2b, 0x93,
    0x0b, 0x93, 0x2c, 0x93, 0xeb, 0x8a, 0x2b, 0x93, 0x48, 0x72, 0x68, 0x72,
    0x4c, 0x93, 0x0b, 0x8b, 0xa9, 0x72, 0xea, 0x7a, 0xca, 0x72, 0x27, 0x62,
    0xa9, 0x7a, 0x8c, 0x9b, 0x2a, 0x8b, 0x2b, 0x93, 0xed, 0xab, 0xcd, 0xab,
    0xc9, 0x82, 0x89, 0x7a, 0xad, 0xb3, 0x0a, 0x93, 0x82, 0x18, 0x81, 0x18,
    0x61, 0x10, 0x61, 0x10, 0x81, 0x10, 0x61, 0x10, 0x81, 0x18, 0x81, 0x10,
    0x82, 0x10, 0x61, 0x18, 0x81, 0x18, 0x81, 0x10, 0x62, 0x18, 0x61, 0x10,
    0x61, 0x18, 0x61, 0x10, 0x81, 0x18, 0x81, 0x10, 0x81, 0x10, 0x61, 0x10,
    0x61, 0x18, 0x81, 0x10, 0x61, 0x10, 0x61, 0x10, 0x61, 0x10, 0x61, 0x10,
    0x81, 0x10, 0x61, 0x10, 0x61, 0x10, 0x81, 0x10, 0x61, 0x10, 0x81, 0x18,
    0x81, 0x10, 0x61, 0x10, 0x81, 0x18, 0x81, 0x10, 0x61, 0x10, 0x81, 0x18,
    0x61, 0x10, 0x61, 0x10, 0x61, 0x18, 0x61, 0x10, 0x61, 0x10, 0x61, 0x10,
    0x61, 0x10, 0x81, 0x10, 0x61, 0x10, 0x61, 0x10, 0x61, 0x10, 0x61, 0x10,
    0x61, 0x10, 0x81, 0x10, 0x61, 0x10, 0x61, 0x10, 0x81, 0x10, 0x81, 0x10,
    0x61, 0x10, 0x61, 0x10, 0x62, 0x10, 0x81, 0x10, 0x61, 0x10, 0x81, 0x10,
    0x61, 0x08, 0x81, 0x10, 0x61, 0x10, 0x61, 0x10, 0x81, 0x10, 0x62, 0x10,
    0x61, 0x10, 0x81, 0x10, 0x61, 0x10, 0x61, 0x10, 0x61, 0x10, 0x81, 0x10,
    0x61, 0x10, 0x81, 0x10, 0x61, 0x10, 0x81, 0x10, 0x81, 0x10, 0x81, 0x10,
    0x61, 0x10, 0x81, 0x10, 0x61, 0x10, 0x61, 0x10, 0x81, 0x10, 0x61, 0x10,
    0x61, 0x18, 0x82, 0x10, 0x81, 0x10, 0x61, 0x18, 0x81, 0x10, 0x81, 0x10,
    0x81, 0x10, 0x81, 0x10, 0x61, 0x10, 0x82, 0x10, 0x81, 0x10, 0x82, 0x10,
    0xa2, 0x18, 0xa3, 0x18, 0xc3, 0x18, 0xa2, 0x18, 0xa2, 0x10, 0xa2, 0x18,
    0xa3, 0x18, 0xa2, 0x10, 0xa2, 0x10, 0x82, 0x18, 0xa2, 0x18, 0xa2, 0x18,
    0xa2, 0x10, 0x82, 0x18, 0xa2, 0x10, 0x82, 0x18, 0xa2, 0x18, 0xa2, 0x18,
    0x82, 0x10, 0xa2, 0x10, 0x81, 0x10, 0x82, 0x18, 0x82, 0x18, 0xa1, 0x18,
    0x82, 0x10, 0x82, 0x10, 0xa2, 0x18, 0xa2, 0x18, 0x82, 0x18, 0x82, 0x10,
    0xa2, 0x18, 0xa2, 0x18, 0x82, 0x10, 0xa2, 0x18, 0xa2, 0x18, 0xa2, 0x18,
    0x82, 0x10, 0x82, 0x10, 0xa2, 0x18, 0xa2, 0x18, 0x82, 0x18, 0x82, 0x10,
    0x82, 0x18, 0x82, 0x10, 0xa2, 0x18, 0x82, 0x18, 0x81, 0x10, 0x82, 0x18,
    0xa1, 0x18, 0x82, 0x10, 0x82, 0x10, 0x81, 0x10, 0x82, 0x18, 0x81, 0x10,
    0xa2, 0x18, 0x82, 0x18, 0x81, 0x18, 0x82, 0x18, 0xa2, 0x18, 0x82, 0x18,
    0x81, 0x18, 0x82, 0x10, 0x81, 0x18, 0x82, 0x18, 0x82, 0x18, 0x82, 0x18,
    0x81, 0x18, 0x81, 0x10, 0x82, 0x18, 0x82, 0x10, 0x82, 0x18, 0x81, 0x18,
    0xa1, 0x18, 0x82, 0x10, 0xa2, 0x18, 0x81, 0x18, 0x82, 0x18, 0x82, 0x18,
    0xa2, 0x18, 0x81, 0x18, 0xa2, 0x18, 0xa2, 0x20, 0xa2, 0x20, 0xa2, 0x18,
    0xa2, 0x20, 0xa1, 0x20, 0xa2, 0x20, 0xad, 0x9b, 0xd5, 0xf5, 0xd5, 0xf5,
    0x54, 0xdd, 0x2b, 0x93, 0x4f, 0xbc, 0xf2, 0xd4, 0xd1, 0xcc, 0x12, 0xd5,
    0x12, 0xcd, 0x73, 0xdd, 0xf2, 0xcc, 0x91, 0xbc, 0xf2, 0xc4, 0xae, 0x9b,
    0x91, 0xbc, 0xd6, 0xdd, 0x13, 0xcd, 0xd1, 0xc4, 0xd2, 0xcc, 0x33, 0xdd,
    0xd2, 0xcc, 0x91, 0xc4, 0xd2, 0xcc, 0xf2, 0xd4, 0x91, 0xc4, 0x90, 0xc4,
    0x0e, 0xbc, 0xee, 0xbb, 0x2f, 0xbc, 0x4c, 0x9b, 0xca, 0x8a, 0xca, 0x82,
    0x0b, 0x8b, 0x2c, 0x93, 0x6d, 0x9b, 0xeb, 0x82, 0xe6, 0x61, 0xa6, 0x51,
    0x07, 0x62, 0xca, 0x7a, 0x48, 0x6a, 0xca, 0x7a, 0xa9, 0x72, 0x2b, 0x8b,
    0x0b, 0x83, 0x2b, 0x8b, 0x6c, 0x9b, 0x2e, 0xb4, 0xad, 0xab, 0x0a, 0x8b,
    0x27, 0x6a, 0x6c, 0xa3, 0xcd, 0xb3, 0xca, 0x82, 0x82, 0x18, 0x81, 0x18,
    0x61, 0x18, 0x62, 0x18, 0x81, 0x10, 0x61, 0x10, 0x82, 0x18, 0x81, 0x10,
    0x81, 0x10, 0x82, 0x10, 0x81, 0x18, 0x81, 0x18, 0x81, 0x18, 0x81, 0x10,
    0x82, 0x10, 0x82, 0x18, 0x61, 0x10, 0x81, 0x10, 0x81, 0x18, 0x62, 0x10,
    0x61, 0x10, 0x61, 0x10, 0x81, 0x10, 0x81, 0x18, 0x61, 0x18, 0x61, 0x10,
    0x61, 0x10, 0x82, 0x18, 0x81, 0x18, 0x82, 0x10, 0x61, 0x10, 0x81, 0x10,
    0x82, 0x10, 0x61, 0x18, 0x61, 0x10, 0x61, 0x18, 0x61, 0x10, 0x61, 0x18,
    0x81, 0x10, 0x61, 0x10, 0x81, 0x10, 0x61, 0x10, 0x61, 0x18, 0x61, 0x18,
    0x61, 0x10, 0x61, 0x10, 0x61, 0x10, 0x81, 0x10, 0x61, 0x10, 0x81, 0x10,
    0x81, 0x10, 0x61, 0x10, 0x61, 0x10, 0x61, 0x10, 0x81, 0x10, 0x81, 0x10,
    0x62, 0x10, 0x81, 0x10, 0x81, 0x10, 0x61, 0x10, 0x61, 0x10, 0x61, 0x10,
    0x61, 0x10, 0x82, 0x10, 0x61, 0x10, 0x61, 0x10, 0x61, 0x08, 0x61, 0x10,
    0x81, 0x10, 0x61, 0x10, 0x81, 0x10, 0x62, 0x10, 0x81, 0x10, 0x62, 0x10,
    0x81, 0x10, 0x61, 0x10, 0x81, 0x10, 0x81, 0x10, 0x61, 0x10, 0x81, 0x10,
    0x81, 0x10, 0x61, 0x10, 0x82, 0x10, 0x81, 0x10, 0x81, 0x10, 0x61, 0x10,
    0x81, 0x10, 0x81, 0x10, 0x81, 0x10, 0x81, 0x10, 0x81, 0x10, 0x82, 0x10,
    0x61, 0x10, 0x82, 0x10, 0x81, 0x10, 0x82, 0x18, 0x61, 0x10, 0x82, 0x10,
    0xa2, 0x18, 0xa2, 0x18, 0xa2, 0x18, 0xa2, 0x18, 0xa2, 0x10, 0xa3, 0x18,
    0xa2, 0x18, 0xa2, 0x18, 0xa2, 0x18, 0xa2, 0x18, 0xa2, 0x10, 0xa2, 0x18,
    0xa2, 0x18, 0xa2, 0x18, 0xa2, 0x18, 0xa2, 0x18, 0xa2, 0x10, 0xa2, 0x18,
    0x81, 0x18, 0xa2, 0x18, 0xa2, 0x18, 0xa2, 0x10, 0xa2, 0x10, 0x81, 0x10,
    0xa2, 0x18, 0x82, 0x18, 0x82, 0x10, 0xa2, 0x10, 0x82, 0x18, 0x81, 0x10,
    0xa2, 0x10, 0x82, 0x10, 0x81, 0x18, 0x82, 0x18, 0x82, 0x18, 0xa2, 0x18,
    0xa2, 0x18, 0x82, 0x10, 0xa1, 0x18, 0x82, 0x10, 0x81, 0x10, 0x82, 0x18,
    0xa2, 0x18, 0x81, 0x10, 0x81, 0x18, 0x82, 0x18, 0xa2, 0x10, 0x81, 0x10,
    0x82, 0x18, 0x81, 0x10, 0x82, 0x18, 0xa1, 0x18, 0x82, 0x10, 0x81, 0x10,
    0x82, 0x18, 0xa1, 0x10, 0x82, 0x18, 0x81, 0x10, 0x82, 0x18, 0xa1, 0x18,
    0x81, 0x10, 0x82, 0x10, 0x81, 0x10, 0x81, 0x10, 0x82, 0x18, 0x81, 0x10,
    0x81, 0x18, 0x82, 0x10, 0xa1, 0x18, 0x81, 0x18, 0x82, 0x18, 0x81, 0x10,
    0x81, 0x10, 0xa2, 0x18, 0x82, 0x18, 0x81, 0x18, 0xa1, 0x18, 0xa1, 0x18,
    0x82, 0x18, 0xa2, 0x18, 0xa2, 0x18, 0xa2, 0x20, 0xa2, 0x20, 0x81, 0x20,
    0xa1, 0x20, 0xc2, 0x30, 0x03, 0x41, 0x2b, 0x8b, 0xd5, 0xf5, 0xf6, 0xf5,
    0x94, 0xe5, 0xf1, 0xd4, 0xcd, 0xa3, 0xb1, 0xc4, 0x12, 0xcd, 0x33, 0xd5,
    0x53, 0xd5, 0x33, 0xd5, 0x6f, 0xb4, 0xcd, 0x9b, 0x6c, 0x8b, 0x71, 0xb4,
    0x13, 0xcd, 0x13, 0xcd, 0x13, 0xcd, 0x34, 0xd5, 0xd2, 0xc4, 0x33, 0xd5,
    0xd2, 0xc4, 0x71, 0xbc, 0x91, 0xbc, 0x91, 0xc4, 0x50, 0xbc, 0xee, 0xb3,
    0xad, 0xab, 0x8d, 0xa3, 0x2b, 0x93, 0x0b, 0x8b, 0xca, 0x8a, 0x0b, 0x8b,
    0xca, 0x7a, 0xca, 0x7a, 0x4c, 0x93, 0xa9, 0x7a, 0x69, 0x6a, 0x48, 0x6a,
    0x48, 0x6a, 0xa9, 0x72, 0xca, 0x7a, 0xca, 0x7a, 0x2c, 0x83, 0xaa, 0x7a,
    0xc9, 0x7a, 0xc9, 0x82, 0x8c, 0x9b, 0x6b, 0x9b, 0x8c, 0xa3, 0x07, 0x62,
    0xc9, 0x82, 0x0e, 0xbc, 0xee, 0xbb, 0x68, 0x7a, 0x81, 0x18, 0x81, 0x18,
    0x61, 0x18, 0x81, 0x18, 0x82, 0x10, 0x81, 0x10, 0x81, 0x10, 0x62, 0x18,
    0x81, 0x10, 0x81, 0x18, 0x61, 0x10, 0x61, 0x10, 0x61, 0x18, 0x81, 0x10,
    0x81, 0x18, 0x81, 0x10, 0x82, 0x10, 0x61, 0x10, 0x61, 0x10, 0x81, 0x18,
    0x61, 0x10, 0x81, 0x10, 0x61, 0x10, 0x61, 0x10, 0x81, 0x18, 0x61, 0x10,
    0x82, 0x18, 0x61, 0x10, 0x61, 0x10, 0x61, 0x18, 0x61, 0x10, 0x61, 0x10,
    0x61, 0x10, 0x61, 0x18, 0x61, 0x10, 0x61, 0x10, 0x61, 0x18, 0x61, 0x10,
    0x81, 0x10, 0x61, 0x10, 0x61, 0x10, 0x81, 0x10, 0x61, 0x10, 0x81, 0x10,
    0x61, 0x10, 0x61, 0x10, 0x81, 0x10, 0x61, 0x10, 0x81, 0x10, 0x61, 0x10,
    0x61, 0x10, 0x61, 0x10, 0x61, 0x10, 0x61, 0x10, 0x61, 0x10, 0x81, 0x10,
    0x61, 0x10, 0x81, 0x10, 0x81, 0x10, 0x61, 0x10, 0x81, 0x10, 0x61, 0x08,
    0x61, 0x10, 0x61, 0x10, 0x61, 0x10, 0x81, 0x10, 0x61, 0x10, 0x81, 0x10,
    0x61, 0x10, 0x61, 0x10, 0x81, 0x10, 0x61, 0x10, 0x81, 0x10, 0x81, 0x10,
    0x61, 0x10, 0x62, 0x10, 0x61, 0x10, 0x81, 0x10, 0x81, 0x10, 0x61, 0x10,
    0x61, 0x10, 0x81, 0x10, 0x81, 0x10, 0x61, 0x10, 0x81, 0x10, 0x81, 0x10,
    0x61, 0x10, 0x81, 0x10, 0x61, 0x10, 0x81, 0x10, 0x81, 0x10, 0x82, 0x18,
    0x81, 0x10, 0x81, 0x10, 0x81, 0x10, 0x82, 0x10, 0x81, 0x10, 0x81, 0x10,
    0xc2, 0x18, 0xc3, 0x18, 0xa2, 0x18, 0xa2, 0x18, 0xa3, 0x18, 0xa2, 0x10,
    0xa2, 0x18, 0xa2, 0x18, 0xa3, 0x18, 0xa2, 0x10, 0xa2, 0x18, 0xa2, 0x18,
    0xa2, 0x18, 0xa2, 0x18, 0xa2, 0x18, 0xa2, 0x10, 0xa2, 0x18, 0xa2, 0x10,
    0x82, 0x18, 0x82, 0x18, 0xa2, 0x18, 0x82, 0x18, 0x82, 0x10, 0xa2, 0x18,
    0xa2, 0x18, 0x81, 0x10, 0xa2, 0x18, 0x82, 0x10, 0xa2, 0x18, 0xa2, 0x18,
    0x82, 0x10, 0xa2, 0x18, 0xa2, 0x10, 0x82, 0x10, 0xa1, 0x10, 0xa1, 0x18,
    0x82, 0x18, 0x82, 0x18, 0xa1, 0x18, 0x82, 0x10, 0x82, 0x10, 0x81, 0x18,
    0x82, 0x18, 0x82, 0x10, 0x82, 0x10, 0x81, 0x18, 0xa2, 0x10, 0x82, 0x18,
    0x81, 0x10, 0x82, 0x18, 0x82, 0x18, 0x82, 0x10, 0x82, 0x10, 0x82, 0x18,
    0x82, 0x18, 0x82, 0x18, 0x81, 0x10, 0x82, 0x18, 0x81, 0x10, 0xa2, 0x18,
    0x82, 0x10, 0x81, 0x10, 0xa2, 0x18, 0x82, 0x18, 0x81, 0x10, 0x82, 0x18,
    0x82, 0x18, 0x82, 0x18, 0xa2, 0x18, 0x82, 0x18, 0x82, 0x18, 0xa2, 0x18,
    0x82, 0x10, 0x82, 0x10, 0x82, 0x10, 0xa2, 0x18, 0x82, 0x18, 0x82, 0x18,
    0xa2, 0x18, 0xa2, 0x18, 0xa2, 0x20, 0xa2, 0x20, 0xc2, 0x28, 0xa4, 0x61,
    0x43, 0x59, 0x23, 0x51, 0x81, 0x38, 0xa9, 0x7a, 0xd5, 0xf5, 0xf6, 0xf5,
    0xd5, 0xed, 0xb5, 0xed, 0xd1, 0xcc, 0x8d, 0x9b, 0x4f, 0xbc, 0x90, 0xbc,
    0x6f, 0xbc, 0xb1, 0xbc, 0x90, 0xbc, 0x0f, 0xa4, 0xad, 0x9b, 0xce, 0x9b,
    0x71, 0xb4, 0xd1, 0xbc, 0xb1, 0xbc, 0x13, 0xcd, 0xd2, 0xc4, 0xf2, 0xc4,
    0x91, 0xbc, 0x70, 0xb4, 0xee, 0xa3, 0xee, 0xa3, 0xae, 0xa3, 0xce, 0xa3,
    0xce, 0xab, 0x8d, 0xa3, 0x0b, 0x93, 0x89, 0x7a, 0x68, 0x72, 0x89, 0x72,
    0x89, 0x72, 0x68, 0x72, 0xa9, 0x72, 0x69, 0x6a, 0x28, 0x62, 0xca, 0x7a,
    0xca, 0x7a, 0xea, 0x82, 0xce, 0x9b, 0xca, 0x7a, 0x2c, 0x8b, 0xa9, 0x72,
    0xa9, 0x72, 0xa9, 0x7a, 0x2b, 0x93, 0xa9, 0x82, 0x68, 0x72, 0x88, 0x7a,
    0x2e, 0xbc, 0x0e, 0xbc, 0xcd, 0xb3, 0x48, 0x72, 0x61, 0x18, 0x61, 0x18,
    0x81, 0x10, 0x61, 0x10, 0x82, 0x18, 0x61, 0x18, 0x82, 0x10, 0x82, 0x10,
    0x81, 0x18, 0x61, 0x10, 0x82, 0x18, 0x81, 0x10, 0x81, 0x10, 0x81, 0x18,
    0x62, 0x18, 0x61, 0x10, 0x81, 0x18, 0x61, 0x10, 0x82, 0x10, 0x81, 0x18,
    0x61, 0x18, 0x81, 0x18, 0x61, 0x10, 0x81, 0x10, 0x81, 0x18, 0x61, 0x18,
    0x61, 0x10, 0x61, 0x10, 0x61, 0x10, 0x81, 0x10, 0x82, 0x10, 0x61, 0x10,
    0x81, 0x10, 0x61, 0x18, 0x81, 0x10, 0x81, 0x10, 0x61, 0x18, 0x81, 0x10,
    0x81, 0x10, 0x81, 0x10, 0x81, 0x18, 0x81, 0x10, 0x81, 0x10, 0x61, 0x10,
    0x81, 0x10, 0x81, 0x10, 0x81, 0x10, 0x61, 0x10, 0x61, 0x10, 0x61, 0x10,
    0x61, 0x10, 0x81, 0x10, 0x81, 0x10, 0x61, 0x10, 0x61, 0x10, 0x81, 0x10,
    0x61, 0x10, 0x61, 0x10, 0x61, 0x10, 0x61, 0x10, 0x81, 0x10, 0x82, 0x10,
    0x81, 0x10, 0x61, 0x10, 0x61, 0x10, 0x82, 0x10, 0x61, 0x10, 0x81, 0x10,
    0x61, 0x10, 0x81, 0x10, 0x61, 0x10, 0x62, 0x10, 0x61, 0x10, 0x81, 0x10,
    0x62, 0x10, 0x61, 0x10, 0x81, 0x10, 0x61, 0x10, 0x61, 0x10, 0x81, 0x10,
    0x61, 0x10, 0x61, 0x10, 0x81, 0x10, 0x82, 0x10, 0x81, 0x10, 0x81, 0x10,
    0x62, 0x10, 0x82, 0x10, 0x61, 0x10, 0x82, 0x18, 0x61, 0x10, 0x81, 0x10,
    0x82, 0x18, 0x61, 0x10, 0x81, 0x10, 0x82, 0x10, 0x61, 0x10, 0x81, 0x10,
    0xa2, 0x18, 0xa2, 0x18, 0xa2, 0x18, 0xa2, 0x18, 0xa2, 0x18, 0xa2, 0x10,
    0xa2, 0x18, 0xa2, 0x18, 0xa2, 0x10, 0xa3, 0x18, 0xa2, 0x18, 0xa2, 0x10,
    0xa2, 0x18, 0x82, 0x10, 0xa2, 0x18, 0x82, 0x18, 0xa2, 0x10, 0xa2, 0x18,
    0xa2, 0x18, 0xa2, 0x10, 0xa2, 0x18, 0xa2, 0x18, 0x82, 0x18, 0xa2, 0x10,
    0x82, 0x10, 0xa1, 0x10, 0x82, 0x18, 0x82, 0x18, 0xa2, 0x10, 0xa2, 0x18,
    0xa2, 0x18, 0x81, 0x18, 0xa2, 0x18, 0xa2, 0x18, 0x82, 0x10, 0xa2, 0x10,
    0x81, 0x18, 0x82, 0x10, 0xa2, 0x10, 0x82, 0x18, 0x81, 0x10, 0xa2, 0x18,
    0x82, 0x10, 0x82, 0x10, 0xa2, 0x18, 0x82, 0x10, 0x81, 0x18, 0xa2, 0x18,
    0x82, 0x18, 0x82, 0x10, 0x81, 0x10, 0x82, 0x10, 0x81, 0x18, 0x81, 0x10,
    0x82, 0x18, 0x82, 0x18, 0xa2, 0x18, 0x81, 0x10, 0x81, 0x10, 0x82, 0x18,
    0x81, 0x10, 0x81, 0x10, 0x82, 0x18, 0x81, 0x10, 0x81, 0x18, 0x82, 0x18,
    0x81, 0x18, 0x81, 0x10, 0x81, 0x18, 0x82, 0x18, 0x81, 0x10, 0xa2, 0x18,
    0xa1, 0x18, 0xa1, 0x18, 0xa2, 0x10, 0x81, 0x10, 0x81, 0x18, 0xa2, 0x18,
    0xa1, 0x18, 0xa2, 0x20, 0xa2, 0x20, 0xa4, 0x59, 0x26, 0x82, 0xe1, 0x50,
    0x80, 0x40, 0x40, 0x38, 0x40, 0x30, 0xa5, 0x59, 0xb5, 0xf5, 0x16, 0xf6,
    0xf6, 0xf5, 0xf6, 0xed, 0x73, 0xdd, 0x2f, 0xb4, 0x8c, 0x93, 0x0e, 0xac,
    0x70, 0xbc, 0x2f, 0xb4, 0x6c, 0x93, 0xee, 0xa3, 0x4f, 0xac, 0x8d, 0x93,
    0x2f, 0xac, 0xce, 0xa3, 0x70, 0xb4, 0x50, 0xac, 0x50, 0xb4, 0xd2, 0xc4,
    0xb1, 0xc4, 0x0f, 0xac, 0xae, 0x9b, 0x6d, 0x93, 0x0b, 0x8b, 0xea, 0x82,
    0x0b, 0x8b, 0x2b, 0x93, 0xa9, 0x82, 0x48, 0x72, 0x48, 0x6a, 0x07, 0x62,
    0xe6, 0x59, 0xe7, 0x59, 0x27, 0x62, 0xe7, 0x61, 0x49, 0x6a, 0xca, 0x7a,
    0xaa, 0x7a, 0xa9, 0x72, 0x2b, 0x83, 0xca, 0x7a, 0xaa, 0x72, 0x48, 0x6a,
    0x27, 0x62, 0x88, 0x72, 0x4b, 0x93, 0x88, 0x72, 0xc6, 0x59, 0x8c, 0xa3,
    0x2e, 0xbc, 0x2f, 0xc4, 0x8c, 0xab, 0xa9, 0x7a, 0x81, 0x18, 0x81, 0x18,
    0x61, 0x18, 0x81, 0x10, 0x81, 0x10, 0x61, 0x10, 0x82, 0x18, 0x61, 0x10,
    0x81, 0x18, 0x61, 0x18, 0x61, 0x10, 0x82, 0x18, 0x81, 0x10, 0x81, 0x10,
    0x61, 0x10, 0x61, 0x10, 0x81, 0x18, 0x61, 0x10, 0x61, 0x10, 0x61, 0x10,
    0x81, 0x10, 0x61, 0x18, 0x61, 0x10, 0x61, 0x10, 0x61, 0x10, 0x61, 0x10,
    0x61, 0x10, 0x81, 0x10, 0x61, 0x10, 0x61, 0x10, 0x61, 0x18, 0x61, 0x10,
    0x61, 0x18, 0x61, 0x10, 0x61, 0x10, 0x61, 0x18, 0x61, 0x10, 0x61, 0x10,
    0x61, 0x18, 0x61, 0x10, 0x61, 0x10, 0x61, 0x10, 0x61, 0x10, 0x81, 0x10,
    0x61, 0x10, 0x61, 0x10, 0x61, 0x10, 0x61, 0x10, 0x61, 0x10, 0x81, 0x10,
    0x81, 0x10, 0x61, 0x10, 0x81, 0x10, 0x61, 0x10, 0x61, 0x10, 0x61, 0x08,
    0x61, 0x10, 0x62, 0x10, 0x61, 0x10, 0x81, 0x10, 0x61, 0x10, 0x61, 0x10,
    0x81, 0x10, 0x81, 0x10, 0x61, 0x10, 0x61, 0x10, 0x81, 0x10, 0x61, 0x10,
    0x61, 0x10, 0x81, 0x10, 0x62, 0x10, 0x61, 0x10, 0x61, 0x10, 0x61, 0x10,
    0x81, 0x10, 0x81, 0x10, 0x81, 0x10, 0x61, 0x10, 0x81, 0x10, 0x81, 0x10,
    0x81, 0x10, 0x61, 0x10, 0x61, 0x10, 0x81, 0x10, 0x81, 0x10, 0x81, 0x10,
    0x61, 0x10, 0x81, 0x10, 0x81, 0x10, 0x81, 0x10, 0x81, 0x10, 0x61, 0x10,
    0x81, 0x10, 0x81, 0x10, 0x61, 0x10, 0x82, 0x10, 0x81, 0x10, 0x81, 0x10,
    0xa2, 0x18, 0xa2, 0x18, 0xa3, 0x18, 0xa2, 0x18, 0xc2, 0x18, 0xa3, 0x18,
    0xa2, 0x18, 0xa2, 0x18, 0xa2, 0x18, 0xa2, 0x18, 0xa2, 0x18, 0xa2, 0x10,
    0xa2, 0x18, 0xa2, 0x18, 0xa2, 0x18, 0xa2, 0x18, 0x82, 0x10, 0xa2, 0x18,
    0xa2, 0x18, 0x82, 0x10, 0xa2, 0x18, 0xa2, 0x18, 0xa2, 0x10, 0xa2, 0x18,
    0x82, 0x18, 0x81, 0x10, 0xa1, 0x10, 0x82, 0x18, 0x82, 0x18, 0x82, 0x10,
    0x81, 0x10, 0xa2, 0x10, 0x82, 0x18, 0x82, 0x18, 0xa2, 0x18, 0x82, 0x10,
    0xa2, 0x10, 0x82, 0x18, 0x82, 0x10, 0x82, 0x18, 0x81, 0x10, 0xa2, 0x10,
    0xa2, 0x18, 0xa1, 0x18, 0x82, 0x10, 0x81, 0x10, 0xa2, 0x18, 0x81, 0x10,
    0x82, 0x10, 0x81, 0x10, 0xa2, 0x18, 0x82, 0x18, 0x82, 0x10, 0x82, 0x10,
    0x82, 0x18, 0x81, 0x10, 0x81, 0x18, 0x82, 0x10, 0x81, 0x10, 0x82, 0x18,
    0x82, 0x10, 0x82, 0x18, 0x81, 0x10, 0x82, 0x18, 0x82, 0x10, 0x82, 0x18,
    0x81, 0x18, 0x81, 0x10, 0x82, 0x10, 0x81, 0x18, 0x82, 0x18, 0xa2, 0x18,
    0x82, 0x18, 0x81, 0x18, 0x81, 0x18, 0xa2, 0x18, 0x82, 0x18, 0xa2, 0x18,
    0xa2, 0x18, 0xa2, 0x20, 0x05, 0x72, 0x26, 0x8a, 0xe1, 0x58, 0x61, 0x40,
    0x40, 0x38, 0x20, 0x30, 0x40, 0x30, 0xe2, 0x40, 0x73, 0xed, 0xf6, 0xf5,
    0xb5, 0xed, 0x16, 0xf6, 0xf5, 0xed, 0x74, 0xdd, 0xee, 0xab, 0x2b, 0x8b,
    0x8d, 0x9b, 0x2f, 0xac, 0x8c, 0x93, 0x4c, 0x8b, 0x8d, 0x93, 0x6c, 0x8b,
    0x50, 0xac, 0x91, 0xb4, 0x50, 0xb4, 0xee, 0xa3, 0x50, 0xb4, 0x91, 0xbc,
    0x50, 0xb4, 0xae, 0x9b, 0x4c, 0x8b, 0x0b, 0x83, 0xea, 0x82, 0x89, 0x72,
    0xa9, 0x7a, 0xaa, 0x7a, 0x89, 0x7a, 0x47, 0x6a, 0xc6, 0x59, 0x65, 0x49,
    0x44, 0x41, 0xe6, 0x59, 0xc6, 0x59, 0xe7, 0x59, 0x27, 0x62, 0x89, 0x72,
    0xca, 0x7a, 0xeb, 0x82, 0x28, 0x62, 0x89, 0x72, 0xc6, 0x51, 0xc6, 0x51,
    0x88, 0x72, 0x68, 0x72, 0xa9, 0x7a, 0xe6, 0x59, 0x6c, 0x9b, 0x4f, 0xbc,
    0x6f, 0xc4, 0x2f, 0xbc, 0xee, 0xbb, 0xca, 0x8a, 0xe2, 0x30, 0x81, 0x18,
    0x61, 0x18, 0x81, 0x18, 0x61, 0x10, 0x82, 0x10, 0x81, 0x18, 0x81, 0x18,
    0x82, 0x10, 0x61, 0x10, 0x81, 0x10, 0x81, 0x18, 0x81, 0x10, 0x62, 0x18,
    0x81, 0x10, 0x61, 0x10, 0x81, 0x10, 0x82, 0x10, 0x61, 0x18, 0x61, 0x10,
    0x62, 0x10, 0x61, 0x10, 0x62, 0x18, 0x81, 0x18, 0x61, 0x10, 0x61, 0x10,
    0x82, 0x18, 0x61, 0x10, 0x61, 0x10, 0x61, 0x18, 0x62, 0x10, 0x61, 0x10,
    0x61, 0x10, 0x81, 0x18, 0x61, 0x10, 0x61, 0x10, 0x81, 0x10, 0x81, 0x10,
    0x61, 0x10, 0x81, 0x10, 0x81, 0x10, 0x61, 0x10, 0x61, 0x10, 0x61, 0x10,
    0x61, 0x10, 0x61, 0x10, 0x61, 0x10, 0x61, 0x10, 0x61, 0x10, 0x61, 0x10,
    0x61, 0x10, 0x61, 0x10, 0x61, 0x10, 0x81, 0x10, 0x81, 0x10, 0x61, 0x10,
    0x61, 0x10, 0x81, 0x10, 0x61, 0x10, 0x81, 0x10, 0x61, 0x10, 0x61, 0x10,
    0x61, 0x10, 0x61, 0x10, 0x61, 0x10, 0x61, 0x10, 0x61, 0x10, 0x61, 0x10,
    0x61, 0x10, 0x81, 0x10, 0x81, 0x10, 0x61, 0x10, 0x61, 0x10, 0x81, 0x10,
    0x81, 0x10, 0x61, 0x10, 0x61, 0x10, 0x81, 0x10, 0x61, 0x10, 0x61, 0x10,
    0x81, 0x10, 0x81, 0x10, 0x82, 0x10, 0x81, 0x10, 0x61, 0x10, 0x61, 0x10,
    0x81, 0x10, 0x81, 0x10, 0x82, 0x10, 0x82, 0x10, 0x81, 0x10, 0x81, 0x10,
    0x82, 0x10, 0x81, 0x10, 0x81, 0x10, 0x81, 0x18, 0x82, 0x10, 0x81, 0x10,
    0xa2, 0x18, 0xa3, 0x10, 0xc2, 0x18, 0xa2, 0x18, 0xa3, 0x18, 0xa2, 0x10,
    0xa2, 0x18, 0xa3, 0x18, 0xa2, 0x10, 0xa3, 0x18, 0xa2, 0x18, 0xa2, 0x18,
    0x82, 0x10, 0x82, 0x18, 0xa2, 0x10, 0xa2, 0x18, 0x82, 0x18, 0x82, 0x10,
    0x82, 0x18, 0xa2, 0x18, 0xa2, 0x10, 0x82, 0x18, 0x82, 0x18, 0xa1, 0x18,
    0xa2, 0x10, 0x82, 0x18, 0xa2, 0x18, 0xa2, 0x10, 0xa2, 0x18, 0xa2, 0x18,
    0xa2, 0x10, 0xa2, 0x10, 0x82, 0x10, 0xa2, 0x10, 0x81, 0x18, 0xa2, 0x18,
    0x82, 0x10, 0x81, 0x18, 0xa2, 0x18, 0x82, 0x10, 0x81, 0x10, 0x82, 0x10,
    0x82, 0x18, 0xa2, 0x18, 0x82, 0x10, 0x81, 0x18, 0x82, 0x10, 0x82, 0x10,
    0x81, 0x18, 0x82, 0x10, 0x81, 0x10, 0x81, 0x18, 0xa2, 0x18, 0x82, 0x10,
    0xa2, 0x18, 0x81, 0x18, 0x82, 0x18, 0x82, 0x10, 0x81, 0x10, 0x82, 0x18,
    0xa2, 0x18, 0x81, 0x10, 0x82, 0x18, 0x82, 0x18, 0xa2, 0x10, 0x81, 0x18,
    0x82, 0x18, 0x82, 0x18, 0x81, 0x10, 0x81, 0x18, 0x82, 0x18, 0x82, 0x10,
    0x82, 0x18, 0x82, 0x18, 0x82, 0x18, 0x81, 0x18, 0xa2, 0x18, 0xa2, 0x18,
    0xa2, 0x20, 0x05, 0x72, 0x67, 0x9a, 0xe1, 0x60, 0x80, 0x48, 0x80, 0x48,
    0x41, 0x38, 0x40, 0x38, 0x61, 0x38, 0xe2, 0x40, 0x33, 0xe5, 0xf6, 0xf5,
    0xf6, 0xf5, 0xf6, 0xf5, 0xf6, 0xed, 0xb5, 0xe5, 0x73, 0xdd, 0x90, 0xbc,
    0x8c, 0x93, 0x4b, 0x8b, 0x8c, 0x93, 0x0a, 0x83, 0x8d, 0x93, 0x6c, 0x93,
    0xce, 0x9b, 0x8d, 0x93, 0xee, 0xa3, 0xae, 0x9b, 0xad, 0x9b, 0xee, 0xa3,
    0x6d, 0x93, 0xeb, 0x82, 0xa9, 0x72, 0x89, 0x72, 0x89, 0x72, 0x07, 0x62,
    0x89, 0x72, 0xa9, 0x72, 0x07, 0x62, 0xe7, 0x61, 0x85, 0x49, 0x23, 0x39,
    0x44, 0x41, 0xe6, 0x59, 0xc6, 0x51, 0xe6, 0x59, 0x28, 0x62, 0x07, 0x62,
    0x68, 0x6a, 0x69, 0x6a, 0x0b, 0x83, 0x48, 0x6a, 0x48, 0x62, 0xe6, 0x51,
    0x27, 0x62, 0xe6, 0x59, 0x07, 0x62, 0xed, 0xab, 0x2e, 0xb4, 0x90, 0xcc,
    0x70, 0xcc, 0x70, 0xcc, 0x4f, 0xcc, 0x68, 0x7a, 0x63, 0x59, 0x03, 0x49,
    0x81, 0x18, 0x61, 0x18, 0x81, 0x10, 0x81, 0x18, 0x61, 0x10, 0x61, 0x18,
    0x61, 0x10, 0x81, 0x10, 0x61, 0x10, 0x61, 0x18, 0x81, 0x10, 0x61, 0x18,
    0x62, 0x18, 0x81, 0x10, 0x61, 0x10, 0x62, 0x18, 0x61, 0x10, 0x81, 0x18,
    0x61, 0x18, 0x81, 0x10, 0x61, 0x10, 0x81, 0x10, 0x61, 0x10, 0x81, 0x18,
    0x61, 0x10, 0x61, 0x10, 0x81, 0x18, 0x61, 0x10, 0x81, 0x10, 0x61, 0x18,
    0x81, 0x10, 0x82, 0x18, 0x81, 0x18, 0x61, 0x10, 0x81, 0x10, 0x61, 0x10,
    0x81, 0x10, 0x61, 0x10, 0x81, 0x18, 0x81, 0x10, 0x61, 0x10, 0x61, 0x10,
    0x81, 0x10, 0x61, 0x10, 0x81, 0x10, 0x61, 0x10, 0x61, 0x10, 0x81, 0x10,
    0x61, 0x10, 0x61, 0x10, 0x61, 0x10, 0x61, 0x10, 0x81, 0x10, 0x81, 0x10,
    0x81, 0x10, 0x61, 0x10, 0x61, 0x08, 0x61, 0x10, 0x61, 0x10, 0x61, 0x10,
    0x81, 0x08, 0x61, 0x08, 0x61, 0x10, 0x81, 0x10, 0x61, 0x10, 0x61, 0x10,
    0x81, 0x10, 0x61, 0x10, 0x81, 0x10, 0x61, 0x10, 0x61, 0x10, 0x61, 0x10,
    0x81, 0x10, 0x61, 0x10, 0x81, 0x10, 0x81, 0x10, 0x61, 0x10, 0x61, 0x10,
    0x61, 0x08, 0x81, 0x10, 0x81, 0x10, 0x61, 0x10, 0x61, 0x10, 0x81, 0x10,
    0x61, 0x10, 0x81, 0x18, 0x81, 0x10, 0x61, 0x10, 0x81, 0x10, 0x62, 0x10,
    0x81, 0x10, 0x81, 0x10, 0x62, 0x10, 0x81, 0x10, 0x81, 0x10, 0x81, 0x10,
    0xa2, 0x18, 0xa2, 0x18, 0xa3, 0x18, 0xa2, 0x18, 0xa2, 0x10, 0xa2, 0x18,
    0xa2, 0x18, 0xa2, 0x18, 0xa2, 0x10, 0xa2, 0x18, 0xa2, 0x18, 0xa2, 0x18,
    0xa3, 0x18, 0x82, 0x10, 0xa2, 0x18, 0xa2, 0x10, 0xa2, 0x18, 0xa2, 0x18,
    0x82, 0x18, 0xa2, 0x18, 0xa2, 0x18, 0xa2, 0x10, 0xa2, 0x18, 0xa1, 0x10,
    0x82, 0x18, 0xa2, 0x18, 0xa2, 0x18, 0x82, 0x10, 0xa2, 0x18, 0xa2, 0x18,
    0x82, 0x18, 0x82, 0x18, 0xa2, 0x10, 0xa2, 0x18, 0x82, 0x18, 0xa2, 0x18,
    0xa2, 0x10, 0xa2, 0x10, 0x81, 0x18, 0x82, 0x18, 0xa2, 0x18, 0x81, 0x10,
    0xa2, 0x10, 0x82, 0x18, 0x81, 0x10, 0x82, 0x10, 0x82, 0x18, 0xa2, 0x18,
    0x82, 0x18, 0x81, 0x10, 0x82, 0x18, 0x82, 0x10, 0x82, 0x18, 0x82, 0x10,
    0x81, 0x18, 0x82, 0x18, 0x82, 0x10, 0xa2, 0x18, 0x81, 0x10, 0x82, 0x18,
    0x81, 0x18, 0xa2, 0x10, 0x81, 0x10, 0x81, 0x10, 0x81, 0x10, 0x82, 0x10,
    0x81, 0x10, 0xa2, 0x18, 0x81, 0x10, 0x82, 0x18, 0x82, 0x10, 0x81, 0x10,
    0x82, 0x18, 0xa2, 0x18, 0x81, 0x18, 0x81, 0x18, 0xa2, 0x18, 0xa2, 0x20,
    0x84, 0x51, 0x09, 0xb3, 0x43, 0x71, 0xc1, 0x58, 0xe1, 0x58, 0x80, 0x48,
    0x80, 0x48, 0x60, 0x40, 0x60, 0x38, 0xa1, 0x38, 0xb1, 0xd4, 0xf6, 0xf5,
    0x57, 0xfe, 0x37, 0xf6, 0x94, 0xe5, 0x94, 0xe5, 0x32, 0xd5, 0x73, 0xdd,
    0xf1, 0xcc, 0x89, 0x72, 0xea, 0x82, 0x6c, 0x93, 0x4c, 0x83, 0x0b, 0x83,
    0x2b, 0x83, 0x8c, 0x93, 0x6c, 0x93, 0x4c, 0x8b, 0xef, 0xa3, 0x8d, 0x93,
    0xea, 0x7a, 0xaa, 0x72, 0x48, 0x6a, 0x68, 0x6a, 0x28, 0x62, 0x28, 0x5a,
    0x28, 0x62, 0x89, 0x72, 0x68, 0x72, 0xa5, 0x51, 0x44, 0x41, 0x85, 0x49,
    0x44, 0x41, 0x65, 0x41, 0xa6, 0x51, 0xc6, 0x51, 0x48, 0x6a, 0xc6, 0x59,
    0x07, 0x5a, 0x07, 0x62, 0x27, 0x62, 0xa5, 0x51, 0x07, 0x5a, 0xe6, 0x59,
    0x27, 0x62, 0xe6, 0x59, 0x2b, 0x93, 0x2e, 0xbc, 0x6f, 0xc4, 0xb1, 0xd4,
    0x70, 0xcc, 0x2f, 0xc4, 0x4f, 0xcc, 0x48, 0x7a, 0x20, 0x28, 0x84, 0x61,
    0x23, 0x49, 0x81, 0x18, 0x61, 0x18, 0x61, 0x18, 0x81, 0x18, 0x82, 0x18,
    0x61, 0x10, 0x81, 0x18, 0x81, 0x18, 0x61, 0x10, 0x81, 0x10, 0x81, 0x10,
    0x61, 0x10, 0x61, 0x10, 0x61, 0x10, 0x61, 0x10, 0x81, 0x18, 0x61, 0x10,
    0x81, 0x10, 0x61, 0x18, 0x61, 0x10, 0x61, 0x10, 0x61, 0x10, 0x81, 0x10,
    0x61, 0x10, 0x61, 0x10, 0x62, 0x10, 0x61, 0x10, 0x61, 0x10, 0x61, 0x10,
    0x61, 0x18, 0x61, 0x10, 0x81, 0x10, 0x61, 0x10, 0x61, 0x10, 0x81, 0x18,
    0x61, 0x10, 0x61, 0x10, 0x81, 0x10, 0x61, 0x10, 0x61, 0x10, 0x61, 0x10,
    0x61, 0x18, 0x61, 0x10, 0x61, 0x10, 0x61, 0x10, 0x81, 0x10, 0x61, 0x10,
    0x61, 0x10, 0x81, 0x10, 0x61, 0x10, 0x61, 0x10, 0x61, 0x10, 0x61, 0x10,
    0x81, 0x10, 0x61, 0x10, 0x61, 0x10, 0x61, 0x10, 0x81, 0x10, 0x61, 0x10,
    0x61, 0x10, 0x61, 0x10, 0x81, 0x10, 0x61, 0x08, 0x61, 0x10, 0x81, 0x10,
    0x61, 0x10, 0x61, 0x10, 0x81, 0x10, 0x61, 0x10, 0x61, 0x10, 0x82, 0x10,
    0x81, 0x10, 0x61, 0x10, 0x62, 0x10, 0x81, 0x10, 0x81, 0x10, 0x81, 0x10,
    0x81, 0x10, 0x61, 0x10, 0x61, 0x10, 0x82, 0x10, 0x81, 0x10, 0x82, 0x10,
    0x61, 0x10, 0x61, 0x10, 0x62, 0x10, 0x61, 0x10, 0x81, 0x10, 0x81, 0x10,
    0x62, 0x10, 0x81, 0x10, 0x62, 0x10, 0x81, 0x10, 0x61, 0x10, 0x82, 0x10,
    0xa2, 0x18, 0xa3, 0x18, 0xc2, 0x18, 0xa2, 0x18, 0xa3, 0x18, 0xc2, 0x18,
    0xa2, 0x18, 0xa2, 0x18, 0xa2, 0x18, 0xa2, 0x18, 0xa2, 0x18, 0xa2, 0x10,
    0xa2, 0x18, 0xa2, 0x18, 0xa2, 0x18, 0xa2, 0x10, 0x82, 0x10, 0xa2, 0x18,
    0x81, 0x18, 0xa2, 0x18, 0xa2, 0x10, 0x82, 0x18, 0xa2, 0x10, 0x82, 0x18,
    0x82, 0x10, 0xa1, 0x10, 0xa2, 0x18, 0x82, 0x18, 0xa2, 0x10, 0x81, 0x10,
    0x82, 0x18, 0x82, 0x10, 0xa2, 0x18, 0x81, 0x10, 0x82, 0x10, 0x82, 0x18,
    0xa1, 0x18, 0x82, 0x18, 0xa2, 0x10, 0x82, 0x10, 0xa2, 0x18, 0x81, 0x18,
    0xa2, 0x10, 0xa2, 0x18, 0x82, 0x18, 0x81, 0x10, 0x81, 0x10, 0x82, 0x18,
    0x81, 0x10, 0xa2, 0x18, 0x82, 0x10, 0xa2, 0x18, 0x81, 0x10, 0x81, 0x10,
    0x82, 0x18, 0x82, 0x10, 0x81, 0x18, 0x81, 0x18, 0x81, 0x10, 0x82, 0x10,
    0x81, 0x10, 0x82, 0x18, 0x82, 0x10, 0x82, 0x10, 0x82, 0x18, 0x81, 0x10,
    0x81, 0x18, 0x82, 0x18, 0x81, 0x10, 0x81, 0x18, 0x82, 0x18, 0x81, 0x18,
    0xa2, 0x10, 0x82, 0x18, 0xa1, 0x18, 0xa2, 0x18, 0xa2, 0x20, 0xc2, 0x28,
    0x09, 0xab, 0x05, 0x8a, 0xc1, 0x58, 0x01, 0x61, 0xc1, 0x58, 0x80, 0x48,
    0x81, 0x48, 0x81, 0x40, 0x60, 0x38, 0x60, 0x38, 0x90, 0xcc, 0xf6, 0xf5,
    0xf6, 0xf5, 0x33, 0xdd, 0x73, 0xe5, 0x74, 0xe5, 0xd1, 0xcc, 0x32, 0xd5,
    0xd1, 0xcc, 0xd1, 0xc4, 0xcd, 0xa3, 0x88, 0x6a, 0x0a, 0x83, 0x69, 0x6a,
    0x4c, 0x83, 0xaa, 0x72, 0x89, 0x6a, 0xea, 0x7a, 0x0b, 0x83, 0x0b, 0x83,
    0xaa, 0x72, 0x68, 0x6a, 0x48, 0x62, 0x07, 0x5a, 0xe6, 0x51, 0x85, 0x49,
    0xc6, 0x51, 0x48, 0x6a, 0x27, 0x62, 0xa6, 0x51, 0x85, 0x49, 0x65, 0x41,
    0x04, 0x39, 0x24, 0x39, 0x65, 0x49, 0x44, 0x41, 0xe6, 0x59, 0xa5, 0x49,
    0x85, 0x49, 0xa6, 0x49, 0xa5, 0x49, 0x65, 0x49, 0x07, 0x5a, 0xe6, 0x59,
    0xc6, 0x59, 0x2a, 0x93, 0xed, 0xab, 0x90, 0xcc, 0x6f, 0xc4, 0xb0, 0xcc,
    0x90, 0xcc, 0x90, 0xcc, 0x2f, 0xc4, 0x28, 0x72, 0xa1, 0x40, 0x40, 0x28,
    0xc4, 0x71, 0x43, 0x51, 0x81, 0x18, 0x61, 0x18, 0x61, 0x10, 0x81, 0x10,
    0x82, 0x18, 0x81, 0x18, 0x61, 0x10, 0x82, 0x10, 0x82, 0x18, 0x61, 0x10,
    0x81, 0x10, 0x81, 0x18, 0x81, 0x10, 0x61, 0x10, 0x61, 0x10, 0x61, 0x10,
    0x61, 0x10, 0x61, 0x10, 0x81, 0x18, 0x61, 0x10, 0x61, 0x18, 0x61, 0x10,
    0x61, 0x18, 0x81, 0x18, 0x61, 0x10, 0x61, 0x18, 0x81, 0x10, 0x62, 0x10,
    0x61, 0x10, 0x81, 0x10, 0x61, 0x18, 0x61, 0x10, 0x61, 0x10, 0x81, 0x10,
    0x61, 0x10, 0x81, 0x10, 0x61, 0x10, 0x81, 0x10, 0x61, 0x18, 0x61, 0x10,
    0x81, 0x10, 0x61, 0x10, 0x81, 0x10, 0x61, 0x10, 0x61, 0x10, 0x61, 0x10,
    0x81, 0x10, 0x61, 0x10, 0x61, 0x10, 0x61, 0x10, 0x61, 0x10, 0x61, 0x10,
    0x61, 0x10, 0x81, 0x10, 0x61, 0x08, 0x61, 0x10, 0x61, 0x10, 0x61, 0x10,
    0x81, 0x10, 0x82, 0x10, 0x61, 0x10, 0x61, 0x08, 0x81, 0x10, 0x61, 0x10,
    0x61, 0x08, 0x81, 0x10, 0x81, 0x10, 0x61, 0x10, 0x61, 0x08, 0x81, 0x10,
    0x61, 0x10, 0x81, 0x10, 0x61, 0x10, 0x61, 0x10, 0x81, 0x10, 0x61, 0x10,
    0x81, 0x10, 0x61, 0x10, 0x81, 0x10, 0x61, 0x10, 0x81, 0x10, 0x61, 0x10,
    0x82, 0x10, 0x81, 0x10, 0x81, 0x10, 0x81, 0x10, 0x81, 0x10, 0x81, 0x10,
    0x81, 0x18, 0x81, 0x10, 0x81, 0x10, 0x82, 0x10, 0x61, 0x10, 0x81, 0x10,
    0xa2, 0x18, 0xa2, 0x18, 0xa3, 0x18, 0xc2, 0x18, 0xa2, 0x18, 0xa3, 0x18,
    0xa2, 0x18, 0xa3, 0x18, 0xa3, 0x18, 0xa2, 0x10, 0xa3, 0x18, 0xa2, 0x18,
    0xa2, 0x10, 0xa2, 0x18, 0xa2, 0x18, 0x82, 0x18, 0xa2, 0x18, 0xa2, 0x18,
    0xa2, 0x18, 0xa2, 0x18, 0xa2, 0x18, 0xa1, 0x18, 0xa2, 0x18, 0xa2, 0x18,
    0xa2, 0x18, 0xa2, 0x10, 0x82, 0x18, 0x82, 0x18, 0xa2, 0x10, 0x82, 0x10,
    0x82, 0x18, 0xa2, 0x10, 0x82, 0x18, 0xa2, 0x18, 0x82, 0x10, 0xa2, 0x18,
    0x82, 0x10, 0x82, 0x10, 0x81, 0x18, 0xa2, 0x18, 0x82, 0x10, 0x82, 0x10,
    0x81, 0x10, 0xa2, 0x18, 0x82, 0x18, 0x82, 0x18, 0x81, 0x10, 0xa1, 0x18,
    0x82, 0x18, 0x81, 0x10, 0x81, 0x10, 0x82, 0x18, 0x82, 0x18, 0x82, 0x10,
    0x81, 0x10, 0x82, 0x18, 0x82, 0x18, 0x81, 0x10, 0x82, 0x18, 0x82, 0x18,
    0x82, 0x10, 0x81, 0x10, 0x81, 0x18, 0xa2, 0x18, 0x82, 0x18, 0x81, 0x18,
    0x82, 0x18, 0x82, 0x10, 0x81, 0x18, 0x81, 0x18, 0xa2, 0x18, 0x82, 0x10,
    0xa2, 0x18, 0x82, 0x18, 0x82, 0x18, 0xa2, 0x18, 0xa2, 0x20, 0x67, 0x82,
    0x29, 0xbb, 0x42, 0x69, 0x01, 0x61, 0xc1, 0x58, 0xc1, 0x58, 0xa0, 0x50,
    0x80, 0x48, 0x80, 0x40, 0x61, 0x38, 0x40, 0x38, 0x4f, 0xbc, 0xd5, 0xf5,
    0xf6, 0xf5, 0xf6, 0xf5, 0x94, 0xe5, 0x73, 0xdd, 0x33, 0xdd, 0xf1, 0xd4,
    0x12, 0xd5, 0xf1, 0xcc, 0xf1, 0xcc, 0x4f, 0xb4, 0x28, 0x62, 0x48, 0x62,
    0x48, 0x6a, 0x89, 0x6a, 0x28, 0x62, 0x89, 0x6a, 0xa9, 0x72, 0x48, 0x62,
    0x48, 0x62, 0xc6, 0x51, 0xe6, 0x51, 0x85, 0x49, 0x44, 0x41, 0x24, 0x39,
    0x44, 0x39, 0xc6, 0x51, 0xa6, 0x51, 0x24, 0x39, 0x45, 0x41, 0x03, 0x31,
    0x24, 0x39, 0x24, 0x39, 0x03, 0x39, 0x24, 0x39, 0xc6, 0x51, 0x44, 0x39,
    0x24, 0x39, 0x03, 0x31, 0xc6, 0x51, 0x48, 0x62, 0x07, 0x62, 0xe6, 0x59,
    0x4b, 0x93, 0x2e, 0xb4, 0x6f, 0xc4, 0x8f, 0xc4, 0xd0, 0xd4, 0xf1, 0xdc,
    0xf1, 0xdc, 0xb1, 0xd4, 0x50, 0xcc, 0x28, 0x72, 0x81, 0x40, 0xc1, 0x40,
    0xa1, 0x40, 0xe4, 0x79, 0x23, 0x49, 0x82, 0x18, 0x61, 0x18, 0x81, 0x18,
    0x61, 0x10, 0x61, 0x10, 0x81, 0x18, 0x61, 0x10, 0x61, 0x18, 0x81, 0x18,
    0x61, 0x10, 0x61, 0x10, 0x82, 0x18, 0x61, 0x18, 0x61, 0x10, 0x81, 0x10,
    0x81, 0x10, 0x61, 0x18, 0x61, 0x10, 0x81, 0x10, 0x61, 0x10, 0x61, 0x10,
    0x81, 0x18, 0x81, 0x10, 0x61, 0x10, 0x61, 0x10, 0x81, 0x10, 0x61, 0x18,
    0x61, 0x18, 0x81, 0x10, 0x81, 0x18, 0x81, 0x18, 0x61, 0x10, 0x81, 0x10,
    0x81, 0x10, 0x61, 0x10, 0x81, 0x18, 0x81, 0x10, 0x61, 0x10, 0x81, 0x10,
    0x61, 0x10, 0x81, 0x10, 0x61, 0x10, 0x81, 0x10, 0x61, 0x10, 0x81, 0x10,
    0x61, 0x10, 0x61, 0x10, 0x61, 0x10, 0x81, 0x10, 0x61, 0x10, 0x61, 0x10,
    0x61, 0x10, 0x61, 0x10, 0x81, 0x10, 0x61, 0x10, 0x61, 0x10, 0x61, 0x10,
    0x81, 0x10, 0x61, 0x10, 0x81, 0x10, 0x61, 0x10, 0x61, 0x10, 0x61, 0x10,
    0x61, 0x10, 0x61, 0x10, 0x61, 0x10, 0x61, 0x10, 0x61, 0x10, 0x81, 0x10,
    0x62, 0x10, 0x61, 0x10, 0x61, 0x10, 0x61, 0x10, 0x61, 0x10, 0x81, 0x10,
    0x62, 0x10, 0x82, 0x10, 0x61, 0x10, 0x82, 0x10, 0x61, 0x10, 0x61, 0x10,
    0x81, 0x10, 0x61, 0x10, 0x61, 0x10, 0x82, 0x10, 0x81, 0x10, 0x61, 0x10,
    0x81, 0x10, 0x82, 0x10, 0x82, 0x10, 0x62, 0x10, 0x61, 0x10, 0x81, 0x10,
    0xc2, 0x18, 0xa2, 0x10, 0xa3, 0x18, 0xa2, 0x18, 0xa2, 0x10, 0xc3, 0x18,
    0xa2, 0x10, 0xa2, 0x18, 0xa2, 0x18, 0xa2, 0x18, 0xa2, 0x18, 0xa2, 0x18,
    0xa2, 0x18, 0xa2, 0x10, 0xa2, 0x18, 0xa2, 0x10, 0xa2, 0x10, 0xa2, 0x10,
    0x82, 0x18, 0x82, 0x10, 0xa1, 0x10, 0xa2, 0x18, 0x82, 0x18, 0xa2, 0x10,
    0x82, 0x18, 0x82, 0x18, 0xa2, 0x10, 0xa2, 0x10, 0x82, 0x18, 0xa2, 0x18,
    0x82, 0x10, 0xa2, 0x18, 0x81, 0x10, 0xa2, 0x18, 0xa2, 0x18, 0x81, 0x10,
    0x81, 0x10, 0xa2, 0x18, 0x81, 0x18, 0xa2, 0x18, 0x82, 0x10, 0x81, 0x18,
    0x82, 0x18, 0x82, 0x10, 0x81, 0x10, 0x82, 0x10, 0x82, 0x18, 0x82, 0x10,
    0x82, 0x10, 0xa2, 0x18, 0x81, 0x10, 0x81, 0x10, 0x82, 0x18, 0x82, 0x10,
    0x81, 0x10, 0x82, 0x18, 0x82, 0x18, 0x82, 0x10, 0x81, 0x10, 0x82, 0x18,
    0x81, 0x18, 0x82, 0x10, 0x81, 0x18, 0x81, 0x10, 0x82, 0x10, 0x81, 0x18,
    0x81, 0x10, 0x81, 0x18, 0x82, 0x10, 0x82, 0x18, 0x82, 0x10, 0x81, 0x10,
    0x81, 0x18, 0x81, 0x18, 0xa2, 0x18, 0x81, 0x18, 0xc2, 0x28, 0x49, 0xbb,
    0x46, 0x9a, 0xc1, 0x58, 0x42, 0x69, 0xc1, 0x58, 0xa0, 0x50, 0x80, 0x50,
    0x60, 0x40, 0x40, 0x38, 0x40, 0x38, 0x40, 0x30, 0x2f, 0xbc, 0xd5, 0xf5,
    0xf6, 0xf5, 0xf6, 0xf5, 0x16, 0xf6, 0x94, 0xe5, 0x74, 0xe5, 0x32, 0xdd,
    0x32, 0xd5, 0x53, 0xdd, 0xf1, 0xd4, 0x90, 0xc4, 0xee, 0xb3, 0x89, 0x72,
    0xe7, 0x59, 0x07, 0x5a, 0xe7, 0x51, 0xe7, 0x51, 0x07, 0x5a, 0x45, 0x41,
    0x65, 0x41, 0x44, 0x39, 0x04, 0x39, 0x45, 0x39, 0x03, 0x39, 0xe3, 0x30,
    0xc3, 0x28, 0x24, 0x39, 0x44, 0x41, 0x45, 0x39, 0xe3, 0x30, 0xc3, 0x28,
    0x03, 0x31, 0xc3, 0x28, 0x03, 0x31, 0xe3, 0x28, 0x04, 0x31, 0x24, 0x39,
    0x65, 0x49, 0x85, 0x49, 0xc6, 0x59, 0x28, 0x6a, 0x48, 0x6a, 0xed, 0xab,
    0x4f, 0xbc, 0x6f, 0xbc, 0x6f, 0xc4, 0xd0, 0xd4, 0xf1, 0xdc, 0xf1, 0xdc,
    0xf2, 0xdc, 0xb1, 0xd4, 0x70, 0xcc, 0x27, 0x6a, 0x40, 0x38, 0xe2, 0x50,
    0xa1, 0x40, 0x02, 0x51, 0xc4, 0x71, 0x23, 0x49, 0x81, 0x18, 0x61, 0x10,
    0x81, 0x10, 0x61, 0x10, 0x81, 0x18, 0x61, 0x10, 0x81, 0x10, 0x81, 0x10,
    0x61, 0x10, 0x61, 0x10, 0x61, 0x10, 0x81, 0x10, 0x61, 0x18, 0x81, 0x10,
    0x81, 0x10, 0x61, 0x10, 0x61, 0x10, 0x81, 0x18, 0x81, 0x18, 0x61, 0x10,
    0x61, 0x10, 0x81, 0x10, 0x81, 0x10, 0x81, 0x10, 0x61, 0x10, 0x82, 0x10,
    0x61, 0x10, 0x61, 0x10, 0x81, 0x10, 0x61, 0x10, 0x61, 0x10, 0x81, 0x10,
    0x61, 0x10, 0x61, 0x10, 0x61, 0x10, 0x61, 0x10, 0x61, 0x10, 0x81, 0x18,
    0x61, 0x10, 0x81, 0x10, 0x81, 0x10, 0x61, 0x10, 0x61, 0x10, 0x61, 0x10,
    0x61, 0x10, 0x61, 0x10, 0x81, 0x10, 0x61, 0x10, 0x61, 0x10, 0x81, 0x10,
    0x61, 0x10, 0x61, 0x10, 0x81, 0x10, 0x61, 0x10, 0x61, 0x10, 0x81, 0x10,
    0x61, 0x10, 0x61, 0x08, 0x61, 0x10, 0x81, 0x10, 0x61, 0x10, 0x61, 0x10,
    0x61, 0x08, 0x61, 0x10, 0x61, 0x10, 0x61, 0x10, 0x61, 0x10, 0x61, 0x10,
    0x61, 0x10, 0x81, 0x10, 0x81, 0x10, 0x81, 0x10, 0x61, 0x10, 0x82, 0x10,
    0x61, 0x10, 0x61, 0x10, 0x81, 0x10, 0x81, 0x10, 0x61, 0x10, 0x81, 0x10,
    0x81, 0x10, 0x61, 0x10, 0x61, 0x10, 0x61, 0x10, 0x81, 0x10, 0x81, 0x10,
    0x81, 0x10, 0x61, 0x10, 0x81, 0x10, 0x81, 0x18, 0x82, 0x10, 0x81, 0x10,
    0xa2, 0x18, 0xa3, 0x18, 0xc2, 0x18, 0xa2, 0x18, 0xa2, 0x18, 0xa2, 0x18,
    0xa2, 0x18, 0xa2, 0x10, 0xa2, 0x18, 0xa2, 0x18, 0xa2, 0x10, 0xa2, 0x10,
    0xa2, 0x18, 0x82, 0x18, 0x82, 0x18, 0xa2, 0x18, 0xa2, 0x18, 0x82, 0x18,
    0x82, 0x10, 0x82, 0x18, 0xa2, 0x18, 0xa2, 0x18, 0x82, 0x18, 0x82, 0x18,
    0xa2, 0x10, 0xa2, 0x18, 0x82, 0x10, 0x81, 0x18, 0xa2, 0x18, 0x81, 0x10,
    0xa2, 0x18, 0x82, 0x18, 0xa2, 0x10, 0x81, 0x10, 0x82, 0x18, 0x82, 0x18,
    0x81, 0x18, 0x82, 0x18, 0xa2, 0x10, 0x81, 0x10, 0xa2, 0x10, 0x82, 0x18,
    0x81, 0x18, 0x82, 0x10, 0xa2, 0x18, 0x81, 0x10, 0x81, 0x10, 0x81, 0x10,
    0x82, 0x18, 0x82, 0x18, 0x82, 0x18, 0xa1, 0x18, 0x82, 0x18, 0x81, 0x10,
    0x82, 0x10, 0xa1, 0x18, 0x81, 0x10, 0x82, 0x18, 0x81, 0x10, 0x81, 0x18,
    0x82, 0x10, 0x82, 0x18, 0x82, 0x18, 0x81, 0x10, 0x82, 0x18, 0x81, 0x18,
    0x81, 0x10, 0xa2, 0x18, 0x81, 0x18, 0x81, 0x10, 0x82, 0x18, 0x81, 0x18,
    0x82, 0x10, 0xa2, 0x18, 0xa2, 0x18, 0xa1, 0x20, 0x06, 0x72, 0x49, 0xbb,
    0x63, 0x71, 0x02, 0x59, 0x02, 0x69, 0xc1, 0x58, 0x80, 0x48, 0x80, 0x40,
    0x21, 0x30, 0x40, 0x28, 0x20, 0x28, 0x21, 0x28, 0x0e, 0xb4, 0xd5, 0xf5,
    0xf6, 0xf5, 0x95, 0xed, 0xf6, 0xed, 0xd5, 0xed, 0x32, 0xdd, 0xf1, 0xd4,
    0x32, 0xdd, 0x73, 0xdd, 0x94, 0xe5, 0x52, 0xdd, 0x90, 0xcc, 0x6f, 0xcc,
    0xcd, 0xb3, 0x68, 0x6a, 0x85, 0x49, 0xe7, 0x59, 0x27, 0x62, 0xe6, 0x51,
    0xa6, 0x51, 0x85, 0x49, 0xc6, 0x51, 0x65, 0x41, 0x65, 0x41, 0x44, 0x41,
    0x65, 0x49, 0x85, 0x49, 0x44, 0x41, 0x65, 0x49, 0x65, 0x41, 0x44, 0x41,
    0x24, 0x41, 0x44, 0x41, 0xc6, 0x51, 0xa6, 0x51, 0xc6, 0x51, 0x65, 0x49,
    0x85, 0x51, 0x27, 0x6a, 0xc6, 0x59, 0x88, 0x72, 0x8c, 0xa3, 0x6f, 0xc4,
    0x6f, 0xc4, 0x90, 0xc4, 0x6f, 0xc4, 0x90, 0xcc, 0xd1, 0xd4, 0x12, 0xdd,
    0xb1, 0xd4, 0xb0, 0xd4, 0x4f, 0xcc, 0x48, 0x72, 0x40, 0x38, 0x81, 0x40,
    0x22, 0x59, 0x40, 0x30, 0x84, 0x69, 0xa4, 0x71, 0x03, 0x41, 0x81, 0x18,
    0x61, 0x18, 0x82, 0x18, 0x81, 0x10, 0x61, 0x18, 0x61, 0x18, 0x61, 0x18,
    0x81, 0x18, 0x81, 0x10, 0x61, 0x10, 0x61, 0x10, 0x81, 0x18, 0x62, 0x18,
    0x61, 0x10, 0x81, 0x10, 0x61, 0x10, 0x61, 0x10, 0x61, 0x10, 0x81, 0x10,
    0x61, 0x10, 0x61, 0x18, 0x81, 0x10, 0x61, 0x10, 0x61, 0x10, 0x81, 0x10,
    0x61, 0x10, 0x61, 0x18, 0x61, 0x10, 0x61, 0x18, 0x61, 0x10, 0x81, 0x10,
    0x61, 0x10, 0x61, 0x10, 0x61, 0x10, 0x61, 0x18, 0x61, 0x18, 0x61, 0x10,
    0x61, 0x10, 0x61, 0x10, 0x81, 0x10, 0x61, 0x10, 0x61, 0x10, 0x81, 0x10,
    0x61, 0x10, 0x61, 0x10, 0x81, 0x08, 0x81, 0x10, 0x61, 0x08, 0x61, 0x10,
    0x81, 0x08, 0x61, 0x10, 0x61, 0x10, 0x61, 0x10, 0x61, 0x10, 0x61, 0x10,
    0x61, 0x10, 0x61, 0x10, 0x61, 0x10, 0x61, 0x10, 0x61, 0x08, 0x81, 0x10,
    0x81, 0x08, 0x61, 0x10, 0x81, 0x10, 0x61, 0x10, 0x81, 0x10, 0x61, 0x10,
    0x61, 0x10, 0x81, 0x10, 0x61, 0x10, 0x61, 0x10, 0x81, 0x10, 0x61, 0x10,
    0x82, 0x10, 0x61, 0x10, 0x81, 0x10, 0x81, 0x10, 0x62, 0x10, 0x81, 0x10,
    0x61, 0x10, 0x62, 0x10, 0x81, 0x10, 0x81, 0x10, 0x61, 0x10, 0x81, 0x10,
    0x82, 0x18, 0x82, 0x10, 0x61, 0x10, 0x61, 0x10, 0x82, 0x10, 0x81, 0x10,
    0xa2, 0x18, 0xa2, 0x18, 0xa3, 0x18, 0xc2, 0x18, 0xa2, 0x10, 0xa3, 0x18,
    0xa2, 0x18, 0xc2, 0x18, 0xa2, 0x10, 0xa2, 0x18, 0xa2, 0x18, 0xa2, 0x18,
    0xa2, 0x10, 0xa2, 0x18, 0xa2, 0x18, 0xa2, 0x10, 0xa2, 0x18, 0xa2, 0x18,
    0xa2, 0x18, 0xa2, 0x18, 0xa2, 0x18, 0x82, 0x18, 0xa2, 0x18, 0x82, 0x18,
    0xa2, 0x18, 0x82, 0x10, 0x82, 0x18, 0xa2, 0x18, 0xa2, 0x10, 0xa2, 0x18,
    0xa2, 0x18, 0x82, 0x18, 0xa2, 0x18, 0x82, 0x18, 0xa2, 0x18, 0x82, 0x10,
    0xa2, 0x18, 0x82, 0x10, 0x81, 0x10, 0xa2, 0x18, 0x82, 0x10, 0xa2, 0x10,
    0xa2, 0x18, 0x82, 0x10, 0x82, 0x18, 0xa2, 0x18, 0x82, 0x18, 0x81, 0x10,
    0x81, 0x10, 0x82, 0x18, 0x82, 0x10, 0xa2, 0x10, 0x81, 0x10, 0x82, 0x10,
    0x82, 0x18, 0x82, 0x18, 0x81, 0x10, 0x81, 0x10, 0xa2, 0x18, 0x81, 0x10,
    0x81, 0x10, 0x82, 0x18, 0xa1, 0x10, 0xa2, 0x18, 0x82, 0x10, 0x82, 0x10,
    0x81, 0x18, 0x82, 0x10, 0x81, 0x10, 0x81, 0x18, 0xa1, 0x18, 0xa2, 0x18,
    0x82, 0x18, 0xa1, 0x18, 0xa2, 0x18, 0xa2, 0x20, 0x49, 0xb3, 0x87, 0xa2,
    0xe1, 0x58, 0x02, 0x59, 0xc0, 0x58, 0xa0, 0x58, 0x40, 0x38, 0x40, 0x30,
    0x21, 0x28, 0x20, 0x18, 0x00, 0x10, 0x21, 0x18, 0xad, 0xab, 0xb5, 0xf5,
    0x37, 0xf6, 0x17, 0xf6, 0xd6, 0xed, 0xd5, 0xed, 0xb5, 0xed, 0x53, 0xdd,
    0x53, 0xdd, 0xb4, 0xe5, 0x73, 0xdd, 0x32, 0xdd, 0xd0, 0xcc, 0x6f, 0xc4,
    0xee, 0xbb, 0x8c, 0xa3, 0xcc, 0xa3, 0xea, 0x82, 0xc6, 0x59, 0x07, 0x5a,
    0xe7, 0x59, 0x48, 0x6a, 0x27, 0x62, 0x47, 0x6a, 0x27, 0x6a, 0x27, 0x6a,
    0xe6, 0x61, 0xe6, 0x61, 0x27, 0x62, 0x06, 0x62, 0xe6, 0x61, 0xe6, 0x61,
    0xc6, 0x59, 0xc6, 0x59, 0xc6, 0x51, 0x64, 0x49, 0x85, 0x51, 0x65, 0x49,
    0xc5, 0x59, 0x88, 0x7a, 0x4b, 0x93, 0x2e, 0xb4, 0x6f, 0xc4, 0x6f, 0xc4,
    0xb0, 0xcc, 0xb0, 0xcc, 0xd1, 0xd4, 0xf1, 0xdc, 0xf1, 0xdc, 0xd1, 0xdc,
    0xb1, 0xd4, 0x90, 0xd4, 0x70, 0xd4, 0x68, 0x7a, 0x40, 0x38, 0x40, 0x38,
    0x02, 0x59, 0xe2, 0x48, 0xa1, 0x40, 0x43, 0x61, 0xc5, 0x71, 0xe2, 0x38,
    0x81, 0x18, 0x81, 0x18, 0x61, 0x18, 0x81, 0x18, 0x82, 0x18, 0x61, 0x10,
    0x81, 0x10, 0x62, 0x18, 0x61, 0x10, 0x61, 0x10, 0x61, 0x10, 0x61, 0x10,
    0x61, 0x10, 0x61, 0x18, 0x81, 0x18, 0x61, 0x10, 0x61, 0x10, 0x61, 0x10,
    0x61, 0x10, 0x81, 0x18, 0x61, 0x10, 0x61, 0x10, 0x61, 0x10, 0x81, 0x10,
    0x61, 0x10, 0x61, 0x10, 0x61, 0x18, 0x61, 0x10, 0x61, 0x10, 0x61, 0x10,
    0x61, 0x10, 0x61, 0x10, 0x61, 0x10, 0x61, 0x10, 0x61, 0x10, 0x61, 0x10,
    0x61, 0x10, 0x81, 0x10, 0x61, 0x10, 0x81, 0x10, 0x61, 0x10, 0x61, 0x10,
    0x61, 0x10, 0x81, 0x10, 0x81, 0x10, 0x61, 0x10, 0x61, 0x10, 0x81, 0x10,
    0x61, 0x10, 0x61, 0x10, 0x81, 0x10, 0x61, 0x10, 0x81, 0x10, 0x61, 0x10,
    0x61, 0x08, 0x81, 0x10, 0x61, 0x10, 0x61, 0x10, 0x61, 0x10, 0x61, 0x10,
    0x81, 0x10, 0x81, 0x10, 0x61, 0x08, 0x61, 0x10, 0x81, 0x10, 0x61, 0x10,
    0x81, 0x10, 0x61, 0x10, 0x61, 0x10, 0x81, 0x10, 0x61, 0x10, 0x81, 0x10,
    0x81, 0x10, 0x81, 0x10, 0x81, 0x10, 0x82, 0x10, 0x61, 0x10, 0x62, 0x10,
    0x81, 0x10, 0x61, 0x10, 0x62, 0x10, 0x61, 0x10, 0x81, 0x10, 0x61, 0x10,
    0x61, 0x10, 0x81, 0x10, 0x81, 0x10, 0x82, 0x10, 0x81, 0x10, 0x81, 0x10,
    0xa2, 0x18, 0xa2, 0x18, 0xa3, 0x18, 0xa2, 0x18, 0xa2, 0x18, 0xa2, 0x18,
    0xa2, 0x18, 0xa2, 0x18, 0xa2, 0x18, 0xa2, 0x18, 0xa2, 0x10, 0xa2, 0x18,
    0xa2, 0x18, 0xa2, 0x10, 0x82, 0x10, 0xa2, 0x18, 0xa2, 0x18, 0x82, 0x10,
    0xa2, 0x10, 0xa1, 0x10, 0xa2, 0x18, 0xa2, 0x10, 0xa2, 0x18, 0x81, 0x10,
    0x82, 0x18, 0xa1, 0x10, 0xa2, 0x10, 0xa2, 0x18, 0x82, 0x18, 0x82, 0x18,
    0xa2, 0x10, 0xa2, 0x18, 0x81, 0x10, 0xa2, 0x18, 0xa2, 0x10, 0xa2, 0x18,
    0x82, 0x18, 0x82, 0x18, 0xa2, 0x18, 0x81, 0x18, 0x81, 0x10, 0x81, 0x10,
    0x82, 0x10, 0x81, 0x10, 0x81, 0x10, 0xa2, 0x18, 0x82, 0x10, 0x81, 0x10,
    0x82, 0x18, 0x82, 0x18, 0x82, 0x18, 0x81, 0x10, 0x81, 0x10, 0x82, 0x18,
    0x82, 0x18, 0x81, 0x10, 0x82, 0x18, 0x82, 0x18, 0x81, 0x10, 0x81, 0x10,
    0x82, 0x10, 0x81, 0x10, 0x81, 0x10, 0x81, 0x18, 0x81, 0x10, 0x82, 0x10,
    0x81, 0x18, 0x81, 0x10, 0x82, 0x18, 0x81, 0x18, 0x82, 0x18, 0xa1, 0x18,
    0x82, 0x18, 0xa2, 0x18, 0xa2, 0x20, 0x06, 0x72, 0xab, 0xcb, 0x05, 0x8a,
    0xa1, 0x50, 0xc1, 0x58, 0xc0, 0x58, 0xa0, 0x50, 0x20, 0x28, 0x21, 0x20,
    0x20, 0x18, 0x00, 0x08, 0x00, 0x10, 0x21, 0x18, 0x8c, 0xa3, 0x74, 0xed,
    0x16, 0xf6, 0x16, 0xf6, 0xd5, 0xed, 0x74, 0xe5, 0xd5, 0xed, 0xf6, 0xed,
    0x32, 0xd5, 0x12, 0xd5, 0x53, 0xdd, 0x53, 0xdd, 0xf2, 0xd4, 0x11, 0xd5,
    0xf1, 0xdc, 0x12, 0xdd, 0x2e, 0xbc, 0xcd, 0xa3, 0x0e, 0xac, 0xcd, 0xab,
    0x4b, 0x93, 0xea, 0x82, 0x88, 0x72, 0xa9, 0x7a, 0x68, 0x72, 0x27, 0x6a,
    0x07, 0x62, 0xe6, 0x61, 0xe6, 0x61, 0xe6, 0x61, 0xc6, 0x59, 0xc5, 0x59,
    0x64, 0x49, 0x65, 0x49, 0xc5, 0x51, 0xa5, 0x51, 0x27, 0x6a, 0x88, 0x7a,
    0x4b, 0x9b, 0xcc, 0xab, 0x0e, 0xb4, 0x6f, 0xbc, 0x8f, 0xc4, 0xb0, 0xcc,
    0x4f, 0xbc, 0xb0, 0xcc, 0xd0, 0xd4, 0x11, 0xdd, 0xf2, 0xdc, 0xd1, 0xd4,
    0x90, 0xd4, 0xb1, 0xd4, 0x4f, 0xcc, 0x69, 0x72, 0x40, 0x38, 0x40, 0x38,
    0xa0, 0x40, 0x22, 0x59, 0x60, 0x30, 0x43, 0x59, 0x22, 0x59, 0x05, 0x82,
    0xa4, 0x69, 0xc2, 0x30, 0x81, 0x18, 0x61, 0x10, 0x81, 0x18, 0x61, 0x10,
    0x61, 0x10, 0x61, 0x10, 0x81, 0x10, 0x81, 0x18, 0x61, 0x10, 0x61, 0x10,
    0x61, 0x10, 0x61, 0x10, 0x61, 0x10, 0x61, 0x10, 0x81, 0x18, 0x81, 0x10,
    0x61, 0x10, 0x61, 0x10, 0x61, 0x10, 0x61, 0x10, 0x61, 0x18, 0x61, 0x10,
    0x61, 0x10, 0x81, 0x10, 0x81, 0x10, 0x81, 0x18, 0x61, 0x10, 0x61, 0x10,
    0x81, 0x10, 0x61, 0x10, 0x81, 0x18, 0x61, 0x10, 0x81, 0x10, 0x61, 0x10,
    0x81, 0x10, 0x61, 0x10, 0x61, 0x10, 0x61, 0x18, 0x61, 0x10, 0x61, 0x10,
    0x61, 0x10, 0x61, 0x10, 0x61, 0x10, 0x61, 0x10, 0x61, 0x10, 0x61, 0x10,
    0x61, 0x10, 0x61, 0x10, 0x61, 0x10, 0x61, 0x10, 0x61, 0x10, 0x81, 0x10,
    0x61, 0x10, 0x61, 0x08, 0x81, 0x10, 0x81, 0x10, 0x81, 0x08, 0x61, 0x10,
    0x61, 0x10, 0x61, 0x10, 0x61, 0x10, 0x81, 0x10, 0x81, 0x10, 0x61, 0x10,
    0x62, 0x10, 0x61, 0x10, 0x81, 0x10, 0x82, 0x10, 0x61, 0x10, 0x81, 0x10,
    0x61, 0x10, 0x61, 0x10, 0x61, 0x10, 0x81, 0x10, 0x81, 0x10, 0x61, 0x10,
    0x81, 0x10, 0x61, 0x10, 0x81, 0x10, 0x81, 0x10, 0x81, 0x10, 0x61, 0x10,
    0x81, 0x10, 0x81, 0x10, 0x62, 0x10, 0x81, 0x10, 0x81, 0x10, 0x81, 0x10,
    0xa2, 0x18, 0xa3, 0x18, 0xc2, 0x18, 0xc2, 0x18, 0xa2, 0x18, 0xc3, 0x18,
    0xa2, 0x18, 0xa2, 0x18, 0xa2, 0x10, 0xa3, 0x18, 0xa2, 0x18, 0xa2, 0x10,
    0xa2, 0x18, 0xa2, 0x18, 0xa2, 0x18, 0xa2, 0x18, 0xa2, 0x18, 0x82, 0x10,
    0xa2, 0x18, 0xa2, 0x18, 0x82, 0x10, 0xa2, 0x18, 0x82, 0x18, 0x82, 0x18,
    0x82, 0x10, 0xa2, 0x18, 0x82, 0x18, 0x82, 0x10, 0xa2, 0x10, 0xa2, 0x18,
    0x81, 0x10, 0x82, 0x10, 0xa2, 0x18, 0xa1, 0x18, 0x82, 0x10, 0x82, 0x18,
    0xa1, 0x18, 0x81, 0x10, 0x82, 0x18, 0x82, 0x10, 0x82, 0x10, 0x82, 0x18,
    0x81, 0x18, 0x81, 0x10, 0x82, 0x10, 0x82, 0x18, 0x81, 0x10, 0x81, 0x10,
    0xa2, 0x18, 0x82, 0x18, 0x81, 0x10, 0x82, 0x10, 0x82, 0x18, 0x81, 0x10,
    0xa2, 0x10, 0x81, 0x10, 0x81, 0x18, 0x82, 0x10, 0x82, 0x18, 0x81, 0x10,
    0x82, 0x18, 0x82, 0x10, 0x82, 0x18, 0x81, 0x18, 0x82, 0x10, 0x82, 0x18,
    0x81, 0x18, 0x82, 0x10, 0x81, 0x18, 0x82, 0x18, 0x82, 0x10, 0x81, 0x18,
    0xa1, 0x18, 0xa2, 0x18, 0xa2, 0x20, 0x08, 0xa3, 0x8b, 0xcb, 0xa4, 0x79,
    0xa1, 0x48, 0xc1, 0x50, 0x80, 0x50, 0x60, 0x40, 0x21, 0x18, 0x00, 0x10,
    0x00, 0x08, 0x00, 0x08, 0x20, 0x08, 0x81, 0x28, 0x4b, 0xa3, 0x33, 0xe5,
    0xd5, 0xf5, 0xf6, 0xf5, 0xb5, 0xed, 0xf6, 0xed, 0x94, 0xe5, 0x73, 0xe5,
    0xb5, 0xe5, 0x53, 0xdd, 0xd1, 0xcc, 0x53, 0xdd, 0x73, 0xdd, 0x73, 0xe5,
    0x73, 0xdd, 0x32, 0xdd, 0x12, 0xd5, 0x32, 0xdd, 0xb0, 0xc4, 0x4e, 0xbc,
    0x8f, 0xc4, 0x8f, 0xc4, 0x6e, 0xbc, 0xac, 0xa3, 0x6b, 0x9b, 0xe9, 0x82,
    0x2a, 0x8b, 0x0a, 0x8b, 0xc9, 0x7a, 0xc9, 0x82, 0xa8, 0x7a, 0xa8, 0x7a,
    0xe9, 0x82, 0x0a, 0x8b, 0x0a, 0x8b, 0xea, 0x92, 0x8b, 0xa3, 0x0d, 0xbc,
    0xed, 0xab, 0x2e, 0xbc, 0x8f, 0xc4, 0x6f, 0xc4, 0x90, 0xc4, 0x4f, 0xbc,
    0x8f, 0xc4, 0xb0, 0xd4, 0x12, 0xdd, 0xf1, 0xdc, 0xb1, 0xd4, 0xf1, 0xdc,
    0x90, 0xcc, 0x70, 0xd4, 0x70, 0xcc, 0x48, 0x72, 0x20, 0x30, 0x40, 0x38,
    0x60, 0x38, 0x02, 0x59, 0xe2, 0x50, 0x40, 0x30, 0x43, 0x59, 0x83, 0x69,
    0x26, 0x8a, 0x05, 0x7a, 0x23, 0x41, 0x81, 0x18, 0x61, 0x18, 0x81, 0x18,
    0x81, 0x10, 0x81, 0x18, 0x61, 0x10, 0x61, 0x10, 0x61, 0x18, 0x81, 0x10,
    0x61, 0x18, 0x81, 0x10, 0x61, 0x10, 0x61, 0x18, 0x61, 0x18, 0x61, 0x10,
    0x82, 0x10, 0x61, 0x18, 0x62, 0x10, 0x61, 0x18, 0x81, 0x10, 0x82, 0x18,
    0x61, 0x18, 0x61, 0x10, 0x61, 0x10, 0x61, 0x18, 0x81, 0x10, 0x61, 0x10,
    0x61, 0x18, 0x61, 0x10, 0x61, 0x10, 0x61, 0x10, 0x61, 0x10, 0x61, 0x10,
    0x81, 0x10, 0x61, 0x10, 0x61, 0x18, 0x61, 0x10, 0x81, 0x10, 0x61, 0x10,
    0x61, 0x10, 0x61, 0x10, 0x61, 0x10, 0x81, 0x10, 0x61, 0x10, 0x61, 0x10,
    0x81, 0x08, 0x61, 0x10, 0x61, 0x10, 0x61, 0x10, 0x61, 0x10, 0x61, 0x10,
    0x81, 0x10, 0x61, 0x10, 0x61, 0x10, 0x81, 0x10, 0x61, 0x10, 0x61, 0x10,
    0x61, 0x10, 0x61, 0x10, 0x61, 0x10, 0x61, 0x10, 0x81, 0x10, 0x61, 0x10,
    0x61, 0x10, 0x62, 0x10, 0x81, 0x10, 0x61, 0x10, 0x61, 0x10, 0x61, 0x10,
    0x81, 0x10, 0x61, 0x10, 0x82, 0x10, 0x61, 0x10, 0x61, 0x10, 0x81, 0x10,
    0x81, 0x10, 0x62, 0x10, 0x62, 0x10, 0x61, 0x10, 0x81, 0x10, 0x61, 0x10,
    0x82, 0x10, 0x82, 0x10, 0x81, 0x10, 0x62, 0x10, 0x82, 0x10, 0x61, 0x10,
    0xa2, 0x18, 0xa2, 0x18, 0xa2, 0x18, 0xa2, 0x18, 0xa3, 0x18, 0xa2, 0x10,
    0xa2, 0x18, 0xa3, 0x18, 0xa2, 0x18, 0xa2, 0x10, 0xa3, 0x18, 0xa2, 0x18,
    0xa2, 0x18, 0xa2, 0x18, 0xa2, 0x10, 0x82, 0x18, 0x82, 0x18, 0xa2, 0x10,
    0x82, 0x18, 0xa2, 0x18, 0xa2, 0x18, 0x81, 0x10, 0xa2, 0x18, 0x82, 0x18,
    0xa1, 0x18, 0x82, 0x18, 0xa2, 0x18, 0xa1, 0x10, 0xa2, 0x10, 0xa2, 0x18,
    0x82, 0x10, 0xa2, 0x18, 0x81, 0x10, 0x82, 0x18, 0x81, 0x18, 0x82, 0x10,
    0x82, 0x18, 0xa2, 0x18, 0x81, 0x10, 0x82, 0x10, 0xa2, 0x10, 0x81, 0x10,
    0x82, 0x18, 0xa2, 0x18, 0x82, 0x10, 0x82, 0x18, 0xa1, 0x10, 0x81, 0x10,
    0x82, 0x18, 0x81, 0x10, 0x81, 0x10, 0x82, 0x10, 0x81, 0x10, 0x82, 0x18,
    0x82, 0x10, 0x82, 0x10, 0x81, 0x18, 0x81, 0x10, 0x81, 0x10, 0x81, 0x18,
    0x81, 0x10, 0x82, 0x18, 0x81, 0x10, 0x82, 0x18, 0x82, 0x18, 0x81, 0x18,
    0x82, 0x10, 0x81, 0x10, 0x82, 0x18, 0x81, 0x10, 0x81, 0x10, 0xa2, 0x18,
    0x81, 0x18, 0xa2, 0x18, 0x22, 0x41, 0x8a, 0xc3, 0x6a, 0xc3, 0x83, 0x79,
    0xc1, 0x50, 0xc1, 0x50, 0x60, 0x40, 0x20, 0x20, 0x00, 0x08, 0x00, 0x00,
    0x00, 0x08, 0x00, 0x08, 0x21, 0x10, 0xa1, 0x38, 0xe9, 0x92, 0xd1, 0xdc,
    0x74, 0xed, 0x74, 0xed, 0x16, 0xf6, 0xb5, 0xe5, 0xd5, 0xed, 0xb4, 0xed,
    0x53, 0xdd, 0xb4, 0xe5, 0x53, 0xdd, 0xf1, 0xd4, 0x32, 0xdd, 0x73, 0xdd,
    0xb4, 0xe5, 0x16, 0xee, 0xb4, 0xe5, 0x53, 0xdd, 0x12, 0xd5, 0x8f, 0xc4,
    0x4f, 0xbc, 0x6f, 0xc4, 0xf1, 0xd4, 0xd0, 0xcc, 0x90, 0xc4, 0x2e, 0xb4,
    0xcc, 0xab, 0x8c, 0xa3, 0x6b, 0x9b, 0x0a, 0x8b, 0xe9, 0x82, 0xe9, 0x8a,
    0x0a, 0x93, 0x4a, 0x9b, 0x4a, 0x9b, 0xac, 0xab, 0xed, 0xb3, 0x2e, 0xbc,
    0x6e, 0xc4, 0x8f, 0xc4, 0xd0, 0xcc, 0x2e, 0xbc, 0x90, 0xc4, 0xd1, 0xcc,
    0xf1, 0xdc, 0xb0, 0xd4, 0x12, 0xdd, 0x12, 0xdd, 0xd1, 0xdc, 0xb1, 0xd4,
    0xf2, 0xdc, 0xb1, 0xdc, 0x70, 0xd4, 0x69, 0x72, 0x20, 0x20, 0x40, 0x38,
    0x60, 0x38, 0xa1, 0x40, 0x22, 0x59, 0x61, 0x30, 0x23, 0x59, 0xe1, 0x48,
    0x05, 0x8a, 0xc4, 0x79, 0x26, 0x8a, 0xe2, 0x38, 0x81, 0x18, 0x81, 0x18,
    0x62, 0x10, 0x81, 0x18, 0x82, 0x10, 0x61, 0x10, 0x61, 0x10, 0x61, 0x10,
    0x81, 0x10, 0x61, 0x18, 0x61, 0x10, 0x81, 0x10, 0x61, 0x10, 0x61, 0x10,
    0x61, 0x10, 0x61, 0x10, 0x81, 0x10, 0x81, 0x10, 0x61, 0x10, 0x81, 0x10,
    0x61, 0x10, 0x61, 0x10, 0x61, 0x10, 0x61, 0x10, 0x61, 0x10, 0x61, 0x18,
    0x61, 0x10, 0x61, 0x10, 0x61, 0x10, 0x61, 0x18, 0x61, 0x10, 0x61, 0x10,
    0x61, 0x10, 0x61, 0x10, 0x61, 0x10, 0x81, 0x10, 0x61, 0x10, 0x81, 0x10,
    0x61, 0x10, 0x61, 0x10, 0x81, 0x10, 0x61, 0x10, 0x61, 0x08, 0x61, 0x10,
    0x61, 0x10, 0x61, 0x10, 0x61, 0x10, 0x61, 0x10, 0x61, 0x10, 0x61, 0x10,
    0x61, 0x10, 0x61, 0x10, 0x81, 0x10, 0x61, 0x10, 0x61, 0x10, 0x61, 0x10,
    0x81, 0x10, 0x61, 0x10, 0x61, 0x10, 0x61, 0x10, 0x62, 0x10, 0x61, 0x10,
    0x61, 0x10, 0x61, 0x10, 0x81, 0x10, 0x61, 0x10, 0x61, 0x10, 0x81, 0x10,
    0x81, 0x10, 0x81, 0x10, 0x81, 0x10, 0x61, 0x10, 0x61, 0x10, 0x81, 0x10,
    0x61, 0x10, 0x81, 0x10, 0x81, 0x10, 0x61, 0x10, 0x61, 0x10, 0x81, 0x10,
    0x82, 0x10, 0x61, 0x10, 0x61, 0x10, 0x82, 0x10, 0x81, 0x10, 0x81, 0x10,
    0xa2, 0x18, 0xa2, 0x18, 0xa3, 0x18, 0xa2, 0x18, 0xa2, 0x18, 0xc2, 0x18,
    0xa2, 0x18, 0xa2, 0x18, 0xa2, 0x18, 0xa2, 0x18, 0xa2, 0x18, 0xa2, 0x10,
    0x82, 0x10, 0xa2, 0x18, 0xa2, 0x18, 0xa2, 0x18, 0xa2, 0x18, 0xa2, 0x18,
    0x82, 0x10, 0x82, 0x18, 0xa2, 0x18, 0xa2, 0x10, 0xa2, 0x18, 0xa2, 0x18,
    0xa2, 0x10, 0xa2, 0x18, 0x81, 0x10, 0x82, 0x10, 0x82, 0x18, 0x81, 0x18,
    0x82, 0x10, 0xa2, 0x10, 0xa2, 0x18, 0x82, 0x10, 0xa2, 0x18, 0xa2, 0x10,
    0x82, 0x18, 0xa2, 0x10, 0x81, 0x18, 0x81, 0x18, 0x82, 0x10, 0x82, 0x10,
    0x82, 0x10, 0xa1, 0x10, 0x82, 0x18, 0x81, 0x10, 0x82, 0x10, 0x82, 0x18,
    0x82, 0x10, 0x81, 0x10, 0x82, 0x10, 0x81, 0x10, 0x82, 0x18, 0x82, 0x10,
    0x81, 0x10, 0x82, 0x18, 0x82, 0x18, 0x82, 0x10, 0x81, 0x18, 0x81, 0x18,
    0x82, 0x10, 0x81, 0x10, 0x81, 0x10, 0x81, 0x18, 0x82, 0x18, 0x81, 0x18,
    0x81, 0x18, 0x82, 0x18, 0x81, 0x10, 0x82, 0x18, 0x82, 0x10, 0x81, 0x18,
    0x82, 0x18, 0xa2, 0x18, 0x26, 0x7a, 0x8b, 0xcb, 0x29, 0xbb, 0xa4, 0x79,
    0xc1, 0x50, 0xa1, 0x50, 0x00, 0x28, 0x00, 0x08, 0x00, 0x08, 0x00, 0x00,
    0x00, 0x00, 0x01, 0x08, 0x81, 0x30, 0x81, 0x38, 0xa8, 0x8a, 0x90, 0xd4,
    0x53, 0xe5, 0x94, 0xed, 0x95, 0xe5, 0x16, 0xf6, 0xb5, 0xed, 0x54, 0xe5,
    0xb4, 0xe5, 0x53, 0xdd, 0xb5, 0xed, 0x94, 0xe5, 0x12, 0xd5, 0x12, 0xd5,
    0x73, 0xe5, 0xd5, 0xed, 0xb4, 0xe5, 0xd5, 0xed, 0xd5, 0xed, 0xb4, 0xed,
    0x12, 0xd5, 0xf1, 0xd4, 0xb0, 0xcc, 0x8f, 0xc4, 0x6f, 0xc4, 0x6f, 0xc4,
    0x2e, 0xb4, 0x0d, 0xb4, 0xcc, 0xab, 0x4a, 0x93, 0x09, 0x8b, 0x2a, 0x93,
    0x09, 0x8b, 0x4a, 0x93, 0x6b, 0xa3, 0xcc, 0xab, 0xac, 0xab, 0x0d, 0xb4,
    0x4e, 0xc4, 0x8f, 0xc4, 0x6f, 0xbc, 0x2e, 0xbc, 0x8f, 0xc4, 0x90, 0xcc,
    0xb0, 0xd4, 0xf1, 0xdc, 0xf1, 0xdc, 0x12, 0xdd, 0xf2, 0xdc, 0xd1, 0xdc,
    0xb1, 0xd4, 0xb1, 0xd4, 0x70, 0xd4, 0x28, 0x6a, 0x20, 0x18, 0x20, 0x28,
    0x40, 0x38, 0x60, 0x38, 0xa1, 0x48, 0xc2, 0x48, 0x60, 0x30, 0x43, 0x61,
    0xc4, 0x79, 0x05, 0x8a, 0x05, 0x8a, 0x05, 0x7a, 0x81, 0x18, 0x82, 0x18,
    0x61, 0x10, 0x61, 0x18, 0x61, 0x18, 0x61, 0x10, 0x61, 0x18, 0x81, 0x10,
    0x61, 0x10, 0x61, 0x10, 0x81, 0x18, 0x61, 0x10, 0x61, 0x18, 0x81, 0x10,
    0x61, 0x10, 0x61, 0x18, 0x61, 0x10, 0x61, 0x10, 0x61, 0x18, 0x61, 0x10,
    0x82, 0x10, 0x61, 0x10, 0x81, 0x18, 0x61, 0x10, 0x61, 0x10, 0x61, 0x10,
    0x61, 0x10, 0x81, 0x18, 0x61, 0x10, 0x61, 0x18, 0x81, 0x10, 0x61, 0x18,
    0x61, 0x18, 0x81, 0x10, 0x61, 0x10, 0x61, 0x10, 0x61, 0x10, 0x61, 0x10,
    0x61, 0x10, 0x81, 0x10, 0x61, 0x10, 0x61, 0x10, 0x61, 0x10, 0x81, 0x10,
    0x61, 0x10, 0x61, 0x10, 0x61, 0x10, 0x81, 0x10, 0x61, 0x10, 0x61, 0x10,
    0x61, 0x08, 0x61, 0x10, 0x61, 0x10, 0x61, 0x08, 0x61, 0x10, 0x61, 0x10,
    0x61, 0x10, 0x81, 0x10, 0x61, 0x10, 0x61, 0x10, 0x61, 0x10, 0x61, 0x10,
    0x81, 0x10, 0x61, 0x10, 0x81, 0x10, 0x61, 0x10, 0x81, 0x10, 0x61, 0x10,
    0x61, 0x10, 0x61, 0x10, 0x81, 0x10, 0x82, 0x10, 0x81, 0x10, 0x82, 0x10,
    0x61, 0x18, 0x81, 0x10, 0x82, 0x10, 0x62, 0x10, 0x81, 0x10, 0x61, 0x10,
    0x82, 0x10, 0x81, 0x10, 0x82, 0x10, 0x61, 0x10, 0x81, 0x10, 0x81, 0x10,
    0xa2, 0x18, 0xc3, 0x18, 0xa2, 0x18, 0xa2, 0x18, 0xc2, 0x18, 0xa3, 0x10,
    0xa2, 0x18, 0xa2, 0x18, 0xa2, 0x10, 0xa2, 0x18, 0xa2, 0x18, 0xa2, 0x10,
    0xa2, 0x18, 0x82, 0x18, 0xa2, 0x10, 0xa2, 0x18, 0xa2, 0x18, 0x82, 0x10,
    0xa2, 0x18, 0xa2, 0x18, 0xa2, 0x10, 0x82, 0x18, 0x81, 0x10, 0x82, 0x10,
    0x82, 0x18, 0xa2, 0x18, 0x82, 0x10, 0xa2, 0x18, 0xa2, 0x10, 0xa2, 0x18,
    0x82, 0x10, 0x82, 0x18, 0x81, 0x10, 0x81, 0x10, 0xa2, 0x10, 0x82, 0x18,
    0xa1, 0x10, 0xa2, 0x18, 0x82, 0x10, 0x82, 0x10, 0x81, 0x10, 0xa1, 0x18,
    0x82, 0x10, 0x82, 0x18, 0x81, 0x10, 0x82, 0x10, 0x82, 0x18, 0x81, 0x18,
    0x81, 0x10, 0x82, 0x18, 0x82, 0x10, 0x81, 0x10, 0x82, 0x18, 0x81, 0x18,
    0x81, 0x10, 0x82, 0x10, 0x82, 0x18, 0x81, 0x18, 0x82, 0x10, 0x82, 0x18,
    0x82, 0x18, 0x82, 0x10, 0x81, 0x10, 0x81, 0x10, 0x82, 0x10, 0x81, 0x10,
    0xa2, 0x18, 0x82, 0x18, 0x81, 0x18, 0x81, 0x10, 0x82, 0x18, 0x82, 0x18,
    0xa1, 0x18, 0xa2, 0x20, 0x09, 0xab, 0x8b, 0xcb, 0x09, 0xbb, 0x84, 0x79,
    0xe2, 0x58, 0xc1, 0x50, 0x00, 0x18, 0x41, 0x28, 0x61, 0x30, 0x00, 0x10,
    0x00, 0x08, 0x61, 0x28, 0x81, 0x38, 0x81, 0x30, 0x27, 0x72, 0x0e, 0xc4,
    0x12, 0xdd, 0xb5, 0xed, 0xd5, 0xed, 0x17, 0xf6, 0xf6, 0xed, 0x94, 0xe5,
    0xb5, 0xe5, 0xb5, 0xe5, 0x12, 0xdd, 0x33, 0xdd, 0xb5, 0xe5, 0x73, 0xdd,
    0x53, 0xdd, 0x94, 0xe5, 0xf5, 0xed, 0x58, 0xf6, 0x78, 0xfe, 0xf6, 0xed,
    0xd5, 0xed, 0x32, 0xdd, 0xf1, 0xd4, 0xf1, 0xd4, 0xd0, 0xcc, 0xf1, 0xd4,
    0xd1, 0xd4, 0xb0, 0xcc, 0x6e, 0xc4, 0xcc, 0xab, 0xac, 0xab, 0x8b, 0xa3,
    0x6b, 0x9b, 0x8c, 0xa3, 0x8c, 0xa3, 0x8b, 0xa3, 0x0d, 0xb4, 0x0d, 0xb4,
    0x6f, 0xc4, 0x8f, 0xc4, 0x4f, 0xc4, 0x6f, 0xbc, 0x90, 0xc4, 0xd1, 0xd4,
    0x12, 0xe5, 0xf2, 0xe4, 0x12, 0xe5, 0x12, 0xe5, 0xf1, 0xdc, 0xd1, 0xdc,
    0xb1, 0xdc, 0xb1, 0xd4, 0x70, 0xcc, 0xc6, 0x59, 0x00, 0x18, 0x20, 0x20,
    0x41, 0x38, 0x40, 0x38, 0x60, 0x38, 0xa1, 0x48, 0x20, 0x28, 0x63, 0x61,
    0x63, 0x69, 0x66, 0x92, 0xc4, 0x79, 0x46, 0x92, 0x02, 0x41, 0x81, 0x18,
    0x81, 0x18, 0x61, 0x18, 0x81, 0x10, 0x61, 0x10, 0x61, 0x10, 0x81, 0x18,
    0x81, 0x10, 0x61, 0x10, 0x81, 0x10, 0x61, 0x10, 0x81, 0x18, 0x61, 0x10,
    0x81, 0x18, 0x81, 0x18, 0x61, 0x10, 0x61, 0x10, 0x81, 0x10, 0x61, 0x10,
    0x81, 0x10, 0x81, 0x10, 0x61, 0x10, 0x61, 0x18, 0x81, 0x10, 0x61, 0x10,
    0x61, 0x18, 0x61, 0x10, 0x61, 0x10, 0x61, 0x10, 0x61, 0x10, 0x61, 0x10,
    0x81, 0x10, 0x61, 0x10, 0x61, 0x10, 0x61, 0x10, 0x81, 0x10, 0x81, 0x10,
    0x61, 0x10, 0x81, 0x10, 0x81, 0x10, 0x61, 0x10, 0x61, 0x10, 0x61, 0x10,
    0x61, 0x10, 0x61, 0x10, 0x81, 0x10, 0x61, 0x10, 0x61, 0x10, 0x61, 0x08,
    0x81, 0x10, 0x81, 0x10, 0x61, 0x10, 0x61, 0x10, 0x61, 0x08, 0x81, 0x10,
    0x61, 0x10, 0x61, 0x08, 0x81, 0x10, 0x61, 0x10, 0x61, 0x10, 0x82, 0x10,
    0x61, 0x10, 0x81, 0x10, 0x61, 0x10, 0x81, 0x10, 0x61, 0x10, 0x81, 0x10,
    0x61, 0x10, 0x61, 0x10, 0x81, 0x10, 0x61, 0x10, 0x61, 0x10, 0x81, 0x10,
    0x61, 0x10, 0x81, 0x10, 0x81, 0x10, 0x61, 0x18, 0x81, 0x10, 0x81, 0x10,
    0x82, 0x10, 0x81, 0x10, 0x81, 0x10, 0x81, 0x10, 0x81, 0x10, 0x61, 0x18,
    0xa2, 0x18, 0xa2, 0x18, 0xa2, 0x10, 0xa2, 0x18, 0xa3, 0x18, 0xa2, 0x10,
    0xa2, 0x18, 0xa2, 0x18, 0xa2, 0x10, 0x82, 0x10, 0xa2, 0x18, 0xa2, 0x18,
    0xa2, 0x10, 0x82, 0x18, 0xa2, 0x10, 0xa2, 0x18, 0x82, 0x18, 0xa2, 0x10,
    0xa1, 0x18, 0xa2, 0x18, 0x82, 0x10, 0xa2, 0x18, 0xa2, 0x18, 0x81, 0x10,
    0xa2, 0x18, 0x82, 0x10, 0xa1, 0x18, 0xa2, 0x18, 0x82, 0x10, 0xa2, 0x18,
    0xa2, 0x18, 0x82, 0x10, 0x82, 0x10, 0x81, 0x18, 0xa2, 0x18, 0x81, 0x10,
    0x82, 0x18, 0x81, 0x10, 0x82, 0x18, 0x82, 0x18, 0xa1, 0x10, 0x82, 0x10,
    0x82, 0x10, 0x82, 0x18, 0x81, 0x10, 0x82, 0x10, 0x81, 0x18, 0x82, 0x10,
    0x82, 0x18, 0x81, 0x18, 0x81, 0x10, 0x81, 0x10, 0x82, 0x10, 0x82, 0x10,
    0x82, 0x18, 0x81, 0x10, 0x81, 0x10, 0x82, 0x18, 0x81, 0x10, 0x61, 0x10,
    0x81, 0x10, 0x82, 0x18, 0x81, 0x10, 0x82, 0x10, 0x81, 0x10, 0x81, 0x18,
    0x82, 0x18, 0x81, 0x18, 0x82, 0x18, 0x81, 0x18, 0x82, 0x18, 0xa2, 0x18,
    0xa2, 0x18, 0xa4, 0x61, 0x6a, 0xc3, 0xab, 0xcb, 0x29, 0xbb, 0xc4, 0x81,
    0xc1, 0x50, 0x02, 0x61, 0x20, 0x20, 0x41, 0x30, 0x81, 0x38, 0x20, 0x20,
    0x61, 0x30, 0x81, 0x38, 0x60, 0x38, 0x40, 0x30, 0xc5, 0x61, 0x8c, 0xab,
    0xb1, 0xd4, 0x74, 0xed, 0x94, 0xed, 0xd6, 0xf5, 0x37, 0xf6, 0x16, 0xf6,
    0xd6, 0xed, 0x94, 0xe5, 0x94, 0xe5, 0x94, 0xe5, 0x94, 0xe5, 0x94, 0xe5,
    0x12, 0xdd, 0x53, 0xdd, 0xf6, 0xed, 0x57, 0xfe, 0x98, 0xfe, 0x16, 0xf6,
    0x94, 0xe5, 0xb5, 0xed, 0x94, 0xe5, 0x32, 0xdd, 0x53, 0xe5, 0x52, 0xdd,
    0x53, 0xe5, 0x11, 0xdd, 0x8f, 0xcc, 0x6f, 0xc4, 0x6f, 0xc4, 0x4f, 0xc4,
    0xed, 0xb3, 0x2e, 0xbc, 0xed, 0xb3, 0x2e, 0xbc, 0x6f, 0xc4, 0x4f, 0xbc,
    0x2e, 0xbc, 0x6f, 0xcc, 0x2e, 0xbc, 0xee, 0xb3, 0x90, 0xcc, 0xb0, 0xd4,
    0xf1, 0xe4, 0xd1, 0xdc, 0xd1, 0xdc, 0xd1, 0xdc, 0xf2, 0xdc, 0xf2, 0xdc,
    0xd1, 0xdc, 0xb1, 0xdc, 0x2f, 0xc4, 0x44, 0x41, 0x41, 0x18, 0x00, 0x10,
    0x40, 0x30, 0x61, 0x40, 0x60, 0x38, 0xc1, 0x48, 0x81, 0x40, 0x02, 0x51,
    0x63, 0x69, 0x46, 0x92, 0xe5, 0x81, 0x25, 0x8a, 0xc5, 0x71, 0x81, 0x18,
    0x61, 0x18, 0x81, 0x18, 0x61, 0x18, 0x61, 0x18, 0x81, 0x18, 0x62, 0x10,
    0x61, 0x18, 0x81, 0x18, 0x61, 0x10, 0x81, 0x18, 0x61, 0x10, 0x61, 0x10,
    0x81, 0x10, 0x82, 0x10, 0x61, 0x18, 0x61, 0x10, 0x62, 0x10, 0x61, 0x18,
    0x61, 0x18, 0x81, 0x10, 0x61, 0x10, 0x61, 0x10, 0x61, 0x18, 0x61, 0x10,
    0x81, 0x10, 0x61, 0x10, 0x61, 0x10, 0x61, 0x10, 0x61, 0x10, 0x81, 0x10,
    0x61, 0x10, 0x61, 0x10, 0x61, 0x10, 0x61, 0x18, 0x61, 0x10, 0x61, 0x10,
    0x61, 0x10, 0x61, 0x10, 0x61, 0x10, 0x61, 0x10, 0x61, 0x10, 0x81, 0x10,
    0x61, 0x10, 0x61, 0x10, 0x61, 0x10, 0x61, 0x10, 0x61, 0x10, 0x81, 0x10,
    0x61, 0x10, 0x61, 0x10, 0x81, 0x10, 0x61, 0x10, 0x61, 0x10, 0x81, 0x10,
    0x61, 0x08, 0x61, 0x10, 0x61, 0x10, 0x61, 0x10, 0x81, 0x10, 0x61, 0x10,
    0x62, 0x10, 0x61, 0x10, 0x81, 0x10, 0x61, 0x08, 0x61, 0x10, 0x81, 0x10,
    0x81, 0x10, 0x81, 0x10, 0x81, 0x10, 0x81, 0x10, 0x81, 0x10, 0x81, 0x10,
    0x61, 0x10, 0x62, 0x10, 0x81, 0x10, 0x61, 0x10, 0x61, 0x10, 0x61, 0x10,
    0x81, 0x18, 0x62, 0x10, 0x81, 0x10, 0x82, 0x10, 0x82, 0x10, 0x81, 0x10,
    0xa2, 0x18, 0xa3, 0x18, 0xa2, 0x18, 0xc2, 0x18, 0xa2, 0x18, 0xa2, 0x18,
    0xa2, 0x18, 0xa2, 0x18, 0xa3, 0x18, 0xa2, 0x18, 0xa2, 0x10, 0xa2, 0x18,
    0xa2, 0x18, 0xa2, 0x10, 0x82, 0x18, 0xa2, 0x18, 0x82, 0x10, 0x82, 0x18,
    0xa2, 0x10, 0x81, 0x10, 0xa2, 0x18, 0x82, 0x18, 0xa2, 0x18, 0xa2, 0x18,
    0xa2, 0x10, 0x82, 0x10, 0xa2, 0x18, 0x82, 0x10, 0xa2, 0x18, 0xa2, 0x18,
    0x81, 0x10, 0x81, 0x10, 0x82, 0x18, 0xa2, 0x10, 0x82, 0x10, 0x82, 0x10,
    0x82, 0x10, 0x81, 0x10, 0x82, 0x18, 0x81, 0x18, 0x82, 0x10, 0x82, 0x10,
    0x82, 0x18, 0xa1, 0x10, 0x81, 0x10, 0x82, 0x10, 0x81, 0x18, 0x81, 0x10,
    0x82, 0x10, 0x81, 0x10, 0x82, 0x10, 0x82, 0x18, 0x81, 0x10, 0x81, 0x10,
    0x82, 0x10, 0x81, 0x10, 0x81, 0x10, 0x81, 0x18, 0x81, 0x10, 0x81, 0x10,
    0x82, 0x18, 0x81, 0x10, 0x82, 0x10, 0x82, 0x10, 0x82, 0x18, 0x81, 0x10,
    0x81, 0x10, 0x82, 0x18, 0x81, 0x18, 0x82, 0x18, 0x81, 0x18, 0xa2, 0x18,
    0xa2, 0x20, 0xa7, 0x9a, 0x6a, 0xc3, 0x8b, 0xcb, 0x4a, 0xc3, 0x05, 0x8a,
    0xe2, 0x58, 0x42, 0x69, 0x81, 0x38, 0x40, 0x30, 0x61, 0x38, 0x40, 0x30,
    0x81, 0x38, 0x81, 0x38, 0x61, 0x38, 0x40, 0x30, 0x64, 0x51, 0x0b, 0x9b,
    0x4f, 0xcc, 0x12, 0xe5, 0x54, 0xe5, 0xd5, 0xf5, 0xf6, 0xf5, 0xd6, 0xed,
    0x17, 0xf6, 0xd5, 0xed, 0xb5, 0xed, 0xd5, 0xed, 0xd5, 0xed, 0xd5, 0xed,
    0xb5, 0xed, 0x74, 0xe5, 0xd5, 0xed, 0x57, 0xf6, 0x78, 0xfe, 0x78, 0xfe,
    0xf5, 0xed, 0x94, 0xe5, 0x94, 0xe5, 0x12, 0xdd, 0x12, 0xdd, 0x32, 0xdd,
    0x32, 0xe5, 0x52, 0xe5, 0xf1, 0xdc, 0xb0, 0xcc, 0x90, 0xcc, 0x4f, 0xc4,
    0x8f, 0xc4, 0x90, 0xc4, 0x6f, 0xc4, 0x6f, 0xc4, 0x4f, 0xbc, 0x0e, 0xbc,
    0x4f, 0xc4, 0x90, 0xcc, 0x8f, 0xc4, 0xf1, 0xdc, 0xf1, 0xdc, 0xb0, 0xd4,
    0xf1, 0xe4, 0xf1, 0xdc, 0xf2, 0xdc, 0xd1, 0xdc, 0xd1, 0xdc, 0xd1, 0xdc,
    0xd1, 0xdc, 0xb1, 0xdc, 0x8d, 0xab, 0xa2, 0x28, 0x21, 0x18, 0x00, 0x10,
    0x20, 0x28, 0x60, 0x40, 0x61, 0x40, 0xa1, 0x40, 0xe2, 0x50, 0x60, 0x38,
    0x83, 0x71, 0x05, 0x8a, 0x46, 0x92, 0x05, 0x8a, 0x25, 0x8a, 0x23, 0x59,
    0x43, 0x51, 0x23, 0x49, 0x81, 0x18, 0x61, 0x18, 0x61, 0x18, 0x61, 0x10,
    0x61, 0x18, 0x61, 0x10, 0x81, 0x18, 0x61, 0x18, 0x61, 0x10, 0x81, 0x18,
    0x61, 0x10, 0x61, 0x10, 0x61, 0x10, 0x81, 0x10, 0x61, 0x10, 0x61, 0x10,
    0x61, 0x10, 0x61, 0x18, 0x61, 0x10, 0x61, 0x10, 0x61, 0x10, 0x61, 0x10,
    0x61, 0x10, 0x81, 0x18, 0x61, 0x18, 0x61, 0x10, 0x81, 0x10, 0x61, 0x10,
    0x61, 0x10, 0x81, 0x10, 0x61, 0x10, 0x81, 0x10, 0x61, 0x10, 0x61, 0x10,
    0x61, 0x10, 0x61, 0x10, 0x61, 0x10, 0x61, 0x08, 0x81, 0x10, 0x61, 0x10,
    0x61, 0x10, 0x61, 0x10, 0x81, 0x10, 0x61, 0x10, 0x61, 0x10, 0x61, 0x10,
    0x61, 0x10, 0x61, 0x08, 0x61, 0x10, 0x81, 0x10, 0x61, 0x08, 0x61, 0x10,
    0x61, 0x10, 0x81, 0x10, 0x61, 0x10, 0x82, 0x10, 0x81, 0x10, 0x61, 0x10,
    0x81, 0x10, 0x81, 0x10, 0x61, 0x10, 0x61, 0x10, 0x81, 0x10, 0x61, 0x10,
    0x61, 0x08, 0x61, 0x10, 0x61, 0x10, 0x81, 0x10, 0x61, 0x10, 0x61, 0x10,
    0x81, 0x10, 0x81, 0x10, 0x81, 0x10, 0x62, 0x10, 0x82, 0x10, 0x81, 0x10,
    0x81, 0x10, 0x62, 0x10, 0x81, 0x10, 0x61, 0x10, 0x81, 0x10, 0x61, 0x10,
    0xa2, 0x18, 0xa2, 0x18, 0xc3, 0x18, 0xa3, 0x18, 0xa2, 0x18, 0xa2, 0x18,
    0xa3, 0x18, 0xa2, 0x18, 0xa2, 0x18, 0xa2, 0x18, 0xa2, 0x18, 0xa2, 0x10,
    0xa2, 0x18, 0xa2, 0x18, 0xa2, 0x10, 0xa2, 0x18, 0xa2, 0x18, 0xa2, 0x18,
    0x82, 0x18, 0xa2, 0x10, 0xa2, 0x10, 0x81, 0x10, 0x82, 0x10, 0xa2, 0x18,
    0x82, 0x10, 0xa2, 0x18, 0x82, 0x10, 0x82, 0x10, 0xa2, 0x18, 0x81, 0x10,
    0x82, 0x10, 0xa2, 0x18, 0xa2, 0x18, 0x81, 0x18, 0xa1, 0x10, 0x82, 0x18,
    0x81, 0x10, 0xa2, 0x10, 0x82, 0x10, 0x81, 0x10, 0xa2, 0x18, 0x81, 0x18,
    0x82, 0x10, 0x81, 0x18, 0x82, 0x18, 0x82, 0x10, 0x81, 0x10, 0x82, 0x18,
    0x81, 0x10, 0x82, 0x18, 0x81, 0x10, 0x82, 0x18, 0x81, 0x18, 0xa1, 0x10,
    0x81, 0x10, 0x82, 0x18, 0x82, 0x18, 0x82, 0x10, 0x81, 0x10, 0x82, 0x18,
    0x81, 0x18, 0x82, 0x10, 0x81, 0x10, 0x81, 0x18, 0x82, 0x10, 0x82, 0x18,
    0x81, 0x18, 0x81, 0x10, 0x82, 0x18, 0x81, 0x18, 0x81, 0x18, 0xa2, 0x18,
    0xc2, 0x28, 0x09, 0xb3, 0x6a, 0xc3, 0x8a, 0xcb, 0x6a, 0xc3, 0x26, 0x92,
    0x42, 0x71, 0x42, 0x71, 0xc1, 0x48, 0x20, 0x28, 0x61, 0x38, 0x61, 0x38,
    0x81, 0x40, 0xa1, 0x38, 0x61, 0x30, 0x40, 0x30, 0xe3, 0x40, 0x89, 0x82,
    0xcd, 0xb3, 0xb1, 0xd4, 0x33, 0xe5, 0x53, 0xe5, 0x53, 0xe5, 0xb5, 0xed,
    0x16, 0xf6, 0xd6, 0xed, 0xd5, 0xed, 0xf6, 0xed, 0x74, 0xe5, 0x53, 0xe5,
    0xf6, 0xf5, 0xb5, 0xed, 0xd5, 0xed, 0x36, 0xf6, 0x37, 0xf6, 0x78, 0xfe,
    0x37, 0xfe, 0xf6, 0xf5, 0xb5, 0xed, 0xb4, 0xe5, 0x73, 0xe5, 0x53, 0xe5,
    0x53, 0xe5, 0x32, 0xdd, 0xf1, 0xdc, 0xf1, 0xdc, 0xd1, 0xd4, 0x90, 0xcc,
    0x90, 0xcc, 0x90, 0xcc, 0xb0, 0xcc, 0x90, 0xc4, 0x4f, 0xc4, 0x0e, 0xbc,
    0x2e, 0xc4, 0xb0, 0xd4, 0xd1, 0xd4, 0x12, 0xdd, 0xd1, 0xd4, 0xf2, 0xdc,
    0xf2, 0xe4, 0xb1, 0xdc, 0xd1, 0xdc, 0xf2, 0xe4, 0xf2, 0xe4, 0xf2, 0xdc,
    0xb1, 0xd4, 0x70, 0xcc, 0xc9, 0x8a, 0x61, 0x20, 0x00, 0x08, 0x00, 0x10,
    0x20, 0x28, 0x80, 0x40, 0xa1, 0x48, 0xa1, 0x48, 0x22, 0x59, 0xa1, 0x40,
    0x83, 0x69, 0x83, 0x71, 0x66, 0x92, 0x05, 0x8a, 0x46, 0x92, 0xa4, 0x79,
    0xc4, 0x79, 0xc4, 0x79, 0xa4, 0x69, 0x63, 0x51, 0x81, 0x20, 0xc2, 0x28,
    0x81, 0x20, 0x61, 0x18, 0x61, 0x18, 0x81, 0x18, 0x61, 0x18, 0x61, 0x18,
    0x61, 0x18, 0x61, 0x18, 0x61, 0x10, 0x61, 0x18, 0x81, 0x18, 0x61, 0x10,
    0x61, 0x10, 0x81, 0x10, 0x61, 0x18, 0x81, 0x10, 0x81, 0x10, 0x61, 0x18,
    0x61, 0x10, 0x61, 0x10, 0x61, 0x10, 0x61, 0x18, 0x61, 0x10, 0x61, 0x10,
    0x61, 0x10, 0x61, 0x10, 0x61, 0x10, 0x81, 0x10, 0x61, 0x10, 0x61, 0x10,
    0x81, 0x10, 0x61, 0x10, 0x81, 0x10, 0x61, 0x10, 0x61, 0x10, 0x81, 0x10,
    0x61, 0x08, 0x61, 0x10, 0x61, 0x10, 0x81, 0x10, 0x61, 0x10, 0x61, 0x10,
    0x81, 0x10, 0x61, 0x10, 0x61, 0x10, 0x81, 0x10, 0x81, 0x10, 0x81, 0x10,
    0x81, 0x10, 0x61, 0x08, 0x81, 0x10, 0x61, 0x10, 0x82, 0x10, 0x81, 0x10,
    0x61, 0x10, 0x82, 0x10, 0x61, 0x10, 0x82, 0x10, 0x81, 0x10, 0x62, 0x10,
    0x81, 0x10, 0x81, 0x10, 0x61, 0x10, 0x82, 0x10, 0x81, 0x10, 0x61, 0x10,
    0x81, 0x10, 0x81, 0x10, 0x61, 0x10, 0x81, 0x10, 0x61, 0x10, 0x81, 0x10,
    0x82, 0x10, 0x61, 0x10, 0x61, 0x10, 0x62, 0x10, 0x81, 0x10, 0x81, 0x10,
    0xa2, 0x18, 0xa2, 0x18, 0xa2, 0x18, 0xa2, 0x18, 0xa2, 0x18, 0xa3, 0x10,
    0xa2, 0x18, 0xa2, 0x18, 0xa2, 0x18, 0xa3, 0x18, 0xa2, 0x18, 0xa2, 0x18,
    0x82, 0x10, 0xa2, 0x18, 0xa2, 0x18, 0xa2, 0x10, 0x82, 0x10, 0xa2, 0x18,
    0xa2, 0x18, 0xa2, 0x18, 0x82, 0x18, 0xa2, 0x10, 0xa2, 0x18, 0x81, 0x10,
    0xa2, 0x18, 0xa2, 0x18, 0x81, 0x10, 0xa2, 0x18, 0x82, 0x18, 0x82, 0x10,
    0x82, 0x10, 0x82, 0x10, 0x82, 0x10, 0x81, 0x10, 0x81, 0x18, 0x82, 0x18,
    0x82, 0x18, 0x82, 0x18, 0x81, 0x10, 0x82, 0x18, 0x82, 0x10, 0xa2, 0x18,
    0x82, 0x10, 0x82, 0x18, 0x82, 0x18, 0x81, 0x10, 0x82, 0x10, 0x81, 0x10,
    0x82, 0x18, 0x81, 0x10, 0x81, 0x10, 0x82, 0x10, 0x82, 0x10, 0x82, 0x18,
    0x82, 0x10, 0x81, 0x10, 0x81, 0x18, 0x81, 0x10, 0x81, 0x10, 0x82, 0x10,
    0x82, 0x10, 0x61, 0x10, 0x81, 0x18, 0x82, 0x18, 0x81, 0x10, 0x82, 0x18,
    0x61, 0x10, 0x81, 0x18, 0x82, 0x18, 0x82, 0x18, 0xa2, 0x18, 0xa2, 0x20,
    0x43, 0x49, 0x49, 0xc3, 0x6a, 0xc3, 0x8a, 0xcb, 0x6a, 0xcb, 0x87, 0xaa,
    0xc4, 0x81, 0x62, 0x71, 0xc1, 0x48, 0x00, 0x20, 0x40, 0x30, 0x81, 0x38,
    0x80, 0x38, 0x81, 0x38, 0x60, 0x30, 0x20, 0x28, 0xc2, 0x38, 0x06, 0x72,
    0x4b, 0xa3, 0x4f, 0xc4, 0xf2, 0xdc, 0x74, 0xed, 0x94, 0xed, 0x94, 0xed,
    0xb5, 0xf5, 0xf6, 0xf5, 0x53, 0xe5, 0x95, 0xed, 0x74, 0xed, 0x33, 0xe5,
    0x33, 0xe5, 0x94, 0xed, 0x94, 0xed, 0xf6, 0xf5, 0x16, 0xf6, 0x17, 0xfe,
    0xf6, 0xf5, 0xd5, 0xf5, 0xd5, 0xf5, 0xb4, 0xed, 0x94, 0xed, 0x73, 0xe5,
    0x33, 0xe5, 0x32, 0xe5, 0x32, 0xdd, 0x12, 0xdd, 0xf1, 0xdc, 0xb0, 0xd4,
    0xb0, 0xcc, 0xb0, 0xd4, 0x6f, 0xcc, 0x70, 0xcc, 0x90, 0xcc, 0x90, 0xcc,
    0xb1, 0xd4, 0xf1, 0xdc, 0xf2, 0xdc, 0xd1, 0xdc, 0xd1, 0xdc, 0xf2, 0xdc,
    0xd1, 0xdc, 0xd1, 0xdc, 0xf2, 0xe4, 0xf1, 0xdc, 0xf2, 0xdc, 0xd1, 0xdc,
    0x70, 0xcc, 0xad, 0xb3, 0xe6, 0x61, 0x41, 0x18, 0x00, 0x08, 0x00, 0x08,
    0x20, 0x20, 0xa0, 0x48, 0xc1, 0x50, 0xc1, 0x48, 0x22, 0x61, 0x43, 0x61,
    0x22, 0x59, 0x63, 0x69, 0x45, 0x92, 0x45, 0x92, 0x66, 0x92, 0xe4, 0x81,
    0xc4, 0x81, 0x83, 0x69, 0x02, 0x51, 0x43, 0x59, 0xe2, 0x40, 0xa2, 0x30,
    0x44, 0x49, 0xe2, 0x38, 0x23, 0x49, 0xc2, 0x30, 0x81, 0x20, 0x61, 0x18,
    0x61, 0x18, 0x61, 0x18, 0x61, 0x10, 0x61, 0x10, 0x61, 0x10, 0x61, 0x10,
    0x61, 0x18, 0x61, 0x10, 0x61, 0x10, 0x61, 0x18, 0x61, 0x10, 0x61, 0x10,
    0x81, 0x18, 0x61, 0x10, 0x61, 0x10, 0x61, 0x10, 0x81, 0x10, 0x61, 0x18,
    0x81, 0x10, 0x61, 0x18, 0x61, 0x10, 0x61, 0x10, 0x61, 0x18, 0x61, 0x10,
    0x81, 0x10, 0x61, 0x10, 0x61, 0x10, 0x61, 0x10, 0x61, 0x08, 0x61, 0x10,
    0x81, 0x10, 0x61, 0x10, 0x81, 0x10, 0x61, 0x08, 0x61, 0x10, 0x61, 0x10,
    0x81, 0x10, 0x61, 0x10, 0x81, 0x10, 0x61, 0x10, 0x81, 0x10, 0x61, 0x10,
    0x81, 0x10, 0x61, 0x10, 0x61, 0x10, 0x81, 0x10, 0x62, 0x10, 0x61, 0x10,
    0x82, 0x10, 0x81, 0x10, 0x81, 0x10, 0x82, 0x10, 0x81, 0x10, 0x61, 0x10,
    0x82, 0x10, 0x82, 0x10, 0x61, 0x10, 0x81, 0x10, 0x81, 0x10, 0x82, 0x10,
    0x81, 0x10, 0x81, 0x10, 0x82, 0x10, 0x81, 0x10, 0x81, 0x10, 0x62, 0x10,
    0x81, 0x10, 0x82, 0x10, 0x82, 0x10, 0x82, 0x18, 0x82, 0x10, 0x81, 0x10,
    0xa2, 0x18, 0xa2, 0x18, 0xc3, 0x18, 0xa2, 0x18, 0xa2, 0x18, 0xa2, 0x18,
    0xc2, 0x18, 0xa3, 0x18, 0xa2, 0x10, 0xa2, 0x18, 0xa2, 0x18, 0xa3, 0x18,
    0xa2, 0x18, 0xa2, 0x10, 0xa2, 0x18, 0xa2, 0x18, 0xa2, 0x10, 0x82, 0x10,
    0x82, 0x10, 0xa1, 0x18, 0xa2, 0x18, 0xa2, 0x18, 0x82, 0x18, 0xa2, 0x18,
    0xa2, 0x10, 0x82, 0x18, 0xa1, 0x10, 0xa2, 0x18, 0xa2, 0x18, 0xa2, 0x18,
    0xa2, 0x18, 0x81, 0x10, 0x82, 0x10, 0x82, 0x10, 0x82, 0x10, 0xa2, 0x10,
    0x81, 0x10, 0x82, 0x18, 0x82, 0x18, 0x82, 0x10, 0x82, 0x18, 0x81, 0x10,
    0x81, 0x10, 0x82, 0x10, 0x81, 0x10, 0x82, 0x18, 0x81, 0x10, 0x82, 0x18,
    0x82, 0x10, 0x81, 0x10, 0x82, 0x18, 0x81, 0x10, 0x82, 0x18, 0x81, 0x10,
    0x81, 0x10, 0x82, 0x10, 0x81, 0x18, 0x81, 0x18, 0x61, 0x10, 0x81, 0x10,
    0x81, 0x10, 0x82, 0x18, 0x62, 0x10, 0x81, 0x10, 0x81, 0x18, 0x62, 0x10,
    0x81, 0x10, 0x82, 0x18, 0x81, 0x18, 0x81, 0x18, 0x82, 0x18, 0x82, 0x20,
    0x84, 0x61, 0x49, 0xc3, 0x4a, 0xc3, 0x6a, 0xcb, 0x49, 0xc3, 0x29, 0xbb,
    0x46, 0x9a, 0x84, 0x79, 0x61, 0x38, 0x20, 0x20, 0x20, 0x28, 0x61, 0x38,
    0x60, 0x38, 0x60, 0x30, 0x40, 0x30, 0x40, 0x28, 0x81, 0x30, 0x85, 0x59,
    0xca, 0x92, 0xed, 0xb3, 0x90, 0xd4, 0x12, 0xdd, 0x33, 0xe5, 0x95, 0xed,
    0x94, 0xe5, 0x12, 0xe5, 0x33, 0xe5, 0x73, 0xe5, 0x94, 0xed, 0x74, 0xe5,
    0x74, 0xed, 0xb5, 0xed, 0x94, 0xed, 0x94, 0xed, 0xf5, 0xf5, 0x16, 0xf6,
    0xf6, 0xf5, 0xd5, 0xf5, 0xb5, 0xf5, 0x74, 0xed, 0x73, 0xe5, 0x74, 0xed,
    0x53, 0xe5, 0x32, 0xe5, 0x32, 0xdd, 0x12, 0xdd, 0xf2, 0xdc, 0xb1, 0xd4,
    0xb1, 0xd4, 0xb0, 0xcc, 0x70, 0xcc, 0x70, 0xcc, 0xb0, 0xd4, 0xd1, 0xdc,
    0xf1, 0xdc, 0x12, 0xdd, 0xf2, 0xdc, 0xf1, 0xd4, 0xf1, 0xdc, 0xd2, 0xdc,
    0x12, 0xe5, 0xf2, 0xdc, 0x12, 0xe5, 0x12, 0xe5, 0xf2, 0xdc, 0x90, 0xd4,
    0xee, 0xbb, 0xea, 0x92, 0xe3, 0x40, 0x20, 0x10, 0x00, 0x08, 0x00, 0x08,
    0x20, 0x20, 0xa1, 0x50, 0xe1, 0x50, 0xc1, 0x50, 0x02, 0x59, 0x63, 0x61,
    0xc1, 0x48, 0x83, 0x71, 0x04, 0x8a, 0x66, 0x9a, 0x46, 0x9a, 0x05, 0x8a,
    0xc4, 0x79, 0xe2, 0x48, 0x60, 0x30, 0x22, 0x51, 0x02, 0x51, 0x20, 0x10,
    0xe2, 0x38, 0x81, 0x28, 0x02, 0x41, 0x43, 0x59, 0x63, 0x59, 0x43, 0x51,
    0x23, 0x49, 0xc2, 0x30, 0xa1, 0x28, 0x61, 0x18, 0x61, 0x18, 0x61, 0x18,
    0x61, 0x18, 0x61, 0x18, 0x61, 0x18, 0x61, 0x18, 0x60, 0x18, 0x61, 0x18,
    0x61, 0x18, 0x61, 0x18, 0x61, 0x18, 0x61, 0x18, 0x61, 0x18, 0x61, 0x10,
    0x61, 0x18, 0x61, 0x10, 0x61, 0x10, 0x61, 0x10, 0x81, 0x10, 0x81, 0x10,
    0x61, 0x10, 0x81, 0x10, 0x81, 0x10, 0x81, 0x10, 0x61, 0x10, 0x81, 0x10,
    0x81, 0x10, 0x61, 0x10, 0x61, 0x10, 0x81, 0x10, 0x81, 0x10, 0x81, 0x10,
    0x61, 0x10, 0x81, 0x10, 0x62, 0x10, 0x81, 0x10, 0x61, 0x10, 0x61, 0x10,
    0x81, 0x10, 0x81, 0x10, 0x61, 0x10, 0x81, 0x10, 0x82, 0x10, 0x81, 0x10,
    0x82, 0x10, 0x82, 0x10, 0x81, 0x10, 0x81, 0x10, 0x82, 0x10, 0x82, 0x10,
    0x81, 0x10, 0x81, 0x10, 0x82, 0x10, 0x81, 0x10, 0x81, 0x10, 0x81, 0x10,
    0x81, 0x10, 0x81, 0x10, 0x82, 0x10, 0x81, 0x10, 0x82, 0x18, 0x82, 0x10,
    0x81, 0x10, 0x81, 0x10, 0x81, 0x10, 0x81, 0x10, 0x61, 0x18, 0x82, 0x10,
    0xa2, 0x18, 0xa2, 0x18, 0xa2, 0x18, 0xa3, 0x18, 0xa2, 0x18, 0xa2, 0x10,
    0xa3, 0x18, 0xa2, 0x18, 0xa2, 0x18, 0xa2, 0x10, 0xa2, 0x10, 0x82, 0x18,
    0xa2, 0x10, 0xa2, 0x18, 0x82, 0x10, 0x82, 0x18, 0xa2, 0x18, 0x82, 0x10,
    0x82, 0x10, 0x82, 0x18, 0xa1, 0x18, 0x82, 0x10, 0x82, 0x10, 0xa2, 0x18,
    0x82, 0x18, 0x81, 0x10, 0xa2, 0x10, 0x82, 0x10, 0x82, 0x10, 0xa1, 0x18,
    0xa1, 0x18, 0x82, 0x10, 0x82, 0x18, 0xa2, 0x18, 0x81, 0x10, 0x82, 0x10,
    0x81, 0x18, 0x81, 0x18, 0x82, 0x10, 0xa2, 0x10, 0x81, 0x10, 0x82, 0x18,
    0xa1, 0x10, 0x82, 0x18, 0x82, 0x18, 0x81, 0x10, 0x81, 0x10, 0x81, 0x10,
    0x82, 0x18, 0x81, 0x10, 0x82, 0x10, 0x81, 0x10, 0x82, 0x18, 0x81, 0x10,
    0x82, 0x18, 0x81, 0x10, 0x82, 0x10, 0x81, 0x10, 0x82, 0x18, 0x61, 0x18,
    0x81, 0x10, 0x61, 0x10, 0x62, 0x10, 0x61, 0x10, 0x81, 0x18, 0x81, 0x18,
    0x61, 0x18, 0x81, 0x18, 0x81, 0x18, 0x81, 0x18, 0x82, 0x18, 0xa1, 0x20,
    0xe5, 0x71, 0x4a, 0xc3, 0x49, 0xc3, 0x4a, 0xc3, 0x09, 0xbb, 0x4a, 0xc3,
    0x87, 0xaa, 0x05, 0x92, 0x81, 0x38, 0x20, 0x18, 0x00, 0x20, 0x20, 0x28,
    0x61, 0x38, 0x61, 0x30, 0x40, 0x28, 0x20, 0x28, 0x41, 0x28, 0x23, 0x49,
    0x48, 0x7a, 0x6c, 0xa3, 0x2f, 0xc4, 0xd1, 0xd4, 0xb1, 0xd4, 0x13, 0xe5,
    0x33, 0xe5, 0x53, 0xe5, 0x74, 0xe5, 0x53, 0xe5, 0x53, 0xe5, 0x53, 0xe5,
    0x74, 0xed, 0x94, 0xed, 0x74, 0xed, 0x53, 0xe5, 0x94, 0xed, 0xd5, 0xf5,
    0xd5, 0xf5, 0xb5, 0xed, 0x53, 0xed, 0x53, 0xe5, 0x54, 0xe5, 0x53, 0xe5,
    0x53, 0xe5, 0x12, 0xdd, 0x32, 0xdd, 0x12, 0xdd, 0xb1, 0xd4, 0xd1, 0xd4,
    0xb0, 0xcc, 0x90, 0xcc, 0xb0, 0xd4, 0x90, 0xd4, 0x90, 0xd4, 0xf1, 0xdc,
    0x32, 0xdd, 0x12, 0xdd, 0xd2, 0xdc, 0xf2, 0xdc, 0xd2, 0xdc, 0xf2, 0xdc,
    0xf2, 0xdc, 0xf2, 0xdc, 0xf2, 0xdc, 0x12, 0xdd, 0xb1, 0xdc, 0x70, 0xcc,
    0x6c, 0xa3, 0xe6, 0x69, 0x81, 0x30, 0x20, 0x18, 0x00, 0x08, 0x20, 0x08,
    0x20, 0x20, 0xc1, 0x50, 0xe1, 0x58, 0x01, 0x59, 0x02, 0x59, 0x83, 0x71,
    0xa1, 0x40, 0xa4, 0x79, 0xa3, 0x71, 0x67, 0x9a, 0x46, 0x92, 0xe4, 0x81,
    0xa3, 0x71, 0x61, 0x30, 0x40, 0x30, 0x02, 0x51, 0x43, 0x59, 0x00, 0x08,
    0x42, 0x10, 0x21, 0x10, 0x21, 0x10, 0x42, 0x20, 0xa2, 0x30, 0xe2, 0x40,
    0x23, 0x59, 0x22, 0x51, 0xe2, 0x40, 0xe2, 0x40, 0xc2, 0x38, 0xe2, 0x30,
    0xa1, 0x30, 0xa2, 0x28, 0xa1, 0x28, 0xa2, 0x28, 0xa1, 0x28, 0xa2, 0x28,
    0xc2, 0x30, 0xe2, 0x30, 0xe2, 0x30, 0x02, 0x41, 0x23, 0x41, 0xe3, 0x30,
    0x81, 0x20, 0x61, 0x18, 0x61, 0x18, 0x61, 0x18, 0x61, 0x10, 0x61, 0x10,
    0x61, 0x10, 0x61, 0x10, 0x81, 0x10, 0x61, 0x10, 0x61, 0x10, 0x81, 0x10,
    0x61, 0x10, 0x61, 0x10, 0x81, 0x10, 0x61, 0x10, 0x61, 0x10, 0x61, 0x10,
    0x61, 0x08, 0x81, 0x10, 0x61, 0x10, 0x81, 0x10, 0x81, 0x10, 0x61, 0x10,
    0x81, 0x10, 0x61, 0x10, 0x82, 0x10, 0x61, 0x10, 0x81, 0x10, 0x82, 0x10,
    0x81, 0x10, 0x82, 0x10, 0x81, 0x10, 0x82, 0x10, 0x82, 0x18, 0x81, 0x18,
    0x81, 0x10, 0x82, 0x10, 0x81, 0x10, 0x82, 0x18, 0x81, 0x10, 0x81, 0x10,
    0x82, 0x18, 0x82, 0x10, 0x81, 0x18, 0x81, 0x10, 0x81, 0x10, 0x81, 0x10,
    0x62, 0x10, 0x81, 0x18, 0x82, 0x10, 0x81, 0x10, 0x81, 0x10, 0x81, 0x10,
    0xa2, 0x18, 0xa3, 0x18, 0xa2, 0x18, 0xa2, 0x18, 0xa2, 0x18, 0xa2, 0x18,
    0xa2, 0x18, 0xa2, 0x18, 0xa2, 0x18, 0xa2, 0x18, 0xa2, 0x10, 0xa2, 0x10,
    0x82, 0x18, 0x82, 0x10, 0x82, 0x10, 0xa2, 0x18, 0xa2, 0x18, 0xa2, 0x18,
    0xa1, 0x18, 0x82, 0x18, 0xa2, 0x10, 0xa1, 0x18, 0xa2, 0x18, 0xa2, 0x10,
    0xa2, 0x18, 0xa2, 0x18, 0x82, 0x18, 0xa2, 0x18, 0x82, 0x10, 0x82, 0x10,
    0x81, 0x10, 0x82, 0x10, 0x81, 0x18, 0xa1, 0x18, 0x81, 0x10, 0x82, 0x10,
    0x82, 0x18, 0x81, 0x10, 0x82, 0x10, 0x81, 0x18, 0x82, 0x18, 0x82, 0x10,
    0xa2, 0x18, 0x81, 0x10, 0x82, 0x10, 0xa2, 0x18, 0x82, 0x18, 0x82, 0x18,
    0x81, 0x10, 0x81, 0x18, 0x82, 0x10, 0x81, 0x10, 0x82, 0x18, 0x81, 0x10,
    0x82, 0x10, 0x82, 0x18, 0x81, 0x10, 0x81, 0x10, 0x82, 0x10, 0x61, 0x18,
    0x82, 0x10, 0x81, 0x18, 0x81, 0x18, 0x62, 0x18, 0x82, 0x18, 0x82, 0x18,
    0x82, 0x20, 0x44, 0x41, 0xa2, 0x28, 0x23, 0x41, 0xe5, 0x69, 0x87, 0x92,
    0xa8, 0xa2, 0x49, 0xc3, 0x49, 0xc3, 0x09, 0xc3, 0x29, 0xc3, 0x08, 0xbb,
    0x49, 0xc3, 0x66, 0x9a, 0xe5, 0x81, 0xa2, 0x38, 0x00, 0x18, 0x00, 0x20,
    0x41, 0x30, 0x61, 0x38, 0x20, 0x28, 0x20, 0x20, 0x20, 0x20, 0xc2, 0x38,
    0xc5, 0x61, 0xea, 0x92, 0xad, 0xb3, 0x4f, 0xc4, 0xb1, 0xd4, 0xf2, 0xdc,
    0x33, 0xe5, 0x33, 0xe5, 0x53, 0xe5, 0x53, 0xe5, 0x74, 0xed, 0x74, 0xed,
    0x53, 0xe5, 0x33, 0xe5, 0x53, 0xe5, 0x53, 0xe5, 0x33, 0xe5, 0x94, 0xed,
    0x94, 0xed, 0x74, 0xed, 0x33, 0xe5, 0x33, 0xe5, 0x53, 0xed, 0x12, 0xdd,
    0x53, 0xe5, 0x13, 0xdd, 0xf2, 0xdc, 0xd1, 0xdc, 0xb0, 0xcc, 0x90, 0xcc,
    0x70, 0xcc, 0x4f, 0xcc, 0x90, 0xcc, 0xb1, 0xd4, 0xf1, 0xdc, 0xf2, 0xdc,
    0x12, 0xdd, 0xf2, 0xdc, 0xf2, 0xdc, 0xf2, 0xdc, 0xd1, 0xdc, 0xd1, 0xdc,
    0xd1, 0xdc, 0xf2, 0xdc, 0xf2, 0xdc, 0xb1, 0xd4, 0x50, 0xcc, 0xcd, 0xb3,
    0x89, 0x82, 0x44, 0x51, 0x41, 0x20, 0x41, 0x18, 0x20, 0x08, 0x00, 0x08,
    0x21, 0x18, 0xc1, 0x50, 0x01, 0x59, 0x22, 0x61, 0x02, 0x61, 0x83, 0x71,
    0x22, 0x59, 0xa4, 0x71, 0x42, 0x69, 0x66, 0x9a, 0x46, 0x9a, 0xe4, 0x81,
    0x42, 0x61, 0x20, 0x28, 0x81, 0x38, 0x43, 0x61, 0x43, 0x59, 0x00, 0x00,
    0x43, 0x10, 0x22, 0x08, 0x01, 0x00, 0x43, 0x10, 0x42, 0x08, 0x22, 0x08,
    0x21, 0x10, 0x40, 0x20, 0x61, 0x28, 0x41, 0x18, 0x21, 0x10, 0x20, 0x10,
    0x20, 0x10, 0x20, 0x08, 0x01, 0x08, 0x00, 0x08, 0x00, 0x08, 0x21, 0x08,
    0x21, 0x08, 0x00, 0x08, 0x00, 0x08, 0x21, 0x10, 0x82, 0x20, 0xe3, 0x38,
    0x44, 0x49, 0x64, 0x51, 0x23, 0x41, 0xe3, 0x30, 0x81, 0x18, 0x61, 0x18,
    0x61, 0x10, 0x61, 0x10, 0x81, 0x10, 0x61, 0x10, 0x61, 0x10, 0x81, 0x10,
    0x61, 0x10, 0x81, 0x10, 0x81, 0x10, 0x61, 0x10, 0x81, 0x10, 0x62, 0x10,
    0x81, 0x10, 0x82, 0x10, 0x61, 0x10, 0x82, 0x10, 0x61, 0x10, 0x81, 0x10,
    0x61, 0x10, 0x82, 0x10, 0x82, 0x10, 0x82, 0x10, 0x81, 0x10, 0x82, 0x10,
    0x82, 0x18, 0x81, 0x18, 0x81, 0x10, 0x82, 0x10, 0x81, 0x18, 0x81, 0x10,
    0x82, 0x18, 0xa2, 0x18, 0x82, 0x18, 0x81, 0x10, 0x82, 0x18, 0x82, 0x18,
    0x82, 0x10, 0x81, 0x18, 0x82, 0x10, 0x82, 0x10, 0x82, 0x10, 0x81, 0x10,
    0x82, 0x18, 0x82, 0x10, 0x82, 0x10, 0x61, 0x10, 0x82, 0x10, 0x81, 0x10,
    0xa2, 0x18, 0xa2, 0x18, 0xa2, 0x10, 0xa3, 0x18, 0xa2, 0x18, 0xa2, 0x18,
    0xa2, 0x10, 0xa2, 0x18, 0xa2, 0x18, 0xa2, 0x10, 0xa2, 0x18, 0xa2, 0x18,
    0x82, 0x18, 0xa2, 0x10, 0xa2, 0x10, 0x82, 0x18, 0xa2, 0x10, 0xa2, 0x18,
    0x82, 0x18, 0xa2, 0x18, 0xa2, 0x18, 0x82, 0x10, 0x82, 0x18, 0xa1, 0x10,
    0x81, 0x10, 0x82, 0x10, 0xa2, 0x18, 0x82, 0x10, 0x82, 0x18, 0x82, 0x10,
    0x82, 0x10, 0x82, 0x18, 0xa2, 0x10, 0x82, 0x10, 0x82, 0x18, 0x82, 0x10,
    0x81, 0x10, 0x82, 0x10, 0xa2, 0x18, 0x81, 0x10, 0x82, 0x10, 0x82, 0x10,
    0x81, 0x10, 0x81, 0x10, 0x81, 0x10, 0x82, 0x10, 0x82, 0x18, 0x82, 0x10,
    0x82, 0x10, 0x81, 0x18, 0x82, 0x10, 0x82, 0x10, 0x81, 0x10, 0x81, 0x10,
    0x82, 0x10, 0x81, 0x18, 0x82, 0x18, 0x61, 0x10, 0x81, 0x10, 0x81, 0x10,
    0x62, 0x18, 0x82, 0x18, 0x82, 0x18, 0x81, 0x18, 0x82, 0x18, 0xe2, 0x30,
    0x87, 0x8a, 0x26, 0x82, 0x03, 0x41, 0xc5, 0x71, 0x84, 0x71, 0xc5, 0x79,
    0x05, 0x8a, 0x09, 0xb3, 0x4a, 0xc3, 0x08, 0xbb, 0x08, 0xbb, 0xe8, 0xba,
    0x09, 0xbb, 0x08, 0xbb, 0x26, 0x92, 0xc4, 0x81, 0x23, 0x51, 0x40, 0x28,
    0x20, 0x28, 0x40, 0x30, 0x40, 0x30, 0x20, 0x20, 0x00, 0x20, 0x61, 0x28,
    0x44, 0x51, 0x68, 0x7a, 0x2b, 0x9b, 0xcd, 0xb3, 0x70, 0xcc, 0xd2, 0xdc,
    0xf1, 0xdc, 0x12, 0xdd, 0xf2, 0xdc, 0xd2, 0xdc, 0x12, 0xdd, 0x13, 0xe5,
    0x13, 0xdd, 0x33, 0xe5, 0x12, 0xdd, 0x12, 0xdd, 0xf2, 0xdc, 0x12, 0xe5,
    0x53, 0xe5, 0x54, 0xed, 0x94, 0xed, 0x53, 0xe5, 0x33, 0xe5, 0x33, 0xe5,
    0x12, 0xdd, 0xf2, 0xdc, 0xf2, 0xdc, 0xd1, 0xd4, 0xb1, 0xd4, 0x90, 0xcc,
    0x70, 0xcc, 0x90, 0xcc, 0xb1, 0xd4, 0xd1, 0xd4, 0xf2, 0xdc, 0x33, 0xe5,
    0x12, 0xe5, 0xf2, 0xdc, 0xd1, 0xdc, 0xb1, 0xd4, 0xb1, 0xd4, 0xd1, 0xdc,
    0xf2, 0xdc, 0xb1, 0xdc, 0x90, 0xd4, 0x4f, 0xcc, 0xce, 0xb3, 0x2b, 0x9b,
    0x07, 0x6a, 0xa2, 0x38, 0x41, 0x20, 0x41, 0x18, 0x00, 0x10, 0x00, 0x08,
    0x20, 0x08, 0xa1, 0x48, 0x22, 0x61, 0x42, 0x69, 0x42, 0x69, 0x83, 0x71,
    0xa4, 0x71, 0x43, 0x69, 0x43, 0x61, 0x25, 0x92, 0x66, 0x9a, 0xc4, 0x79,
    0xc1, 0x48, 0x40, 0x28, 0xe2, 0x48, 0x83, 0x69, 0x22, 0x51, 0x00, 0x00,
    0x43, 0x10, 0x22, 0x08, 0x21, 0x00, 0x23, 0x08, 0x43, 0x08, 0x22, 0x08,
    0x00, 0x00, 0x00, 0x00, 0x00, 0x00, 0x00, 0x00, 0x22, 0x08, 0x00, 0x00,
    0x00, 0x00, 0x00, 0x00, 0x00, 0x00, 0x00, 0x00, 0x00, 0x00, 0x22, 0x08,
    0x01, 0x00, 0x00, 0x00, 0x00, 0x00, 0x00, 0x00, 0x01, 0x08, 0x43, 0x08,
    0x42, 0x10, 0x42, 0x10, 0xc2, 0x28, 0xe3, 0x38, 0x03, 0x41, 0x44, 0x49,
    0x23, 0x41, 0xa2, 0x28, 0x61, 0x18, 0x61, 0x10, 0x61, 0x10, 0x81, 0x10,
    0x81, 0x10, 0x61, 0x10, 0x61, 0x10, 0x61, 0x10, 0x61, 0x10, 0x81, 0x10,
    0x62, 0x10, 0x61, 0x10, 0x82, 0x10, 0x61, 0x10, 0x81, 0x10, 0x82, 0x10,
    0x61, 0x10, 0x81, 0x10, 0x82, 0x10, 0x82, 0x10, 0x81, 0x10, 0x82, 0x10,
    0x81, 0x10, 0x82, 0x18, 0x82, 0x10, 0x81, 0x10, 0x82, 0x10, 0x82, 0x10,
    0x82, 0x18, 0xa2, 0x18, 0xa1, 0x10, 0x81, 0x10, 0x82, 0x18, 0x82, 0x10,
    0x81, 0x10, 0x81, 0x18, 0x82, 0x10, 0x81, 0x10, 0x81, 0x10, 0x82, 0x18,
    0x81, 0x10, 0x81, 0x10, 0x81, 0x10, 0x82, 0x18, 0x81, 0x10, 0x81, 0x10,
    0xa2, 0x18, 0xa2, 0x18, 0xc3, 0x18, 0xa2, 0x10, 0xa2, 0x18, 0xa2, 0x18,
    0xa3, 0x18, 0xa3, 0x10, 0xa2, 0x18, 0x82, 0x10, 0xa2, 0x18, 0xa2, 0x18,
    0x82, 0x18, 0xa2, 0x10, 0x82, 0x18, 0x82, 0x10, 0x82, 0x18, 0x81, 0x18,
    0xa2, 0x10, 0x81, 0x18, 0xa2, 0x18, 0xa2, 0x18, 0xa2, 0x10, 0x82, 0x18,
    0x81, 0x10, 0xa2, 0x18, 0xa2, 0x10, 0x82, 0x18, 0x81, 0x10, 0xa2, 0x18,
    0x82, 0x18, 0xa1, 0x18, 0x82, 0x10, 0x82, 0x10, 0x81, 0x10, 0xa2, 0x18,
    0xa2, 0x18, 0x82, 0x10, 0x81, 0x18, 0x82, 0x10, 0x81, 0x10, 0x82, 0x18,
    0x81, 0x10, 0x82, 0x10, 0x82, 0x10, 0x81, 0x10, 0x81, 0x10, 0x81, 0x10,
    0x81, 0x18, 0x82, 0x10, 0x81, 0x10, 0x81, 0x18, 0x81, 0x10, 0x82, 0x10,
    0x82, 0x10, 0x81, 0x18, 0x81, 0x10, 0x82, 0x18, 0x81, 0x18, 0x81, 0x18,
    0x82, 0x18, 0x81, 0x18, 0x81, 0x18, 0x64, 0x49, 0x47, 0x82, 0xc4, 0x71,
    0x64, 0x61, 0x84, 0x20, 0x44, 0x10, 0xc2, 0x40, 0xc5, 0x71, 0xc1, 0x48,
    0x42, 0x61, 0x87, 0xa2, 0x49, 0xc3, 0x08, 0xbb, 0xc8, 0xb2, 0xe8, 0xba,
    0xc8, 0xb2, 0x09, 0xbb, 0xc8, 0xb2, 0x46, 0x9a, 0xe5, 0x89, 0x83, 0x71,
    0x63, 0x61, 0x23, 0x59, 0xc1, 0x48, 0x40, 0x28, 0x00, 0x20, 0x20, 0x20,
    0xe2, 0x40, 0xc6, 0x69, 0xa9, 0x8a, 0x8c, 0xab, 0xee, 0xbb, 0x70, 0xcc,
    0x91, 0xd4, 0xd1, 0xd4, 0xd1, 0xdc, 0xd2, 0xdc, 0xd1, 0xd4, 0xf2, 0xdc,
    0xf2, 0xdc, 0xd1, 0xdc, 0xf2, 0xdc, 0xf2, 0xdc, 0xd2, 0xdc, 0xb1, 0xd4,
    0xd2, 0xdc, 0xf2, 0xdc, 0x33, 0xe5, 0x33, 0xe5, 0x13, 0xe5, 0x12, 0xdd,
    0xf2, 0xdc, 0xf2, 0xdc, 0xb1, 0xd4, 0xd1, 0xd4, 0xb1, 0xd4, 0x90, 0xcc,
    0xb1, 0xd4, 0x90, 0xcc, 0xb1, 0xd4, 0xf2, 0xdc, 0x12, 0xdd, 0x32, 0xe5,
    0x12, 0xdd, 0xd1, 0xd4, 0x90, 0xd4, 0x70, 0xd4, 0xb1, 0xd4, 0xb1, 0xd4,
    0x90, 0xd4, 0x50, 0xcc, 0x2f, 0xc4, 0x0e, 0xbc, 0x4b, 0xa3, 0x68, 0x82,
    0x44, 0x49, 0x82, 0x28, 0x82, 0x28, 0x20, 0x18, 0x01, 0x10, 0x00, 0x08,
    0x00, 0x08, 0x81, 0x38, 0x22, 0x69, 0x63, 0x79, 0x83, 0x71, 0x63, 0x71,
    0xe4, 0x81, 0x02, 0x59, 0x83, 0x69, 0x05, 0x8a, 0x86, 0x9a, 0x84, 0x71,
    0x81, 0x38, 0x61, 0x30, 0xe2, 0x48, 0x83, 0x71, 0x22, 0x51, 0x20, 0x00,
    0x43, 0x10, 0x22, 0x08, 0x01, 0x00, 0x22, 0x08, 0x22, 0x00, 0x00, 0x00,
    0x00, 0x00, 0x00, 0x00, 0x00, 0x00, 0x21, 0x08, 0x42, 0x08, 0x01, 0x00,
    0x00, 0x00, 0x00, 0x00, 0x00, 0x00, 0x00, 0x00, 0x21, 0x00, 0x02, 0x00,
    0x00, 0x00, 0x00, 0x00, 0x00, 0x00, 0x00, 0x00, 0x22, 0x08, 0x43, 0x08,
    0x22, 0x08, 0x01, 0x00, 0x00, 0x00, 0x42, 0x10, 0x22, 0x08, 0x42, 0x08,
    0x82, 0x28, 0x24, 0x41, 0x64, 0x49, 0x64, 0x49, 0xa2, 0x20, 0x61, 0x18,
    0x61, 0x18, 0x61, 0x10, 0x81, 0x18, 0x81, 0x10, 0x61, 0x10, 0x81, 0x10,
    0x61, 0x10, 0x81, 0x10, 0x81, 0x10, 0x61, 0x10, 0x81, 0x10, 0x81, 0x10,
    0x82, 0x10, 0x81, 0x10, 0x81, 0x10, 0x81, 0x10, 0x81, 0x10, 0x82, 0x10,
    0x81, 0x18, 0x82, 0x10, 0x82, 0x10, 0xa2, 0x18, 0x81, 0x18, 0xa2, 0x10,
    0x81, 0x10, 0x82, 0x10, 0x81, 0x10, 0xa2, 0x18, 0xa2, 0x18, 0x81, 0x10,
    0x81, 0x10, 0x81, 0x18, 0x82, 0x18, 0x82, 0x10, 0x82, 0x10, 0x82, 0x10,
    0x81, 0x18, 0x81, 0x10, 0x82, 0x10, 0x82, 0x18, 0x81, 0x10, 0x82, 0x10,
    0xa2, 0x18, 0xa2, 0x18, 0xa2, 0x18, 0xa2, 0x18, 0xa3, 0x18, 0xa2, 0x18,
    0xa2, 0x10, 0xa2, 0x18, 0xa2, 0x18, 0xa2, 0x18, 0xa2, 0x18, 0xa2, 0x18,
    0x82, 0x10, 0xa2, 0x18, 0xa2, 0x18, 0xa2, 0x18, 0xa2, 0x18, 0xa2, 0x18,
    0x82, 0x10, 0xa2, 0x18, 0x82, 0x18, 0xa2, 0x18, 0x81, 0x18, 0xa2, 0x18,
    0x82, 0x10, 0x82, 0x18, 0x82, 0x18, 0x81, 0x10, 0xa2, 0x10, 0x81, 0x10,
    0x82, 0x18, 0xa2, 0x10, 0x81, 0x18, 0xa2, 0x18, 0x81, 0x10, 0xa2, 0x18,
    0x82, 0x10, 0x81, 0x10, 0x82, 0x18, 0x82, 0x10, 0x82, 0x10, 0x81, 0x18,
    0x82, 0x18, 0x82, 0x18, 0x81, 0x10, 0x82, 0x18, 0xa1, 0x18, 0x82, 0x18,
    0x81, 0x10, 0x82, 0x18, 0x82, 0x18, 0x82, 0x10, 0x81, 0x18, 0x82, 0x18,
    0x82, 0x10, 0x81, 0x18, 0x81, 0x18, 0x82, 0x18, 0x82, 0x18, 0x82, 0x18,
    0xa2, 0x20, 0xa5, 0x61, 0x67, 0x82, 0x26, 0x82, 0x24, 0x51, 0x64, 0x20,
    0x84, 0x20, 0x85, 0x18, 0x85, 0x18, 0x43, 0x10, 0x23, 0x59, 0x63, 0x69,
    0xa1, 0x40, 0x83, 0x71, 0x08, 0xbb, 0x29, 0xc3, 0xe8, 0xb2, 0xe8, 0xb2,
    0xe8, 0xba, 0xe8, 0xb2, 0xe8, 0xb2, 0xc8, 0xb2, 0x66, 0x9a, 0x05, 0x8a,
    0xa3, 0x79, 0xc4, 0x79, 0x26, 0x92, 0x05, 0x82, 0x23, 0x59, 0x20, 0x20,
    0x61, 0x28, 0x24, 0x49, 0x27, 0x72, 0xea, 0x92, 0x8c, 0xab, 0xcd, 0xb3,
    0x4f, 0xc4, 0x50, 0xcc, 0x90, 0xcc, 0x70, 0xcc, 0x90, 0xd4, 0xb1, 0xdc,
    0xb1, 0xd4, 0xd1, 0xdc, 0xd2, 0xdc, 0xd2, 0xdc, 0xd2, 0xdc, 0x90, 0xd4,
    0x70, 0xcc, 0x91, 0xd4, 0xf2, 0xdc, 0xf2, 0xdc, 0xf2, 0xdc, 0xf2, 0xdc,
    0xf2, 0xdc, 0xd1, 0xd4, 0xd1, 0xd4, 0xb1, 0xd4, 0x91, 0xcc, 0x91, 0xcc,
    0xb1, 0xd4, 0xb1, 0xd4, 0xb1, 0xd4, 0xd1, 0xdc, 0xf2, 0xdc, 0xf2, 0xdc,
    0xd2, 0xd4, 0x90, 0xcc, 0x70, 0xcc, 0x70, 0xcc, 0x70, 0xcc, 0x2f, 0xcc,
    0x2f, 0xc4, 0xcd, 0xb3, 0xad, 0xab, 0x4c, 0xa3, 0x88, 0x82, 0xc6, 0x61,
    0xc2, 0x38, 0x41, 0x20, 0x82, 0x28, 0x20, 0x10, 0x20, 0x10, 0x00, 0x08,
    0x00, 0x08, 0x61, 0x30, 0x42, 0x69, 0xa4, 0x79, 0xa4, 0x81, 0x83, 0x79,
    0xc4, 0x81, 0x02, 0x59, 0x83, 0x71, 0xc4, 0x79, 0x87, 0x9a, 0x63, 0x61,
    0x40, 0x30, 0x60, 0x30, 0x22, 0x59, 0xa4, 0x79, 0xe2, 0x48, 0x21, 0x10,
    0x82, 0x20, 0x42, 0x10, 0x22, 0x08, 0x01, 0x00, 0x00, 0x00, 0x00, 0x00,
    0x00, 0x00, 0x01, 0x08, 0x21, 0x10, 0x21, 0x10, 0x42, 0x10, 0x21, 0x00,
    0x21, 0x08, 0x00, 0x00, 0x21, 0x08, 0x01, 0x00, 0x22, 0x08, 0x21, 0x08,
    0x00, 0x00, 0x00, 0x00, 0x00, 0x00, 0x21, 0x00, 0x22, 0x08, 0x43, 0x10,
    0x22, 0x08, 0x00, 0x00, 0x01, 0x00, 0x22, 0x08, 0x22, 0x00, 0x01, 0x00,
    0x00, 0x00, 0x42, 0x10, 0xa4, 0x18, 0xa3, 0x28, 0x64, 0x49, 0x65, 0x49,
    0x24, 0x41, 0x82, 0x20, 0x81, 0x18, 0x62, 0x18, 0x82, 0x10, 0x61, 0x10,
    0x81, 0x10, 0x82, 0x10, 0x61, 0x10, 0x62, 0x10, 0x61, 0x10, 0x81, 0x10,
    0x81, 0x10, 0x82, 0x18, 0x82, 0x10, 0x82, 0x18, 0x82, 0x10, 0x81, 0x18,
    0x82, 0x10, 0x82, 0x18, 0x81, 0x10, 0x82, 0x10, 0xa2, 0x18, 0xa2, 0x18,
    0xa2, 0x18, 0x82, 0x18, 0x81, 0x10, 0x82, 0x18, 0xa2, 0x18, 0x81, 0x10,
    0xa2, 0x18, 0x82, 0x10, 0x82, 0x18, 0x81, 0x10, 0x81, 0x10, 0xa2, 0x18,
    0x82, 0x10, 0x82, 0x10, 0x82, 0x10, 0x81, 0x10, 0x82, 0x10, 0x81, 0x10,
    0xa2, 0x18, 0xa2, 0x18, 0xa2, 0x10, 0xa2, 0x18, 0xc2, 0x18, 0xa2, 0x10,
    0xa2, 0x18, 0xa2, 0x18, 0xa2, 0x18, 0xa2, 0x18, 0xa2, 0x10, 0xa2, 0x10,
    0xa2, 0x18, 0xa2, 0x10, 0xa2, 0x18, 0xa2, 0x18, 0xa2, 0x10, 0xa2, 0x18,
    0x81, 0x10, 0xa2, 0x10, 0xa2, 0x18, 0x81, 0x10, 0xa2, 0x18, 0xa1, 0x10,
    0xa2, 0x18, 0x82, 0x10, 0xa2, 0x18, 0x82, 0x18, 0xa1, 0x10, 0x82, 0x10,
    0x82, 0x18, 0x81, 0x10, 0x82, 0x10, 0x82, 0x18, 0x81, 0x10, 0xa2, 0x18,
    0x82, 0x10, 0x81, 0x10, 0x81, 0x10, 0x81, 0x10, 0x82, 0x10, 0x81, 0x10,
    0x82, 0x10, 0x81, 0x10, 0x81, 0x10, 0x82, 0x10, 0x82, 0x18, 0x81, 0x10,
    0x82, 0x18, 0x81, 0x10, 0x81, 0x10, 0x82, 0x10, 0x81, 0x18, 0x82, 0x18,
    0x61, 0x18, 0x82, 0x18, 0x82, 0x18, 0x81, 0x18, 0x44, 0x49, 0x06, 0x7a,
    0xa7, 0x92, 0x26, 0x8a, 0x44, 0x59, 0x64, 0x18, 0x64, 0x18, 0x64, 0x10,
    0x44, 0x10, 0x44, 0x10, 0x85, 0x18, 0x65, 0x18, 0x22, 0x10, 0x43, 0x61,
    0x02, 0x59, 0x81, 0x40, 0x66, 0x9a, 0x49, 0xc3, 0x09, 0xbb, 0xc7, 0xb2,
    0xe8, 0xba, 0xe8, 0xba, 0xc7, 0xb2, 0xa7, 0xaa, 0xc7, 0xb2, 0xa7, 0xaa,
    0x25, 0x92, 0xe4, 0x89, 0xc4, 0x79, 0xa4, 0x79, 0x25, 0x92, 0x26, 0x8a,
    0x02, 0x49, 0xa2, 0x38, 0x64, 0x59, 0x47, 0x7a, 0x0a, 0x93, 0x4b, 0xa3,
    0xad, 0xb3, 0xee, 0xbb, 0x0f, 0xc4, 0x2f, 0xc4, 0x0e, 0xc4, 0x2f, 0xc4,
    0x70, 0xcc, 0x90, 0xd4, 0x91, 0xd4, 0xd1, 0xdc, 0xb1, 0xd4, 0xb1, 0xd4,
    0x70, 0xcc, 0x90, 0xd4, 0xb1, 0xd4, 0x90, 0xd4, 0xf2, 0xdc, 0xd2, 0xdc,
    0xf2, 0xdc, 0xb1, 0xd4, 0xb1, 0xd4, 0x91, 0xcc, 0x90, 0xcc, 0x70, 0xcc,
    0x70, 0xcc, 0x90, 0xcc, 0x90, 0xcc, 0xd1, 0xd4, 0xd1, 0xd4, 0xf2, 0xdc,
    0xb1, 0xd4, 0x70, 0xcc, 0x50, 0xc4, 0x2f, 0xc4, 0x0f, 0xc4, 0xee, 0xbb,
    0xad, 0xb3, 0x6c, 0xa3, 0x6c, 0xa3, 0xea, 0x92, 0x27, 0x72, 0x44, 0x49,
    0x61, 0x28, 0x61, 0x28, 0x20, 0x18, 0x20, 0x10, 0x00, 0x10, 0x20, 0x08,
    0x00, 0x08, 0x41, 0x20, 0x21, 0x61, 0xc4, 0x81, 0x05, 0x92, 0xc4, 0x81,
    0xa4, 0x81, 0x43, 0x61, 0xc4, 0x79, 0x83, 0x71, 0x66, 0x9a, 0x22, 0x51,
    0x40, 0x30, 0x81, 0x38, 0x22, 0x59, 0xe5, 0x79, 0x03, 0x51, 0x40, 0x28,
    0x02, 0x51, 0xc2, 0x40, 0x21, 0x18, 0x20, 0x10, 0x00, 0x00, 0x00, 0x08,
    0x20, 0x20, 0x61, 0x30, 0xa1, 0x40, 0xc1, 0x40, 0xa1, 0x38, 0x61, 0x28,
    0x20, 0x20, 0x20, 0x18, 0x40, 0x28, 0x61, 0x30, 0x81, 0x30, 0x41, 0x20,
    0x20, 0x08, 0x00, 0x08, 0x20, 0x18, 0x81, 0x30, 0xc1, 0x40, 0xa1, 0x30,
    0x21, 0x08, 0x21, 0x08, 0x21, 0x08, 0x22, 0x08, 0x00, 0x00, 0x00, 0x00,
    0x00, 0x00, 0x22, 0x08, 0x64, 0x10, 0x64, 0x10, 0x63, 0x10, 0x42, 0x10,
    0xc3, 0x28, 0x44, 0x49, 0x85, 0x51, 0xe3, 0x30, 0x61, 0x18, 0x81, 0x10,
    0x81, 0x10, 0x82, 0x10, 0x81, 0x10, 0x81, 0x10, 0x82, 0x18, 0x82, 0x18,
    0x82, 0x10, 0x81, 0x10, 0x81, 0x10, 0x82, 0x10, 0x81, 0x10, 0x81, 0x10,
    0x82, 0x10, 0x81, 0x10, 0x81, 0x18, 0x82, 0x10, 0x81, 0x10, 0x81, 0x10,
    0xa2, 0x18, 0x82, 0x10, 0xa1, 0x10, 0x82, 0x10, 0x81, 0x10, 0x82, 0x18,
    0xa2, 0x10, 0x82, 0x10, 0x81, 0x10, 0xa2, 0x18, 0x82, 0x18, 0x81, 0x10,
    0x81, 0x10, 0x82, 0x18, 0xa1, 0x18, 0x81, 0x10, 0x82, 0x10, 0x81, 0x10,
    0xa3, 0x18, 0xa2, 0x18, 0xa3, 0x18, 0xa3, 0x18, 0xa2, 0x18, 0xa2, 0x18,
    0xa3, 0x18, 0xa2, 0x18, 0xa2, 0x10, 0x82, 0x10, 0xa2, 0x18, 0x82, 0x18,
    0xa2, 0x18, 0x82, 0x10, 0xa2, 0x18, 0xa2, 0x18, 0x82, 0x18, 0xa2, 0x10,
    0xa2, 0x18, 0xa2, 0x18, 0xa2, 0x18, 0xa2, 0x18, 0xa2, 0x18, 0x82, 0x18,
    0x82, 0x18, 0xa1, 0x10, 0xa2, 0x18, 0xa2, 0x18, 0x82, 0x18, 0x82, 0x10,
    0xa2, 0x18, 0x82, 0x18, 0xa2, 0x18, 0x82, 0x10, 0x81, 0x18, 0x82, 0x18,
    0x82, 0x18, 0x81, 0x10, 0x81, 0x18, 0x82, 0x18, 0x82, 0x10, 0x82, 0x10,
    0x82, 0x18, 0x82, 0x10, 0x82, 0x10, 0x81, 0x18, 0x81, 0x10, 0x82, 0x10,
    0x81, 0x10, 0x61, 0x18, 0x82, 0x18, 0x82, 0x18, 0x82, 0x18, 0x82, 0x18,
    0x82, 0x18, 0x23, 0x41, 0xe5, 0x71, 0x87, 0x92, 0xa7, 0x9a, 0x66, 0x92,
    0x84, 0x69, 0x64, 0x20, 0x85, 0x18, 0x65, 0x10, 0x64, 0x10, 0x65, 0x10,
    0x44, 0x10, 0x23, 0x08, 0x43, 0x10, 0x64, 0x18, 0x43, 0x10, 0x41, 0x20,
    0x23, 0x59, 0xc1, 0x48, 0x22, 0x61, 0xe7, 0xb2, 0x49, 0xc3, 0x29, 0xc3,
    0xc7, 0xb2, 0xe8, 0xba, 0xe8, 0xba, 0xc8, 0xb2, 0xc8, 0xb2, 0x29, 0xbb,
    0xc8, 0xb2, 0x66, 0x9a, 0x25, 0x92, 0xe4, 0x89, 0xa4, 0x79, 0xc4, 0x81,
    0x46, 0x92, 0xa4, 0x69, 0x03, 0x49, 0xa5, 0x61, 0x48, 0x7a, 0xc9, 0x8a,
    0x0b, 0x9b, 0x4b, 0xa3, 0xad, 0xb3, 0xad, 0xb3, 0xee, 0xbb, 0xee, 0xbb,
    0x0f, 0xbc, 0x2f, 0xc4, 0x2f, 0xcc, 0x90, 0xd4, 0x91, 0xd4, 0x70, 0xcc,
    0x70, 0xcc, 0x50, 0xcc, 0x91, 0xcc, 0xb1, 0xd4, 0xd2, 0xd4, 0xd1, 0xd4,
    0x70, 0xcc, 0x70, 0xcc, 0x91, 0xcc, 0x70, 0xcc, 0x91, 0xcc, 0x90, 0xcc,
    0x90, 0xcc, 0x70, 0xcc, 0x70, 0xcc, 0xb1, 0xd4, 0xd1, 0xd4, 0xb1, 0xd4,
    0x90, 0xcc, 0x50, 0xc4, 0x4f, 0xc4, 0x2f, 0xc4, 0xee, 0xbb, 0xcd, 0xb3,
    0x8d, 0xab, 0x6c, 0xa3, 0x2b, 0x9b, 0x48, 0x7a, 0x85, 0x59, 0xe3, 0x38,
    0x61, 0x28, 0x41, 0x20, 0x21, 0x10, 0x00, 0x10, 0x21, 0x10, 0x20, 0x10,
    0x40, 0x20, 0xa1, 0x40, 0xe1, 0x50, 0xc3, 0x89, 0x45, 0x9a, 0x05, 0x92,
    0xa4, 0x81, 0x43, 0x69, 0xe4, 0x81, 0xc4, 0x79, 0x66, 0x9a, 0xc1, 0x48,
    0x40, 0x30, 0x81, 0x38, 0x22, 0x59, 0xe5, 0x81, 0xc1, 0x40, 0x81, 0x38,
    0x02, 0x51, 0xc2, 0x40, 0x20, 0x20, 0x20, 0x18, 0x00, 0x10, 0x20, 0x20,
    0x60, 0x30, 0xc1, 0x48, 0xe1, 0x48, 0xe1, 0x50, 0xa1, 0x40, 0x81, 0x38,
    0x61, 0x30, 0x61, 0x30, 0x60, 0x30, 0x81, 0x38, 0xa1, 0x38, 0x60, 0x30,
    0x20, 0x20, 0x20, 0x20, 0x40, 0x28, 0x81, 0x40, 0xe2, 0x48, 0xe2, 0x48,
    0xa1, 0x40, 0x81, 0x38, 0x61, 0x30, 0x61, 0x28, 0x20, 0x18, 0x20, 0x10,
    0x20, 0x10, 0x61, 0x20, 0x63, 0x20, 0x63, 0x10, 0x02, 0x08, 0x00, 0x00,
    0x21, 0x08, 0xa4, 0x18, 0xc5, 0x20, 0x85, 0x49, 0x85, 0x51, 0x81, 0x18,
    0x61, 0x18, 0x81, 0x18, 0x81, 0x10, 0x81, 0x10, 0x82, 0x10, 0x81, 0x18,
    0x82, 0x10, 0x82, 0x18, 0xa2, 0x18, 0x81, 0x10, 0x82, 0x18, 0xa2, 0x18,
    0x81, 0x10, 0xa2, 0x10, 0xa2, 0x18, 0x82, 0x10, 0x81, 0x10, 0x82, 0x10,
    0x82, 0x18, 0x81, 0x10, 0x82, 0x10, 0x82, 0x18, 0x81, 0x18, 0xa2, 0x18,
    0xa2, 0x10, 0x82, 0x18, 0x82, 0x18, 0x82, 0x10, 0xa2, 0x10, 0x81, 0x10,
    0x82, 0x18, 0x82, 0x10, 0xa2, 0x18, 0x81, 0x10, 0x81, 0x18, 0x82, 0x10,
    0xa2, 0x18, 0xa2, 0x18, 0xa2, 0x18, 0xa2, 0x18, 0xa2, 0x18, 0xa3, 0x18,
    0xa2, 0x18, 0xa2, 0x18, 0xa2, 0x10, 0xa2, 0x18, 0xa2, 0x18, 0xa2, 0x10,
    0x82, 0x10, 0x82, 0x10, 0xa2, 0x18, 0x82, 0x10, 0x81, 0x18, 0x82, 0x10,
    0xa2, 0x18, 0xa2, 0x18, 0x81, 0x10, 0x82, 0x10, 0x81, 0x10, 0xa2, 0x18,
    0x81, 0x18, 0x82, 0x10, 0x81, 0x10, 0x82, 0x10, 0x81, 0x10, 0x82, 0x10,
    0x82, 0x18, 0xa1, 0x10, 0x82, 0x18, 0x82, 0x18, 0x82, 0x18, 0x82, 0x10,
    0x81, 0x10, 0x81, 0x18, 0x82, 0x10, 0x81, 0x10, 0x81, 0x18, 0x82, 0x10,
    0x82, 0x18, 0x82, 0x10, 0x81, 0x10, 0x81, 0x10, 0x81, 0x10, 0x82, 0x18,
    0x81, 0x18, 0x82, 0x18, 0x82, 0x18, 0x81, 0x18, 0x02, 0x31, 0xe5, 0x69,
    0x47, 0x82, 0x87, 0x92, 0x46, 0x8a, 0xe5, 0x81, 0x43, 0x59, 0x63, 0x28,
    0x65, 0x18, 0xa6, 0x18, 0xa6, 0x18, 0x86, 0x18, 0x45, 0x08, 0x64, 0x10,
    0x44, 0x10, 0x43, 0x10, 0x23, 0x08, 0x83, 0x28, 0x43, 0x61, 0x03, 0x51,
    0xe2, 0x48, 0x23, 0x59, 0x81, 0x40, 0xe4, 0x81, 0x08, 0xbb, 0x29, 0xc3,
    0x08, 0xbb, 0xe8, 0xba, 0xe8, 0xba, 0xe8, 0xba, 0xc8, 0xb2, 0x08, 0xbb,
    0x49, 0xc3, 0xc7, 0xaa, 0x66, 0xa2, 0x46, 0x92, 0x25, 0x92, 0xe5, 0x89,
    0xc4, 0x81, 0xe4, 0x81, 0xe5, 0x81, 0x43, 0x59, 0xa5, 0x61, 0x27, 0x72,
    0x88, 0x82, 0xc9, 0x8a, 0x0b, 0x9b, 0x2b, 0xa3, 0x6c, 0xa3, 0x8c, 0xab,
    0x8d, 0xab, 0xee, 0xbb, 0x0e, 0xc4, 0x2f, 0xc4, 0x4f, 0xc4, 0x50, 0xcc,
    0x50, 0xcc, 0x2f, 0xc4, 0x4f, 0xc4, 0x4f, 0xc4, 0x70, 0xcc, 0x90, 0xcc,
    0x91, 0xcc, 0x70, 0xcc, 0x70, 0xcc, 0x70, 0xcc, 0x70, 0xcc, 0x70, 0xcc,
    0x50, 0xc4, 0x70, 0xcc, 0x70, 0xcc, 0x90, 0xcc, 0xb0, 0xd4, 0x70, 0xcc,
    0x70, 0xcc, 0x4f, 0xc4, 0x0f, 0xbc, 0xce, 0xb3, 0xcd, 0xb3, 0x8d, 0xab,
    0x0b, 0x93, 0xe9, 0x8a, 0x48, 0x7a, 0x65, 0x51, 0xe3, 0x38, 0x61, 0x28,
    0x61, 0x20, 0x41, 0x18, 0x20, 0x18, 0x00, 0x10, 0x00, 0x10, 0x81, 0x30,
    0xe2, 0x50, 0xc1, 0x48, 0x81, 0x38, 0xa3, 0x81, 0x66, 0xa2, 0x25, 0x9a,
    0xc3, 0x79, 0x83, 0x71, 0xc4, 0x79, 0xe4, 0x89, 0x66, 0x9a, 0x40, 0x30,
    0x40, 0x30, 0xe2, 0x48, 0x83, 0x71, 0xe4, 0x81, 0x60, 0x30, 0xa1, 0x40,
    0xe2, 0x50, 0x40, 0x28, 0x00, 0x10, 0x00, 0x10, 0x00, 0x18, 0x40, 0x28,
    0xc1, 0x48, 0x01, 0x59, 0x02, 0x59, 0xe1, 0x48, 0x80, 0x38, 0x60, 0x30,
    0x40, 0x28, 0x61, 0x30, 0x81, 0x38, 0x60, 0x30, 0x81, 0x30, 0x40, 0x30,
    0x20, 0x28, 0x20, 0x28, 0xa1, 0x38, 0xe1, 0x48, 0xe1, 0x50, 0xc1, 0x48,
    0xc1, 0x40, 0xa1, 0x40, 0xa1, 0x38, 0x81, 0x38, 0x81, 0x38, 0x61, 0x30,
    0x61, 0x30, 0xa1, 0x40, 0x02, 0x51, 0x03, 0x49, 0x81, 0x30, 0x62, 0x28,
    0x82, 0x30, 0x83, 0x20, 0xc6, 0x20, 0xa5, 0x18, 0x04, 0x39, 0xc6, 0x61,
    0x82, 0x18, 0x82, 0x18, 0x81, 0x10, 0x62, 0x10, 0x81, 0x10, 0x82, 0x10,
    0x81, 0x10, 0x81, 0x10, 0x82, 0x18, 0x81, 0x10, 0x82, 0x10, 0xa2, 0x18,
    0x81, 0x10, 0x82, 0x18, 0x81, 0x10, 0x82, 0x18, 0xa1, 0x18, 0x81, 0x10,
    0x82, 0x10, 0x81, 0x18, 0xa1, 0x18, 0x82, 0x10, 0x82, 0x10, 0x81, 0x10,
    0x82, 0x10, 0xa1, 0x18, 0xa2, 0x10, 0x82, 0x10, 0x81, 0x18, 0x82, 0x10,
    0xa2, 0x18, 0x81, 0x10, 0x82, 0x10, 0x81, 0x10, 0x81, 0x10, 0x82, 0x10,
    0xa2, 0x18, 0xa2, 0x18, 0xc2, 0x18, 0xc2, 0x18, 0xa2, 0x18, 0xa2, 0x18,
    0xa2, 0x10, 0xa2, 0x18, 0xa2, 0x18, 0xa2, 0x10, 0xa2, 0x18, 0x82, 0x10,
    0x82, 0x18, 0xa2, 0x18, 0x82, 0x10, 0xa1, 0x18, 0xa2, 0x18, 0xa2, 0x18,
    0x82, 0x10, 0x81, 0x18, 0x82, 0x10, 0xa2, 0x18, 0x82, 0x18, 0x82, 0x10,
    0x82, 0x10, 0x82, 0x18, 0xa2, 0x18, 0xa2, 0x18, 0x82, 0x10, 0x82, 0x18,
    0x82, 0x10, 0x81, 0x10, 0x82, 0x10, 0x81, 0x18, 0x81, 0x10, 0xa1, 0x10,
    0x82, 0x10, 0x82, 0x10, 0x82, 0x10, 0x81, 0x10, 0x81, 0x10, 0x81, 0x10,
    0x81, 0x18, 0x81, 0x18, 0x82, 0x10, 0x81, 0x18, 0x82, 0x18, 0x81, 0x18,
    0x82, 0x18, 0x03, 0x39, 0xe5, 0x69, 0x47, 0x82, 0x87, 0x92, 0xe5, 0x71,
    0x84, 0x61, 0xe3, 0x48, 0x83, 0x30, 0x22, 0x10, 0x64, 0x10, 0x64, 0x10,
    0x44, 0x10, 0x65, 0x10, 0x86, 0x10, 0x85, 0x10, 0x65, 0x10, 0x65, 0x10,
    0x85, 0x10, 0x42, 0x20, 0xc2, 0x40, 0x43, 0x61, 0xe4, 0x81, 0x83, 0x71,
    0xc1, 0x48, 0xe2, 0x48, 0xc2, 0x48, 0xa1, 0x48, 0x25, 0x9a, 0xc8, 0xb2,
    0x29, 0xc3, 0x09, 0xc3, 0xc7, 0xb2, 0xe8, 0xba, 0xe8, 0xba, 0x08, 0xbb,
    0x46, 0x9a, 0xe4, 0x89, 0x45, 0x9a, 0xa7, 0xaa, 0xa7, 0xaa, 0x86, 0xa2,
    0x46, 0x9a, 0x05, 0x8a, 0xa4, 0x79, 0x83, 0x71, 0x43, 0x59, 0x64, 0x59,
    0xe6, 0x69, 0x06, 0x72, 0x27, 0x72, 0xa9, 0x82, 0xea, 0x92, 0x4b, 0xa3,
    0x2b, 0xa3, 0x6c, 0xa3, 0xcd, 0xb3, 0xee, 0xbb, 0x0e, 0xbc, 0x0e, 0xc4,
    0x2f, 0xc4, 0x0f, 0xc4, 0x0e, 0xc4, 0x0e, 0xc4, 0x2f, 0xc4, 0x2f, 0xcc,
    0x50, 0xcc, 0x4f, 0xc4, 0x4f, 0xc4, 0x4f, 0xc4, 0x4f, 0xc4, 0x4f, 0xc4,
    0x4f, 0xc4, 0x50, 0xc4, 0x4f, 0xc4, 0x70, 0xcc, 0x50, 0xc4, 0x4f, 0xc4,
    0x2f, 0xc4, 0x0e, 0xbc, 0xce, 0xb3, 0x8c, 0xab, 0x6c, 0xa3, 0x2b, 0x9b,
    0xa9, 0x82, 0x47, 0x72, 0x64, 0x51, 0xe2, 0x38, 0xa2, 0x30, 0x20, 0x18,
    0x20, 0x18, 0x40, 0x18, 0x20, 0x18, 0x20, 0x18, 0xc1, 0x40, 0x22, 0x59,
    0xc1, 0x50, 0x60, 0x38, 0x20, 0x30, 0x63, 0x79, 0x66, 0xa2, 0x66, 0xa2,
    0xc4, 0x81, 0x83, 0x71, 0xc4, 0x81, 0x05, 0x8a, 0x46, 0x92, 0x20, 0x28,
    0x61, 0x30, 0x02, 0x51, 0xc4, 0x71, 0xe5, 0x79, 0x81, 0x30, 0x81, 0x38,
    0xc1, 0x40, 0x20, 0x18, 0x00, 0x10, 0x00, 0x10, 0x20, 0x20, 0x81, 0x38,
    0x01, 0x59, 0x22, 0x61, 0x22, 0x61, 0xc1, 0x48, 0x60, 0x38, 0x40, 0x28,
    0x20, 0x28, 0x60, 0x30, 0x81, 0x30, 0x60, 0x30, 0x60, 0x30, 0x40, 0x28,
    0x20, 0x28, 0x81, 0x38, 0xc1, 0x48, 0xe1, 0x50, 0xe1, 0x50, 0xa1, 0x48,
    0xc1, 0x40, 0xa1, 0x40, 0xa1, 0x40, 0x81, 0x38, 0xa1, 0x38, 0x80, 0x38,
    0x81, 0x38, 0x60, 0x38, 0xc1, 0x48, 0x02, 0x51, 0x22, 0x59, 0x22, 0x59,
    0x22, 0x59, 0x84, 0x61, 0x03, 0x49, 0xa5, 0x18, 0x84, 0x18, 0xe5, 0x28,
    0xc6, 0x61, 0xc3, 0x28, 0x81, 0x10, 0x81, 0x10, 0x82, 0x18, 0xa2, 0x18,
    0x82, 0x10, 0x81, 0x10, 0x81, 0x18, 0x82, 0x18, 0x81, 0x10, 0x81, 0x10,
    0x82, 0x10, 0x81, 0x10, 0x82, 0x18, 0x82, 0x10, 0xa2, 0x18, 0x82, 0x10,
    0x81, 0x10, 0xa2, 0x18, 0x81, 0x10, 0xa2, 0x18, 0xa2, 0x18, 0x81, 0x18,
    0xa2, 0x18, 0x82, 0x10, 0xa1, 0x10, 0xa2, 0x18, 0x82, 0x18, 0x82, 0x10,
    0xa1, 0x10, 0xa2, 0x18, 0x82, 0x10, 0x82, 0x10, 0xa1, 0x10, 0x82, 0x10,
    0xa2, 0x18, 0xa2, 0x18, 0xc3, 0x10, 0xa2, 0x18, 0xa2, 0x18, 0xa2, 0x18,
    0xa2, 0x18, 0xa2, 0x18, 0xa2, 0x18, 0x82, 0x10, 0xa2, 0x10, 0x82, 0x18,
    0x82, 0x10, 0xa2, 0x10, 0x82, 0x18, 0x82, 0x10, 0x81, 0x10, 0xa2, 0x10,
    0x82, 0x18, 0x82, 0x10, 0xa2, 0x18, 0xa2, 0x18, 0xa1, 0x18, 0xa1, 0x18,
    0x82, 0x18, 0x82, 0x10, 0x82, 0x10, 0x81, 0x10, 0x81, 0x18, 0xa2, 0x10,
    0x82, 0x18, 0x82, 0x18, 0xa2, 0x10, 0x82, 0x10, 0x82, 0x18, 0x82, 0x18,
    0x81, 0x10, 0x81, 0x10, 0x82, 0x18, 0x82, 0x10, 0x82, 0x18, 0x82, 0x18,
    0x82, 0x18, 0x81, 0x18, 0x82, 0x18, 0x82, 0x18, 0xe2, 0x30, 0x06, 0x6a,
    0x47, 0x82, 0x87, 0x8a, 0xc5, 0x71, 0xe3, 0x40, 0x83, 0x28, 0x22, 0x10,
    0x63, 0x10, 0x64, 0x10, 0x23, 0x08, 0x23, 0x08, 0x23, 0x08, 0x23, 0x08,
    0x43, 0x08, 0x44, 0x10, 0x85, 0x10, 0x85, 0x18, 0xa6, 0x18, 0x84, 0x18,
    0x44, 0x59, 0x63, 0x71, 0x83, 0x79, 0x63, 0x71, 0xc4, 0x81, 0xe5, 0x89,
    0x63, 0x71, 0x81, 0x38, 0xc1, 0x48, 0xc1, 0x48, 0x02, 0x51, 0x45, 0x9a,
    0xe8, 0xba, 0x49, 0xc3, 0x29, 0xc3, 0xa7, 0xb2, 0xe8, 0xba, 0xa7, 0xaa,
    0x42, 0x69, 0x68, 0xc3, 0x27, 0xb3, 0x45, 0x9a, 0x66, 0x9a, 0x87, 0xaa,
    0xc7, 0xb2, 0xc7, 0xaa, 0x05, 0x8a, 0xe4, 0x81, 0x83, 0x71, 0x22, 0x51,
    0x03, 0x49, 0x44, 0x51, 0x85, 0x59, 0xc6, 0x69, 0x27, 0x72, 0x68, 0x82,
    0xca, 0x8a, 0x0a, 0x93, 0x4c, 0xa3, 0x6c, 0xab, 0x8d, 0xb3, 0xad, 0xb3,
    0xcd, 0xb3, 0xcd, 0xbb, 0x8c, 0xb3, 0xea, 0xa2, 0x47, 0x92, 0x05, 0x82,
    0xa4, 0x79, 0xa4, 0x79, 0xc5, 0x81, 0x06, 0x82, 0x68, 0x8a, 0xc9, 0x9a,
    0x2a, 0xa3, 0xac, 0xb3, 0xcd, 0xb3, 0xee, 0xbb, 0x0e, 0xbc, 0xee, 0xbb,
    0xad, 0xb3, 0xad, 0xb3, 0x8c, 0xab, 0x2b, 0x93, 0x0a, 0x93, 0xa9, 0x82,
    0x27, 0x72, 0x64, 0x59, 0x23, 0x49, 0xa2, 0x30, 0x41, 0x20, 0x20, 0x10,
    0x00, 0x10, 0x00, 0x10, 0x21, 0x18, 0x22, 0x59, 0x42, 0x61, 0xa1, 0x48,
    0x40, 0x38, 0x40, 0x30, 0x20, 0x20, 0x42, 0x69, 0x66, 0xa2, 0xa7, 0xaa,
    0xe4, 0x81, 0x22, 0x61, 0x05, 0x8a, 0x05, 0x8a, 0x26, 0x8a, 0x40, 0x30,
    0xa1, 0x38, 0xe1, 0x50, 0xa3, 0x71, 0x05, 0x82, 0x20, 0x28, 0xa1, 0x38,
    0x81, 0x38, 0x00, 0x08, 0x00, 0x08, 0x00, 0x10, 0x40, 0x28, 0xa1, 0x40,
    0x42, 0x61, 0x63, 0x69, 0x02, 0x59, 0xa1, 0x40, 0x40, 0x28, 0x20, 0x28,
    0x20, 0x28, 0x61, 0x30, 0x60, 0x30, 0x20, 0x28, 0x20, 0x28, 0x41, 0x30,
    0x41, 0x30, 0xa1, 0x40, 0x02, 0x51, 0x02, 0x51, 0xe1, 0x50, 0xc1, 0x48,
    0xa1, 0x40, 0xa1, 0x40, 0xa1, 0x40, 0xa1, 0x40, 0x81, 0x40, 0x80, 0x38,
    0x60, 0x38, 0x81, 0x38, 0xa1, 0x40, 0x02, 0x59, 0x43, 0x61, 0x42, 0x59,
    0x42, 0x59, 0x63, 0x69, 0xa4, 0x71, 0x84, 0x69, 0xa5, 0x20, 0x85, 0x10,
    0xc5, 0x20, 0xc6, 0x59, 0xa3, 0x18, 0x82, 0x18, 0xa2, 0x10, 0x81, 0x18,
    0x82, 0x10, 0xa2, 0x10, 0x82, 0x10, 0x82, 0x18, 0xa1, 0x10, 0x82, 0x18,
    0x82, 0x10, 0xa1, 0x18, 0x81, 0x10, 0x82, 0x10, 0xa1, 0x18, 0x81, 0x10,
    0x82, 0x10, 0xa1, 0x10, 0x82, 0x18, 0x81, 0x10, 0x82, 0x10, 0xa2, 0x10,
    0x82, 0x10, 0x82, 0x18, 0x81, 0x10, 0x81, 0x10, 0xa2, 0x18, 0x82, 0x10,
    0x82, 0x18, 0xa2, 0x10, 0xa2, 0x18, 0xa1, 0x18, 0xa2, 0x18, 0x82, 0x10,
    0xa2, 0x18, 0xa2, 0x10, 0xa2, 0x18, 0xa3, 0x18, 0xa2, 0x18, 0xa2, 0x18,
    0xa2, 0x18, 0xa2, 0x18, 0xa2, 0x18, 0x82, 0x10, 0xa2, 0x18, 0xa2, 0x18,
    0xa2, 0x10, 0x82, 0x10, 0xa2, 0x18, 0x81, 0x10, 0x82, 0x18, 0x81, 0x10,
    0xa2, 0x18, 0xa2, 0x18, 0x81, 0x18, 0x82, 0x10, 0x82, 0x18, 0x81, 0x18,
    0x81, 0x10, 0x82, 0x10, 0x82, 0x18, 0xa2, 0x18, 0xa2, 0x18, 0x82, 0x10,
    0x81, 0x10, 0x82, 0x18, 0x81, 0x18, 0x81, 0x10, 0x81, 0x10, 0x81, 0x18,
    0x81, 0x10, 0x82, 0x18, 0x81, 0x10, 0x81, 0x18, 0x82, 0x18, 0x82, 0x18,
    0xa2, 0x18, 0x23, 0x39, 0xe6, 0x69, 0x26, 0x7a, 0x46, 0x82, 0x64, 0x59,
    0xe3, 0x38, 0x63, 0x20, 0x23, 0x10, 0x85, 0x10, 0x64, 0x10, 0x02, 0x08,
    0x23, 0x08, 0x64, 0x10, 0x64, 0x10, 0x24, 0x08, 0x23, 0x08, 0x23, 0x00,
    0x23, 0x08, 0x44, 0x08, 0x64, 0x10, 0x85, 0x18, 0xa4, 0x20, 0xa4, 0x71,
    0x05, 0x8a, 0xa4, 0x79, 0x83, 0x79, 0x63, 0x71, 0x63, 0x71, 0xc4, 0x81,
    0xc4, 0x81, 0x63, 0x71, 0x60, 0x38, 0xa1, 0x40, 0x81, 0x40, 0x02, 0x59,
    0x45, 0x9a, 0xa7, 0xb2, 0x29, 0xc3, 0x49, 0xc3, 0xc7, 0xaa, 0x86, 0xaa,
    0x04, 0x8a, 0x07, 0xb3, 0x48, 0xc3, 0xc6, 0xaa, 0x01, 0x59, 0xe4, 0x89,
    0xa7, 0xaa, 0x08, 0xbb, 0xc7, 0xaa, 0x46, 0x9a, 0x05, 0x8a, 0xa4, 0x79,
    0xe2, 0x48, 0x81, 0x38, 0xe2, 0x40, 0x23, 0x49, 0x44, 0x51, 0x85, 0x61,
    0xe6, 0x69, 0x68, 0x82, 0xa9, 0x8a, 0xe9, 0x92, 0x0a, 0xa3, 0xc9, 0x9a,
    0x87, 0x9a, 0x05, 0x8a, 0xa3, 0x79, 0xc4, 0x81, 0xc4, 0x81, 0xe5, 0x89,
    0xe4, 0x81, 0xc4, 0x81, 0xc4, 0x81, 0xa4, 0x79, 0xa4, 0x79, 0xa4, 0x81,
    0xa4, 0x79, 0x83, 0x79, 0x83, 0x71, 0x83, 0x71, 0xa4, 0x71, 0xc5, 0x71,
    0x06, 0x7a, 0x06, 0x7a, 0x06, 0x7a, 0x06, 0x7a, 0x27, 0x7a, 0x06, 0x7a,
    0xc5, 0x69, 0x64, 0x59, 0xe2, 0x40, 0x81, 0x30, 0x81, 0x30, 0x20, 0x18,
    0x00, 0x10, 0x20, 0x18, 0x43, 0x59, 0x83, 0x71, 0xe1, 0x48, 0x61, 0x38,
    0x20, 0x28, 0x20, 0x20, 0x00, 0x20, 0x02, 0x59, 0x65, 0xa2, 0x86, 0xa2,
    0xe4, 0x89, 0x22, 0x61, 0x46, 0x9a, 0x25, 0x92, 0x05, 0x8a, 0x60, 0x38,
    0xa1, 0x40, 0x22, 0x59, 0xc4, 0x79, 0xa4, 0x71, 0x20, 0x30, 0xa1, 0x38,
    0x40, 0x28, 0x00, 0x08, 0x00, 0x08, 0x00, 0x18, 0x61, 0x38, 0xe1, 0x50,
    0x62, 0x69, 0x83, 0x71, 0xe1, 0x50, 0x60, 0x30, 0x20, 0x28, 0x20, 0x20,
    0x20, 0x20, 0x40, 0x28, 0x20, 0x28, 0x20, 0x20, 0x20, 0x28, 0x40, 0x30,
    0x81, 0x38, 0x01, 0x59, 0x02, 0x59, 0xe2, 0x58, 0xe1, 0x50, 0xc1, 0x48,
    0xa1, 0x40, 0xa1, 0x40, 0xa1, 0x40, 0xa1, 0x40, 0xa1, 0x40, 0x81, 0x38,
    0x80, 0x38, 0x81, 0x38, 0xe1, 0x48, 0x22, 0x59, 0x42, 0x61, 0x42, 0x61,
    0x22, 0x59, 0x22, 0x61, 0x83, 0x69, 0xa4, 0x79, 0x63, 0x61, 0xa5, 0x20,
    0xa6, 0x18, 0x22, 0x08, 0x83, 0x10, 0xa3, 0x18, 0x82, 0x10, 0x82, 0x10,
    0x81, 0x18, 0xa2, 0x10, 0x82, 0x18, 0x81, 0x10, 0xa2, 0x18, 0x82, 0x10,
    0x81, 0x10, 0xa2, 0x18, 0x81, 0x10, 0x82, 0x10, 0x81, 0x18, 0xa2, 0x18,
    0xa2, 0x10, 0x81, 0x18, 0x81, 0x10, 0x82, 0x10, 0xa1, 0x18, 0xa2, 0x18,
    0x82, 0x10, 0xa2, 0x18, 0xa2, 0x18, 0xa2, 0x10, 0xa2, 0x10, 0x82, 0x18,
    0x81, 0x10, 0x82, 0x10, 0x81, 0x18, 0x81, 0x10, 0xa2, 0x10, 0x81, 0x18,
    0xa2, 0x18, 0xa2, 0x18, 0xa2, 0x18, 0xa2, 0x18, 0xa2, 0x10, 0xa3, 0x18,
    0xa2, 0x18, 0xa2, 0x10, 0xa2, 0x18, 0xa2, 0x18, 0xa2, 0x18, 0x82, 0x10,
    0x82, 0x18, 0x82, 0x18, 0x81, 0x10, 0xa2, 0x18, 0xa2, 0x18, 0x82, 0x10,
    0xa2, 0x18, 0x82, 0x18, 0xa2, 0x18, 0xa2, 0x18, 0x82, 0x18, 0xa2, 0x10,
    0xa2, 0x10, 0xa2, 0x18, 0xa2, 0x18, 0x81, 0x10, 0x82, 0x10, 0x82, 0x18,
    0xa2, 0x10, 0x81, 0x10, 0x82, 0x18, 0xa2, 0x10, 0x81, 0x10, 0x82, 0x10,
    0x81, 0x18, 0x82, 0x18, 0x82, 0x18, 0x81, 0x18, 0xc2, 0x28, 0x06, 0x62,
    0x67, 0x82, 0x06, 0x72, 0x24, 0x49, 0x83, 0x28, 0x64, 0x18, 0x43, 0x10,
    0x23, 0x08, 0x23, 0x08, 0x44, 0x10, 0x65, 0x10, 0xa6, 0x18, 0x65, 0x08,
    0x03, 0x00, 0x02, 0x08, 0x24, 0x08, 0x64, 0x08, 0x44, 0x10, 0x43, 0x08,
    0x23, 0x08, 0x44, 0x10, 0x44, 0x10, 0xa3, 0x30, 0xc5, 0x79, 0xe5, 0x89,
    0x05, 0x8a, 0xe4, 0x89, 0xa4, 0x79, 0x63, 0x71, 0x83, 0x79, 0x83, 0x79,
    0x05, 0x92, 0xc4, 0x81, 0x22, 0x61, 0x60, 0x38, 0x81, 0x38, 0x40, 0x30,
    0xe1, 0x50, 0x05, 0x92, 0x66, 0xa2, 0xa7, 0xaa, 0xc7, 0xb2, 0xc7, 0xb2,
    0x45, 0x9a, 0xa6, 0xa2, 0x27, 0xbb, 0x85, 0xa2, 0xa3, 0x79, 0x81, 0x38,
    0xe4, 0x81, 0x45, 0x9a, 0x66, 0xa2, 0x87, 0xaa, 0xa7, 0xaa, 0x25, 0x92,
    0xe4, 0x81, 0x42, 0x61, 0xa1, 0x38, 0xa1, 0x38, 0xc1, 0x40, 0xe2, 0x48,
    0x23, 0x59, 0x83, 0x69, 0xc5, 0x79, 0xa4, 0x79, 0xe4, 0x81, 0x25, 0x92,
    0xa4, 0x81, 0xe4, 0x81, 0x05, 0x8a, 0xe4, 0x89, 0x05, 0x8a, 0x05, 0x8a,
    0x05, 0x8a, 0x05, 0x92, 0x05, 0x8a, 0xe4, 0x81, 0xe4, 0x81, 0xc4, 0x81,
    0xe5, 0x81, 0xe5, 0x81, 0xc4, 0x81, 0xc4, 0x79, 0xa3, 0x79, 0x63, 0x71,
    0x63, 0x69, 0x83, 0x69, 0x83, 0x69, 0x63, 0x69, 0x84, 0x71, 0x83, 0x79,
    0xa4, 0x79, 0xa3, 0x79, 0x83, 0x71, 0x42, 0x61, 0x22, 0x59, 0xc2, 0x48,
    0x61, 0x28, 0x02, 0x51, 0xa4, 0x71, 0x02, 0x59, 0x81, 0x38, 0x00, 0x20,
    0x00, 0x18, 0x00, 0x18, 0x00, 0x18, 0xc1, 0x48, 0x66, 0xa2, 0x86, 0xaa,
    0xe4, 0x89, 0x22, 0x61, 0x66, 0x9a, 0x45, 0x9a, 0xe5, 0x79, 0x80, 0x38,
    0xe1, 0x50, 0x42, 0x61, 0xe4, 0x81, 0x63, 0x61, 0xa1, 0x38, 0xa1, 0x40,
    0x20, 0x20, 0x00, 0x08, 0x00, 0x10, 0x20, 0x28, 0xa1, 0x40, 0x01, 0x59,
    0xa3, 0x79, 0x63, 0x69, 0xa1, 0x40, 0x20, 0x28, 0x20, 0x20, 0x20, 0x20,
    0x20, 0x20, 0x21, 0x28, 0x20, 0x20, 0x20, 0x20, 0x20, 0x28, 0x81, 0x38,
    0xe1, 0x50, 0x01, 0x59, 0x22, 0x61, 0x01, 0x59, 0xc1, 0x48, 0xc1, 0x48,
    0xc1, 0x48, 0xc1, 0x48, 0xc1, 0x48, 0xa1, 0x40, 0xa0, 0x40, 0x81, 0x38,
    0x81, 0x38, 0xc1, 0x40, 0xe1, 0x50, 0x23, 0x61, 0x43, 0x61, 0x22, 0x59,
    0x01, 0x59, 0x02, 0x59, 0x63, 0x69, 0xe4, 0x81, 0xe4, 0x81, 0x03, 0x49,
    0x84, 0x18, 0x01, 0x08, 0x43, 0x10, 0xc4, 0x18, 0xa3, 0x18, 0x82, 0x18,
    0xa2, 0x18, 0xa1, 0x18, 0x81, 0x10, 0x82, 0x18, 0xa2, 0x18, 0x81, 0x10,
    0x81, 0x10, 0x82, 0x18, 0xa2, 0x10, 0x81, 0x10, 0x82, 0x10, 0xa2, 0x18,
    0x81, 0x10, 0x82, 0x10, 0xa2, 0x18, 0x81, 0x18, 0xa2, 0x10, 0x82, 0x18,
    0x81, 0x10, 0xa2, 0x10, 0x82, 0x18, 0x81, 0x18, 0xa2, 0x10, 0x82, 0x18,
    0x82, 0x10, 0x81, 0x10, 0xa2, 0x18, 0x82, 0x10, 0x81, 0x10, 0xa2, 0x18,
    0xa2, 0x18, 0xa2, 0x18, 0xa2, 0x18, 0xa2, 0x18, 0xa2, 0x18, 0xa2, 0x18,
    0xa2, 0x18, 0xa2, 0x10, 0x82, 0x10, 0xa2, 0x18, 0xa2, 0x10, 0xa2, 0x18,
    0xa2, 0x18, 0xa2, 0x18, 0x82, 0x10, 0xa2, 0x10, 0x82, 0x10, 0x82, 0x10,
    0x81, 0x18, 0xa2, 0x18, 0x82, 0x10, 0xa2, 0x18, 0xa2, 0x18, 0x82, 0x10,
    0x81, 0x18, 0xa1, 0x18, 0x82, 0x10, 0x82, 0x18, 0x81, 0x10, 0x82, 0x18,
    0x82, 0x18, 0x82, 0x10, 0xa1, 0x18, 0x82, 0x18, 0x82, 0x10, 0x81, 0x18,
    0x82, 0x18, 0x82, 0x18, 0xe2, 0x28, 0x67, 0x7a, 0xa7, 0x8a, 0x85, 0x61,
    0x84, 0x28, 0x63, 0x10, 0x43, 0x10, 0x64, 0x10, 0xa5, 0x18, 0x85, 0x10,
    0x23, 0x00, 0x23, 0x00, 0x23, 0x08, 0x44, 0x08, 0x85, 0x10, 0xa6, 0x18,
    0x44, 0x08, 0x02, 0x00, 0x02, 0x00, 0x23, 0x08, 0x44, 0x10, 0x43, 0x10,
    0x43, 0x10, 0x62, 0x20, 0xe2, 0x50, 0xa4, 0x79, 0xc4, 0x81, 0xe5, 0x89,
    0xe4, 0x89, 0xc4, 0x81, 0xa4, 0x79, 0x83, 0x71, 0xa3, 0x79, 0xa3, 0x79,
    0xc4, 0x81, 0x46, 0x9a, 0xc4, 0x81, 0x42, 0x61, 0x60, 0x30, 0x22, 0x51,
    0xe5, 0x81, 0x46, 0x9a, 0x25, 0x92, 0xc4, 0x89, 0x63, 0x79, 0x63, 0x71,
    0xe4, 0x89, 0x65, 0xa2, 0xe7, 0xb2, 0xc5, 0xaa, 0x44, 0x92, 0x60, 0x30,
    0xa1, 0x40, 0x63, 0x71, 0xc3, 0x89, 0xe4, 0x89, 0x25, 0x9a, 0x86, 0xaa,
    0x86, 0xa2, 0x25, 0x92, 0xc4, 0x81, 0x63, 0x69, 0x22, 0x59, 0x22, 0x59,
    0x63, 0x69, 0x63, 0x71, 0xa3, 0x79, 0x25, 0x8a, 0x25, 0x92, 0x05, 0x8a,
    0x05, 0x8a, 0x05, 0x8a, 0x25, 0x92, 0x05, 0x8a, 0xe4, 0x89, 0xe4, 0x89,
    0xc4, 0x81, 0xe4, 0x89, 0x04, 0x8a, 0xe4, 0x81, 0xc4, 0x81, 0xc4, 0x81,
    0xc4, 0x81, 0xc4, 0x79, 0xc4, 0x79, 0x83, 0x71, 0x63, 0x71, 0x63, 0x69,
    0x63, 0x69, 0x43, 0x69, 0x42, 0x69, 0x63, 0x69, 0x63, 0x69, 0x63, 0x71,
    0xa4, 0x79, 0xc4, 0x81, 0xa3, 0x79, 0x63, 0x69, 0x02, 0x51, 0x81, 0x38,
    0x40, 0x28, 0x43, 0x61, 0x22, 0x61, 0xa1, 0x40, 0x40, 0x28, 0x00, 0x18,
    0x00, 0x18, 0x00, 0x20, 0x00, 0x20, 0xe2, 0x50, 0x86, 0xaa, 0xa7, 0xaa,
    0xc4, 0x81, 0x63, 0x69, 0x65, 0x9a, 0x66, 0x9a, 0x84, 0x71, 0xa1, 0x40,
    0x02, 0x59, 0x63, 0x69, 0xe4, 0x81, 0xa1, 0x38, 0xa1, 0x38, 0x41, 0x28,
    0x00, 0x10, 0x00, 0x10, 0x00, 0x18, 0x61, 0x30, 0xe1, 0x48, 0x63, 0x71,
    0xc4, 0x81, 0x22, 0x61, 0x61, 0x30, 0x20, 0x28, 0x20, 0x20, 0x20, 0x20,
    0x20, 0x20, 0x20, 0x20, 0x00, 0x20, 0x00, 0x20, 0x20, 0x28, 0xc1, 0x48,
    0x01, 0x59, 0x22, 0x61, 0x42, 0x61, 0x01, 0x51, 0xc1, 0x48, 0xc1, 0x48,
    0xa0, 0x40, 0xc1, 0x48, 0xc1, 0x48, 0xa1, 0x40, 0xa0, 0x40, 0xa0, 0x40,
    0xa1, 0x40, 0xc1, 0x48, 0x22, 0x59, 0x43, 0x69, 0x22, 0x61, 0xe1, 0x50,
    0xe1, 0x50, 0x02, 0x59, 0x63, 0x69, 0x04, 0x8a, 0x05, 0x92, 0x84, 0x71,
    0xc2, 0x38, 0x20, 0x10, 0x62, 0x20, 0xa3, 0x20, 0xe5, 0x20, 0xa2, 0x18,
    0x82, 0x18, 0x81, 0x10, 0xa2, 0x10, 0x82, 0x18, 0x81, 0x10, 0xa1, 0x18,
    0x82, 0x18, 0x82, 0x10, 0x81, 0x18, 0xa2, 0x18, 0xa1, 0x10, 0x82, 0x10,
    0x82, 0x18, 0xa1, 0x18, 0x81, 0x10, 0x82, 0x10, 0xa2, 0x18, 0x82, 0x10,
    0x81, 0x18, 0xa2, 0x10, 0x81, 0x10, 0x82, 0x18, 0xa2, 0x10, 0xa2, 0x18,
    0x82, 0x10, 0xa2, 0x18, 0xa1, 0x10, 0x82, 0x10, 0xa2, 0x18, 0x81, 0x10,
    0xa2, 0x18, 0xa2, 0x18, 0xa3, 0x10, 0xa2, 0x18, 0xa2, 0x18, 0xa2, 0x18,
    0xa2, 0x10, 0xa2, 0x18, 0xa2, 0x18, 0xa2, 0x18, 0xa2, 0x10, 0xa2, 0x18,
    0x82, 0x10, 0xa2, 0x18, 0x82, 0x18, 0x81, 0x10, 0xa2, 0x18, 0x81, 0x18,
    0xa2, 0x10, 0xa1, 0x10, 0x81, 0x10, 0x82, 0x18, 0x82, 0x10, 0x82, 0x10,
    0x82, 0x18, 0x81, 0x10, 0x82, 0x10, 0x82, 0x18, 0x81, 0x18, 0x81, 0x18,
    0x82, 0x10, 0x82, 0x18, 0x81, 0x10, 0x81, 0x18, 0x82, 0x18, 0x82, 0x18,
    0xa2, 0x20, 0x46, 0x72, 0xe8, 0x9a, 0x86, 0x59, 0xa6, 0x20, 0xa6, 0x18,
    0x65, 0x10, 0x23, 0x08, 0x03, 0x00, 0x43, 0x08, 0x43, 0x08, 0x64, 0x10,
    0x44, 0x08, 0x23, 0x08, 0x02, 0x00, 0x23, 0x08, 0x44, 0x10, 0x85, 0x18,
    0x85, 0x18, 0x43, 0x10, 0x23, 0x08, 0x22, 0x08, 0x42, 0x18, 0xa1, 0x38,
    0x02, 0x51, 0x63, 0x69, 0x83, 0x71, 0x84, 0x79, 0xa4, 0x79, 0xe4, 0x81,
    0xc4, 0x81, 0xc4, 0x81, 0xc4, 0x81, 0xa3, 0x79, 0x83, 0x71, 0xa3, 0x79,
    0x83, 0x79, 0x46, 0x9a, 0x46, 0x9a, 0xc4, 0x89, 0x22, 0x61, 0x87, 0xa2,
    0xc7, 0xb2, 0xa7, 0xaa, 0x86, 0xa2, 0xe8, 0xb2, 0xc7, 0xb2, 0x87, 0xaa,
    0x25, 0x92, 0x04, 0x92, 0xa8, 0xd3, 0xe6, 0xb2, 0xc5, 0xaa, 0xc1, 0x40,
    0x00, 0x10, 0x40, 0x28, 0xe1, 0x50, 0x63, 0x69, 0xa3, 0x81, 0xc4, 0x81,
    0xe4, 0x89, 0x05, 0x92, 0x25, 0x9a, 0x46, 0x9a, 0x25, 0x92, 0x25, 0x92,
    0x25, 0x92, 0x25, 0x92, 0x05, 0x8a, 0x04, 0x8a, 0xe4, 0x89, 0xc4, 0x81,
    0xe4, 0x81, 0xe4, 0x81, 0xc4, 0x79, 0xc4, 0x79, 0xa3, 0x79, 0xa3, 0x79,
    0xe4, 0x81, 0xc4, 0x81, 0xa4, 0x79, 0xc4, 0x81, 0xa4, 0x79, 0xa3, 0x79,
    0xa3, 0x79, 0xa3, 0x79, 0xa3, 0x79, 0x83, 0x71, 0x63, 0x69, 0x42, 0x69,
    0x63, 0x69, 0x43, 0x69, 0x42, 0x69, 0x42, 0x61, 0x22, 0x61, 0x42, 0x69,
    0x83, 0x71, 0x63, 0x71, 0x63, 0x69, 0x02, 0x59, 0xa0, 0x38, 0x20, 0x10,
    0xa1, 0x40, 0x22, 0x59, 0xc1, 0x48, 0x60, 0x30, 0x00, 0x18, 0x00, 0x18,
    0x20, 0x18, 0x00, 0x18, 0x00, 0x18, 0x42, 0x61, 0x87, 0xaa, 0x86, 0xa2,
    0xa4, 0x81, 0x83, 0x71, 0x45, 0x9a, 0x46, 0x9a, 0x02, 0x59, 0xc1, 0x48,
    0x22, 0x61, 0x83, 0x71, 0xe4, 0x81, 0x20, 0x28, 0x61, 0x30, 0x00, 0x18,
    0x00, 0x08, 0x00, 0x18, 0x20, 0x20, 0x80, 0x38, 0xe1, 0x50, 0xa3, 0x79,
    0xc4, 0x81, 0xc1, 0x48, 0x40, 0x28, 0x20, 0x20, 0x00, 0x20, 0x01, 0x20,
    0x20, 0x20, 0x00, 0x20, 0x00, 0x20, 0x20, 0x20, 0x41, 0x28, 0xe1, 0x50,
    0x01, 0x59, 0x22, 0x61, 0x22, 0x61, 0xe1, 0x50, 0xc1, 0x48, 0xc1, 0x48,
    0xc1, 0x48, 0xc1, 0x48, 0xc0, 0x40, 0xa1, 0x40, 0xa1, 0x40, 0xa0, 0x40,
    0xa1, 0x48, 0xe1, 0x50, 0x22, 0x61, 0x42, 0x61, 0x22, 0x59, 0xc1, 0x50,
    0xe1, 0x50, 0x22, 0x61, 0x83, 0x71, 0x05, 0x8a, 0xe4, 0x81, 0x22, 0x59,
    0xa1, 0x30, 0x61, 0x28, 0xe2, 0x40, 0xa4, 0x69, 0x84, 0x61, 0x85, 0x49,
    0xa2, 0x20, 0xa2, 0x18, 0x82, 0x18, 0x82, 0x10, 0x82, 0x10, 0x81, 0x10,
    0xa2, 0x10, 0xa2, 0x18, 0x81, 0x10, 0x81, 0x10, 0xa2, 0x18, 0x81, 0x10,
    0x82, 0x10, 0xa2, 0x10, 0x81, 0x10, 0xa1, 0x18, 0xa2, 0x18, 0x82, 0x10,
    0x82, 0x10, 0xa2, 0x18, 0xa2, 0x18, 0x82, 0x10, 0xa1, 0x18, 0xa2, 0x10,
    0x82, 0x10, 0xa1, 0x18, 0x81, 0x10, 0x82, 0x18, 0x81, 0x10, 0xa2, 0x10,
    0xa2, 0x18, 0xa2, 0x18, 0xa2, 0x10, 0xc3, 0x18, 0xa2, 0x10, 0xa2, 0x18,
    0xa2, 0x18, 0xa2, 0x10, 0xa2, 0x18, 0x82, 0x18, 0xa2, 0x18, 0x82, 0x10,
    0xa2, 0x18, 0x82, 0x18, 0x82, 0x10, 0x81, 0x18, 0xa2, 0x18, 0x82, 0x10,
    0xa2, 0x18, 0x82, 0x18, 0xa2, 0x18, 0xa2, 0x18, 0xa1, 0x18, 0x81, 0x10,
    0x82, 0x10, 0xa2, 0x18, 0x81, 0x10, 0x82, 0x18, 0xa2, 0x18, 0x81, 0x10,
    0x82, 0x10, 0xa2, 0x18, 0x81, 0x18, 0x82, 0x18, 0xa2, 0x20, 0xa5, 0x59,
    0x09, 0x9b, 0x46, 0x82, 0xc6, 0x28, 0xc7, 0x20, 0xc7, 0x18, 0xc7, 0x18,
    0xa6, 0x18, 0x65, 0x10, 0x23, 0x08, 0x43, 0x08, 0x22, 0x08, 0x23, 0x08,
    0x44, 0x08, 0x43, 0x08, 0x22, 0x08, 0x22, 0x08, 0x44, 0x10, 0x44, 0x10,
    0x63, 0x18, 0xa2, 0x38, 0xe2, 0x48, 0x02, 0x51, 0x02, 0x59, 0x22, 0x61,
    0x23, 0x61, 0x43, 0x69, 0x63, 0x71, 0x83, 0x71, 0xa4, 0x81, 0xc4, 0x81,
    0xc4, 0x81, 0xe5, 0x89, 0xc4, 0x81, 0x83, 0x79, 0x63, 0x71, 0x83, 0x79,
    0xa3, 0x79, 0xe4, 0x89, 0xc7, 0xaa, 0x46, 0x9a, 0xe5, 0x89, 0xe4, 0x81,
    0x28, 0xbb, 0x45, 0x9a, 0xc4, 0x89, 0xa3, 0x81, 0x05, 0x92, 0x86, 0xa2,
    0xc7, 0xb2, 0xc7, 0xb2, 0xe6, 0xb2, 0x06, 0xb3, 0x64, 0x9a, 0x62, 0x69,
    0x00, 0x10, 0x00, 0x08, 0x61, 0x28, 0xe2, 0x50, 0x01, 0x59, 0x22, 0x61,
    0x42, 0x69, 0x42, 0x71, 0x63, 0x71, 0x42, 0x69, 0x63, 0x71, 0x83, 0x71,
    0x42, 0x69, 0x62, 0x69, 0x42, 0x69, 0x42, 0x69, 0x22, 0x61, 0x42, 0x69,
    0x42, 0x69, 0x42, 0x69, 0x42, 0x69, 0x42, 0x69, 0x63, 0x71, 0x83, 0x71,
    0x83, 0x71, 0x63, 0x71, 0x63, 0x71, 0x42, 0x69, 0x42, 0x61, 0x42, 0x61,
    0x22, 0x59, 0x02, 0x59, 0x02, 0x59, 0x02, 0x51, 0xe1, 0x50, 0xc1, 0x48,
    0xc1, 0x48, 0xc1, 0x48, 0xc1, 0x48, 0xe1, 0x50, 0x02, 0x59, 0x01, 0x59,
    0x22, 0x61, 0x22, 0x59, 0xc1, 0x50, 0x60, 0x38, 0x00, 0x10, 0x60, 0x30,
    0xe2, 0x50, 0xe2, 0x50, 0x81, 0x40, 0x20, 0x28, 0x00, 0x10, 0x00, 0x10,
    0x00, 0x10, 0x20, 0x18, 0x20, 0x18, 0x83, 0x71, 0xa7, 0xaa, 0x25, 0x92,
    0x83, 0x71, 0xc4, 0x81, 0x25, 0x92, 0x25, 0x92, 0xc0, 0x48, 0x01, 0x51,
    0x42, 0x69, 0xa3, 0x79, 0xa4, 0x71, 0x40, 0x28, 0x81, 0x30, 0x00, 0x10,
    0x00, 0x10, 0x20, 0x18, 0x40, 0x28, 0xa1, 0x40, 0x02, 0x61, 0xe4, 0x81,
    0xa3, 0x71, 0x81, 0x38, 0x20, 0x20, 0x00, 0x20, 0x00, 0x20, 0x21, 0x20,
    0x20, 0x20, 0x00, 0x18, 0x00, 0x18, 0x20, 0x20, 0x81, 0x38, 0x01, 0x59,
    0x22, 0x61, 0x43, 0x61, 0x22, 0x61, 0xe1, 0x50, 0xc1, 0x48, 0xc1, 0x48,
    0xa0, 0x48, 0xc1, 0x48, 0xa0, 0x40, 0xa0, 0x40, 0xa1, 0x40, 0xa0, 0x40,
    0xc1, 0x48, 0xc1, 0x48, 0x42, 0x61, 0x23, 0x61, 0x02, 0x51, 0xe1, 0x50,
    0xe1, 0x50, 0x02, 0x59, 0xa3, 0x79, 0x04, 0x8a, 0x43, 0x69, 0xc1, 0x40,
    0x20, 0x20, 0x20, 0x28, 0xc1, 0x38, 0x84, 0x69, 0x05, 0x82, 0x85, 0x61,
    0x07, 0x6a, 0xc2, 0x28, 0x81, 0x18, 0x82, 0x18, 0x82, 0x10, 0x81, 0x18,
    0x81, 0x10, 0x82, 0x10, 0xa1, 0x18, 0x81, 0x10, 0x82, 0x18, 0x82, 0x18,
    0xa1, 0x10, 0xa2, 0x18, 0x82, 0x18, 0x82, 0x10, 0xa1, 0x18, 0xa1, 0x10,
    0x82, 0x18, 0x82, 0x18, 0xa2, 0x10, 0x82, 0x10, 0x82, 0x18, 0x82, 0x10,
    0xa2, 0x18, 0x81, 0x10, 0xa2, 0x10, 0x82, 0x18, 0x81, 0x18, 0xa2, 0x10,
    0xa2, 0x18, 0xa2, 0x18, 0xa2, 0x18, 0xa2, 0x18, 0xa2, 0x18, 0xa2, 0x18,
    0xa3, 0x10, 0xa2, 0x18, 0xa2, 0x10, 0xa2, 0x18, 0x82, 0x10, 0xa2, 0x18,
    0xa2, 0x18, 0xa2, 0x18, 0x82, 0x18, 0x81, 0x10, 0x82, 0x10, 0xa2, 0x18,
    0xa1, 0x18, 0x82, 0x18, 0x82, 0x10, 0xa1, 0x18, 0xa2, 0x18, 0xa2, 0x18,
    0x82, 0x10, 0xa2, 0x18, 0xa1, 0x10, 0x82, 0x18, 0x82, 0x10, 0x81, 0x10,
    0x82, 0x18, 0x82, 0x18, 0xa2, 0x18, 0x23, 0x41, 0xe8, 0x92, 0xc8, 0x9a,
    0x04, 0x49, 0xa6, 0x18, 0x86, 0x18, 0xe8, 0x20, 0xe8, 0x20, 0x09, 0x21,
    0xc7, 0x18, 0x86, 0x18, 0x85, 0x18, 0xa5, 0x20, 0x22, 0x08, 0x23, 0x08,
    0x23, 0x08, 0x43, 0x10, 0x22, 0x10, 0x42, 0x18, 0x82, 0x30, 0x02, 0x51,
    0x43, 0x61, 0x63, 0x69, 0x22, 0x61, 0x22, 0x61, 0x43, 0x69, 0x22, 0x61,
    0x22, 0x61, 0x23, 0x61, 0x63, 0x69, 0x83, 0x71, 0xa4, 0x79, 0xc4, 0x81,
    0xc4, 0x81, 0xe4, 0x89, 0xc4, 0x81, 0xa3, 0x79, 0x63, 0x71, 0x63, 0x71,
    0x83, 0x71, 0xa4, 0x81, 0x04, 0x8a, 0x87, 0xa2, 0x46, 0x9a, 0xa4, 0x81,
    0x46, 0x92, 0x29, 0xbb, 0xa7, 0xaa, 0xc4, 0x81, 0x83, 0x71, 0x22, 0x69,
    0x83, 0x79, 0xe3, 0x89, 0xe6, 0xb2, 0x06, 0xbb, 0x24, 0x92, 0xc3, 0x81,
    0x20, 0x18, 0x20, 0x18, 0xa1, 0x40, 0x02, 0x59, 0x83, 0x71, 0xc4, 0x79,
    0xa4, 0x79, 0x26, 0x8a, 0xe5, 0x81, 0x63, 0x61, 0xc1, 0x48, 0x81, 0x40,
    0x61, 0x38, 0x81, 0x38, 0x81, 0x38, 0x81, 0x38, 0x80, 0x38, 0xa1, 0x40,
    0xa1, 0x48, 0xa1, 0x40, 0xa1, 0x40, 0xa1, 0x40, 0xa1, 0x40, 0x81, 0x40,
    0x80, 0x38, 0x80, 0x38, 0x60, 0x30, 0x60, 0x30, 0x61, 0x30, 0x61, 0x38,
    0x60, 0x30, 0x40, 0x30, 0x40, 0x28, 0x40, 0x30, 0x20, 0x28, 0x20, 0x28,
    0x20, 0x28, 0x20, 0x28, 0x40, 0x30, 0x41, 0x30, 0x81, 0x40, 0xc1, 0x48,
    0xc1, 0x48, 0xc1, 0x48, 0x60, 0x30, 0x00, 0x08, 0x60, 0x28, 0xc1, 0x48,
    0xe2, 0x50, 0xc1, 0x40, 0x60, 0x30, 0x00, 0x18, 0x00, 0x10, 0x00, 0x10,
    0x00, 0x10, 0x00, 0x18, 0x21, 0x20, 0x25, 0x8a, 0x86, 0xa2, 0xe4, 0x89,
    0x21, 0x61, 0x46, 0x9a, 0x25, 0x92, 0x04, 0x8a, 0xa1, 0x48, 0x22, 0x61,
    0x63, 0x71, 0xa3, 0x79, 0x84, 0x69, 0xa1, 0x38, 0x81, 0x38, 0x00, 0x08,
    0x00, 0x10, 0x00, 0x18, 0x61, 0x30, 0xc1, 0x48, 0x62, 0x69, 0xe5, 0x89,
    0x63, 0x69, 0x80, 0x38, 0x20, 0x20, 0x00, 0x20, 0x00, 0x18, 0x20, 0x18,
    0x00, 0x18, 0x00, 0x18, 0x00, 0x20, 0x20, 0x28, 0xa1, 0x40, 0x22, 0x59,
    0x42, 0x61, 0x63, 0x69, 0x22, 0x59, 0xe1, 0x50, 0xc1, 0x48, 0xc1, 0x48,
    0xc1, 0x48, 0xc1, 0x48, 0xa1, 0x40, 0xa0, 0x40, 0x80, 0x40, 0xa1, 0x48,
    0xe1, 0x50, 0xe1, 0x58, 0x43, 0x61, 0x23, 0x61, 0xc1, 0x50, 0xe1, 0x50,
    0x22, 0x59, 0x42, 0x69, 0xa3, 0x79, 0xe5, 0x81, 0xe2, 0x48, 0x40, 0x28,
    0x00, 0x18, 0x41, 0x28, 0xc1, 0x48, 0x83, 0x69, 0x26, 0x8a, 0x26, 0x82,
    0x04, 0x41, 0x85, 0x51, 0x23, 0x41, 0x23, 0x41, 0xa2, 0x18, 0xa2, 0x18,
    0x82, 0x18, 0xa1, 0x10, 0x82, 0x10, 0x82, 0x10, 0x82, 0x18, 0xa1, 0x10,
    0x82, 0x10, 0x81, 0x18, 0xa2, 0x10, 0x81, 0x10, 0x82, 0x18, 0xa2, 0x18,
    0x81, 0x10, 0x82, 0x10, 0xa1, 0x18, 0xa2, 0x18, 0x82, 0x10, 0xa2, 0x10,
    0x81, 0x18, 0x82, 0x10, 0x81, 0x10, 0x82, 0x18, 0xa2, 0x10, 0x81, 0x10,
    0xa2, 0x18, 0xa3, 0x18, 0xa2, 0x18, 0xa2, 0x18, 0xa2, 0x10, 0xa2, 0x18,
    0xa2, 0x18, 0xa2, 0x18, 0xa2, 0x10, 0xa2, 0x18, 0xa2, 0x18, 0xa2, 0x18,
    0xa2, 0x10, 0xa2, 0x10, 0xa2, 0x18, 0xa2, 0x10, 0x81, 0x10, 0x81, 0x10,
    0xa2, 0x18, 0xa2, 0x18, 0x82, 0x10, 0x81, 0x10, 0x82, 0x10, 0xa2, 0x18,
    0x82, 0x10, 0x82, 0x10, 0x81, 0x18, 0x82, 0x18, 0x82, 0x18, 0xa1, 0x18,
    0xa2, 0x18, 0xe2, 0x28, 0x67, 0x82, 0x29, 0xab, 0xc5, 0x69, 0xa6, 0x20,
    0xe7, 0x20, 0xa7, 0x18, 0x66, 0x08, 0x86, 0x10, 0xc8, 0x18, 0x09, 0x21,
    0x49, 0x29, 0xe6, 0x28, 0x85, 0x61, 0x44, 0x61, 0xc2, 0x40, 0x81, 0x38,
    0x41, 0x28, 0x81, 0x30, 0xe2, 0x48, 0x22, 0x59, 0x43, 0x61, 0x63, 0x69,
    0x63, 0x69, 0x63, 0x69, 0x43, 0x69, 0x43, 0x69, 0x43, 0x69, 0x43, 0x69,
    0x22, 0x61, 0x43, 0x61, 0x43, 0x69, 0x63, 0x71, 0x83, 0x79, 0xa3, 0x81,
    0xc4, 0x81, 0xc4, 0x81, 0xc4, 0x81, 0xa4, 0x79, 0x63, 0x71, 0x22, 0x61,
    0x63, 0x71, 0xa4, 0x79, 0xa3, 0x81, 0x45, 0x9a, 0x87, 0xaa, 0x04, 0x8a,
    0x62, 0x69, 0x87, 0xa2, 0x49, 0xc3, 0xe8, 0xb2, 0x87, 0xa2, 0x25, 0x92,
    0xc4, 0x81, 0xc3, 0x81, 0xea, 0xdb, 0xc9, 0xd3, 0x65, 0xa2, 0xc3, 0x81,
    0x60, 0x30, 0x00, 0x18, 0x81, 0x38, 0x83, 0x71, 0x05, 0x8a, 0x25, 0x92,
    0x05, 0x92, 0xa3, 0x79, 0x83, 0x79, 0xc4, 0x81, 0x05, 0x8a, 0x25, 0x8a,
    0x05, 0x82, 0x63, 0x61, 0xa1, 0x40, 0x61, 0x30, 0x40, 0x28, 0x40, 0x20,
    0x40, 0x28, 0x40, 0x28, 0x40, 0x28, 0x40, 0x20, 0x20, 0x28, 0x20, 0x28,
    0x60, 0x30, 0x81, 0x38, 0x81, 0x38, 0xa1, 0x40, 0xc1, 0x48, 0xe2, 0x48,
    0xc1, 0x48, 0xe2, 0x50, 0xc1, 0x48, 0xc1, 0x48, 0xc2, 0x48, 0xa1, 0x40,
    0x81, 0x38, 0xc2, 0x48, 0x81, 0x38, 0xa1, 0x40, 0xa1, 0x40, 0xc1, 0x40,
    0xa1, 0x40, 0x40, 0x28, 0x00, 0x08, 0x60, 0x28, 0xe1, 0x48, 0xe2, 0x50,
    0xc1, 0x48, 0x81, 0x38, 0x20, 0x20, 0x00, 0x10, 0x00, 0x10, 0x00, 0x10,
    0x20, 0x10, 0x00, 0x18, 0x22, 0x59, 0x86, 0xa2, 0x25, 0x92, 0xc4, 0x81,
    0x63, 0x69, 0x66, 0x9a, 0x04, 0x8a, 0x83, 0x71, 0xc1, 0x48, 0x62, 0x69,
    0xa3, 0x79, 0xa3, 0x79, 0x22, 0x59, 0xc1, 0x40, 0x60, 0x30, 0x00, 0x08,
    0x00, 0x08, 0x00, 0x18, 0x60, 0x30, 0xe1, 0x50, 0x83, 0x79, 0x05, 0x8a,
    0x22, 0x61, 0x60, 0x30, 0x20, 0x20, 0x20, 0x20, 0x00, 0x18, 0x00, 0x18,
    0x00, 0x18, 0x00, 0x18, 0x21, 0x20, 0x20, 0x28, 0xc1, 0x40, 0x01, 0x59,
    0x63, 0x69, 0x42, 0x61, 0xe1, 0x50, 0xc1, 0x48, 0xc1, 0x48, 0xc1, 0x48,
    0xc1, 0x48, 0xc1, 0x48, 0xa1, 0x48, 0xa1, 0x40, 0xa0, 0x40, 0xe1, 0x50,
    0x01, 0x51, 0x01, 0x59, 0x63, 0x69, 0x22, 0x59, 0xc1, 0x48, 0xe1, 0x58,
    0x22, 0x61, 0x42, 0x69, 0x83, 0x71, 0xc4, 0x79, 0x81, 0x30, 0x20, 0x18,
    0x00, 0x18, 0x81, 0x38, 0xe2, 0x48, 0xa4, 0x71, 0x26, 0x8a, 0x46, 0x92,
    0x64, 0x59, 0x41, 0x20, 0x43, 0x51, 0xe5, 0x79, 0x03, 0x41, 0xa2, 0x18,
    0x81, 0x18, 0x81, 0x10, 0x82, 0x10, 0x81, 0x18, 0xa1, 0x10, 0x82, 0x10,
    0x81, 0x18, 0x81, 0x10, 0xa1, 0x18, 0x82, 0x18, 0xa1, 0x10, 0x82, 0x18,
    0xa2, 0x10, 0x82, 0x10, 0xa2, 0x18, 0x81, 0x18, 0x82, 0x10, 0x81, 0x10,
    0x81, 0x18, 0x82, 0x10, 0x81, 0x18, 0x81, 0x10, 0x82, 0x10, 0x82, 0x18,
    0xa2, 0x18, 0xa2, 0x18, 0xc3, 0x18, 0xa2, 0x10, 0xa3, 0x18, 0xa2, 0x18,
    0xa2, 0x18, 0xa2, 0x18, 0x82, 0x18, 0xa2, 0x10, 0xa2, 0x18, 0xa2, 0x18,
    0x82, 0x18, 0xa2, 0x18, 0x82, 0x18, 0xa2, 0x18, 0xa2, 0x18, 0x82, 0x18,
    0xa2, 0x18, 0xa2, 0x18, 0xa2, 0x18, 0xa1, 0x18, 0x82, 0x18, 0xa2, 0x10,
    0xa2, 0x18, 0x82, 0x18, 0x82, 0x10, 0xa2, 0x18, 0xa2, 0x18, 0xa2, 0x18,
    0xa5, 0x59, 0x09, 0xab, 0xc8, 0x9a, 0x04, 0x49, 0xa6, 0x20, 0xa6, 0x18,
    0xa7, 0x18, 0xe8, 0x20, 0xe8, 0x20, 0x86, 0x10, 0x65, 0x10, 0xc8, 0x20,
    0xe7, 0x28, 0x87, 0x9a, 0xa7, 0xa2, 0xe5, 0x81, 0x23, 0x61, 0xe2, 0x50,
    0xc1, 0x48, 0xc2, 0x50, 0x02, 0x59, 0x02, 0x59, 0x23, 0x61, 0x43, 0x69,
    0x43, 0x69, 0x63, 0x69, 0x43, 0x69, 0x42, 0x61, 0x42, 0x61, 0x43, 0x69,
    0x22, 0x61, 0x22, 0x61, 0x43, 0x69, 0x63, 0x69, 0x83, 0x71, 0xa3, 0x79,
    0xc4, 0x81, 0xe4, 0x89, 0xc4, 0x81, 0xa4, 0x79, 0x63, 0x71, 0x22, 0x61,
    0x42, 0x69, 0x83, 0x79, 0x05, 0x8a, 0x63, 0x71, 0x25, 0x92, 0x25, 0x92,
    0xc4, 0x81, 0x02, 0x61, 0x66, 0x9a, 0xe8, 0xb2, 0x08, 0xbb, 0xe8, 0xba,
    0xc7, 0xb2, 0x66, 0xa2, 0x48, 0xc3, 0xc9, 0xd3, 0x27, 0xbb, 0x81, 0x71,
    0x01, 0x59, 0x41, 0x28, 0x20, 0x18, 0x81, 0x38, 0x63, 0x69, 0x25, 0x92,
    0x66, 0x9a, 0x86, 0xa2, 0x66, 0xa2, 0x66, 0x9a, 0x25, 0x92, 0xe4, 0x81,
    0xa3, 0x79, 0xc4, 0x79, 0xe4, 0x81, 0xe5, 0x81, 0x05, 0x8a, 0x05, 0x82,
    0xc4, 0x79, 0xc4, 0x79, 0x84, 0x71, 0x63, 0x69, 0x42, 0x61, 0x42, 0x61,
    0x22, 0x61, 0x43, 0x61, 0x42, 0x61, 0x22, 0x61, 0x43, 0x61, 0x42, 0x61,
    0x22, 0x61, 0x23, 0x61, 0x43, 0x61, 0x43, 0x69, 0x42, 0x61, 0x22, 0x59,
    0x22, 0x59, 0x02, 0x51, 0xe1, 0x48, 0xc1, 0x48, 0xa1, 0x40, 0x80, 0x38,
    0x20, 0x28, 0x00, 0x08, 0x61, 0x30, 0xe1, 0x50, 0x02, 0x51, 0xe2, 0x48,
    0x81, 0x38, 0x40, 0x28, 0x00, 0x10, 0x00, 0x10, 0x00, 0x10, 0x00, 0x10,
    0x00, 0x10, 0x81, 0x38, 0x25, 0x92, 0x87, 0xa2, 0x04, 0x92, 0x63, 0x71,
    0x25, 0x8a, 0xe4, 0x89, 0x45, 0x9a, 0x02, 0x59, 0x02, 0x59, 0x63, 0x71,
    0xc4, 0x79, 0xc4, 0x79, 0xa1, 0x40, 0xc1, 0x40, 0x20, 0x28, 0x00, 0x08,
    0x00, 0x08, 0x00, 0x18, 0x60, 0x38, 0xe1, 0x50, 0xa3, 0x79, 0x05, 0x8a,
    0x01, 0x59, 0x60, 0x30, 0x00, 0x20, 0x00, 0x18, 0x00, 0x10, 0x01, 0x10,
    0x20, 0x18, 0x00, 0x18, 0x20, 0x20, 0x41, 0x30, 0xe1, 0x48, 0x22, 0x61,
    0x83, 0x71, 0x42, 0x69, 0x01, 0x51, 0xe1, 0x50, 0xc1, 0x48, 0xc1, 0x48,
    0xc1, 0x48, 0xc1, 0x48, 0xa0, 0x40, 0xa0, 0x40, 0xa1, 0x48, 0xc1, 0x50,
    0x01, 0x59, 0x22, 0x61, 0x63, 0x69, 0x02, 0x59, 0xa0, 0x40, 0x01, 0x59,
    0x62, 0x69, 0x42, 0x69, 0x83, 0x71, 0xa4, 0x71, 0x40, 0x28, 0x00, 0x10,
    0x20, 0x18, 0xc1, 0x48, 0x02, 0x59, 0xc4, 0x79, 0x05, 0x8a, 0x46, 0x92,
    0x84, 0x69, 0x81, 0x30, 0x63, 0x69, 0x25, 0x8a, 0xa4, 0x71, 0xa2, 0x18,
    0xa2, 0x18, 0x81, 0x10, 0xa2, 0x18, 0x81, 0x10, 0xa2, 0x10, 0x82, 0x18,
    0xa2, 0x10, 0x81, 0x10, 0x82, 0x18, 0xa2, 0x10, 0x82, 0x10, 0x82, 0x18,
    0xa2, 0x18, 0x81, 0x10, 0xa2, 0x10, 0xa1, 0x18, 0x82, 0x10, 0xa2, 0x18,
    0x81, 0x10, 0x82, 0x18, 0x82, 0x10, 0xa1, 0x18, 0x82, 0x18, 0xa2, 0x10,
    0xa2, 0x18, 0xa2, 0x18, 0xa2, 0x10, 0xa2, 0x18, 0xa2, 0x18, 0xa2, 0x18,
    0xa2, 0x18, 0xa2, 0x18, 0xa2, 0x18, 0xa2, 0x18, 0xa2, 0x18, 0xa2, 0x18,
    0xa2, 0x10, 0xa2, 0x18, 0x81, 0x18, 0x82, 0x10, 0xa2, 0x18, 0x82, 0x10,
    0x81, 0x10, 0xa2, 0x18, 0x82, 0x18, 0xa1, 0x18, 0xa2, 0x10, 0x82, 0x18,
    0x81, 0x18, 0xa2, 0x18, 0xa2, 0x18, 0xa2, 0x18, 0xe2, 0x30, 0x87, 0x8a,
    0x8b, 0xc3, 0x06, 0x7a, 0xa5, 0x20, 0xa6, 0x18, 0xa6, 0x18, 0x86, 0x10,
    0x86, 0x10, 0xc7, 0x18, 0x08, 0x21, 0x08, 0x21, 0xc7, 0x18, 0xa6, 0x20,
    0x46, 0x8a, 0xe8, 0xb2, 0xe8, 0xb2, 0x66, 0xa2, 0x84, 0x71, 0x02, 0x59,
    0xe2, 0x50, 0xe2, 0x50, 0x02, 0x59, 0x02, 0x59, 0x22, 0x59, 0x43, 0x61,
    0x43, 0x69, 0x43, 0x69, 0x42, 0x61, 0x22, 0x61, 0x43, 0x69, 0x43, 0x69,
    0x43, 0x61, 0x42, 0x61, 0x43, 0x69, 0x42, 0x69, 0x83, 0x71, 0xa3, 0x79,
    0xc4, 0x81, 0x05, 0x8a, 0xe4, 0x89, 0xc4, 0x81, 0x83, 0x71, 0x02, 0x59,
    0x02, 0x59, 0x63, 0x69, 0x05, 0x8a, 0x25, 0x92, 0x62, 0x71, 0x05, 0x92,
    0x25, 0x92, 0xc4, 0x81, 0xe1, 0x50, 0x25, 0x92, 0xa7, 0xaa, 0xc7, 0xb2,
    0xe7, 0xb2, 0xc7, 0xb2, 0xe6, 0xb2, 0x67, 0xcb, 0x26, 0xbb, 0xc2, 0x81,
    0x62, 0x71, 0xe1, 0x48, 0x40, 0x28, 0x00, 0x10, 0x20, 0x20, 0x81, 0x38,
    0x62, 0x69, 0xe4, 0x89, 0x25, 0x92, 0x87, 0xa2, 0xc7, 0xaa, 0xa7, 0xaa,
    0x87, 0xa2, 0x66, 0x9a, 0x25, 0x92, 0xe4, 0x81, 0xa3, 0x79, 0xa3, 0x81,
    0x83, 0x71, 0x83, 0x79, 0xa4, 0x79, 0xc4, 0x79, 0xc4, 0x79, 0xe4, 0x81,
    0x05, 0x82, 0xe4, 0x81, 0xe4, 0x81, 0xe4, 0x81, 0xa4, 0x79, 0x63, 0x69,
    0x22, 0x61, 0x42, 0x69, 0x63, 0x69, 0x62, 0x69, 0x83, 0x71, 0x63, 0x69,
    0x63, 0x69, 0x63, 0x69, 0x63, 0x69, 0x43, 0x61, 0x22, 0x59, 0xc1, 0x40,
    0x60, 0x28, 0x81, 0x38, 0xe1, 0x50, 0x02, 0x59, 0xc1, 0x48, 0xa1, 0x38,
    0x40, 0x30, 0x00, 0x10, 0x00, 0x08, 0x00, 0x10, 0x00, 0x10, 0x00, 0x10,
    0x20, 0x18, 0xa4, 0x79, 0x25, 0x92, 0x66, 0x9a, 0x04, 0x8a, 0x62, 0x71,
    0x86, 0xa2, 0xa3, 0x79, 0x25, 0x8a, 0xc1, 0x50, 0x42, 0x69, 0xa3, 0x79,
    0xc4, 0x81, 0xa3, 0x71, 0x40, 0x30, 0xa1, 0x40, 0x20, 0x18, 0x00, 0x08,
    0x00, 0x08, 0x20, 0x20, 0xa1, 0x38, 0x02, 0x59, 0xc4, 0x81, 0xe4, 0x89,
    0xe1, 0x48, 0x40, 0x28, 0x20, 0x20, 0x00, 0x18, 0x00, 0x10, 0x20, 0x10,
    0x00, 0x18, 0x00, 0x20, 0x20, 0x28, 0x61, 0x30, 0xe1, 0x50, 0x42, 0x61,
    0x83, 0x71, 0x42, 0x69, 0xc1, 0x50, 0xc1, 0x48, 0xc1, 0x48, 0xe1, 0x48,
    0xc1, 0x48, 0xe1, 0x48, 0xc0, 0x48, 0xa0, 0x40, 0xa0, 0x48, 0x01, 0x59,
    0x01, 0x59, 0x42, 0x61, 0x63, 0x69, 0xe1, 0x50, 0x81, 0x40, 0x22, 0x61,
    0x62, 0x71, 0x62, 0x71, 0xa3, 0x71, 0xa4, 0x71, 0x00, 0x10, 0x00, 0x08,
    0x40, 0x28, 0xc1, 0x48, 0x01, 0x59, 0xc4, 0x79, 0x46, 0x92, 0x46, 0x92,
    0xa1, 0x40, 0xe2, 0x48, 0xc4, 0x79, 0x86, 0x9a, 0x05, 0x8a, 0xe2, 0x38,
    0x82, 0x18, 0x81, 0x18, 0xa2, 0x18, 0xa2, 0x10, 0x81, 0x18, 0x81, 0x10,
    0x82, 0x10, 0x81, 0x18, 0xa1, 0x18, 0x81, 0x10, 0x81, 0x10, 0x82, 0x10,
    0xa1, 0x18, 0x81, 0x10, 0x82, 0x10, 0x82, 0x10, 0xa1, 0x18, 0xa1, 0x10,
    0x81, 0x10, 0x82, 0x10, 0xa1, 0x18, 0x82, 0x10, 0x81, 0x10, 0x82, 0x10,
    0xa2, 0x18, 0xa2, 0x18, 0xa3, 0x18, 0xa2, 0x18, 0xa2, 0x18, 0xa2, 0x10,
    0xa2, 0x18, 0xa2, 0x18, 0xa2, 0x18, 0x82, 0x18, 0xa2, 0x10, 0xa2, 0x18,
    0x82, 0x10, 0x82, 0x10, 0xa2, 0x18, 0x81, 0x10, 0xa2, 0x18, 0xa2, 0x18,
    0x82, 0x18, 0xa2, 0x18, 0xa2, 0x18, 0xa2, 0x10, 0x82, 0x18, 0xa2, 0x18,
    0x81, 0x10, 0x82, 0x18, 0xa2, 0x18, 0xa5, 0x59, 0x09, 0xab, 0x6a, 0xbb,
    0x85, 0x61, 0xc7, 0x20, 0xa7, 0x18, 0x87, 0x10, 0xa7, 0x10, 0x86, 0x10,
    0x65, 0x10, 0x65, 0x10, 0x86, 0x18, 0xe7, 0x20, 0xa6, 0x20, 0x05, 0x82,
    0xc7, 0xaa, 0x08, 0xbb, 0x08, 0xbb, 0xe8, 0xb2, 0x25, 0x92, 0x43, 0x69,
    0xe1, 0x58, 0xc1, 0x50, 0xe1, 0x50, 0x02, 0x59, 0x02, 0x59, 0x43, 0x61,
    0x42, 0x69, 0x42, 0x69, 0x43, 0x61, 0x43, 0x69, 0x42, 0x69, 0x43, 0x69,
    0x43, 0x61, 0x43, 0x61, 0x22, 0x61, 0x43, 0x69, 0x63, 0x69, 0x83, 0x79,
    0xc4, 0x81, 0xe4, 0x89, 0xc4, 0x89, 0xc4, 0x81, 0x84, 0x79, 0x22, 0x59,
    0xe1, 0x50, 0x22, 0x61, 0xc4, 0x81, 0x46, 0xa2, 0x25, 0x92, 0x42, 0x69,
    0xe5, 0x89, 0x05, 0x92, 0xc4, 0x81, 0x22, 0x59, 0xe4, 0x81, 0xe8, 0xb2,
    0xa7, 0xb2, 0xa7, 0xb2, 0xc6, 0xb2, 0x88, 0xcb, 0xe6, 0xb2, 0xe2, 0x81,
    0x82, 0x71, 0x00, 0x20, 0x00, 0x10, 0x20, 0x18, 0x60, 0x30, 0xa1, 0x40,
    0xe1, 0x50, 0xe1, 0x50, 0x22, 0x61, 0x63, 0x71, 0xc4, 0x81, 0xe4, 0x89,
    0x05, 0x92, 0x25, 0x92, 0x66, 0xa2, 0x66, 0x9a, 0x66, 0x9a, 0x46, 0x9a,
    0x46, 0x9a, 0x25, 0x92, 0x05, 0x8a, 0x05, 0x8a, 0xe4, 0x81, 0xe4, 0x89,
    0xc4, 0x81, 0x83, 0x71, 0x83, 0x79, 0x83, 0x71, 0xc4, 0x79, 0xa4, 0x79,
    0xc4, 0x79, 0xc4, 0x79, 0xc4, 0x81, 0xe4, 0x81, 0xc4, 0x79, 0xe4, 0x81,
    0xe4, 0x81, 0x05, 0x8a, 0xe5, 0x81, 0xc4, 0x79, 0x83, 0x71, 0x63, 0x69,
    0x42, 0x69, 0x42, 0x61, 0x42, 0x61, 0x42, 0x61, 0x02, 0x51, 0x81, 0x40,
    0x40, 0x28, 0x00, 0x08, 0x00, 0x10, 0x20, 0x10, 0x00, 0x10, 0x00, 0x10,
    0x02, 0x59, 0xc4, 0x81, 0xe4, 0x89, 0x25, 0x9a, 0xa3, 0x79, 0x25, 0x92,
    0xc4, 0x81, 0xe4, 0x81, 0x63, 0x71, 0xe1, 0x58, 0x62, 0x69, 0xc4, 0x79,
    0xe4, 0x81, 0x22, 0x59, 0xa1, 0x38, 0x81, 0x30, 0x00, 0x08, 0x00, 0x08,
    0x00, 0x10, 0x20, 0x20, 0xa1, 0x40, 0x22, 0x61, 0xe4, 0x81, 0xe5, 0x89,
    0xc1, 0x48, 0x40, 0x28, 0x20, 0x18, 0x01, 0x18, 0x00, 0x10, 0x00, 0x10,
    0x00, 0x18, 0x20, 0x20, 0x41, 0x28, 0x81, 0x38, 0xe2, 0x50, 0x42, 0x69,
    0xa4, 0x71, 0x22, 0x61, 0xc1, 0x48, 0xc1, 0x48, 0xc1, 0x48, 0xc1, 0x48,
    0xe1, 0x50, 0xc1, 0x48, 0xa1, 0x40, 0xc1, 0x48, 0xc1, 0x50, 0x01, 0x59,
    0x22, 0x61, 0x62, 0x69, 0x63, 0x69, 0xc1, 0x48, 0x80, 0x38, 0x21, 0x61,
    0x83, 0x71, 0x62, 0x71, 0x83, 0x79, 0x84, 0x69, 0x20, 0x10, 0x20, 0x10,
    0x61, 0x30, 0x02, 0x59, 0x22, 0x61, 0x05, 0x82, 0x66, 0x9a, 0xe5, 0x81,
    0x80, 0x38, 0x63, 0x69, 0x66, 0x9a, 0xa7, 0xa2, 0x05, 0x8a, 0x63, 0x61,
    0x81, 0x18, 0xa2, 0x18, 0x82, 0x10, 0x81, 0x18, 0x81, 0x10, 0x82, 0x10,
    0x81, 0x18, 0x82, 0x18, 0x82, 0x10, 0xa2, 0x18, 0xa2, 0x18, 0x81, 0x10,
    0xa2, 0x18, 0x82, 0x10, 0x82, 0x18, 0x82, 0x10, 0xa2, 0x10, 0x82, 0x18,
    0x82, 0x10, 0x82, 0x10, 0x82, 0x18, 0x81, 0x10, 0x82, 0x10, 0x82, 0x18,
    0xa2, 0x18, 0xa2, 0x18, 0xa2, 0x18, 0xa2, 0x18, 0xa2, 0x18, 0xa2, 0x18,
    0xa2, 0x10, 0xa2, 0x18, 0xa2, 0x18, 0xa2, 0x18, 0xa2, 0x18, 0xa2, 0x10,
    0x82, 0x18, 0x82, 0x18, 0xa2, 0x10, 0xa2, 0x18, 0x81, 0x10, 0xa2, 0x18,
    0xa1, 0x10, 0xa2, 0x18, 0xa2, 0x18, 0x81, 0x10, 0xa2, 0x18, 0xa2, 0x18,
    0xa2, 0x18, 0xa2, 0x20, 0xe5, 0x69, 0x49, 0xb3, 0xab, 0xcb, 0x65, 0x61,
    0xc7, 0x20, 0xc8, 0x18, 0xe8, 0x20, 0xe8, 0x18, 0xa7, 0x18, 0x86, 0x10,
    0x85, 0x10, 0x65, 0x10, 0x85, 0x10, 0xa4, 0x30, 0xc5, 0x79, 0x87, 0xa2,
    0xc7, 0xaa, 0x09, 0xbb, 0x29, 0xc3, 0x29, 0xbb, 0xa7, 0xaa, 0xa4, 0x79,
    0x22, 0x61, 0xe1, 0x50, 0xc1, 0x50, 0xe1, 0x50, 0x02, 0x59, 0x02, 0x61,
    0x23, 0x61, 0x42, 0x61, 0x43, 0x69, 0x23, 0x61, 0x42, 0x61, 0x43, 0x61,
    0x22, 0x61, 0x22, 0x61, 0x22, 0x61, 0x23, 0x61, 0x43, 0x69, 0x63, 0x71,
    0xa4, 0x79, 0xe4, 0x81, 0xe4, 0x89, 0xe4, 0x81, 0xa4, 0x79, 0x22, 0x61,
    0xc1, 0x48, 0xe1, 0x50, 0x83, 0x79, 0x45, 0x9a, 0x66, 0xa2, 0xe4, 0x89,
    0x22, 0x61, 0xe4, 0x81, 0x25, 0x92, 0xc4, 0x81, 0x63, 0x69, 0x49, 0xc3,
    0x8a, 0xd3, 0x29, 0xc3, 0x28, 0xc3, 0x4b, 0xec, 0xa9, 0xd3, 0x23, 0x92,
    0x41, 0x69, 0x00, 0x20, 0x20, 0x20, 0x61, 0x30, 0xe1, 0x48, 0x43, 0x61,
    0x63, 0x71, 0x84, 0x71, 0xa4, 0x71, 0xa4, 0x79, 0x83, 0x71, 0x42, 0x69,
    0x42, 0x69, 0x42, 0x71, 0x83, 0x79, 0xc4, 0x81, 0x05, 0x92, 0x25, 0x92,
    0x46, 0x9a, 0x86, 0xa2, 0x66, 0x9a, 0x66, 0xa2, 0x66, 0x9a, 0x46, 0x9a,
    0x65, 0x9a, 0x45, 0x9a, 0x25, 0x92, 0x25, 0x92, 0x25, 0x92, 0x04, 0x8a,
    0x04, 0x8a, 0xe4, 0x89, 0xe4, 0x81, 0xc3, 0x79, 0x83, 0x71, 0x83, 0x79,
    0x83, 0x71, 0x83, 0x71, 0x83, 0x79, 0xa4, 0x79, 0xc4, 0x79, 0xc4, 0x79,
    0xa4, 0x79, 0xe4, 0x81, 0xe5, 0x81, 0xc4, 0x79, 0x83, 0x71, 0x63, 0x69,
    0x22, 0x59, 0x02, 0x51, 0xc1, 0x48, 0x81, 0x38, 0x41, 0x28, 0x61, 0x30,
    0x83, 0x71, 0xa3, 0x79, 0xa4, 0x81, 0x05, 0x8a, 0x05, 0x92, 0x83, 0x71,
    0x83, 0x71, 0x04, 0x8a, 0x02, 0x59, 0x22, 0x61, 0x83, 0x71, 0xe4, 0x81,
    0xa3, 0x71, 0x61, 0x30, 0xc1, 0x40, 0x40, 0x20, 0x00, 0x08, 0x00, 0x08,
    0x00, 0x10, 0x20, 0x20, 0xa1, 0x40, 0x62, 0x69, 0x04, 0x8a, 0xc4, 0x81,
    0xc1, 0x48, 0x40, 0x28, 0x00, 0x18, 0x00, 0x10, 0x00, 0x10, 0x00, 0x10,
    0x00, 0x18, 0x20, 0x20, 0x40, 0x30, 0xa1, 0x40, 0x02, 0x59, 0x62, 0x69,
    0xa3, 0x79, 0x22, 0x59, 0xa1, 0x48, 0xc1, 0x48, 0xc1, 0x48, 0xc1, 0x48,
    0xe1, 0x48, 0xc1, 0x48, 0xa0, 0x48, 0xa1, 0x48, 0xe1, 0x50, 0x22, 0x61,
    0x21, 0x61, 0x62, 0x71, 0x63, 0x69, 0xc1, 0x48, 0x80, 0x38, 0x42, 0x69,
    0x83, 0x71, 0x63, 0x71, 0x83, 0x79, 0x84, 0x69, 0x20, 0x10, 0x00, 0x10,
    0x81, 0x38, 0x22, 0x59, 0x63, 0x69, 0x05, 0x8a, 0x87, 0x9a, 0xc2, 0x40,
    0x01, 0x51, 0xe4, 0x81, 0xc8, 0xb2, 0xa7, 0xaa, 0xc4, 0x79, 0x84, 0x69,
    0xa1, 0x20, 0x82, 0x18, 0x81, 0x18, 0x82, 0x10, 0x82, 0x18, 0xa1, 0x10,
    0x82, 0x10, 0x82, 0x18, 0x81, 0x10, 0x82, 0x10, 0xa2, 0x10, 0x81, 0x18,
    0x82, 0x10, 0x82, 0x10, 0x81, 0x18, 0x82, 0x18, 0x82, 0x10, 0x81, 0x18,
    0x81, 0x10, 0xa2, 0x18, 0x81, 0x10, 0xa2, 0x10, 0x82, 0x18, 0x82, 0x10,
    0xa2, 0x18, 0xa2, 0x18, 0xa2, 0x18, 0xa2, 0x18, 0xa2, 0x10, 0xa2, 0x18,
    0xa2, 0x18, 0xa2, 0x18, 0xa2, 0x18, 0xa2, 0x18, 0x82, 0x18, 0xa2, 0x10,
    0xa2, 0x18, 0xa1, 0x10, 0xa2, 0x18, 0x82, 0x18, 0xa2, 0x10, 0xa2, 0x18,
    0xa2, 0x18, 0xa2, 0x18, 0xa2, 0x18, 0xa2, 0x18, 0xa2, 0x18, 0xa1, 0x18,
    0xa2, 0x20, 0x67, 0x82, 0x6a, 0xc3, 0xcb, 0xcb, 0xc5, 0x71, 0xe8, 0x20,
    0x09, 0x21, 0xe8, 0x18, 0x09, 0x21, 0x29, 0x21, 0x09, 0x21, 0xe7, 0x20,
    0xa5, 0x18, 0x83, 0x30, 0x02, 0x49, 0x84, 0x71, 0xe5, 0x81, 0x05, 0x8a,
    0x66, 0xa2, 0x08, 0xbb, 0x6a, 0xcb, 0xaa, 0xd3, 0x28, 0xc3, 0x26, 0x92,
    0x43, 0x71, 0x22, 0x61, 0xc1, 0x50, 0xe2, 0x50, 0xe1, 0x50, 0x02, 0x59,
    0x22, 0x61, 0x22, 0x61, 0x23, 0x61, 0x22, 0x61, 0x42, 0x61, 0x23, 0x61,
    0x23, 0x61, 0x22, 0x61, 0x22, 0x61, 0x22, 0x61, 0x22, 0x61, 0x83, 0x71,
    0x84, 0x79, 0xc4, 0x81, 0xe4, 0x81, 0xc4, 0x81, 0xc4, 0x81, 0x63, 0x69,
    0xe2, 0x50, 0xa1, 0x48, 0x42, 0x61, 0xe4, 0x89, 0x66, 0x9a, 0x46, 0x9a,
    0x05, 0x8a, 0x43, 0x69, 0xe4, 0x89, 0x25, 0x92, 0xe5, 0x89, 0x63, 0x69,
    0x86, 0xa2, 0xe7, 0xba, 0xc7, 0xb2, 0x47, 0xc3, 0x67, 0xc3, 0xe6, 0xb2,
    0x04, 0x8a, 0xe1, 0x40, 0x20, 0x20, 0x81, 0x30, 0x02, 0x59, 0x43, 0x61,
    0x42, 0x61, 0x43, 0x69, 0xa4, 0x79, 0xc4, 0x81, 0x05, 0x8a, 0x26, 0x92,
    0x05, 0x8a, 0xa3, 0x79, 0x62, 0x71, 0x42, 0x69, 0x42, 0x71, 0x63, 0x79,
    0xc3, 0x81, 0xe4, 0x89, 0x25, 0x92, 0x25, 0x9a, 0x45, 0x9a, 0x46, 0x9a,
    0x86, 0x9a, 0x46, 0x9a, 0x45, 0x9a, 0x45, 0x92, 0x25, 0x92, 0x45, 0x92,
    0x25, 0x92, 0x46, 0x9a, 0x45, 0x9a, 0x25, 0x92, 0x25, 0x92, 0x25, 0x92,
    0x25, 0x92, 0x46, 0x92, 0x46, 0x92, 0x45, 0x92, 0x45, 0x92, 0x25, 0x8a,
    0x05, 0x8a, 0xe5, 0x81, 0xa4, 0x79, 0x83, 0x71, 0x83, 0x71, 0x83, 0x71,
    0x83, 0x71, 0x83, 0x71, 0xa3, 0x71, 0x83, 0x71, 0x83, 0x71, 0x83, 0x71,
    0x83, 0x71, 0xa4, 0x79, 0x83, 0x71, 0x83, 0x71, 0x22, 0x61, 0xa3, 0x79,
    0xc4, 0x81, 0xa3, 0x79, 0x01, 0x59, 0x63, 0x69, 0xa3, 0x79, 0x04, 0x8a,
    0xe2, 0x48, 0xc1, 0x40, 0xa1, 0x40, 0x20, 0x18, 0x00, 0x08, 0x00, 0x10,
    0x00, 0x10, 0x41, 0x20, 0xc1, 0x48, 0x82, 0x71, 0x05, 0x8a, 0xe4, 0x81,
    0xc1, 0x40, 0x20, 0x28, 0x00, 0x18, 0x00, 0x10, 0x00, 0x10, 0x01, 0x18,
    0x20, 0x20, 0x20, 0x28, 0x61, 0x30, 0xa1, 0x40, 0x22, 0x59, 0x63, 0x71,
    0xa3, 0x79, 0x01, 0x51, 0xa0, 0x40, 0xc1, 0x48, 0xc1, 0x48, 0xc1, 0x48,
    0xc1, 0x48, 0xc0, 0x48, 0xa1, 0x40, 0xc1, 0x48, 0xe1, 0x58, 0x01, 0x61,
    0x42, 0x69, 0x83, 0x71, 0x63, 0x71, 0x80, 0x40, 0x81, 0x38, 0x42, 0x71,
    0xa3, 0x81, 0x62, 0x71, 0xa4, 0x79, 0xa4, 0x69, 0x00, 0x10, 0x20, 0x10,
    0xc1, 0x48, 0x22, 0x61, 0xc4, 0x79, 0x86, 0x9a, 0xa4, 0x69, 0xc1, 0x48,
    0x63, 0x69, 0x66, 0x9a, 0x08, 0xbb, 0x66, 0x9a, 0x83, 0x71, 0x63, 0x69,
    0x23, 0x51, 0x81, 0x18, 0xa2, 0x10, 0x81, 0x18, 0x82, 0x10, 0xa1, 0x10,
    0x81, 0x18, 0xa2, 0x10, 0xa2, 0x18, 0x82, 0x10, 0xa1, 0x18, 0xa2, 0x18,
    0x82, 0x10, 0xa1, 0x18, 0xa2, 0x10, 0x82, 0x10, 0xa1, 0x10, 0x82, 0x10,
    0xa2, 0x10, 0x81, 0x10, 0x81, 0x10, 0x82, 0x10, 0xa1, 0x18, 0x81, 0x10,
    0xa2, 0x18, 0xa2, 0x18, 0xa2, 0x18, 0xa3, 0x18, 0xa2, 0x10, 0xa2, 0x18,
    0xa2, 0x18, 0xa2, 0x18, 0xa2, 0x10, 0xa2, 0x18, 0xa2, 0x18, 0xa2, 0x18,
    0xa2, 0x10, 0x82, 0x18, 0x81, 0x18, 0xa2, 0x10, 0xa2, 0x18, 0xa2, 0x18,
    0x82, 0x18, 0xa1, 0x18, 0x82, 0x18, 0xa2, 0x18, 0xa2, 0x18, 0xa2, 0x20,
    0x87, 0x92, 0x8a, 0xcb, 0xec, 0xd3, 0x26, 0x82, 0xe7, 0x20, 0x09, 0x21,
    0xe9, 0x20, 0x09, 0x21, 0x2a, 0x29, 0x2a, 0x29, 0x2a, 0x29, 0xc6, 0x28,
    0xe5, 0x79, 0x46, 0x92, 0x05, 0x8a, 0xa4, 0x79, 0xa4, 0x79, 0xc4, 0x79,
    0x05, 0x8a, 0xa7, 0xaa, 0x49, 0xc3, 0xeb, 0xdb, 0x8a, 0xd3, 0xc8, 0xb2,
    0xa4, 0x79, 0x22, 0x61, 0xe1, 0x58, 0xc1, 0x50, 0xc1, 0x50, 0xe2, 0x58,
    0x02, 0x59, 0x23, 0x61, 0x43, 0x61, 0x22, 0x61, 0x22, 0x61, 0x42, 0x61,
    0x22, 0x61, 0x22, 0x61, 0x02, 0x59, 0x22, 0x59, 0x22, 0x59, 0x43, 0x69,
    0x83, 0x71, 0xa4, 0x79, 0xe4, 0x89, 0xc4, 0x81, 0xc4, 0x81, 0x63, 0x71,
    0x22, 0x59, 0xa1, 0x48, 0xc1, 0x48, 0x83, 0x71, 0x25, 0x92, 0x66, 0xa2,
    0x46, 0x9a, 0xe4, 0x89, 0x22, 0x61, 0xe4, 0x81, 0x46, 0x9a, 0xe5, 0x89,
    0x42, 0x61, 0x45, 0x92, 0x86, 0xaa, 0x48, 0xc3, 0xa8, 0xd3, 0xa5, 0xa2,
    0xe3, 0x81, 0x62, 0x61, 0x00, 0x18, 0x81, 0x38, 0x22, 0x61, 0x83, 0x71,
    0x42, 0x61, 0xc1, 0x50, 0xe1, 0x50, 0x22, 0x61, 0x83, 0x71, 0x05, 0x8a,
    0x25, 0x92, 0x46, 0x9a, 0x26, 0x92, 0x05, 0x92, 0xc4, 0x81, 0x83, 0x71,
    0x63, 0x71, 0x63, 0x71, 0x83, 0x79, 0xa3, 0x79, 0xc4, 0x81, 0x04, 0x8a,
    0x05, 0x92, 0x05, 0x92, 0x25, 0x92, 0x25, 0x92, 0x25, 0x8a, 0xe4, 0x89,
    0xe4, 0x89, 0xe4, 0x89, 0xe4, 0x81, 0xe4, 0x81, 0xc4, 0x81, 0xc4, 0x81,
    0xe4, 0x89, 0x04, 0x8a, 0xe4, 0x81, 0xe4, 0x81, 0x05, 0x8a, 0xe4, 0x89,
    0xe4, 0x81, 0xe4, 0x89, 0xe4, 0x81, 0xe4, 0x81, 0xc4, 0x81, 0xc4, 0x81,
    0xc4, 0x79, 0xc4, 0x79, 0xa4, 0x71, 0x83, 0x71, 0x83, 0x69, 0x63, 0x69,
    0x42, 0x61, 0x42, 0x61, 0x83, 0x69, 0x63, 0x71, 0x83, 0x71, 0x62, 0x71,
    0x63, 0x71, 0x22, 0x61, 0x22, 0x61, 0xa3, 0x79, 0xe4, 0x89, 0x83, 0x69,
    0xa1, 0x40, 0xe1, 0x48, 0x40, 0x30, 0x00, 0x08, 0x00, 0x08, 0x00, 0x10,
    0x00, 0x10, 0x41, 0x28, 0xe1, 0x48, 0x62, 0x71, 0x05, 0x8a, 0xc4, 0x79,
    0xa1, 0x40, 0x20, 0x28, 0x00, 0x18, 0x00, 0x10, 0x00, 0x10, 0x00, 0x18,
    0x20, 0x20, 0x40, 0x30, 0x61, 0x38, 0xc1, 0x48, 0x42, 0x61, 0x83, 0x71,
    0x83, 0x71, 0xe1, 0x50, 0x80, 0x40, 0xc1, 0x48, 0xc1, 0x48, 0xe1, 0x48,
    0xc1, 0x48, 0xc1, 0x48, 0xc0, 0x48, 0xe1, 0x50, 0x01, 0x59, 0x01, 0x61,
    0x42, 0x69, 0xa4, 0x79, 0x63, 0x69, 0x80, 0x38, 0xa1, 0x38, 0x62, 0x71,
    0xa4, 0x81, 0x82, 0x79, 0xc4, 0x79, 0xa4, 0x71, 0x00, 0x10, 0x20, 0x10,
    0x22, 0x59, 0x63, 0x69, 0x25, 0x8a, 0x46, 0x92, 0x61, 0x38, 0x42, 0x61,
    0xc4, 0x81, 0xc7, 0xaa, 0x08, 0xb3, 0xe4, 0x81, 0x22, 0x61, 0x42, 0x61,
    0x83, 0x69, 0x81, 0x18, 0x82, 0x18, 0x81, 0x18, 0xa1, 0x10, 0x82, 0x18,
    0x81, 0x18, 0x81, 0x10, 0x81, 0x18, 0x82, 0x10, 0x81, 0x10, 0xa2, 0x18,
    0x82, 0x10, 0x81, 0x18, 0x82, 0x18, 0xa1, 0x10, 0xa1, 0x18, 0x82, 0x18,
    0x82, 0x18, 0x82, 0x10, 0x81, 0x10, 0x81, 0x18, 0x82, 0x10, 0xa2, 0x10,
    0xa2, 0x18, 0xa2, 0x10, 0xa2, 0x18, 0xa2, 0x18, 0xa2, 0x18, 0xa2, 0x18,
    0xa2, 0x18, 0xa2, 0x10, 0xa2, 0x18, 0xa2, 0x18, 0xa2, 0x18, 0xa2, 0x10,
    0xa1, 0x18, 0xa2, 0x18, 0xa2, 0x10, 0xa2, 0x18, 0xa2, 0x18, 0xa2, 0x18,
    0xa2, 0x18, 0xa2, 0x18, 0xa2, 0x18, 0xa2, 0x18, 0xa2, 0x20, 0x05, 0x6a,
    0x8a, 0xc3, 0xec, 0xd3, 0xc8, 0xa2, 0xc7, 0x20, 0x86, 0x18, 0xa7, 0x10,
    0xe9, 0x18, 0x09, 0x21, 0x2a, 0x21, 0x4a, 0x29, 0xe8, 0x20, 0x26, 0x8a,
    0xe8, 0xb2, 0xc8, 0xaa, 0x67, 0x9a, 0x05, 0x8a, 0xa4, 0x79, 0x63, 0x71,
    0xa4, 0x79, 0xe5, 0x89, 0xa7, 0xaa, 0x8a, 0xd3, 0xec, 0xdb, 0x49, 0xc3,
    0x66, 0x9a, 0x43, 0x69, 0x02, 0x61, 0xc1, 0x50, 0xc1, 0x48, 0xe2, 0x50,
    0x02, 0x59, 0x22, 0x61, 0x22, 0x61, 0x43, 0x69, 0x22, 0x61, 0x43, 0x69,
    0x23, 0x61, 0x22, 0x59, 0x02, 0x59, 0x02, 0x59, 0x02, 0x59, 0x42, 0x61,
    0x63, 0x71, 0xa3, 0x79, 0xc4, 0x81, 0xe5, 0x89, 0xe4, 0x81, 0xa4, 0x79,
    0x63, 0x69, 0xc1, 0x48, 0xa1, 0x48, 0x22, 0x61, 0xc4, 0x81, 0x46, 0x9a,
    0x66, 0x9a, 0x45, 0x92, 0xc4, 0x81, 0xe1, 0x50, 0xe5, 0x81, 0x66, 0x9a,
    0xe4, 0x89, 0x02, 0x61, 0x25, 0x92, 0xc6, 0xb2, 0x2a, 0xe4, 0x26, 0xc3,
    0xe3, 0x81, 0x42, 0x61, 0x00, 0x10, 0x61, 0x30, 0x42, 0x61, 0xc4, 0x81,
    0xe5, 0x81, 0x83, 0x69, 0x02, 0x59, 0xc1, 0x48, 0xc1, 0x48, 0x02, 0x59,
    0x63, 0x71, 0xe4, 0x81, 0x05, 0x8a, 0x05, 0x8a, 0x46, 0x9a, 0x45, 0x92,
    0x05, 0x8a, 0xe5, 0x89, 0xa3, 0x79, 0x83, 0x71, 0x63, 0x71, 0x83, 0x71,
    0xa3, 0x79, 0xa3, 0x79, 0xe4, 0x81, 0xe4, 0x81, 0x04, 0x8a, 0xe4, 0x89,
    0x05, 0x8a, 0xe4, 0x81, 0xc4, 0x81, 0xa4, 0x81, 0xa3, 0x79, 0x63, 0x71,
    0x62, 0x71, 0x63, 0x71, 0x63, 0x71, 0x63, 0x69, 0x42, 0x69, 0x63, 0x71,
    0x83, 0x71, 0x83, 0x71, 0x63, 0x71, 0x63, 0x69, 0x42, 0x69, 0x43, 0x69,
    0x42, 0x61, 0x63, 0x69, 0x62, 0x69, 0x42, 0x61, 0x42, 0x61, 0x42, 0x61,
    0x22, 0x61, 0x22, 0x59, 0xe1, 0x58, 0xe1, 0x58, 0x01, 0x59, 0x62, 0x69,
    0x04, 0x8a, 0x42, 0x69, 0x83, 0x71, 0xc4, 0x81, 0xe4, 0x81, 0xa1, 0x40,
    0x02, 0x51, 0xe1, 0x48, 0x20, 0x18, 0x00, 0x08, 0x00, 0x08, 0x00, 0x10,
    0x00, 0x18, 0x61, 0x30, 0xe1, 0x50, 0x83, 0x71, 0x05, 0x92, 0xa3, 0x79,
    0xc1, 0x40, 0x40, 0x28, 0x00, 0x18, 0x20, 0x10, 0x00, 0x10, 0x00, 0x18,
    0x20, 0x28, 0x61, 0x30, 0x80, 0x38, 0xe1, 0x50, 0x42, 0x61, 0x83, 0x71,
    0xa3, 0x79, 0xe1, 0x48, 0x81, 0x38, 0xa1, 0x40, 0xe1, 0x48, 0xe1, 0x50,
    0xc1, 0x48, 0xa1, 0x40, 0xc1, 0x48, 0x01, 0x59, 0x01, 0x61, 0x21, 0x61,
    0x62, 0x69, 0xa3, 0x79, 0x42, 0x69, 0x80, 0x38, 0x81, 0x38, 0x83, 0x79,
    0xc4, 0x81, 0xa3, 0x79, 0xc4, 0x81, 0xa4, 0x71, 0x00, 0x10, 0x40, 0x20,
    0x42, 0x61, 0xa4, 0x79, 0x46, 0x92, 0x44, 0x59, 0x42, 0x61, 0x83, 0x71,
    0x05, 0x8a, 0x08, 0xbb, 0x45, 0x92, 0x42, 0x69, 0x01, 0x59, 0x22, 0x61,
    0xa4, 0x71, 0x02, 0x41, 0xa1, 0x18, 0x82, 0x10, 0x81, 0x10, 0x82, 0x10,
    0x82, 0x10, 0x81, 0x10, 0x82, 0x18, 0x82, 0x10, 0x82, 0x18, 0x81, 0x10,
    0x82, 0x10, 0x81, 0x10, 0xa1, 0x18, 0x82, 0x10, 0x81, 0x10, 0x81, 0x18,
    0x82, 0x10, 0xa1, 0x10, 0x81, 0x18, 0x82, 0x10, 0x82, 0x10, 0x82, 0x10,
    0xa2, 0x18, 0xa2, 0x18, 0xa2, 0x10, 0xa2, 0x18, 0xa2, 0x18, 0xa2, 0x18,
    0xa2, 0x18, 0xa2, 0x18, 0xa2, 0x18, 0xa2, 0x10, 0x82, 0x10, 0xa2, 0x18,
    0xa2, 0x18, 0x82, 0x10, 0x82, 0x18, 0xa2, 0x18, 0xa2, 0x18, 0xa2, 0x18,
    0xa2, 0x18, 0xa2, 0x18, 0xa2, 0x18, 0xa2, 0x20, 0x03, 0x31, 0x49, 0xbb,
    0xcc, 0xd3, 0x8b, 0xcb, 0x06, 0x39, 0xe8, 0x20, 0xc7, 0x18, 0xa7, 0x10,
    0xe8, 0x20, 0xe9, 0x20, 0x09, 0x21, 0x29, 0x29, 0xe5, 0x71, 0x08, 0xbb,
    0x09, 0xbb, 0xe8, 0xb2, 0xc8, 0xaa, 0x67, 0xa2, 0x05, 0x8a, 0x83, 0x71,
    0x43, 0x69, 0x63, 0x69, 0xe4, 0x81, 0xc8, 0xb2, 0xcb, 0xdb, 0xeb, 0xdb,
    0xc8, 0xb2, 0xa4, 0x79, 0x43, 0x69, 0x02, 0x59, 0xc1, 0x50, 0xe1, 0x50,
    0x02, 0x59, 0x02, 0x59, 0x22, 0x61, 0x43, 0x61, 0x43, 0x69, 0x23, 0x61,
    0x22, 0x61, 0x02, 0x59, 0x22, 0x61, 0x02, 0x59, 0x02, 0x59, 0x22, 0x61,
    0x43, 0x69, 0x83, 0x79, 0xc4, 0x81, 0xe4, 0x89, 0xc4, 0x81, 0xa4, 0x81,
    0x63, 0x71, 0x02, 0x51, 0x80, 0x40, 0xc1, 0x48, 0x63, 0x71, 0x04, 0x8a,
    0x45, 0x9a, 0x46, 0x9a, 0x25, 0x92, 0x84, 0x79, 0xc1, 0x50, 0xa4, 0x79,
    0x66, 0x9a, 0x25, 0x92, 0xa3, 0x79, 0xa3, 0x81, 0x47, 0xc3, 0x88, 0xcb,
    0x64, 0xa2, 0xa2, 0x71, 0x00, 0x18, 0x20, 0x18, 0x02, 0x51, 0xc4, 0x81,
    0x25, 0x92, 0x46, 0x9a, 0x05, 0x82, 0x83, 0x69, 0xe1, 0x50, 0xa0, 0x40,
    0x81, 0x38, 0xc1, 0x48, 0x01, 0x59, 0x62, 0x69, 0xc4, 0x81, 0xe4, 0x89,
    0x05, 0x8a, 0x05, 0x92, 0x45, 0x92, 0x05, 0x92, 0xe5, 0x89, 0xa3, 0x79,
    0x83, 0x71, 0x83, 0x71, 0x63, 0x71, 0x83, 0x79, 0xc4, 0x81, 0xe4, 0x89,
    0x05, 0x8a, 0x05, 0x8a, 0x05, 0x8a, 0x05, 0x8a, 0xe4, 0x89, 0xe4, 0x81,
    0xa4, 0x79, 0xa3, 0x79, 0x63, 0x71, 0x63, 0x69, 0x42, 0x69, 0x42, 0x69,
    0x43, 0x69, 0x02, 0x61, 0x02, 0x61, 0x22, 0x61, 0x22, 0x61, 0x02, 0x59,
    0x22, 0x61, 0x42, 0x61, 0x22, 0x61, 0x43, 0x61, 0x22, 0x61, 0x22, 0x61,
    0x22, 0x61, 0x02, 0x59, 0x01, 0x59, 0x01, 0x59, 0x42, 0x61, 0x82, 0x71,
    0x24, 0x8a, 0x42, 0x69, 0xa3, 0x79, 0x05, 0x8a, 0x03, 0x51, 0xc1, 0x48,
    0x22, 0x59, 0x81, 0x38, 0x20, 0x20, 0x00, 0x08, 0x00, 0x08, 0x00, 0x18,
    0x00, 0x18, 0x61, 0x30, 0x02, 0x59, 0xa3, 0x79, 0x25, 0x92, 0xa3, 0x79,
    0xa1, 0x40, 0x20, 0x28, 0x00, 0x18, 0x00, 0x10, 0x01, 0x10, 0x00, 0x20,
    0x20, 0x28, 0x61, 0x30, 0x80, 0x38, 0x02, 0x51, 0x42, 0x69, 0x83, 0x71,
    0xa4, 0x79, 0xc1, 0x48, 0x80, 0x38, 0xa1, 0x40, 0xe1, 0x50, 0xe1, 0x50,
    0xc1, 0x48, 0xa1, 0x40, 0xc1, 0x48, 0x01, 0x61, 0x22, 0x61, 0x21, 0x61,
    0x83, 0x79, 0xa3, 0x79, 0x63, 0x69, 0x60, 0x38, 0x81, 0x38, 0x62, 0x71,
    0xe4, 0x89, 0x83, 0x79, 0xc4, 0x81, 0xc4, 0x71, 0x00, 0x10, 0x81, 0x38,
    0x42, 0x69, 0x05, 0x8a, 0x05, 0x82, 0x43, 0x61, 0xa4, 0x79, 0xa3, 0x79,
    0x66, 0x9a, 0xe8, 0xb2, 0x83, 0x71, 0xe1, 0x50, 0x01, 0x59, 0x43, 0x61,
    0xa4, 0x79, 0x84, 0x61, 0xa2, 0x18, 0x81, 0x18, 0xa2, 0x10, 0xa2, 0x18,
    0x81, 0x10, 0xa2, 0x10, 0xa2, 0x18, 0x81, 0x10, 0xa2, 0x10, 0x82, 0x10,
    0x81, 0x10, 0xa2, 0x18, 0xa2, 0x10, 0x82, 0x10, 0x82, 0x10, 0x81, 0x10,
    0x81, 0x10, 0x81, 0x18, 0xa2, 0x10, 0x81, 0x10, 0x81, 0x10, 0x81, 0x18,
    0xa2, 0x18, 0xa2, 0x18, 0xa2, 0x18, 0xa2, 0x18, 0xa2, 0x10, 0xa2, 0x18,
    0xa2, 0x18, 0xa2, 0x18, 0xa2, 0x10, 0xa2, 0x18, 0xa2, 0x18, 0xa2, 0x18,
    0xa2, 0x18, 0x82, 0x10, 0xa2, 0x18, 0xa2, 0x18, 0xa2, 0x10, 0xa2, 0x18,
    0xa2, 0x18, 0xa2, 0x18, 0xa2, 0x18, 0xc2, 0x20, 0xc8, 0x9a, 0xab, 0xd3,
    0xec, 0xd3, 0x06, 0x7a, 0xe7, 0x20, 0xc7, 0x18, 0xc8, 0x20, 0xc7, 0x18,
    0xc8, 0x18, 0xe8, 0x20, 0xc7, 0x20, 0x64, 0x59, 0xc8, 0xaa, 0x29, 0xbb,
    0x29, 0xbb, 0x09, 0xbb, 0xe8, 0xb2, 0xa7, 0xaa, 0x87, 0xa2, 0x05, 0x8a,
    0x63, 0x69, 0x22, 0x61, 0x43, 0x69, 0xe4, 0x81, 0x29, 0xc3, 0x4d, 0xe4,
    0x29, 0xc3, 0x05, 0x92, 0x42, 0x69, 0x42, 0x69, 0xe1, 0x50, 0xc1, 0x50,
    0xe1, 0x50, 0x02, 0x59, 0x22, 0x61, 0x22, 0x61, 0x42, 0x61, 0x23, 0x61,
    0x42, 0x61, 0x22, 0x61, 0x02, 0x59, 0x02, 0x59, 0x02, 0x59, 0x02, 0x59,
    0x42, 0x69, 0x63, 0x71, 0xc4, 0x81, 0xc4, 0x81, 0xe5, 0x81, 0xc4, 0x81,
    0x83, 0x79, 0x43, 0x61, 0xc1, 0x48, 0x81, 0x40, 0xe1, 0x50, 0xc3, 0x81,
    0x05, 0x92, 0x25, 0x9a, 0x46, 0x9a, 0x25, 0x92, 0x83, 0x71, 0x02, 0x59,
    0x42, 0x61, 0x25, 0x92, 0x66, 0x9a, 0x04, 0x92, 0x09, 0xe4, 0xe9, 0xdb,
    0xa5, 0xaa, 0xe3, 0x89, 0xa0, 0x40, 0x00, 0x18, 0x40, 0x30, 0x42, 0x69,
    0xe4, 0x89, 0x66, 0x9a, 0x87, 0xa2, 0x66, 0x9a, 0xc4, 0x81, 0x83, 0x71,
    0x22, 0x59, 0x60, 0x38, 0x20, 0x28, 0x40, 0x28, 0x81, 0x38, 0xc1, 0x48,
    0x22, 0x59, 0x42, 0x69, 0x83, 0x71, 0xa3, 0x79, 0xc4, 0x81, 0x05, 0x8a,
    0x05, 0x8a, 0xe4, 0x81, 0x83, 0x71, 0x83, 0x71, 0x63, 0x71, 0x83, 0x79,
    0x83, 0x79, 0xc4, 0x81, 0xe4, 0x89, 0x05, 0x8a, 0xe4, 0x89, 0xe5, 0x89,
    0xe4, 0x81, 0xe4, 0x81, 0xc4, 0x81, 0xa3, 0x79, 0xa3, 0x79, 0x83, 0x71,
    0x62, 0x69, 0x22, 0x69, 0x42, 0x61, 0x22, 0x61, 0x01, 0x59, 0x01, 0x59,
    0x01, 0x59, 0x02, 0x59, 0xe1, 0x58, 0xe1, 0x50, 0xe1, 0x50, 0xe1, 0x58,
    0x42, 0x61, 0x22, 0x61, 0xa1, 0x48, 0x62, 0x61, 0x82, 0x71, 0x44, 0x92,
    0xe6, 0xaa, 0x83, 0x79, 0x05, 0x82, 0x84, 0x69, 0x80, 0x40, 0x22, 0x59,
    0x02, 0x51, 0x20, 0x28, 0x20, 0x18, 0x00, 0x08, 0x00, 0x10, 0x00, 0x20,
    0x20, 0x20, 0x81, 0x30, 0x02, 0x59, 0xa3, 0x79, 0x45, 0x92, 0xa3, 0x79,
    0xa1, 0x38, 0x20, 0x20, 0x00, 0x10, 0x00, 0x08, 0x00, 0x18, 0x20, 0x20,
    0x20, 0x28, 0x60, 0x30, 0xa1, 0x40, 0x02, 0x59, 0x63, 0x69, 0xa3, 0x79,
    0xa4, 0x79, 0xc1, 0x48, 0x80, 0x38, 0xa1, 0x40, 0xc1, 0x48, 0xe1, 0x50,
    0xc1, 0x48, 0xa0, 0x40, 0xc1, 0x50, 0x22, 0x61, 0x22, 0x69, 0x62, 0x71,
    0xa3, 0x79, 0xa4, 0x79, 0x62, 0x71, 0x61, 0x38, 0x80, 0x38, 0x82, 0x71,
    0xe4, 0x91, 0xa3, 0x81, 0xe4, 0x89, 0xa4, 0x71, 0x20, 0x10, 0xa1, 0x40,
    0x83, 0x71, 0x05, 0x8a, 0x43, 0x59, 0xc4, 0x81, 0x83, 0x79, 0xc4, 0x81,
    0xc7, 0xaa, 0x05, 0x8a, 0xe1, 0x50, 0xc1, 0x50, 0x01, 0x59, 0x83, 0x71,
    0xe4, 0x81, 0xe5, 0x79, 0x81, 0x18, 0x81, 0x18, 0x81, 0x10, 0x81, 0x18,
    0x81, 0x10, 0x82, 0x18, 0x82, 0x10, 0x81, 0x10, 0xa2, 0x18, 0xa1, 0x18,
    0x81, 0x10, 0xa2, 0x10, 0x81, 0x18, 0x81, 0x10, 0x82, 0x18, 0xa2, 0x10,
    0x82, 0x10, 0x82, 0x10, 0x82, 0x10, 0x81, 0x10, 0x82, 0x18, 0xa2, 0x10,
    0xa2, 0x18, 0xa2, 0x18, 0xa2, 0x18, 0xa2, 0x18, 0xa2, 0x18, 0xa2, 0x10,
    0xa2, 0x10, 0xa2, 0x18, 0x82, 0x18, 0xa2, 0x18, 0xa2, 0x18, 0xa2, 0x18,
    0xa2, 0x10, 0xa2, 0x18, 0xa1, 0x18, 0xa2, 0x18, 0xa2, 0x10, 0xa2, 0x18,
    0xa2, 0x18, 0xa2, 0x18, 0xc2, 0x20, 0x47, 0x82, 0xab, 0xcb, 0xec, 0xd3,
    0x4a, 0xbb, 0xe7, 0x30, 0xe8, 0x20, 0xe8, 0x20, 0xe8, 0x20, 0xc8, 0x18,
    0xa7, 0x18, 0xe7, 0x20, 0xa5, 0x69, 0xc8, 0xaa, 0xe8, 0xb2, 0xe8, 0xb2,
    0x08, 0xbb, 0x29, 0xbb, 0x29, 0xbb, 0xc8, 0xaa, 0xc8, 0xaa, 0x66, 0x9a,
    0xe5, 0x81, 0x02, 0x59, 0xe1, 0x50, 0x42, 0x61, 0x46, 0x9a, 0x0c, 0xdc,
    0xaa, 0xd3, 0x67, 0xa2, 0x83, 0x71, 0x43, 0x71, 0x02, 0x59, 0xc1, 0x50,
    0xe1, 0x50, 0x02, 0x59, 0x02, 0x59, 0x22, 0x61, 0x22, 0x61, 0x43, 0x61,
    0x22, 0x61, 0x43, 0x61, 0x22, 0x59, 0x02, 0x59, 0x02, 0x59, 0x02, 0x59,
    0x43, 0x69, 0x63, 0x69, 0xa3, 0x79, 0xc4, 0x81, 0xe5, 0x89, 0xc4, 0x81,
    0xc4, 0x81, 0x63, 0x69, 0xe2, 0x50, 0x80, 0x40, 0xa1, 0x40, 0x42, 0x61,
    0xc3, 0x81, 0x25, 0x92, 0x66, 0x9a, 0x86, 0xa2, 0x45, 0x9a, 0xa3, 0x79,
    0xe1, 0x50, 0xc1, 0x50, 0xc4, 0x81, 0x45, 0x9a, 0xc9, 0xd3, 0x0a, 0xe4,
    0xe5, 0xb2, 0x44, 0x92, 0x04, 0x8a, 0xa1, 0x40, 0x00, 0x20, 0x81, 0x38,
    0x62, 0x69, 0x04, 0x8a, 0x46, 0x9a, 0x66, 0xa2, 0x86, 0x9a, 0x46, 0x92,
    0xe5, 0x89, 0x83, 0x71, 0x22, 0x59, 0xc2, 0x48, 0x40, 0x28, 0x00, 0x20,
    0x00, 0x18, 0x40, 0x28, 0x61, 0x30, 0xa1, 0x38, 0xe1, 0x50, 0x42, 0x61,
    0x83, 0x71, 0xe4, 0x81, 0xe4, 0x81, 0xe4, 0x81, 0xc4, 0x79, 0xa4, 0x79,
    0x83, 0x79, 0x82, 0x71, 0x83, 0x71, 0x83, 0x79, 0xc4, 0x81, 0xe4, 0x81,
    0xe4, 0x81, 0xe4, 0x81, 0xc4, 0x79, 0xa4, 0x79, 0xa4, 0x79, 0xa3, 0x79,
    0xa3, 0x79, 0x83, 0x71, 0xa3, 0x79, 0x62, 0x71, 0x63, 0x69, 0x42, 0x69,
    0x22, 0x61, 0x22, 0x61, 0xe1, 0x50, 0x60, 0x38, 0x40, 0x38, 0x01, 0x51,
    0x42, 0x61, 0x42, 0x69, 0x01, 0x59, 0xc1, 0x50, 0xe3, 0x81, 0xa5, 0xa2,
    0xc6, 0xa2, 0xe4, 0x81, 0x84, 0x71, 0xa1, 0x40, 0x22, 0x59, 0x42, 0x61,
    0xa1, 0x40, 0x40, 0x28, 0x00, 0x18, 0x01, 0x10, 0x00, 0x18, 0x00, 0x20,
    0x20, 0x20, 0xa1, 0x40, 0x22, 0x59, 0xc4, 0x81, 0x25, 0x92, 0x83, 0x71,
    0x81, 0x38, 0x20, 0x20, 0x00, 0x10, 0x00, 0x10, 0x00, 0x10, 0x20, 0x20,
    0x41, 0x30, 0x81, 0x38, 0xc1, 0x48, 0x22, 0x61, 0x62, 0x69, 0xc3, 0x81,
    0xa4, 0x79, 0xa1, 0x40, 0x60, 0x30, 0xa1, 0x40, 0xe1, 0x48, 0xe2, 0x48,
    0xa1, 0x40, 0xa0, 0x40, 0xe1, 0x58, 0x42, 0x69, 0x62, 0x71, 0xa3, 0x79,
    0xa3, 0x79, 0xc4, 0x81, 0x63, 0x71, 0x80, 0x38, 0x60, 0x30, 0x83, 0x79,
    0x04, 0x92, 0xc3, 0x89, 0xe4, 0x89, 0xc4, 0x79, 0x00, 0x10, 0xe1, 0x48,
    0xa4, 0x79, 0x43, 0x61, 0xa3, 0x71, 0xa4, 0x81, 0xa3, 0x79, 0x45, 0x9a,
    0xc7, 0xaa, 0x22, 0x61, 0xc0, 0x48, 0xc1, 0x48, 0x43, 0x69, 0xc4, 0x81,
    0x04, 0x8a, 0x25, 0x8a, 0xa2, 0x20, 0x82, 0x18, 0x81, 0x18, 0x82, 0x10,
    0xa2, 0x10, 0xa2, 0x10, 0x81, 0x10, 0x81, 0x10, 0x82, 0x18, 0xa2, 0x10,
    0x82, 0x10, 0x81, 0x10, 0x81, 0x18, 0x82, 0x10, 0xa2, 0x18, 0x81, 0x10,
    0x82, 0x18, 0x81, 0x10, 0xa2, 0x18, 0x82, 0x10, 0x81, 0x10, 0x81, 0x10,
    0xa2, 0x18, 0xa2, 0x10, 0xa2, 0x10, 0xa2, 0x18, 0xa2, 0x18, 0xa2, 0x18,
    0xa2, 0x18, 0xa2, 0x18, 0xa2, 0x10, 0xa2, 0x18, 0xa2, 0x18, 0xa2, 0x10,
    0xa2, 0x18, 0xa2, 0x18, 0xa2, 0x18, 0xa1, 0x18, 0xa2, 0x18, 0xa2, 0x18,
    0xa2, 0x18, 0xa2, 0x20, 0x46, 0x82, 0x8a, 0xcb, 0xab, 0xd3, 0xec, 0xdb,
    0x47, 0x8a, 0x08, 0x29, 0xe8, 0x20, 0xe9, 0x20, 0x29, 0x21, 0x29, 0x29,
    0xc6, 0x20, 0xe5, 0x79, 0xa7, 0xa2, 0xc8, 0xaa, 0xe8, 0xb2, 0xc7, 0xaa,
    0xc7, 0xaa, 0xe8, 0xb2, 0x08, 0xbb, 0x08, 0xbb, 0xe8, 0xb2, 0x87, 0xa2,
    0x46, 0x92, 0xa4, 0x79, 0xe1, 0x50, 0xc1, 0x48, 0x83, 0x71, 0xe8, 0xb2,
    0xec, 0xdb, 0xe8, 0xb2, 0xc4, 0x81, 0x63, 0x71, 0x22, 0x69, 0xe1, 0x50,
    0xe1, 0x50, 0xe2, 0x50, 0x02, 0x59, 0x22, 0x61, 0x22, 0x61, 0x23, 0x61,
    0x22, 0x61, 0x43, 0x61, 0x22, 0x61, 0x02, 0x59, 0x02, 0x59, 0x02, 0x59,
    0x22, 0x61, 0x63, 0x69, 0xa4, 0x79, 0xa4, 0x81, 0xe4, 0x89, 0xe4, 0x81,
    0xc4, 0x81, 0x83, 0x71, 0x02, 0x59, 0xa1, 0x40, 0x80, 0x40, 0xe2, 0x50,
    0x63, 0x71, 0x04, 0x8a, 0x66, 0x9a, 0x66, 0xa2, 0x66, 0xa2, 0x05, 0x8a,
    0xc4, 0x81, 0x02, 0x59, 0x80, 0x40, 0xa2, 0x79, 0x26, 0xbb, 0xa8, 0xd3,
    0x67, 0xc3, 0xc3, 0x81, 0xc3, 0x81, 0x05, 0x8a, 0x42, 0x61, 0x20, 0x28,
    0xa1, 0x40, 0x83, 0x71, 0x05, 0x92, 0x25, 0x92, 0x66, 0x9a, 0xa7, 0xa2,
    0x87, 0xa2, 0x46, 0x92, 0x05, 0x8a, 0xc4, 0x81, 0x83, 0x71, 0x22, 0x59,
    0xe2, 0x50, 0x61, 0x30, 0x00, 0x18, 0x00, 0x10, 0x00, 0x10, 0x40, 0x20,
    0xa1, 0x38, 0xe2, 0x48, 0x22, 0x61, 0x83, 0x71, 0x83, 0x71, 0xc4, 0x79,
    0xe4, 0x81, 0xc4, 0x79, 0xc4, 0x79, 0xc4, 0x81, 0xa3, 0x79, 0x83, 0x71,
    0x83, 0x71, 0x83, 0x71, 0x83, 0x71, 0x83, 0x71, 0x83, 0x71, 0x62, 0x71,
    0x83, 0x71, 0x83, 0x71, 0x42, 0x69, 0x22, 0x69, 0x42, 0x69, 0x22, 0x61,
    0xe1, 0x58, 0x81, 0x40, 0x20, 0x20, 0x00, 0x18, 0xa1, 0x40, 0x22, 0x61,
    0x63, 0x69, 0x42, 0x69, 0x42, 0x69, 0xe3, 0x81, 0xa5, 0x9a, 0x84, 0x9a,
    0xc5, 0xa2, 0x83, 0x71, 0xc1, 0x48, 0x22, 0x61, 0x63, 0x69, 0x02, 0x59,
    0x81, 0x30, 0x20, 0x28, 0x00, 0x18, 0x00, 0x18, 0x20, 0x20, 0x20, 0x20,
    0x20, 0x28, 0xa1, 0x40, 0x42, 0x61, 0xc4, 0x81, 0x45, 0x92, 0x83, 0x71,
    0x81, 0x38, 0x20, 0x20, 0x00, 0x10, 0x00, 0x10, 0x00, 0x18, 0x20, 0x28,
    0x61, 0x30, 0x80, 0x38, 0xc1, 0x48, 0x42, 0x69, 0x83, 0x71, 0xc3, 0x81,
    0xa3, 0x79, 0xa1, 0x40, 0x40, 0x30, 0xa1, 0x40, 0xe1, 0x48, 0xc1, 0x48,
    0xa1, 0x40, 0xa0, 0x40, 0x02, 0x61, 0x62, 0x71, 0x83, 0x71, 0x83, 0x79,
    0x83, 0x79, 0xc4, 0x81, 0x83, 0x71, 0x80, 0x38, 0x80, 0x30, 0xa3, 0x81,
    0x25, 0x92, 0xe4, 0x89, 0xe4, 0x89, 0xc4, 0x79, 0x00, 0x10, 0xe1, 0x48,
    0x63, 0x69, 0xe1, 0x50, 0xe4, 0x81, 0xc4, 0x81, 0x05, 0x8a, 0xc7, 0xaa,
    0x46, 0x8a, 0xc1, 0x48, 0xc1, 0x48, 0xe1, 0x50, 0x62, 0x69, 0xc4, 0x81,
    0x25, 0x8a, 0x66, 0x9a, 0x03, 0x41, 0x82, 0x18, 0xa1, 0x18, 0x82, 0x10,
    0x81, 0x18, 0xa2, 0x18, 0x82, 0x10, 0x82, 0x10, 0x81, 0x10, 0x81, 0x18,
    0x82, 0x10, 0x82, 0x18, 0x82, 0x10, 0x82, 0x10, 0x81, 0x10, 0x81, 0x18,
    0x82, 0x10, 0xa2, 0x10, 0x82, 0x18, 0x81, 0x10, 0x82, 0x10, 0x81, 0x10,
    0xa2, 0x18, 0xa2, 0x18, 0xa2, 0x18, 0xa2, 0x10, 0x82, 0x10, 0x82, 0x18,
    0xa2, 0x18, 0xa2, 0x18, 0xa2, 0x18, 0xa2, 0x18, 0xa2, 0x18, 0xa2, 0x18,
    0xa2, 0x18, 0xa2, 0x18, 0xa2, 0x18, 0xa2, 0x18, 0xa2, 0x18, 0xc2, 0x20,
    0xc2, 0x20, 0x87, 0x92, 0x6a, 0xc3, 0x29, 0xbb, 0xc8, 0xaa, 0xc8, 0xb2,
    0x06, 0x8a, 0x67, 0x59, 0x29, 0x31, 0x6a, 0x31, 0x4a, 0x31, 0x47, 0x49,
    0xa8, 0xa2, 0xc8, 0xaa, 0x87, 0xa2, 0xa7, 0xaa, 0x87, 0xa2, 0xa7, 0xaa,
    0xa7, 0xaa, 0xa8, 0xaa, 0xe8, 0xb2, 0x08, 0xb3, 0xe8, 0xb2, 0xc8, 0xaa,
    0x87, 0xa2, 0x05, 0x8a, 0x63, 0x69, 0xa1, 0x40, 0xc1, 0x48, 0xc4, 0x81,
    0xab, 0xcb, 0x29, 0xbb, 0x25, 0x92, 0x63, 0x71, 0x43, 0x71, 0x02, 0x59,
    0xc1, 0x50, 0xe1, 0x50, 0x01, 0x51, 0x22, 0x61, 0x43, 0x61, 0x43, 0x69,
    0x42, 0x61, 0x43, 0x61, 0x23, 0x61, 0x22, 0x59, 0x02, 0x59, 0x22, 0x59,
    0x42, 0x61, 0x43, 0x69, 0x83, 0x79, 0xc4, 0x81, 0xe5, 0x89, 0xe5, 0x89,
    0xe4, 0x81, 0xa4, 0x79, 0x43, 0x61, 0xe1, 0x50, 0x81, 0x40, 0xa1, 0x48,
    0x22, 0x59, 0xa4, 0x81, 0x46, 0x9a, 0x86, 0xa2, 0x87, 0xa2, 0x87, 0xa2,
    0x45, 0x92, 0xe4, 0x81, 0x22, 0x61, 0xa1, 0x48, 0x68, 0xc3, 0xc9, 0xdb,
    0x06, 0xbb, 0x44, 0x9a, 0x45, 0x9a, 0x83, 0x79, 0xc4, 0x81, 0xa3, 0x71,
    0x81, 0x40, 0xa1, 0x48, 0x62, 0x71, 0xc3, 0x81, 0x05, 0x92, 0x45, 0x9a,
    0x86, 0xa2, 0x87, 0xa2, 0x87, 0xa2, 0x46, 0x9a, 0x25, 0x92, 0xe4, 0x81,
    0xa4, 0x79, 0x83, 0x71, 0x63, 0x69, 0x22, 0x59, 0xc1, 0x48, 0x81, 0x38,
    0x40, 0x20, 0x00, 0x10, 0x20, 0x18, 0x61, 0x30, 0xc1, 0x40, 0x02, 0x51,
    0x22, 0x61, 0x63, 0x71, 0xa4, 0x79, 0xc4, 0x79, 0xc4, 0x79, 0x63, 0x69,
    0x02, 0x59, 0xc1, 0x48, 0xa1, 0x40, 0xe1, 0x50, 0x02, 0x51, 0x22, 0x59,
    0x22, 0x61, 0x02, 0x59, 0x01, 0x59, 0x01, 0x59, 0xc1, 0x50, 0xa1, 0x48,
    0x40, 0x28, 0x00, 0x18, 0x00, 0x10, 0x20, 0x18, 0xc1, 0x40, 0x42, 0x69,
    0x63, 0x69, 0x83, 0x71, 0xa3, 0x79, 0xa2, 0x79, 0xe3, 0x89, 0xc5, 0xaa,
    0xa6, 0xa2, 0xe1, 0x50, 0x83, 0x71, 0xa3, 0x71, 0x42, 0x61, 0xa1, 0x40,
    0x81, 0x38, 0x20, 0x20, 0x00, 0x18, 0x00, 0x18, 0x20, 0x20, 0x20, 0x28,
    0x21, 0x28, 0xc1, 0x48, 0x42, 0x69, 0xe4, 0x89, 0x45, 0x92, 0x63, 0x69,
    0x61, 0x30, 0x20, 0x18, 0x00, 0x10, 0x00, 0x10, 0x20, 0x20, 0x40, 0x28,
    0x60, 0x38, 0xa1, 0x40, 0xe1, 0x50, 0x42, 0x69, 0x62, 0x71, 0xe4, 0x81,
    0xa4, 0x79, 0xa1, 0x38, 0x40, 0x30, 0xa1, 0x40, 0xc1, 0x48, 0xc1, 0x48,
    0x80, 0x38, 0xa1, 0x40, 0x22, 0x69, 0x83, 0x79, 0xa4, 0x79, 0x63, 0x71,
    0x42, 0x69, 0xc4, 0x81, 0x83, 0x79, 0x81, 0x40, 0x80, 0x38, 0xa3, 0x81,
    0x25, 0x9a, 0xe4, 0x89, 0x05, 0x8a, 0xc4, 0x79, 0x00, 0x18, 0x02, 0x51,
    0xe2, 0x48, 0x63, 0x69, 0xe4, 0x89, 0x05, 0x8a, 0x45, 0x9a, 0x08, 0xb3,
    0x22, 0x59, 0xa1, 0x40, 0xa1, 0x40, 0x01, 0x59, 0x63, 0x69, 0xe4, 0x89,
    0x45, 0x92, 0x66, 0x9a, 0xa4, 0x69, 0x81, 0x18, 0x82, 0x18, 0xa2, 0x10,
    0x81, 0x10, 0x81, 0x18, 0x82, 0x10, 0xa2, 0x18, 0xa2, 0x18, 0xa1, 0x10,
    0xa2, 0x18, 0x82, 0x10, 0xa1, 0x10, 0x82, 0x10, 0x81, 0x18, 0x82, 0x10,
    0x81, 0x10, 0x82, 0x18, 0x81, 0x10, 0x82, 0x10, 0xa1, 0x18, 0x82, 0x18,
    0xa2, 0x18, 0x82, 0x18, 0xa2, 0x18, 0xa2, 0x10, 0xa2, 0x18, 0xa2, 0x18,
    0xa2, 0x18, 0xa2, 0x18, 0xa2, 0x18, 0xa2, 0x10, 0xa2, 0x18, 0xa2, 0x18,
    0xa2, 0x18, 0xa2, 0x18, 0xa2, 0x18, 0xa2, 0x18, 0xc2, 0x18, 0xa2, 0x20,
    0x87, 0x8a, 0xab, 0xcb, 0x69, 0xc3, 0x49, 0xc3, 0x49, 0xc3, 0x69, 0xc3,
    0x6a, 0xcb, 0x29, 0xbb, 0x87, 0xa2, 0xa7, 0x71, 0x27, 0x41, 0x29, 0xb3,
    0x49, 0xc3, 0x08, 0xb3, 0x87, 0xa2, 0x67, 0xa2, 0x66, 0x9a, 0x67, 0x9a,
    0x46, 0x9a, 0x66, 0x9a, 0xc8, 0xaa, 0xe8, 0xb2, 0xe8, 0xb2, 0xc8, 0xb2,
    0xa7, 0xaa, 0x46, 0x9a, 0xc4, 0x79, 0x02, 0x59, 0x60, 0x38, 0x02, 0x51,
    0x08, 0xb3, 0x8a, 0xcb, 0x46, 0x9a, 0x63, 0x71, 0x63, 0x71, 0x22, 0x61,
    0xe1, 0x50, 0xc1, 0x50, 0xe1, 0x58, 0x22, 0x59, 0x43, 0x61, 0x22, 0x61,
    0x42, 0x69, 0x43, 0x69, 0x22, 0x61, 0x22, 0x61, 0x22, 0x61, 0x22, 0x61,
    0x22, 0x61, 0x42, 0x69, 0x83, 0x79, 0xc4, 0x81, 0xe5, 0x81, 0x05, 0x8a,
    0xc4, 0x81, 0xa4, 0x81, 0x63, 0x69, 0x02, 0x59, 0xa1, 0x40, 0xa0, 0x40,
    0xe1, 0x50, 0x63, 0x69, 0xe4, 0x89, 0x45, 0x9a, 0x87, 0xa2, 0xa7, 0xaa,
    0x66, 0xa2, 0x46, 0x9a, 0xe4, 0x81, 0x42, 0x69, 0x07, 0xb3, 0x6b, 0xec,
    0x27, 0xc3, 0x65, 0x9a, 0x65, 0x9a, 0x46, 0x9a, 0x25, 0x92, 0x42, 0x69,
    0x22, 0x61, 0xc1, 0x48, 0xa0, 0x40, 0x22, 0x61, 0x83, 0x79, 0xc4, 0x81,
    0x45, 0x92, 0x66, 0x9a, 0x86, 0xa2, 0x66, 0x9a, 0x66, 0x9a, 0x46, 0x92,
    0x46, 0x92, 0x05, 0x8a, 0xc4, 0x81, 0xa4, 0x79, 0xa4, 0x79, 0x83, 0x71,
    0x63, 0x69, 0x43, 0x69, 0x02, 0x59, 0xe1, 0x48, 0xc1, 0x40, 0xa1, 0x38,
    0xa1, 0x38, 0xa1, 0x40, 0xc1, 0x50, 0xe2, 0x50, 0xe2, 0x50, 0x81, 0x38,
    0x20, 0x18, 0x00, 0x10, 0x20, 0x18, 0x00, 0x18, 0x20, 0x20, 0x20, 0x28,
    0x40, 0x30, 0x81, 0x40, 0xc1, 0x48, 0xe1, 0x50, 0xe1, 0x48, 0xe1, 0x48,
    0x81, 0x38, 0x40, 0x28, 0x00, 0x18, 0x20, 0x18, 0xc1, 0x48, 0x42, 0x69,
    0xa4, 0x79, 0xa4, 0x79, 0xc4, 0x81, 0xc3, 0x81, 0xe5, 0xaa, 0x85, 0xa2,
    0xe6, 0xaa, 0xa3, 0x79, 0xa4, 0x79, 0x63, 0x69, 0xe1, 0x48, 0xc1, 0x48,
    0x60, 0x38, 0x20, 0x20, 0x00, 0x18, 0x20, 0x20, 0x20, 0x20, 0x20, 0x28,
    0x41, 0x30, 0x02, 0x51, 0x63, 0x69, 0x25, 0x92, 0x25, 0x92, 0x42, 0x69,
    0x61, 0x30, 0x00, 0x18, 0x00, 0x10, 0x00, 0x10, 0x20, 0x20, 0x40, 0x30,
    0x81, 0x38, 0xc1, 0x48, 0x01, 0x51, 0x62, 0x69, 0x83, 0x79, 0xe4, 0x81,
    0xa3, 0x79, 0x81, 0x40, 0x40, 0x30, 0xc1, 0x40, 0xe2, 0x48, 0xa1, 0x40,
    0x80, 0x38, 0xc1, 0x48, 0x22, 0x69, 0x83, 0x79, 0xa3, 0x79, 0x22, 0x61,
    0x01, 0x59, 0x04, 0x8a, 0xa3, 0x79, 0x81, 0x38, 0x80, 0x38, 0xc3, 0x81,
    0x45, 0x9a, 0xe4, 0x89, 0x04, 0x8a, 0xc4, 0x79, 0x20, 0x18, 0xc1, 0x48,
    0xc1, 0x40, 0xe4, 0x81, 0x04, 0x8a, 0x05, 0x8a, 0x86, 0xa2, 0x87, 0x9a,
    0xa0, 0x40, 0x60, 0x38, 0xa0, 0x40, 0x02, 0x59, 0x83, 0x71, 0x25, 0x92,
    0x46, 0x9a, 0x45, 0x92, 0x25, 0x8a, 0xe2, 0x30, 0x82, 0x18, 0x82, 0x18,
    0xa2, 0x10, 0xa2, 0x10, 0x82, 0x18, 0x81, 0x10, 0x82, 0x10, 0x82, 0x18,
    0xa1, 0x18, 0x81, 0x10, 0x81, 0x18, 0xa2, 0x18, 0x82, 0x10, 0x81, 0x10,
    0x82, 0x10, 0xa1, 0x10, 0x81, 0x10, 0x82, 0x10, 0x82, 0x10, 0x81, 0x10,
    0xa2, 0x18, 0xa2, 0x10, 0xa2, 0x10, 0xa2, 0x18, 0xa2, 0x18, 0xa2, 0x10,
    0xa2, 0x18, 0xa2, 0x18, 0xa2, 0x10, 0xa2, 0x18, 0xa2, 0x18, 0xa2, 0x18,
    0xa2, 0x18, 0xa2, 0x18, 0xa2, 0x18, 0xc2, 0x18, 0xa2, 0x20, 0xc2, 0x20,
    0x8b, 0xc3, 0xec, 0xdb, 0xcb, 0xd3, 0x49, 0xc3, 0x8a, 0xcb, 0x8a, 0xd3,
    0xcb, 0xd3, 0x8a, 0xd3, 0x6a, 0xcb, 0x08, 0xbb, 0x46, 0x92, 0x46, 0x92,
    0x49, 0xc3, 0x49, 0xc3, 0x09, 0xb3, 0xc7, 0xaa, 0x66, 0x9a, 0x05, 0x92,
    0x25, 0x92, 0x26, 0x92, 0x67, 0xa2, 0xa7, 0xaa, 0xa7, 0xaa, 0xe8, 0xb2,
    0xc8, 0xaa, 0x67, 0xa2, 0x25, 0x92, 0x63, 0x69, 0x81, 0x40, 0x40, 0x30,
    0xa4, 0x79, 0xaa, 0xd3, 0xa7, 0xaa, 0x83, 0x79, 0x63, 0x79, 0x42, 0x69,
    0xe1, 0x58, 0xe1, 0x50, 0xe2, 0x58, 0x02, 0x59, 0x42, 0x61, 0x43, 0x69,
    0x43, 0x69, 0x43, 0x69, 0x43, 0x69, 0x43, 0x69, 0x22, 0x61, 0x22, 0x61,
    0x22, 0x61, 0x63, 0x69, 0x83, 0x71, 0xc4, 0x79, 0xe4, 0x81, 0xe5, 0x89,
    0x05, 0x8a, 0xc4, 0x81, 0xa4, 0x79, 0x42, 0x61, 0xe1, 0x50, 0xa1, 0x48,
    0xc1, 0x48, 0x22, 0x59, 0xa3, 0x79, 0x25, 0x92, 0x66, 0xa2, 0x86, 0xa2,
    0x86, 0xa2, 0x66, 0xa2, 0x46, 0x9a, 0xc4, 0x81, 0x04, 0x92, 0xa8, 0xd3,
    0x87, 0xcb, 0xc6, 0xaa, 0x03, 0x8a, 0x25, 0x92, 0x25, 0x92, 0xe4, 0x89,
    0x63, 0x69, 0xa1, 0x40, 0x60, 0x30, 0x80, 0x38, 0xe1, 0x50, 0x42, 0x69,
    0x83, 0x79, 0xc4, 0x81, 0x04, 0x8a, 0x46, 0x9a, 0x66, 0x9a, 0x66, 0x9a,
    0x66, 0x9a, 0x66, 0x9a, 0x26, 0x92, 0x05, 0x8a, 0x05, 0x8a, 0xe4, 0x81,
    0xc5, 0x81, 0xc4, 0x79, 0x83, 0x71, 0x83, 0x71, 0x83, 0x71, 0x83, 0x71,
    0x63, 0x71, 0x83, 0x71, 0x83, 0x71, 0x63, 0x69, 0x63, 0x69, 0x42, 0x61,
    0x43, 0x61, 0x22, 0x59, 0x02, 0x59, 0xe2, 0x50, 0x02, 0x59, 0x22, 0x59,
    0x22, 0x59, 0x42, 0x61, 0x42, 0x69, 0x63, 0x69, 0x42, 0x61, 0x02, 0x59,
    0xa1, 0x40, 0x20, 0x20, 0x00, 0x18, 0x20, 0x28, 0xe1, 0x50, 0x83, 0x71,
    0xc4, 0x81, 0xe4, 0x81, 0x83, 0x71, 0xe3, 0x81, 0x06, 0xb3, 0x64, 0x9a,
    0xc5, 0xaa, 0x83, 0x71, 0x83, 0x71, 0x22, 0x61, 0x01, 0x51, 0xa1, 0x40,
    0x60, 0x30, 0x00, 0x20, 0x00, 0x20, 0x21, 0x28, 0x20, 0x28, 0x20, 0x28,
    0x60, 0x30, 0x22, 0x59, 0x83, 0x71, 0x25, 0x92, 0x25, 0x92, 0x42, 0x69,
    0x60, 0x30, 0x00, 0x20, 0x00, 0x10, 0x00, 0x18, 0x20, 0x20, 0x41, 0x30,
    0x81, 0x38, 0xa1, 0x48, 0x01, 0x59, 0x63, 0x71, 0x83, 0x79, 0x04, 0x8a,
    0xc4, 0x81, 0x81, 0x38, 0x40, 0x30, 0xa1, 0x38, 0xc1, 0x40, 0xa1, 0x40,
    0x80, 0x38, 0xc1, 0x50, 0x62, 0x71, 0xa3, 0x79, 0xc4, 0x81, 0x01, 0x59,
    0xc1, 0x48, 0x04, 0x8a, 0xa3, 0x79, 0x80, 0x38, 0xa1, 0x48, 0xe4, 0x89,
    0x45, 0xa2, 0x04, 0x92, 0x25, 0x92, 0xc4, 0x79, 0x00, 0x18, 0x81, 0x40,
    0x63, 0x69, 0xe4, 0x89, 0x05, 0x92, 0x05, 0x92, 0xc7, 0xaa, 0xe5, 0x79,
    0x81, 0x38, 0x60, 0x38, 0xa1, 0x40, 0x42, 0x61, 0xa3, 0x79, 0x25, 0x92,
    0x66, 0x9a, 0x45, 0x92, 0x25, 0x92, 0xa4, 0x69, 0xa2, 0x18, 0x81, 0x18,
    0xa1, 0x18, 0x82, 0x18, 0x81, 0x10, 0xa2, 0x18, 0x82, 0x18, 0x81, 0x10,
    0xa2, 0x10, 0x82, 0x10, 0x82, 0x10, 0xa2, 0x10, 0x81, 0x10, 0x82, 0x18,
    0x82, 0x10, 0x81, 0x10, 0x82, 0x18, 0x82, 0x10, 0x81, 0x18, 0x82, 0x10,
    0xa2, 0x18, 0xa2, 0x18, 0xa2, 0x10, 0x82, 0x18, 0xa2, 0x18, 0xa2, 0x18,
    0xa2, 0x10, 0xa2, 0x18, 0xa2, 0x18, 0xa2, 0x18, 0xa2, 0x18, 0xa2, 0x10,
    0xa2, 0x18, 0xa2, 0x18, 0xc2, 0x18, 0xa2, 0x18, 0xc2, 0x20, 0xc2, 0x28,
    0xec, 0xd3, 0xec, 0xdb, 0xcb, 0xdb, 0x8a, 0xcb, 0x8a, 0xcb, 0xab, 0xd3,
    0xab, 0xd3, 0xaa, 0xd3, 0xaa, 0xd3, 0x8a, 0xd3, 0x28, 0xbb, 0x46, 0x9a,
    0x05, 0x8a, 0x49, 0xbb, 0x49, 0xc3, 0x29, 0xbb, 0xa8, 0xaa, 0x26, 0x92,
    0xc4, 0x81, 0xe5, 0x81, 0x05, 0x8a, 0x46, 0x9a, 0xa7, 0xaa, 0xc8, 0xaa,
    0xa7, 0xaa, 0x87, 0xa2, 0x67, 0x9a, 0xa4, 0x79, 0xe2, 0x50, 0x20, 0x30,
    0xc1, 0x48, 0x8a, 0xcb, 0xe8, 0xb2, 0xc4, 0x81, 0x63, 0x71, 0x63, 0x71,
    0x01, 0x61, 0x01, 0x59, 0x02, 0x51, 0x02, 0x59, 0x22, 0x61, 0x43, 0x61,
    0x43, 0x69, 0x63, 0x69, 0x42, 0x61, 0x43, 0x61, 0x23, 0x61, 0x22, 0x61,
    0x22, 0x61, 0x43, 0x69, 0x63, 0x69, 0xa4, 0x79, 0xc4, 0x81, 0x05, 0x8a,
    0x05, 0x8a, 0xe4, 0x89, 0xc4, 0x81, 0x83, 0x71, 0x22, 0x59, 0xa1, 0x48,
    0xa1, 0x48, 0xe1, 0x50, 0x43, 0x69, 0xe4, 0x89, 0x45, 0x92, 0x86, 0xa2,
    0x86, 0xa2, 0x87, 0xa2, 0x66, 0xa2, 0x45, 0x9a, 0xe4, 0x89, 0xa8, 0xcb,
    0xe5, 0xb2, 0xc5, 0xaa, 0x24, 0x92, 0xa3, 0x79, 0x05, 0x92, 0xe4, 0x89,
    0xa4, 0x79, 0x42, 0x69, 0xa1, 0x40, 0x20, 0x28, 0x20, 0x28, 0xa1, 0x40,
    0xe1, 0x50, 0x22, 0x61, 0x63, 0x71, 0xa3, 0x79, 0xe4, 0x81, 0x05, 0x92,
    0x45, 0x92, 0x46, 0x92, 0x25, 0x92, 0x26, 0x92, 0x25, 0x92, 0x25, 0x92,
    0x26, 0x92, 0x05, 0x8a, 0xe5, 0x89, 0xc4, 0x81, 0xc4, 0x79, 0xa4, 0x79,
    0xa4, 0x79, 0xa4, 0x79, 0xc4, 0x79, 0xa3, 0x79, 0xa4, 0x79, 0xa3, 0x79,
    0x83, 0x71, 0xa4, 0x79, 0x83, 0x71, 0x83, 0x71, 0x83, 0x71, 0x83, 0x71,
    0xa4, 0x79, 0xa4, 0x79, 0xa3, 0x71, 0x83, 0x71, 0x43, 0x69, 0x01, 0x51,
    0x80, 0x38, 0x00, 0x20, 0x00, 0x18, 0x81, 0x38, 0x22, 0x61, 0x83, 0x71,
    0x63, 0x71, 0xe1, 0x50, 0xe1, 0x58, 0x82, 0x71, 0x84, 0x9a, 0xa5, 0xa2,
    0xe6, 0xaa, 0x42, 0x69, 0x42, 0x61, 0x22, 0x59, 0xe1, 0x50, 0xc1, 0x40,
    0x41, 0x28, 0x00, 0x20, 0x00, 0x20, 0x41, 0x28, 0x41, 0x28, 0x20, 0x28,
    0xa1, 0x38, 0x22, 0x59, 0xa3, 0x71, 0x25, 0x92, 0x25, 0x92, 0x22, 0x61,
    0x60, 0x30, 0x00, 0x18, 0x00, 0x10, 0x00, 0x18, 0x20, 0x20, 0x60, 0x30,
    0xa0, 0x40, 0xe1, 0x48, 0x22, 0x61, 0x83, 0x79, 0xa4, 0x79, 0xe4, 0x89,
    0xc3, 0x81, 0x81, 0x38, 0x40, 0x30, 0xa1, 0x40, 0xc1, 0x48, 0xa1, 0x40,
    0x80, 0x38, 0x01, 0x59, 0xa3, 0x79, 0xc3, 0x81, 0xa3, 0x79, 0xc1, 0x48,
    0x60, 0x38, 0xe4, 0x89, 0xc4, 0x81, 0x60, 0x38, 0xe1, 0x50, 0xc3, 0x89,
    0x66, 0xa2, 0x04, 0x92, 0x04, 0x92, 0xc4, 0x79, 0x20, 0x18, 0x61, 0x30,
    0xc3, 0x81, 0x05, 0x92, 0x45, 0x92, 0x65, 0x9a, 0xc7, 0xaa, 0x22, 0x59,
    0x20, 0x30, 0x40, 0x30, 0xa1, 0x40, 0x62, 0x69, 0xe4, 0x81, 0x66, 0x9a,
    0x45, 0x92, 0x25, 0x92, 0x25, 0x92, 0xe5, 0x81, 0xe2, 0x38, 0x82, 0x18,
    0x82, 0x18, 0xa2, 0x10, 0xa2, 0x10, 0x81, 0x10, 0x82, 0x10, 0xa1, 0x18,
    0x81, 0x10, 0x82, 0x10, 0x81, 0x10, 0x82, 0x10, 0x81, 0x10, 0xa1, 0x18,
    0x82, 0x10, 0x81, 0x10, 0x81, 0x10, 0x81, 0x10, 0x81, 0x10, 0x82, 0x10,
    0xa2, 0x18, 0xa2, 0x18, 0xa2, 0x18, 0xa2, 0x18, 0xa2, 0x18, 0xa2, 0x18,
    0xa2, 0x18, 0xa2, 0x10, 0xa2, 0x18, 0xa2, 0x18, 0xa2, 0x18, 0xa2, 0x18,
    0xc2, 0x18, 0xa2, 0x18, 0xc2, 0x18, 0xa2, 0x20, 0xc3, 0x20, 0xa5, 0x51,
    0x2c, 0xdc, 0x0c, 0xdc, 0xcb, 0xd3, 0xaa, 0xd3, 0xaa, 0xd3, 0xaa, 0xd3,
    0x8a, 0xd3, 0x8a, 0xd3, 0xab, 0xd3, 0xcb, 0xdb, 0x8a, 0xcb, 0x08, 0xbb,
    0x66, 0x9a, 0xc4, 0x79, 0x09, 0xb3, 0x6a, 0xc3, 0x49, 0xc3, 0xa7, 0xaa,
    0x05, 0x8a, 0xa4, 0x81, 0xa4, 0x79, 0x25, 0x8a, 0x66, 0x9a, 0x87, 0xa2,
    0x87, 0xa2, 0x87, 0xa2, 0x66, 0x9a, 0xe4, 0x81, 0x43, 0x61, 0x81, 0x38,
    0x40, 0x30, 0x29, 0xb3, 0x08, 0xbb, 0x05, 0x8a, 0x63, 0x71, 0x63, 0x71,
    0x22, 0x69, 0xe1, 0x58, 0x01, 0x51, 0x02, 0x59, 0x22, 0x61, 0x42, 0x61,
    0x42, 0x61, 0x43, 0x69, 0x43, 0x69, 0x42, 0x69, 0x42, 0x61, 0x42, 0x61,
    0x43, 0x69, 0x42, 0x69, 0x83, 0x71, 0xa3, 0x79, 0xc4, 0x89, 0x05, 0x8a,
    0x05, 0x8a, 0x05, 0x8a, 0xe4, 0x89, 0xa4, 0x79, 0x22, 0x61, 0xc1, 0x48,
    0xc1, 0x48, 0xc1, 0x50, 0x22, 0x61, 0x83, 0x71, 0x05, 0x8a, 0x66, 0x9a,
    0x87, 0xaa, 0xa7, 0xaa, 0x86, 0xa2, 0x66, 0xa2, 0x45, 0x9a, 0x0a, 0xe4,
    0x27, 0xc3, 0x44, 0x9a, 0x04, 0x8a, 0x62, 0x71, 0x63, 0x71, 0x83, 0x71,
    0xa3, 0x79, 0xa3, 0x79, 0x02, 0x59, 0xa1, 0x40, 0x81, 0x38, 0x61, 0x30,
    0x40, 0x38, 0xa0, 0x40, 0xe1, 0x50, 0x02, 0x59, 0x43, 0x69, 0x83, 0x79,
    0xa3, 0x79, 0xe4, 0x81, 0x05, 0x8a, 0x05, 0x8a, 0x46, 0x92, 0x25, 0x92,
    0x26, 0x92, 0x25, 0x92, 0x26, 0x92, 0x05, 0x8a, 0x05, 0x8a, 0xe5, 0x81,
    0xe5, 0x89, 0xe4, 0x81, 0xe4, 0x81, 0xc4, 0x81, 0xe5, 0x81, 0xa4, 0x79,
    0xc4, 0x81, 0xc4, 0x79, 0xc4, 0x79, 0xa4, 0x79, 0xc4, 0x81, 0xc4, 0x79,
    0xc4, 0x81, 0xc4, 0x81, 0xa4, 0x79, 0x63, 0x69, 0x22, 0x61, 0xc1, 0x48,
    0x40, 0x28, 0x00, 0x18, 0x20, 0x20, 0xc1, 0x40, 0x02, 0x51, 0xe1, 0x50,
    0x22, 0x61, 0x83, 0x71, 0xc4, 0x81, 0xe3, 0x89, 0x88, 0xcb, 0xc6, 0xaa,
    0xe5, 0xb2, 0x42, 0x69, 0x43, 0x61, 0x02, 0x59, 0xe1, 0x50, 0xa1, 0x40,
    0x40, 0x28, 0x20, 0x20, 0x20, 0x28, 0x40, 0x28, 0x40, 0x30, 0x40, 0x28,
    0xa1, 0x40, 0x42, 0x61, 0xa3, 0x79, 0x45, 0x92, 0x25, 0x92, 0x02, 0x51,
    0x61, 0x28, 0x00, 0x18, 0x00, 0x18, 0x20, 0x18, 0x20, 0x28, 0x81, 0x38,
    0xa0, 0x48, 0x01, 0x51, 0x22, 0x61, 0xa3, 0x79, 0xa3, 0x79, 0x04, 0x8a,
    0xe4, 0x81, 0xa1, 0x40, 0x60, 0x30, 0xa1, 0x40, 0xc1, 0x40, 0x81, 0x38,
    0x81, 0x40, 0x02, 0x59, 0xa3, 0x81, 0xc4, 0x81, 0xa3, 0x79, 0xc1, 0x50,
    0x40, 0x30, 0xe4, 0x81, 0xa3, 0x79, 0xa1, 0x48, 0xe1, 0x50, 0xe4, 0x89,
    0x65, 0xa2, 0x04, 0x92, 0x25, 0x92, 0xc4, 0x79, 0x20, 0x18, 0xe1, 0x50,
    0x04, 0x8a, 0x45, 0x92, 0x45, 0x92, 0x66, 0x9a, 0xa7, 0xa2, 0xa1, 0x40,
    0x20, 0x28, 0x20, 0x28, 0xe1, 0x48, 0x83, 0x71, 0x04, 0x8a, 0x66, 0x9a,
    0x45, 0x9a, 0x05, 0x92, 0x25, 0x92, 0x05, 0x8a, 0x84, 0x69, 0xa2, 0x18,
    0x82, 0x18, 0x82, 0x10, 0x82, 0x10, 0x82, 0x18, 0xa2, 0x18, 0x82, 0x10,
    0x81, 0x10, 0x81, 0x18, 0x81, 0x18, 0x82, 0x10, 0x81, 0x10, 0x82, 0x10,
    0x81, 0x10, 0x82, 0x18, 0x82, 0x10, 0x81, 0x10, 0x82, 0x10, 0x81, 0x10,
    0xa2, 0x18, 0x82, 0x18, 0xa2, 0x18, 0xa2, 0x10, 0xa2, 0x10, 0xa2, 0x18,
    0xa2, 0x18, 0xa2, 0x18, 0xa2, 0x18, 0xa2, 0x18, 0xa2, 0x18, 0xa2, 0x18,
    0xa2, 0x18, 0xc2, 0x18, 0xa3, 0x18, 0xc2, 0x20, 0xc2, 0x20, 0xc9, 0x92,
    0x2c, 0xe4, 0x0c, 0xdc, 0xab, 0xd3, 0x8a, 0xd3, 0x8a, 0xd3, 0xaa, 0xd3,
    0x8a, 0xd3, 0x8a, 0xd3, 0x8a, 0xd3, 0xaa, 0xd3, 0xcb, 0xdb, 0xaa, 0xd3,
    0x29, 0xc3, 0x86, 0xa2, 0xc4, 0x81, 0xe8, 0xaa, 0x6a, 0xcb, 0x49, 0xbb,
    0xa7, 0xaa, 0xe5, 0x89, 0x83, 0x79, 0x83, 0x71, 0xe5, 0x81, 0x25, 0x92,
    0x66, 0x9a, 0x66, 0x9a, 0x46, 0x92, 0x25, 0x8a, 0x83, 0x71, 0xe2, 0x50,
    0x40, 0x30, 0x67, 0x92, 0x49, 0xc3, 0x87, 0xa2, 0x83, 0x79, 0x83, 0x71,
    0x42, 0x69, 0xe1, 0x58, 0xe1, 0x50, 0xe1, 0x58, 0x22, 0x59, 0x43, 0x61,
    0x43, 0x69, 0x63, 0x69, 0x63, 0x69, 0x43, 0x69, 0x42, 0x69, 0x42, 0x69,
    0x43, 0x69, 0x43, 0x69, 0x63, 0x69, 0xa3, 0x79, 0xc4, 0x81, 0xe5, 0x89,
    0x25, 0x92, 0x05, 0x8a, 0xe4, 0x89, 0xa4, 0x79, 0x63, 0x69, 0xe1, 0x50,
    0xc1, 0x48, 0xc1, 0x50, 0x02, 0x59, 0x63, 0x69, 0xa4, 0x81, 0x05, 0x92,
    0x66, 0xa2, 0x86, 0xa2, 0xa7, 0xaa, 0x66, 0xa2, 0x86, 0xa2, 0x06, 0xbb,
    0xa8, 0xcb, 0x23, 0x92, 0xa2, 0x79, 0x42, 0x69, 0x83, 0x79, 0x63, 0x71,
    0x22, 0x61, 0x22, 0x61, 0x43, 0x69, 0xe2, 0x50, 0xc1, 0x40, 0xc1, 0x48,
    0xc1, 0x48, 0xc1, 0x48, 0xa1, 0x48, 0xc1, 0x48, 0xe1, 0x58, 0xe1, 0x58,
    0x22, 0x61, 0x42, 0x69, 0x83, 0x71, 0xc4, 0x81, 0xe4, 0x89, 0xe4, 0x81,
    0x05, 0x8a, 0xe5, 0x89, 0xe4, 0x81, 0x05, 0x8a, 0x05, 0x8a, 0x05, 0x8a,
    0x05, 0x8a, 0xe4, 0x81, 0xe5, 0x81, 0xe5, 0x89, 0xc4, 0x81, 0xc4, 0x81,
    0xc4, 0x79, 0xc4, 0x79, 0xc4, 0x81, 0xa3, 0x79, 0xa4, 0x79, 0xa3, 0x79,
    0xa3, 0x79, 0x83, 0x71, 0x83, 0x71, 0x22, 0x61, 0xa1, 0x48, 0x60, 0x28,
    0x00, 0x18, 0x00, 0x10, 0x20, 0x20, 0x61, 0x30, 0x01, 0x51, 0xa3, 0x79,
    0xc4, 0x81, 0xc4, 0x81, 0xc3, 0x81, 0xa3, 0x79, 0xe6, 0xb2, 0x85, 0xa2,
    0xe6, 0xaa, 0xe3, 0x81, 0x42, 0x61, 0x02, 0x59, 0xe1, 0x50, 0xa1, 0x40,
    0x40, 0x30, 0x20, 0x28, 0x20, 0x28, 0x60, 0x30, 0x40, 0x30, 0x40, 0x30,
    0xc1, 0x48, 0x43, 0x69, 0xc4, 0x79, 0x45, 0x92, 0x04, 0x8a, 0xe1, 0x50,
    0x61, 0x30, 0x00, 0x18, 0x00, 0x18, 0x20, 0x20, 0x41, 0x30, 0x81, 0x38,
    0xc1, 0x48, 0x01, 0x59, 0x42, 0x61, 0xa3, 0x79, 0xc4, 0x81, 0x05, 0x92,
    0xc4, 0x81, 0xa1, 0x40, 0x60, 0x30, 0xc1, 0x40, 0xc1, 0x40, 0x80, 0x38,
    0x80, 0x38, 0x42, 0x69, 0xa3, 0x81, 0xc3, 0x81, 0x83, 0x71, 0xa1, 0x40,
    0x40, 0x28, 0xe4, 0x81, 0xa3, 0x79, 0xe1, 0x50, 0x01, 0x59, 0x04, 0x92,
    0x85, 0xa2, 0x45, 0x9a, 0x25, 0x92, 0xe4, 0x81, 0x20, 0x18, 0x63, 0x69,
    0x05, 0x92, 0x46, 0x9a, 0x45, 0x9a, 0xa7, 0xa2, 0x26, 0x8a, 0x60, 0x28,
    0x20, 0x20, 0x61, 0x30, 0x02, 0x59, 0xa3, 0x79, 0x45, 0x92, 0x46, 0x9a,
    0x05, 0x92, 0xc4, 0x81, 0x05, 0x8a, 0x05, 0x8a, 0x05, 0x82, 0xc2, 0x28,
    0x81, 0x18, 0x81, 0x18, 0xa1, 0x18, 0xa2, 0x10, 0x81, 0x10, 0x81, 0x18,
    0x82, 0x10, 0x82, 0x10, 0x81, 0x10, 0x82, 0x10, 0x82, 0x10, 0x81, 0x18,
    0x82, 0x10, 0x82, 0x10, 0x81, 0x18, 0xa1, 0x10, 0x82, 0x10, 0x82, 0x18,
    0xa2, 0x18, 0xa2, 0x10, 0x82, 0x18, 0x82, 0x18, 0xa2, 0x10, 0xa2, 0x18,
    0xa2, 0x18, 0xa2, 0x18, 0xa2, 0x18, 0xa2, 0x10, 0xa2, 0x18, 0xa2, 0x18,
    0xa2, 0x18, 0xa2, 0x18, 0xc3, 0x20, 0xc2, 0x20, 0xc3, 0x20, 0x4a, 0xab,
    0x2d, 0xe4, 0x0c, 0xe4, 0xab, 0xd3, 0xaa, 0xd3, 0x8a, 0xd3, 0xab, 0xd3,
    0x8a, 0xd3, 0x6a, 0xcb, 0x49, 0xc3, 0x8a, 0xd3, 0x0c, 0xdc, 0xeb, 0xdb,
    0xaa, 0xd3, 0x29, 0xbb, 0xc7, 0xb2, 0xe4, 0x89, 0x46, 0x92, 0x49, 0xbb,
    0x29, 0xc3, 0x87, 0xa2, 0xe5, 0x81, 0x63, 0x71, 0x63, 0x71, 0xc4, 0x81,
    0x25, 0x92, 0x26, 0x92, 0x46, 0x92, 0x05, 0x8a, 0xc4, 0x79, 0x23, 0x61,
    0x81, 0x38, 0xc5, 0x71, 0xaa, 0xcb, 0xa7, 0xaa, 0xa4, 0x81, 0x63, 0x71,
    0x42, 0x69, 0x02, 0x61, 0x02, 0x59, 0x02, 0x59, 0x22, 0x61, 0x43, 0x61,
    0x43, 0x69, 0x43, 0x69, 0x43, 0x69, 0x63, 0x69, 0x43, 0x69, 0x42, 0x61,
    0x43, 0x69, 0x43, 0x69, 0x83, 0x71, 0x83, 0x71, 0xa4, 0x81, 0x05, 0x8a,
    0x05, 0x92, 0x05, 0x8a, 0xe4, 0x89, 0xe4, 0x81, 0x83, 0x79, 0x02, 0x59,
    0xa1, 0x48, 0xc1, 0x48, 0xe2, 0x50, 0x42, 0x61, 0x83, 0x79, 0xe4, 0x89,
    0x66, 0x9a, 0x86, 0xa2, 0xa7, 0xaa, 0xa7, 0xaa, 0x66, 0xa2, 0x07, 0xbb,
    0x88, 0xcb, 0x64, 0x9a, 0x24, 0x8a, 0x21, 0x61, 0x63, 0x69, 0xa4, 0x79,
    0x83, 0x71, 0x42, 0x69, 0xe1, 0x50, 0xc1, 0x48, 0x81, 0x40, 0xa1, 0x40,
    0xe1, 0x48, 0x02, 0x59, 0x42, 0x61, 0x22, 0x61, 0xe1, 0x50, 0xc1, 0x48,
    0xc1, 0x50, 0xe1, 0x58, 0x22, 0x61, 0x43, 0x69, 0x43, 0x69, 0xa3, 0x79,
    0xa3, 0x79, 0xa4, 0x79, 0xc4, 0x81, 0xe4, 0x81, 0xe4, 0x81, 0xe5, 0x81,
    0xc4, 0x81, 0xa4, 0x79, 0xa4, 0x79, 0xe4, 0x81, 0xc4, 0x81, 0xe4, 0x81,
    0xa4, 0x79, 0xa3, 0x79, 0x83, 0x71, 0x83, 0x71, 0x63, 0x71, 0x83, 0x71,
    0x63, 0x71, 0x22, 0x61, 0xe1, 0x50, 0x80, 0x38, 0x20, 0x28, 0x00, 0x18,
    0x20, 0x18, 0x20, 0x20, 0x41, 0x28, 0xc1, 0x48, 0x42, 0x69, 0xc4, 0x81,
    0xe4, 0x81, 0x83, 0x71, 0x42, 0x69, 0x21, 0x61, 0x85, 0x9a, 0xc6, 0xaa,
    0xa5, 0xa2, 0x45, 0x92, 0x43, 0x61, 0x02, 0x59, 0xe1, 0x50, 0xc1, 0x40,
    0x40, 0x28, 0x20, 0x28, 0x41, 0x30, 0x61, 0x30, 0x40, 0x30, 0x61, 0x30,
    0x02, 0x51, 0x63, 0x69, 0xc4, 0x81, 0x45, 0x9a, 0x04, 0x8a, 0xe1, 0x50,
    0x41, 0x28, 0x00, 0x18, 0x00, 0x18, 0x20, 0x20, 0x60, 0x30, 0xa1, 0x40,
    0xe1, 0x50, 0x01, 0x59, 0x42, 0x69, 0xa4, 0x79, 0xe4, 0x81, 0x25, 0x92,
    0xc4, 0x81, 0xa1, 0x40, 0x40, 0x30, 0xa1, 0x40, 0xc1, 0x48, 0x80, 0x38,
    0xa1, 0x40, 0x22, 0x61, 0xc4, 0x81, 0xe4, 0x89, 0xa3, 0x79, 0x80, 0x38,
    0x40, 0x20, 0xa3, 0x79, 0xa4, 0x79, 0x01, 0x59, 0x42, 0x69, 0x24, 0x92,
    0x85, 0xa2, 0x25, 0x9a, 0x25, 0x92, 0xe5, 0x81, 0x40, 0x28, 0xe4, 0x81,
    0x46, 0x9a, 0x66, 0x9a, 0x65, 0x9a, 0xc7, 0xaa, 0xa4, 0x69, 0x20, 0x20,
    0x20, 0x20, 0xa1, 0x40, 0x63, 0x69, 0xc4, 0x81, 0x66, 0x9a, 0x66, 0x9a,
    0xe4, 0x89, 0xc3, 0x81, 0x05, 0x8a, 0x25, 0x92, 0x25, 0x8a, 0x43, 0x51,
    0x81, 0x18, 0x82, 0x10, 0xa2, 0x18, 0x81, 0x10, 0x82, 0x10, 0xa1, 0x10,
    0x81, 0x10, 0x81, 0x10, 0x81, 0x10, 0x82, 0x10, 0x81, 0x10, 0x82, 0x18,
    0x82, 0x10, 0x81, 0x10, 0x81, 0x10, 0x81, 0x18, 0x81, 0x10, 0x81, 0x10,
    0xa2, 0x18, 0xa2, 0x10, 0x82, 0x10, 0x82, 0x18, 0xa2, 0x18, 0xa2, 0x18,
    0xa2, 0x10, 0xa2, 0x18, 0xa2, 0x18, 0xa2, 0x10, 0xa2, 0x18, 0xa2, 0x18,
    0xc2, 0x18, 0xa3, 0x18, 0xc2, 0x20, 0xc2, 0x20, 0xc2, 0x20, 0x8b, 0xc3,
    0x0c, 0xdc, 0xec, 0xdb, 0xcb, 0xdb, 0x8a, 0xd3, 0x8a, 0xd3, 0x6a, 0xcb,
    0x49, 0xc3, 0x28, 0xc3, 0x28, 0xbb, 0x28, 0xbb, 0x6a, 0xcb, 0xaa, 0xd3,
    0xcb, 0xdb, 0xab, 0xd3, 0x49, 0xcb, 0xa7, 0xaa, 0x05, 0x8a, 0x66, 0x92,
    0x49, 0xc3, 0x49, 0xc3, 0xa7, 0xa2, 0xc4, 0x81, 0x42, 0x69, 0x63, 0x71,
    0xc4, 0x79, 0xe4, 0x81, 0x26, 0x92, 0x05, 0x8a, 0xe4, 0x81, 0x84, 0x71,
    0xc1, 0x48, 0x81, 0x38, 0xab, 0xd3, 0xc7, 0xaa, 0xa4, 0x79, 0x63, 0x71,
    0x63, 0x71, 0x22, 0x61, 0x01, 0x59, 0x02, 0x59, 0x22, 0x61, 0x22, 0x61,
    0x63, 0x69, 0x83, 0x71, 0x63, 0x71, 0x63, 0x71, 0x63, 0x69, 0x63, 0x69,
    0x63, 0x69, 0x43, 0x69, 0x63, 0x71, 0xa3, 0x79, 0xc4, 0x81, 0xe4, 0x89,
    0x05, 0x8a, 0x05, 0x92, 0x05, 0x92, 0xe4, 0x81, 0xc4, 0x81, 0x43, 0x61,
    0xc1, 0x48, 0xc1, 0x48, 0xe1, 0x50, 0x02, 0x61, 0x83, 0x71, 0xc4, 0x81,
    0x25, 0x92, 0x66, 0xa2, 0x87, 0xaa, 0xa7, 0xaa, 0xc7, 0xaa, 0x07, 0xbb,
    0x6b, 0xec, 0x44, 0x9a, 0x24, 0x92, 0x41, 0x69, 0x02, 0x59, 0x63, 0x69,
    0x83, 0x71, 0x63, 0x71, 0x43, 0x61, 0xe2, 0x50, 0x81, 0x40, 0x80, 0x40,
    0xa1, 0x40, 0xc1, 0x48, 0x02, 0x59, 0x63, 0x69, 0xe4, 0x79, 0xe4, 0x81,
    0x84, 0x71, 0x22, 0x61, 0xe1, 0x50, 0xc1, 0x50, 0x01, 0x59, 0x02, 0x61,
    0x22, 0x61, 0x42, 0x69, 0x63, 0x71, 0x83, 0x71, 0x83, 0x79, 0x83, 0x71,
    0x83, 0x71, 0x83, 0x79, 0x83, 0x79, 0x83, 0x71, 0x83, 0x71, 0x83, 0x79,
    0x62, 0x69, 0x43, 0x69, 0x42, 0x69, 0x02, 0x61, 0x01, 0x59, 0x01, 0x59,
    0xc1, 0x48, 0x80, 0x40, 0x81, 0x40, 0xa1, 0x40, 0xa1, 0x38, 0xa2, 0x38,
    0x61, 0x28, 0x40, 0x28, 0x61, 0x30, 0xe2, 0x50, 0x63, 0x69, 0xa3, 0x79,
    0x22, 0x69, 0x22, 0x61, 0x42, 0x69, 0x42, 0x69, 0x48, 0xbb, 0x64, 0x9a,
    0xe5, 0xaa, 0x24, 0x92, 0x22, 0x61, 0x22, 0x59, 0x01, 0x51, 0xc1, 0x40,
    0x40, 0x30, 0x40, 0x30, 0x60, 0x30, 0x60, 0x30, 0x40, 0x30, 0x80, 0x38,
    0x02, 0x59, 0x83, 0x71, 0xc4, 0x81, 0x66, 0x9a, 0xe4, 0x89, 0xe1, 0x50,
    0x40, 0x28, 0x00, 0x20, 0x00, 0x20, 0x20, 0x20, 0x60, 0x30, 0xa1, 0x40,
    0xe1, 0x50, 0x22, 0x61, 0x63, 0x71, 0xc4, 0x81, 0xe4, 0x89, 0x45, 0x9a,
    0xe4, 0x81, 0xc1, 0x40, 0x60, 0x38, 0xa1, 0x40, 0xa1, 0x40, 0x81, 0x38,
    0xa1, 0x40, 0x42, 0x69, 0xe4, 0x89, 0xe4, 0x89, 0xa3, 0x79, 0x61, 0x30,
    0x40, 0x20, 0xa3, 0x79, 0xa4, 0x79, 0x21, 0x61, 0x62, 0x69, 0x24, 0x92,
    0x85, 0xaa, 0x24, 0x9a, 0x25, 0x9a, 0x05, 0x82, 0xa1, 0x38, 0xe4, 0x89,
    0x45, 0x92, 0x45, 0x9a, 0x65, 0x9a, 0xc8, 0xaa, 0xa1, 0x40, 0x00, 0x18,
    0x40, 0x28, 0x02, 0x51, 0x83, 0x71, 0xe4, 0x89, 0x87, 0xa2, 0x25, 0x8a,
    0xc4, 0x81, 0xc4, 0x81, 0x25, 0x92, 0x25, 0x92, 0x25, 0x92, 0xc5, 0x71,
    0x82, 0x18, 0xa2, 0x10, 0x81, 0x10, 0x81, 0x18, 0x82, 0x18, 0x81, 0x10,
    0x82, 0x18, 0x81, 0x10, 0x82, 0x18, 0x81, 0x10, 0x81, 0x10, 0x82, 0x10,
    0x81, 0x10, 0x81, 0x10, 0xa2, 0x18, 0x82, 0x10, 0x81, 0x10, 0x81, 0x10,
    0xa2, 0x18, 0xa2, 0x18, 0xa2, 0x10, 0xa2, 0x18, 0xa2, 0x10, 0xa2, 0x18,
    0xa2, 0x18, 0xa2, 0x18, 0xa2, 0x18, 0xa2, 0x18, 0xa2, 0x18, 0xa2, 0x18,
    0xa2, 0x18, 0xc2, 0x18, 0xc3, 0x20, 0xc2, 0x20, 0xe3, 0x28, 0xec, 0xd3,
    0x0c, 0xdc, 0xec, 0xdb, 0x0c, 0xe4, 0xcb, 0xdb, 0xab, 0xd3, 0x8a, 0xd3,
    0x49, 0xc3, 0xe8, 0xb2, 0xc7, 0xb2, 0xa7, 0xaa, 0x08, 0xbb, 0x8a, 0xd3,
    0xeb, 0xdb, 0xca, 0xdb, 0xaa, 0xd3, 0x69, 0xcb, 0xe8, 0xb2, 0x05, 0x8a,
    0x46, 0x92, 0x6a, 0xcb, 0x49, 0xc3, 0x66, 0x9a, 0x84, 0x71, 0x42, 0x61,
    0x63, 0x69, 0xa4, 0x79, 0xc4, 0x79, 0xc4, 0x81, 0xc4, 0x81, 0xa4, 0x71,
    0x02, 0x59, 0x80, 0x40, 0x6a, 0xc3, 0xe8, 0xb2, 0xc4, 0x81, 0x82, 0x79,
    0x63, 0x71, 0x42, 0x69, 0x02, 0x61, 0x02, 0x59, 0x22, 0x61, 0x22, 0x61,
    0x43, 0x69, 0x83, 0x71, 0x83, 0x71, 0x84, 0x71, 0x63, 0x71, 0x63, 0x71,
    0x63, 0x69, 0x42, 0x69, 0x63, 0x71, 0x84, 0x71, 0xc4, 0x79, 0xe4, 0x81,
    0x05, 0x8a, 0x25, 0x92, 0x25, 0x92, 0x05, 0x8a, 0xe5, 0x81, 0x83, 0x71,
    0xe1, 0x50, 0x80, 0x40, 0xc1, 0x48, 0x02, 0x59, 0x43, 0x69, 0x83, 0x79,
    0xe4, 0x89, 0x25, 0x9a, 0x66, 0xa2, 0x86, 0xa2, 0x86, 0xa2, 0x65, 0xa2,
    0xe9, 0xdb, 0x07, 0xbb, 0x81, 0x71, 0xa2, 0x79, 0xe1, 0x58, 0x02, 0x61,
    0x42, 0x61, 0x43, 0x61, 0x22, 0x61, 0x22, 0x59, 0x02, 0x51, 0xe1, 0x48,
    0xc1, 0x48, 0xa1, 0x40, 0xa1, 0x48, 0xe1, 0x50, 0x42, 0x61, 0x83, 0x71,
    0xe5, 0x81, 0x05, 0x8a, 0x25, 0x8a, 0x05, 0x8a, 0x25, 0x8a, 0xc4, 0x79,
    0x83, 0x69, 0x22, 0x61, 0x01, 0x59, 0xe1, 0x50, 0x02, 0x59, 0x01, 0x59,
    0x01, 0x59, 0x01, 0x59, 0x01, 0x59, 0x01, 0x59, 0x01, 0x59, 0xe1, 0x58,
    0xc1, 0x50, 0xe1, 0x58, 0x01, 0x59, 0x01, 0x59, 0x02, 0x59, 0x22, 0x59,
    0x22, 0x59, 0x22, 0x61, 0x22, 0x59, 0x22, 0x51, 0xa1, 0x40, 0x61, 0x30,
    0x20, 0x28, 0x40, 0x28, 0x81, 0x38, 0xe1, 0x50, 0x22, 0x59, 0x02, 0x61,
    0x21, 0x61, 0x42, 0x69, 0x63, 0x71, 0xa3, 0x79, 0x64, 0x9a, 0xa5, 0xa2,
    0x64, 0x9a, 0xe7, 0xa2, 0x22, 0x61, 0x22, 0x59, 0x02, 0x59, 0xa1, 0x40,
    0x81, 0x30, 0x61, 0x30, 0x60, 0x30, 0x40, 0x30, 0x40, 0x30, 0x80, 0x38,
    0x02, 0x59, 0x83, 0x71, 0x04, 0x8a, 0x86, 0xa2, 0xc4, 0x81, 0xe1, 0x48,
    0x20, 0x28, 0x00, 0x20, 0x20, 0x20, 0x20, 0x28, 0x60, 0x38, 0xc1, 0x48,
    0x01, 0x59, 0x22, 0x61, 0x63, 0x71, 0xc4, 0x81, 0xe4, 0x89, 0x66, 0x9a,
    0xe4, 0x81, 0xc1, 0x48, 0x80, 0x38, 0xc1, 0x40, 0xc1, 0x40, 0x80, 0x38,
    0xa1, 0x40, 0x62, 0x71, 0xe4, 0x89, 0xe4, 0x89, 0x82, 0x71, 0x60, 0x30,
    0x40, 0x20, 0xa4, 0x79, 0xa3, 0x79, 0x21, 0x69, 0xa3, 0x79, 0x24, 0x9a,
    0xa6, 0xaa, 0x45, 0x9a, 0x44, 0x92, 0x05, 0x82, 0xa1, 0x40, 0xe4, 0x89,
    0x45, 0x92, 0x46, 0x9a, 0x66, 0x9a, 0x87, 0x9a, 0x40, 0x28, 0x00, 0x18,
    0x81, 0x38, 0x42, 0x61, 0xc4, 0x79, 0x25, 0x92, 0x66, 0x9a, 0xe4, 0x81,
    0xa4, 0x81, 0xe4, 0x89, 0x05, 0x8a, 0x25, 0x92, 0x46, 0x92, 0x25, 0x8a,
    0xe2, 0x38, 0xa2, 0x18, 0x82, 0x10, 0x81, 0x10, 0xa1, 0x10, 0x82, 0x10,
    0x82, 0x10, 0xa2, 0x10, 0x82, 0x18, 0x82, 0x10, 0x81, 0x10, 0x82, 0x18,
    0x82, 0x18, 0x81, 0x10, 0x82, 0x10, 0x82, 0x10, 0x81, 0x10, 0x82, 0x10,
    0xa2, 0x18, 0x82, 0x10, 0xa2, 0x18, 0xa2, 0x18, 0xa2, 0x18, 0xa2, 0x10,
    0xa2, 0x18, 0xa2, 0x18, 0xa2, 0x18, 0xa2, 0x18, 0xa2, 0x18, 0xa2, 0x18,
    0xc3, 0x18, 0xc2, 0x20, 0xc2, 0x20, 0xc3, 0x20, 0x64, 0x49, 0x0c, 0xdc,
    0x0c, 0xe4, 0x0c, 0xe4, 0x0c, 0xe4, 0xeb, 0xdb, 0xab, 0xd3, 0xaa, 0xd3,
    0x49, 0xcb, 0x08, 0xbb, 0x86, 0xaa, 0x25, 0x9a, 0x66, 0xa2, 0x28, 0xbb,
    0x6a, 0xcb, 0xcb, 0xdb, 0x0c, 0xe4, 0xcb, 0xdb, 0x69, 0xcb, 0xe8, 0xb2,
    0xe4, 0x81, 0x46, 0x92, 0x69, 0xc3, 0x49, 0xc3, 0x26, 0x92, 0x83, 0x71,
    0x22, 0x69, 0x43, 0x69, 0x63, 0x69, 0xa4, 0x79, 0xa4, 0x79, 0xa4, 0x71,
    0x63, 0x69, 0xa1, 0x48, 0x49, 0xbb, 0x29, 0xbb, 0x46, 0x92, 0x83, 0x79,
    0x83, 0x79, 0x42, 0x71, 0x22, 0x61, 0x22, 0x61, 0x22, 0x61, 0x63, 0x69,
    0x43, 0x69, 0x63, 0x69, 0x83, 0x71, 0x84, 0x71, 0x83, 0x71, 0x83, 0x71,
    0x63, 0x69, 0x63, 0x69, 0x83, 0x71, 0xa4, 0x79, 0xc4, 0x81, 0xe5, 0x89,
    0x05, 0x8a, 0x45, 0x92, 0x46, 0x9a, 0x25, 0x92, 0xe5, 0x89, 0xa4, 0x79,
    0x22, 0x61, 0x81, 0x40, 0xa1, 0x40, 0xe1, 0x50, 0x22, 0x61, 0x83, 0x71,
    0xc4, 0x81, 0x05, 0x8a, 0x45, 0x9a, 0x86, 0xa2, 0x86, 0xa2, 0xa7, 0xb2,
    0xc9, 0xd3, 0x68, 0xcb, 0xe3, 0x89, 0x03, 0x8a, 0x01, 0x59, 0xe1, 0x58,
    0x02, 0x59, 0x02, 0x59, 0x02, 0x59, 0x02, 0x51, 0xe1, 0x50, 0xe1, 0x48,
    0x22, 0x51, 0x22, 0x59, 0x02, 0x59, 0x02, 0x51, 0xc1, 0x48, 0xc1, 0x50,
    0x42, 0x61, 0x63, 0x69, 0xa4, 0x79, 0xc4, 0x81, 0xe5, 0x81, 0x05, 0x8a,
    0x25, 0x8a, 0x25, 0x8a, 0x26, 0x8a, 0xe5, 0x81, 0xe5, 0x81, 0xe4, 0x81,
    0xc5, 0x81, 0xc4, 0x79, 0xc4, 0x79, 0xa4, 0x79, 0xc4, 0x79, 0xa4, 0x79,
    0xa4, 0x79, 0xa4, 0x71, 0xc4, 0x79, 0x83, 0x71, 0x83, 0x71, 0x42, 0x61,
    0x22, 0x59, 0x02, 0x59, 0xe1, 0x48, 0xa1, 0x40, 0x81, 0x38, 0x20, 0x28,
    0x00, 0x20, 0x40, 0x30, 0xa1, 0x40, 0xc1, 0x48, 0xe1, 0x50, 0xe1, 0x58,
    0x63, 0x69, 0x83, 0x79, 0xa3, 0x79, 0x83, 0x79, 0xc6, 0xaa, 0xe6, 0xaa,
    0x44, 0x92, 0xa5, 0xa2, 0x22, 0x61, 0x22, 0x61, 0x22, 0x61, 0xc1, 0x48,
    0xa1, 0x38, 0x60, 0x38, 0x61, 0x30, 0x60, 0x30, 0x40, 0x30, 0x81, 0x38,
    0x22, 0x61, 0xa3, 0x79, 0x05, 0x8a, 0x86, 0xa2, 0xc4, 0x81, 0xc1, 0x48,
    0x20, 0x28, 0x20, 0x20, 0x20, 0x28, 0x41, 0x28, 0x81, 0x38, 0xe1, 0x50,
    0x02, 0x61, 0x42, 0x69, 0x83, 0x71, 0xe4, 0x81, 0x04, 0x8a, 0x66, 0x9a,
    0xc4, 0x81, 0xe1, 0x48, 0x80, 0x40, 0xc1, 0x48, 0xc1, 0x40, 0x60, 0x38,
    0x80, 0x38, 0x62, 0x71, 0xe4, 0x89, 0xc4, 0x81, 0x62, 0x71, 0x40, 0x28,
    0x20, 0x20, 0xa3, 0x71, 0xa3, 0x79, 0x62, 0x71, 0xa3, 0x79, 0x24, 0x92,
    0x86, 0xa2, 0x44, 0x9a, 0x65, 0x9a, 0x25, 0x8a, 0xc1, 0x40, 0x04, 0x8a,
    0x66, 0x9a, 0x45, 0x92, 0x45, 0x9a, 0x26, 0x82, 0x20, 0x18, 0x40, 0x20,
    0xe1, 0x50, 0xa3, 0x79, 0xc4, 0x81, 0x25, 0x92, 0x66, 0x9a, 0xc4, 0x81,
    0xe4, 0x81, 0xe4, 0x81, 0x05, 0x8a, 0x46, 0x92, 0x66, 0x9a, 0x46, 0x92,
    0x83, 0x61, 0x81, 0x18, 0x82, 0x18, 0x82, 0x18, 0xa2, 0x10, 0x81, 0x18,
    0xa2, 0x10, 0x82, 0x10, 0x82, 0x10, 0x82, 0x10, 0x82, 0x18, 0x82, 0x10,
    0xa2, 0x18, 0x82, 0x10, 0x81, 0x10, 0x81, 0x18, 0x81, 0x10, 0x81, 0x10,
    0xa2, 0x18, 0xa2, 0x18, 0x82, 0x10, 0xa2, 0x18, 0xa2, 0x18, 0xa2, 0x18,
    0xa2, 0x10, 0xa2, 0x18, 0xa2, 0x18, 0xa2, 0x10, 0xc2, 0x18, 0xa2, 0x18,
    0xc3, 0x18, 0xc2, 0x18, 0xc2, 0x20, 0xc3, 0x20, 0x67, 0x7a, 0x0c, 0xe4,
    0x0c, 0xdc, 0x0c, 0xe4, 0x2c, 0xe4, 0x2c, 0xe4, 0xeb, 0xdb, 0xcb, 0xdb,
    0x6a, 0xcb, 0x08, 0xbb, 0x86, 0xa2, 0x25, 0x92, 0xe4, 0x89, 0x46, 0x9a,
    0x28, 0xc3, 0xaa, 0xd3, 0xcb, 0xdb, 0xeb, 0xdb, 0xcb, 0xdb, 0x49, 0xc3,
    0xc8, 0xb2, 0xc4, 0x79, 0x67, 0x9a, 0x8a, 0xcb, 0x28, 0xbb, 0xe5, 0x89,
    0x43, 0x69, 0x02, 0x59, 0x22, 0x59, 0x43, 0x61, 0x63, 0x71, 0x84, 0x71,
    0x63, 0x69, 0xe1, 0x50, 0x09, 0xab, 0x29, 0xc3, 0x66, 0xa2, 0x83, 0x79,
    0x62, 0x71, 0x42, 0x69, 0x42, 0x69, 0x22, 0x61, 0x42, 0x61, 0x43, 0x69,
    0x63, 0x69, 0x83, 0x71, 0x84, 0x71, 0x83, 0x71, 0x83, 0x71, 0x83, 0x71,
    0x63, 0x71, 0x83, 0x71, 0x83, 0x71, 0x83, 0x79, 0xc4, 0x79, 0xe4, 0x81,
    0x05, 0x92, 0x25, 0x92, 0x46, 0x9a, 0x46, 0x9a, 0x05, 0x8a, 0xe4, 0x81,
    0x63, 0x69, 0xa1, 0x48, 0x80, 0x38, 0xa1, 0x48, 0x01, 0x59, 0x42, 0x69,
    0x83, 0x79, 0xe4, 0x89, 0x05, 0x92, 0x46, 0x9a, 0x66, 0xa2, 0xa7, 0xaa,
    0x2a, 0xe4, 0x27, 0xbb, 0x23, 0x92, 0x64, 0x9a, 0x42, 0x69, 0xe1, 0x58,
    0xe1, 0x50, 0xe1, 0x50, 0xe2, 0x50, 0xe1, 0x50, 0xc1, 0x48, 0xe1, 0x48,
    0xe2, 0x50, 0x02, 0x51, 0x22, 0x59, 0x43, 0x61, 0x43, 0x61, 0x63, 0x69,
    0x22, 0x61, 0x22, 0x61, 0x02, 0x59, 0x22, 0x61, 0x83, 0x71, 0x83, 0x71,
    0x83, 0x71, 0x83, 0x71, 0xa3, 0x79, 0xa4, 0x79, 0xa3, 0x79, 0xc4, 0x79,
    0xa4, 0x79, 0xa4, 0x79, 0x83, 0x79, 0x83, 0x71, 0x63, 0x71, 0x42, 0x69,
    0x42, 0x69, 0x21, 0x61, 0x01, 0x59, 0xe1, 0x58, 0xe1, 0x50, 0xc1, 0x50,
    0xc1, 0x48, 0xa1, 0x40, 0x81, 0x40, 0x40, 0x30, 0x20, 0x28, 0x20, 0x28,
    0x40, 0x28, 0x81, 0x38, 0xa1, 0x40, 0xc1, 0x48, 0xe1, 0x50, 0x02, 0x61,
    0x63, 0x71, 0x83, 0x71, 0xc4, 0x81, 0xc3, 0x81, 0x27, 0xbb, 0xa6, 0xa2,
    0x23, 0x92, 0x44, 0x92, 0x42, 0x69, 0x42, 0x61, 0x42, 0x61, 0xe1, 0x50,
    0xa1, 0x40, 0x80, 0x38, 0x60, 0x30, 0x20, 0x30, 0x40, 0x30, 0xa1, 0x40,
    0x43, 0x61, 0xa3, 0x79, 0x25, 0x92, 0x66, 0xa2, 0x83, 0x71, 0xc1, 0x40,
    0x40, 0x28, 0x20, 0x28, 0x21, 0x28, 0x40, 0x28, 0x81, 0x38, 0xe1, 0x50,
    0x22, 0x61, 0x62, 0x71, 0x83, 0x79, 0xe4, 0x89, 0xe4, 0x89, 0x66, 0xa2,
    0xc4, 0x81, 0xc1, 0x48, 0xa1, 0x40, 0xc1, 0x48, 0xc1, 0x48, 0x81, 0x38,
    0xa1, 0x40, 0x63, 0x71, 0x04, 0x8a, 0x04, 0x8a, 0x83, 0x71, 0x20, 0x20,
    0x21, 0x18, 0x62, 0x69, 0xa3, 0x79, 0x83, 0x79, 0xc3, 0x81, 0x25, 0x9a,
    0x86, 0xa2, 0x24, 0x9a, 0x45, 0x9a, 0x25, 0x8a, 0xa1, 0x40, 0xe4, 0x89,
    0x66, 0x9a, 0x66, 0x9a, 0x86, 0xa2, 0xa4, 0x69, 0x00, 0x18, 0x61, 0x30,
    0x63, 0x69, 0xe4, 0x89, 0xe4, 0x89, 0x25, 0x92, 0x46, 0x92, 0xc4, 0x81,
    0xc4, 0x81, 0x04, 0x8a, 0x25, 0x92, 0x66, 0x9a, 0x46, 0x9a, 0x45, 0x92,
    0xe4, 0x81, 0x82, 0x20, 0x81, 0x18, 0xa2, 0x18, 0xa2, 0x18, 0x81, 0x18,
    0xa1, 0x10, 0xa1, 0x18, 0x82, 0x18, 0x81, 0x10, 0xa1, 0x10, 0x81, 0x10,
    0x81, 0x10, 0x81, 0x10, 0x82, 0x10, 0x81, 0x10, 0x81, 0x10, 0x82, 0x10,
    0xa2, 0x10, 0xa2, 0x18, 0xa2, 0x10, 0xa2, 0x18, 0x82, 0x10, 0xa2, 0x18,
    0xa2, 0x18, 0xa2, 0x18, 0xa2, 0x18, 0xa2, 0x18, 0xa2, 0x18, 0xc3, 0x18,
    0xc2, 0x18, 0xc2, 0x20, 0xc3, 0x20, 0xc2, 0x20, 0xe9, 0x9a, 0x2c, 0xe4,
    0xec, 0xdb, 0x0c, 0xdc, 0x4d, 0xec, 0x2d, 0xec, 0x2c, 0xe4, 0xeb, 0xdb,
    0xcb, 0xdb, 0x29, 0xc3, 0xc7, 0xaa, 0x25, 0x92, 0xa3, 0x81, 0xa4, 0x79,
    0x66, 0x9a, 0x28, 0xc3, 0x8a, 0xd3, 0xcb, 0xdb, 0xcb, 0xdb, 0xab, 0xdb,
    0x8a, 0xcb, 0xc7, 0xaa, 0xa4, 0x79, 0xc8, 0xaa, 0x8a, 0xcb, 0xe8, 0xb2,
    0xc4, 0x79, 0x22, 0x61, 0xe1, 0x58, 0x02, 0x51, 0x23, 0x61, 0x63, 0x69,
    0x63, 0x69, 0x43, 0x61, 0xa7, 0x9a, 0x49, 0xc3, 0x87, 0xa2, 0xc4, 0x81,
    0x84, 0x79, 0x63, 0x71, 0x42, 0x69, 0x22, 0x61, 0x22, 0x61, 0x43, 0x69,
    0x63, 0x69, 0x63, 0x71, 0xa4, 0x79, 0x83, 0x79, 0x84, 0x79, 0x84, 0x79,
    0x83, 0x71, 0x83, 0x71, 0x83, 0x71, 0x84, 0x79, 0xa4, 0x79, 0xe5, 0x89,
    0x25, 0x92, 0x25, 0x92, 0x45, 0x9a, 0x66, 0x9a, 0x45, 0x9a, 0x05, 0x8a,
    0xa3, 0x79, 0x02, 0x51, 0x80, 0x38, 0x80, 0x40, 0xe1, 0x50, 0x42, 0x69,
    0x83, 0x79, 0xe4, 0x89, 0x05, 0x8a, 0x45, 0x92, 0x66, 0xa2, 0x86, 0xa2,
    0x48, 0xc3, 0xe9, 0xd3, 0x44, 0x9a, 0x24, 0x92, 0x83, 0x71, 0x02, 0x59,
    0xc1, 0x50, 0xc1, 0x50, 0xe1, 0x50, 0xe1, 0x48, 0xc1, 0x48, 0xe2, 0x50,
    0xe1, 0x48, 0xe1, 0x50, 0xe1, 0x50, 0x22, 0x59, 0x22, 0x59, 0x43, 0x69,
    0x84, 0x71, 0xa4, 0x71, 0xc4, 0x81, 0xe4, 0x81, 0xa4, 0x79, 0xa3, 0x79,
    0xa4, 0x79, 0x83, 0x71, 0x42, 0x69, 0x42, 0x69, 0x42, 0x69, 0x42, 0x69,
    0x22, 0x69, 0x42, 0x69, 0x62, 0x71, 0x42, 0x69, 0x62, 0x69, 0x83, 0x71,
    0x63, 0x69, 0x42, 0x61, 0x22, 0x61, 0x42, 0x61, 0x43, 0x61, 0x22, 0x61,
    0x22, 0x61, 0x02, 0x51, 0xc1, 0x48, 0xc1, 0x40, 0x81, 0x30, 0x40, 0x28,
    0x40, 0x28, 0x40, 0x30, 0x81, 0x38, 0xc1, 0x48, 0x02, 0x59, 0x22, 0x61,
    0x62, 0x69, 0xc4, 0x81, 0xe4, 0x81, 0xc3, 0x81, 0xc6, 0xa2, 0x64, 0x9a,
    0x44, 0x92, 0xe6, 0xaa, 0x42, 0x69, 0x43, 0x69, 0x42, 0x69, 0xe1, 0x50,
    0xa1, 0x40, 0x81, 0x38, 0x60, 0x30, 0x20, 0x30, 0x60, 0x30, 0xc1, 0x48,
    0x83, 0x71, 0xc4, 0x81, 0x45, 0x9a, 0x46, 0x9a, 0xa3, 0x79, 0xa1, 0x40,
    0x20, 0x28, 0x40, 0x28, 0x40, 0x28, 0x60, 0x30, 0xa1, 0x40, 0x01, 0x59,
    0x42, 0x69, 0x83, 0x71, 0xa3, 0x79, 0xe4, 0x89, 0x04, 0x8a, 0xa6, 0xaa,
    0xe4, 0x81, 0xe1, 0x48, 0xa1, 0x48, 0x02, 0x51, 0xe1, 0x48, 0x80, 0x38,
    0x81, 0x40, 0x62, 0x71, 0x04, 0x8a, 0xe4, 0x89, 0xc3, 0x79, 0x20, 0x18,
    0x21, 0x18, 0x63, 0x69, 0xc4, 0x81, 0x82, 0x79, 0xc3, 0x81, 0x04, 0x92,
    0x66, 0xa2, 0x45, 0x9a, 0x65, 0xa2, 0x46, 0x92, 0xa1, 0x40, 0xe4, 0x81,
    0x45, 0x9a, 0x46, 0x9a, 0x66, 0x9a, 0x81, 0x30, 0x00, 0x18, 0xc1, 0x48,
    0xc4, 0x81, 0x25, 0x92, 0x04, 0x8a, 0x25, 0x92, 0xe4, 0x89, 0xa3, 0x79,
    0xe4, 0x89, 0x45, 0x92, 0x86, 0xa2, 0x66, 0x9a, 0x25, 0x92, 0x25, 0x92,
    0x25, 0x92, 0x43, 0x51, 0xa1, 0x18, 0x81, 0x10, 0x81, 0x10, 0x82, 0x10,
    0x82, 0x10, 0xa2, 0x18, 0x81, 0x10, 0x82, 0x10, 0x82, 0x18, 0x81, 0x10,
    0x81, 0x10, 0x82, 0x18, 0x81, 0x10, 0x81, 0x10, 0x82, 0x10, 0x81, 0x10,
    0xa2, 0x18, 0x82, 0x18, 0xa2, 0x18, 0xa2, 0x18, 0xa2, 0x10, 0xa2, 0x18,
    0xa2, 0x18, 0xa2, 0x18, 0xa2, 0x18, 0xa2, 0x18, 0xc2, 0x18, 0xa2, 0x18,
    0xa2, 0x18, 0xc2, 0x20, 0xc2, 0x20, 0xc2, 0x20, 0x6b, 0xbb, 0x0c, 0xe4,
    0xec, 0xdb, 0x0c, 0xe4, 0x2c, 0xe4, 0x2c, 0xe4, 0x4d, 0xec, 0x2d, 0xec,
    0xec, 0xdb, 0x69, 0xcb, 0xe8, 0xb2, 0x66, 0x9a, 0xc4, 0x81, 0x63, 0x71,
    0xa4, 0x79, 0x86, 0xa2, 0x49, 0xc3, 0x49, 0xcb, 0xaa, 0xd3, 0xcb, 0xdb,
    0xaa, 0xd3, 0x49, 0xc3, 0xa7, 0xaa, 0x63, 0x71, 0x08, 0xb3, 0x8a, 0xcb,
    0x87, 0xa2, 0x83, 0x71, 0x01, 0x59, 0xc1, 0x48, 0xc1, 0x48, 0x22, 0x59,
    0x43, 0x61, 0x23, 0x61, 0x26, 0x8a, 0x8a, 0xcb, 0xc8, 0xb2, 0xc4, 0x81,
    0x83, 0x71, 0x63, 0x71, 0x42, 0x69, 0x22, 0x61, 0x42, 0x61, 0x42, 0x69,
    0x63, 0x71, 0x83, 0x71, 0xa4, 0x79, 0x83, 0x71, 0x83, 0x79, 0x84, 0x71,
    0x83, 0x71, 0x84, 0x79, 0x83, 0x71, 0x83, 0x71, 0xc4, 0x81, 0xe5, 0x89,
    0x05, 0x8a, 0x46, 0x9a, 0x46, 0x9a, 0x66, 0x9a, 0x46, 0x9a, 0x46, 0x9a,
    0xc4, 0x81, 0x43, 0x61, 0xa1, 0x40, 0x60, 0x38, 0xa1, 0x40, 0x02, 0x59,
    0x63, 0x71, 0xa3, 0x79, 0x05, 0x8a, 0x05, 0x92, 0x45, 0x9a, 0x66, 0xa2,
    0x07, 0xbb, 0x88, 0xcb, 0xe6, 0xaa, 0xe3, 0x81, 0xe3, 0x81, 0x02, 0x59,
    0xc1, 0x50, 0xc1, 0x48, 0xc1, 0x48, 0xc1, 0x48, 0xc1, 0x48, 0xc1, 0x48,
    0xe2, 0x50, 0xe1, 0x50, 0xe1, 0x50, 0x02, 0x59, 0x22, 0x59, 0x42, 0x61,
    0x63, 0x69, 0x83, 0x71, 0xa4, 0x79, 0xa4, 0x79, 0xc4, 0x81, 0x05, 0x8a,
    0x05, 0x8a, 0xe5, 0x89, 0x05, 0x8a, 0x05, 0x8a, 0xc4, 0x81, 0xe4, 0x81,
    0x05, 0x8a, 0x05, 0x8a, 0xe4, 0x81, 0xc4, 0x81, 0xa4, 0x79, 0xe4, 0x81,
    0xc4, 0x81, 0xa4, 0x79, 0xc4, 0x79, 0x83, 0x71, 0x84, 0x71, 0x63, 0x69,
    0x63, 0x61, 0x22, 0x61, 0x02, 0x51, 0xa1, 0x40, 0x61, 0x30, 0x20, 0x28,
    0x20, 0x28, 0x81, 0x40, 0xc1, 0x48, 0xe1, 0x50, 0x02, 0x51, 0x22, 0x59,
    0x42, 0x69, 0xa3, 0x79, 0xe4, 0x89, 0xe4, 0x89, 0x44, 0x92, 0xe6, 0xaa,
    0x65, 0x9a, 0xc6, 0xaa, 0x82, 0x71, 0x83, 0x71, 0x42, 0x69, 0x01, 0x51,
    0xa1, 0x40, 0x81, 0x38, 0x40, 0x30, 0x20, 0x28, 0x61, 0x30, 0xe1, 0x48,
    0x83, 0x71, 0xc4, 0x81, 0x45, 0x9a, 0x65, 0x9a, 0x63, 0x71, 0xa1, 0x40,
    0x40, 0x30, 0x41, 0x28, 0x40, 0x30, 0x61, 0x38, 0xc1, 0x48, 0x21, 0x59,
    0x62, 0x69, 0x83, 0x79, 0xc4, 0x81, 0x04, 0x8a, 0x04, 0x92, 0x86, 0xa2,
    0xe3, 0x89, 0xe1, 0x50, 0xe1, 0x50, 0x02, 0x59, 0xe1, 0x50, 0x80, 0x38,
    0x81, 0x40, 0x83, 0x71, 0xe4, 0x89, 0xe4, 0x89, 0x83, 0x71, 0x40, 0x20,
    0x20, 0x10, 0x62, 0x69, 0xe4, 0x81, 0xa3, 0x81, 0xc3, 0x89, 0x44, 0x9a,
    0x86, 0xa2, 0x45, 0x9a, 0x65, 0x9a, 0x46, 0x92, 0x81, 0x38, 0xe4, 0x81,
    0x25, 0x92, 0x04, 0x92, 0x25, 0x8a, 0x20, 0x20, 0x20, 0x20, 0x42, 0x69,
    0x04, 0x8a, 0x05, 0x8a, 0xe4, 0x89, 0x05, 0x8a, 0xa4, 0x81, 0x04, 0x8a,
    0x25, 0x92, 0x66, 0x9a, 0xa7, 0xa2, 0x25, 0x92, 0x04, 0x8a, 0x25, 0x92,
    0x45, 0x92, 0xa4, 0x71, 0x82, 0x18, 0x82, 0x18, 0x81, 0x10, 0x82, 0x10,
    0x82, 0x18, 0x81, 0x10, 0x82, 0x10, 0x82, 0x18, 0x82, 0x10, 0x81, 0x10,
    0x82, 0x10, 0x82, 0x10, 0x81, 0x10, 0x81, 0x10, 0x82, 0x10, 0x82, 0x10,
    0x82, 0x18, 0xa2, 0x10, 0xa2, 0x18, 0xa2, 0x18, 0xa2, 0x18, 0xa2, 0x10,
    0xa2, 0x18, 0xa2, 0x18, 0xa2, 0x18, 0xa2, 0x18, 0xa2, 0x18, 0xa3, 0x18,
    0xc3, 0x18, 0xc2, 0x20, 0xc2, 0x20, 0xc2, 0x20, 0xec, 0xcb, 0x0c, 0xe4,
    0xec, 0xdb, 0xec, 0xe3, 0xeb, 0xe3, 0x2c, 0xe4, 0x6d, 0xec, 0x4d, 0xec,
    0x0c, 0xe4, 0xcb, 0xdb, 0x29, 0xc3, 0x87, 0xa2, 0x05, 0x8a, 0x83, 0x71,
    0x01, 0x61, 0xc4, 0x79, 0x87, 0xa2, 0x28, 0xbb, 0x69, 0xcb, 0xcb, 0xdb,
    0xcb, 0xdb, 0x8a, 0xd3, 0x49, 0xc3, 0x86, 0xa2, 0xa4, 0x71, 0x6a, 0xc3,
    0x49, 0xc3, 0x46, 0x92, 0x43, 0x69, 0xc1, 0x50, 0x80, 0x40, 0xc1, 0x40,
    0x02, 0x59, 0x22, 0x59, 0xa4, 0x71, 0x8a, 0xd3, 0x08, 0xbb, 0x05, 0x8a,
    0x83, 0x71, 0x62, 0x71, 0x42, 0x69, 0x42, 0x69, 0x22, 0x61, 0x63, 0x69,
    0x83, 0x71, 0x83, 0x71, 0xa4, 0x79, 0xa4, 0x79, 0xa3, 0x79, 0xa4, 0x79,
    0xa4, 0x79, 0xa4, 0x79, 0x84, 0x79, 0x84, 0x79, 0xc4, 0x79, 0xe4, 0x81,
    0x05, 0x92, 0x46, 0x9a, 0x46, 0x9a, 0x45, 0x9a, 0x46, 0x9a, 0x46, 0x9a,
    0x05, 0x8a, 0x63, 0x69, 0xc2, 0x48, 0x60, 0x38, 0x61, 0x38, 0xe1, 0x50,
    0x42, 0x69, 0xa3, 0x79, 0xe4, 0x89, 0x25, 0x92, 0x45, 0x92, 0x45, 0x9a,
    0xe7, 0xb2, 0x2a, 0xe4, 0xa5, 0xaa, 0x24, 0x92, 0x24, 0x8a, 0x42, 0x61,
    0xe1, 0x50, 0xc1, 0x50, 0xc1, 0x48, 0xc1, 0x48, 0xc1, 0x48, 0xc1, 0x48,
    0xc1, 0x48, 0x02, 0x51, 0x22, 0x59, 0x22, 0x59, 0x22, 0x61, 0x42, 0x61,
    0x63, 0x69, 0x83, 0x71, 0x83, 0x71, 0xa4, 0x79, 0xc4, 0x79, 0xc4, 0x81,
    0x05, 0x8a, 0xe4, 0x81, 0xe5, 0x89, 0x05, 0x8a, 0x05, 0x8a, 0x25, 0x92,
    0x25, 0x92, 0x05, 0x8a, 0x05, 0x8a, 0xc4, 0x81, 0xc4, 0x81, 0xe4, 0x81,
    0xc4, 0x81, 0xc4, 0x79, 0x83, 0x79, 0xa4, 0x71, 0x83, 0x71, 0x63, 0x69,
    0x22, 0x61, 0x02, 0x59, 0xc1, 0x48, 0x80, 0x38, 0x60, 0x30, 0x81, 0x38,
    0xa1, 0x40, 0x02, 0x51, 0x02, 0x51, 0xe1, 0x50, 0xc1, 0x50, 0xe1, 0x50,
    0x22, 0x61, 0xa3, 0x81, 0xe4, 0x89, 0xc4, 0x81, 0x65, 0x9a, 0x07, 0xb3,
    0x44, 0x9a, 0x24, 0x92, 0xa3, 0x79, 0x83, 0x79, 0x83, 0x71, 0x02, 0x59,
    0xc1, 0x40, 0x60, 0x38, 0x20, 0x28, 0x20, 0x28, 0x61, 0x38, 0x02, 0x59,
    0xa4, 0x79, 0xe4, 0x81, 0x66, 0x9a, 0x66, 0x9a, 0x63, 0x71, 0xa1, 0x40,
    0x60, 0x30, 0x61, 0x30, 0x61, 0x30, 0x80, 0x38, 0xc1, 0x48, 0x42, 0x69,
    0x62, 0x71, 0xa3, 0x79, 0xc4, 0x81, 0x04, 0x92, 0x25, 0x92, 0xa6, 0xaa,
    0xc3, 0x81, 0xe1, 0x50, 0xe1, 0x50, 0x22, 0x59, 0x02, 0x59, 0xa1, 0x38,
    0xa1, 0x40, 0x62, 0x71, 0xe4, 0x89, 0x04, 0x8a, 0xa3, 0x79, 0x41, 0x20,
    0x20, 0x10, 0x42, 0x61, 0xe4, 0x89, 0xc3, 0x89, 0x04, 0x8a, 0x45, 0x9a,
    0x86, 0xa2, 0x45, 0x9a, 0x65, 0xa2, 0x25, 0x92, 0x60, 0x30, 0xa3, 0x79,
    0x45, 0x92, 0x66, 0x9a, 0xa4, 0x71, 0x00, 0x10, 0x81, 0x38, 0xc3, 0x81,
    0x05, 0x92, 0x25, 0x92, 0xe4, 0x89, 0xe4, 0x89, 0x04, 0x8a, 0x45, 0x92,
    0x66, 0xa2, 0xc7, 0xaa, 0x86, 0xa2, 0x04, 0x92, 0xe4, 0x89, 0x04, 0x8a,
    0x25, 0x92, 0x25, 0x8a, 0x02, 0x41, 0x82, 0x18, 0x81, 0x18, 0xa2, 0x10,
    0x82, 0x18, 0x82, 0x10, 0xa1, 0x18, 0x81, 0x10, 0x81, 0x10, 0x81, 0x18,
    0x81, 0x10, 0x81, 0x10, 0x82, 0x10, 0x82, 0x10, 0x61, 0x10, 0x61, 0x10,
    0xa2, 0x10, 0xa2, 0x18, 0xa2, 0x10, 0xa2, 0x18, 0xa2, 0x18, 0xa2, 0x18,
    0xa2, 0x18, 0xa2, 0x10, 0xa2, 0x18, 0xa2, 0x18, 0xa2, 0x18, 0xc2, 0x18,
    0xc3, 0x18, 0xc2, 0x20, 0xc2, 0x20, 0x03, 0x31, 0x2d, 0xdc, 0x2c, 0xe4,
    0x0c, 0xe4, 0x0c, 0xe4, 0xeb, 0xdb, 0x0c, 0xe4, 0x4d, 0xec, 0x8e, 0xf4,
    0x4d, 0xec, 0xeb, 0xdb, 0x69, 0xcb, 0xe8, 0xb2, 0x66, 0x9a, 0xc4, 0x81,
    0x42, 0x69, 0x02, 0x59, 0xc4, 0x81, 0x86, 0xa2, 0x08, 0xbb, 0x49, 0xcb,
    0x8a, 0xd3, 0xca, 0xdb, 0xaa, 0xd3, 0x49, 0xc3, 0x45, 0x92, 0x05, 0x8a,
    0x8a, 0xcb, 0x08, 0xbb, 0xe4, 0x81, 0x22, 0x61, 0x81, 0x38, 0x60, 0x38,
    0xc1, 0x48, 0x02, 0x51, 0x22, 0x59, 0xcb, 0xd3, 0x29, 0xbb, 0x25, 0x92,
    0xa4, 0x79, 0x83, 0x79, 0x63, 0x71, 0x43, 0x69, 0x43, 0x69, 0x43, 0x69,
    0x83, 0x71, 0xa4, 0x79, 0xa4, 0x79, 0xa4, 0x79, 0xc4, 0x81, 0xa4, 0x79,
    0xc4, 0x79, 0xa4, 0x79, 0xa4, 0x79, 0xa4, 0x79, 0xa3, 0x79, 0xe4, 0x81,
    0x05, 0x8a, 0x45, 0x92, 0x66, 0x9a, 0x66, 0xa2, 0x86, 0xa2, 0x46, 0x9a,
    0x46, 0x9a, 0xc4, 0x81, 0x22, 0x59, 0xa1, 0x38, 0x40, 0x30, 0xa1, 0x40,
    0x22, 0x61, 0x63, 0x71, 0xa3, 0x79, 0x05, 0x92, 0x25, 0x92, 0x45, 0x9a,
    0x65, 0xa2, 0xc9, 0xd3, 0x07, 0xbb, 0xe3, 0x89, 0x24, 0x8a, 0x63, 0x69,
    0xe2, 0x58, 0xe1, 0x50, 0xe1, 0x50, 0xc1, 0x48, 0xc1, 0x48, 0xc0, 0x48,
    0xe1, 0x50, 0x02, 0x51, 0x22, 0x59, 0x22, 0x61, 0x43, 0x61, 0x42, 0x61,
    0x83, 0x71, 0x83, 0x69, 0xa4, 0x71, 0xa4, 0x79, 0xc4, 0x79, 0xc4, 0x81,
    0xe4, 0x81, 0xe5, 0x81, 0x04, 0x8a, 0x05, 0x8a, 0xe4, 0x81, 0xe4, 0x89,
    0xe5, 0x89, 0xe4, 0x81, 0x04, 0x8a, 0xc4, 0x81, 0xc4, 0x81, 0xc4, 0x81,
    0xc3, 0x79, 0xa4, 0x79, 0xa4, 0x79, 0xa4, 0x71, 0x63, 0x71, 0x42, 0x61,
    0x22, 0x59, 0x02, 0x59, 0xe1, 0x48, 0xc1, 0x48, 0x02, 0x51, 0xe1, 0x50,
    0x22, 0x61, 0x22, 0x61, 0x02, 0x59, 0xc1, 0x50, 0xa1, 0x40, 0xa1, 0x48,
    0x02, 0x59, 0x83, 0x79, 0x05, 0x8a, 0xc4, 0x81, 0xc3, 0x81, 0x64, 0x9a,
    0x64, 0x9a, 0x44, 0x9a, 0x04, 0x8a, 0xa3, 0x79, 0x83, 0x79, 0x02, 0x59,
    0xa1, 0x40, 0x60, 0x30, 0x20, 0x28, 0x20, 0x28, 0x81, 0x38, 0x42, 0x61,
    0xc4, 0x79, 0xe4, 0x89, 0x66, 0xa2, 0x25, 0x92, 0x42, 0x69, 0xa1, 0x38,
    0x80, 0x38, 0x60, 0x30, 0x81, 0x38, 0xa1, 0x40, 0xe1, 0x50, 0x22, 0x61,
    0x83, 0x79, 0xa3, 0x79, 0xe4, 0x89, 0x05, 0x92, 0x25, 0x92, 0xa6, 0xaa,
    0x04, 0x8a, 0x02, 0x59, 0x01, 0x59, 0x42, 0x61, 0x22, 0x59, 0xc1, 0x40,
    0x80, 0x40, 0x62, 0x69, 0x25, 0x92, 0x05, 0x92, 0x83, 0x79, 0x40, 0x20,
    0x00, 0x10, 0x63, 0x69, 0xe4, 0x89, 0xe4, 0x89, 0x04, 0x92, 0x45, 0x9a,
    0x86, 0xa2, 0x65, 0x9a, 0x65, 0x9a, 0x66, 0x9a, 0x41, 0x30, 0x83, 0x71,
    0x45, 0x92, 0x25, 0x92, 0xa1, 0x40, 0x20, 0x10, 0xe1, 0x50, 0xc4, 0x81,
    0x25, 0x92, 0x25, 0x92, 0x04, 0x8a, 0xe4, 0x89, 0x25, 0x92, 0x86, 0xa2,
    0xa7, 0xaa, 0xc7, 0xb2, 0x04, 0x8a, 0xa3, 0x79, 0xc4, 0x81, 0xe4, 0x89,
    0x25, 0x92, 0x45, 0x92, 0xc4, 0x79, 0xa1, 0x20, 0x81, 0x18, 0x82, 0x10,
    0xa1, 0x10, 0x81, 0x10, 0x81, 0x10, 0x81, 0x10, 0x81, 0x10, 0x81, 0x10,
    0x81, 0x10, 0x81, 0x10, 0x82, 0x10, 0x61, 0x10, 0x61, 0x10, 0x82, 0x10,
    0xa2, 0x18, 0x82, 0x18, 0x82, 0x10, 0xa2, 0x18, 0xa2, 0x18, 0x82, 0x18,
    0xa2, 0x18, 0xa2, 0x18, 0xa2, 0x18, 0xa2, 0x18, 0xa2, 0x18, 0xc2, 0x18,
    0xa3, 0x18, 0xc2, 0x20, 0xc3, 0x20, 0xe6, 0x61, 0x4d, 0xec, 0x0c, 0xe4,
    0x2c, 0xe4, 0x0c, 0xe4, 0x0c, 0xe4, 0xcb, 0xdb, 0x0c, 0xe4, 0x4d, 0xec,
    0x4d, 0xec, 0x2c, 0xe4, 0x8a, 0xd3, 0x28, 0xbb, 0xa7, 0xaa, 0x05, 0x8a,
    0x83, 0x71, 0x02, 0x59, 0x02, 0x59, 0xe4, 0x81, 0xc7, 0xaa, 0xc7, 0xb2,
    0x28, 0xc3, 0x8a, 0xd3, 0xaa, 0xd3, 0x8a, 0xd3, 0x08, 0xbb, 0xc4, 0x79,
    0xe8, 0xaa, 0x8a, 0xcb, 0xc7, 0xaa, 0xa4, 0x79, 0xe2, 0x50, 0x40, 0x28,
    0x61, 0x30, 0xe1, 0x48, 0xe1, 0x50, 0x8a, 0xcb, 0x29, 0xbb, 0x66, 0x9a,
    0xa3, 0x79, 0x63, 0x71, 0x63, 0x71, 0x42, 0x69, 0x42, 0x69, 0x63, 0x69,
    0x84, 0x79, 0xa4, 0x79, 0xa4, 0x79, 0xc4, 0x79, 0xa4, 0x79, 0xc4, 0x81,
    0xc4, 0x81, 0xc4, 0x81, 0xc4, 0x79, 0xa3, 0x79, 0xa4, 0x79, 0xc4, 0x81,
    0xe5, 0x89, 0x46, 0x9a, 0x46, 0x9a, 0x66, 0xa2, 0x87, 0xa2, 0x87, 0xa2,
    0x66, 0x9a, 0x05, 0x8a, 0x63, 0x69, 0xc1, 0x48, 0x40, 0x30, 0x60, 0x38,
    0xc1, 0x50, 0x42, 0x61, 0xa3, 0x79, 0xe4, 0x89, 0x05, 0x92, 0x05, 0x92,
    0x45, 0x9a, 0xa9, 0xcb, 0x68, 0xcb, 0xc2, 0x81, 0x24, 0x92, 0x83, 0x71,
    0x02, 0x59, 0xc1, 0x48, 0xc1, 0x48, 0xe1, 0x50, 0xe1, 0x50, 0x02, 0x59,
    0xe1, 0x50, 0xe1, 0x58, 0x02, 0x59, 0x22, 0x59, 0x43, 0x69, 0x43, 0x69,
    0x83, 0x71, 0x84, 0x71, 0xa4, 0x79, 0xc4, 0x79, 0xe4, 0x81, 0xe5, 0x89,
    0xc4, 0x81, 0xe4, 0x81, 0xe4, 0x81, 0x05, 0x8a, 0x25, 0x8a, 0x05, 0x8a,
    0xe5, 0x89, 0x05, 0x8a, 0x05, 0x8a, 0xe4, 0x81, 0xe4, 0x81, 0xe4, 0x81,
    0xc4, 0x81, 0xa4, 0x79, 0xa4, 0x79, 0x83, 0x71, 0x83, 0x71, 0x43, 0x69,
    0x43, 0x61, 0x43, 0x61, 0x22, 0x61, 0x22, 0x61, 0x43, 0x69, 0x42, 0x69,
    0x43, 0x69, 0x42, 0x61, 0x22, 0x59, 0xc1, 0x48, 0x60, 0x30, 0x60, 0x30,
    0xe1, 0x50, 0xa3, 0x79, 0xc4, 0x81, 0x83, 0x79, 0x82, 0x79, 0x27, 0xb3,
    0x64, 0x9a, 0x84, 0xa2, 0x45, 0x92, 0xa3, 0x79, 0x83, 0x71, 0x02, 0x59,
    0xa1, 0x40, 0x40, 0x30, 0x20, 0x20, 0x20, 0x28, 0xa1, 0x40, 0x42, 0x61,
    0xc4, 0x79, 0xe4, 0x89, 0x66, 0x9a, 0x25, 0x92, 0x42, 0x61, 0xa1, 0x40,
    0xa1, 0x38, 0xa0, 0x38, 0xa1, 0x40, 0xc1, 0x48, 0x01, 0x51, 0x62, 0x69,
    0x83, 0x79, 0xa3, 0x81, 0xe4, 0x89, 0x25, 0x92, 0x45, 0x9a, 0xa7, 0xaa,
    0x05, 0x92, 0x02, 0x59, 0x02, 0x59, 0x42, 0x61, 0x42, 0x61, 0xc1, 0x48,
    0x80, 0x40, 0x42, 0x69, 0x04, 0x92, 0x25, 0x92, 0xa3, 0x79, 0x41, 0x28,
    0x00, 0x08, 0x21, 0x59, 0x04, 0x8a, 0x25, 0x92, 0x04, 0x92, 0x65, 0x9a,
    0xa6, 0xaa, 0x66, 0xa2, 0x66, 0xa2, 0x66, 0x92, 0x61, 0x30, 0xa3, 0x71,
    0x45, 0x92, 0xc4, 0x79, 0x20, 0x18, 0x20, 0x28, 0x63, 0x71, 0xe4, 0x89,
    0x25, 0x92, 0x05, 0x8a, 0xe4, 0x89, 0x45, 0x92, 0x86, 0xa2, 0xc7, 0xaa,
    0xe7, 0xb2, 0x86, 0xa2, 0x83, 0x79, 0xa3, 0x81, 0xc4, 0x81, 0xe4, 0x89,
    0x25, 0x92, 0x46, 0x9a, 0x05, 0x8a, 0x43, 0x59, 0x81, 0x18, 0x81, 0x10,
    0x82, 0x18, 0x82, 0x10, 0x82, 0x10, 0x82, 0x18, 0x81, 0x10, 0x81, 0x10,
    0x82, 0x10, 0x82, 0x10, 0x81, 0x10, 0x82, 0x18, 0x81, 0x10, 0x82, 0x10,
    0xa2, 0x18, 0xa2, 0x10, 0xa2, 0x18, 0xa2, 0x18, 0xa2, 0x10, 0xa2, 0x18,
    0xa2, 0x18, 0xa2, 0x18, 0xa2, 0x18, 0xc3, 0x18, 0xa2, 0x18, 0xc2, 0x18,
    0xc2, 0x20, 0xc3, 0x20, 0xc2, 0x20, 0xa8, 0x8a, 0x2d, 0xe4, 0x2c, 0xe4,
    0x2c, 0xe4, 0x0c, 0xe4, 0x0c, 0xe4, 0x0c, 0xe4, 0x2c, 0xe4, 0x2c, 0xec,
    0x6d, 0xec, 0x4d, 0xec, 0xcb, 0xdb, 0x28, 0xc3, 0xe8, 0xb2, 0x46, 0x9a,
    0xc4, 0x81, 0x22, 0x61, 0xc1, 0x50, 0x22, 0x59, 0x05, 0x8a, 0xc7, 0xaa,
    0xe7, 0xb2, 0x28, 0xc3, 0xaa, 0xd3, 0x8a, 0xd3, 0x8a, 0xcb, 0xc7, 0xaa,
    0x63, 0x71, 0x69, 0xc3, 0x69, 0xc3, 0x46, 0x9a, 0x43, 0x69, 0x80, 0x38,
    0x00, 0x20, 0xa1, 0x38, 0xc1, 0x48, 0x29, 0xb3, 0x6a, 0xc3, 0x66, 0x9a,
    0xa4, 0x81, 0x83, 0x79, 0x63, 0x71, 0x63, 0x69, 0x63, 0x69, 0x63, 0x71,
    0xa3, 0x71, 0xa4, 0x79, 0xc4, 0x81, 0xc4, 0x81, 0xc4, 0x81, 0xc4, 0x81,
    0xc4, 0x81, 0xa4, 0x79, 0xa4, 0x79, 0xa3, 0x79, 0xc4, 0x81, 0xe5, 0x89,
    0xe4, 0x89, 0x05, 0x92, 0x46, 0x9a, 0x86, 0xa2, 0x66, 0xa2, 0x66, 0x9a,
    0x87, 0xa2, 0x45, 0x92, 0xa4, 0x79, 0xe1, 0x48, 0x60, 0x30, 0x40, 0x30,
    0xa1, 0x40, 0x22, 0x59, 0x62, 0x71, 0xa3, 0x79, 0xe4, 0x89, 0x05, 0x92,
    0x45, 0x92, 0xe9, 0xd3, 0xc5, 0xb2, 0x64, 0x9a, 0x65, 0x9a, 0x83, 0x71,
    0x01, 0x51, 0xc1, 0x48, 0xc1, 0x48, 0xc1, 0x48, 0xe1, 0x50, 0x02, 0x51,
    0xe1, 0x50, 0x02, 0x59, 0x21, 0x59, 0x22, 0x61, 0x22, 0x61, 0x43, 0x69,
    0x63, 0x69, 0x63, 0x71, 0x83, 0x71, 0xa4, 0x79, 0xc4, 0x81, 0xe4, 0x81,
    0xc4, 0x81, 0xe5, 0x81, 0x05, 0x8a, 0xe5, 0x89, 0x05, 0x8a, 0xe4, 0x81,
    0xe4, 0x81, 0x05, 0x8a, 0xe5, 0x89, 0xe4, 0x81, 0x05, 0x8a, 0xe5, 0x89,
    0xe4, 0x81, 0xe4, 0x81, 0xa4, 0x79, 0xa3, 0x79, 0xa4, 0x79, 0x63, 0x69,
    0x83, 0x71, 0x83, 0x71, 0x62, 0x71, 0x63, 0x71, 0x83, 0x71, 0xa4, 0x79,
    0x63, 0x69, 0x42, 0x61, 0x02, 0x59, 0x81, 0x38, 0x20, 0x28, 0x60, 0x30,
    0xe1, 0x50, 0x83, 0x71, 0xa3, 0x79, 0x83, 0x79, 0xa2, 0x79, 0x68, 0xc3,
    0x64, 0x9a, 0x23, 0x92, 0x24, 0x92, 0xc3, 0x81, 0x63, 0x71, 0x22, 0x59,
    0xa1, 0x40, 0x40, 0x28, 0x00, 0x20, 0x20, 0x28, 0xc1, 0x40, 0x63, 0x69,
    0xc4, 0x81, 0x04, 0x8a, 0x86, 0xa2, 0x25, 0x92, 0x22, 0x61, 0xa1, 0x40,
    0x81, 0x40, 0xa1, 0x40, 0xc1, 0x40, 0xe1, 0x50, 0x01, 0x59, 0x42, 0x71,
    0xa3, 0x79, 0xc4, 0x81, 0x05, 0x92, 0x25, 0x92, 0x25, 0x92, 0xa6, 0xaa,
    0x24, 0x92, 0x01, 0x59, 0x02, 0x61, 0x42, 0x61, 0x63, 0x69, 0x02, 0x59,
    0xa1, 0x40, 0x22, 0x61, 0x04, 0x8a, 0x25, 0x92, 0xc3, 0x79, 0x60, 0x28,
    0x00, 0x08, 0x01, 0x51, 0x04, 0x8a, 0xe4, 0x89, 0x04, 0x92, 0x45, 0x9a,
    0x86, 0xa2, 0x65, 0xa2, 0x66, 0xa2, 0x46, 0x92, 0x60, 0x30, 0xa3, 0x79,
    0x04, 0x8a, 0x22, 0x59, 0x00, 0x10, 0x81, 0x38, 0xc3, 0x81, 0x25, 0x92,
    0x04, 0x92, 0x25, 0x92, 0x04, 0x8a, 0x45, 0x9a, 0xa7, 0xaa, 0xe7, 0xb2,
    0xe7, 0xb2, 0xe4, 0x81, 0x42, 0x69, 0x83, 0x71, 0xc4, 0x81, 0xe4, 0x89,
    0x25, 0x92, 0x65, 0x9a, 0x46, 0x9a, 0xa3, 0x71, 0xe2, 0x38, 0x81, 0x10,
    0x81, 0x18, 0x81, 0x10, 0x81, 0x10, 0x81, 0x10, 0x81, 0x10, 0x81, 0x10,
    0x82, 0x10, 0x81, 0x10, 0x61, 0x10, 0x82, 0x10, 0x81, 0x10, 0x81, 0x10,
    0xa2, 0x10, 0xa2, 0x18, 0xa2, 0x18, 0xa2, 0x10, 0xa2, 0x18, 0xa2, 0x18,
    0xa2, 0x18, 0xa2, 0x18, 0xa2, 0x18, 0xa2, 0x18, 0xa2, 0x18, 0xa2, 0x18,
    0xc2, 0x18, 0xc3, 0x20, 0xc2, 0x28, 0x09, 0xa3, 0x4d, 0xe4, 0x0c, 0xe4,
    0x0c, 0xe4, 0x2c, 0xe4, 0x0c, 0xe4, 0xeb, 0xdb, 0xec, 0xe3, 0xeb, 0xe3,
    0x4d, 0xec, 0x8e, 0xf4, 0x4d, 0xec, 0xab, 0xd3, 0x08, 0xbb, 0xa7, 0xaa,
    0x25, 0x92, 0x83, 0x79, 0x02, 0x59, 0xa0, 0x48, 0x43, 0x69, 0x25, 0x92,
    0xa7, 0xaa, 0xc7, 0xb2, 0x28, 0xc3, 0x69, 0xcb, 0x8a, 0xd3, 0x49, 0xc3,
    0x66, 0x9a, 0xc5, 0x79, 0xcb, 0xd3, 0xe8, 0xb2, 0xc4, 0x79, 0x02, 0x59,
    0x00, 0x20, 0x40, 0x30, 0xa1, 0x40, 0x09, 0xab, 0x69, 0xc3, 0xa7, 0xaa,
    0xc4, 0x81, 0x83, 0x71, 0x83, 0x71, 0x63, 0x71, 0x42, 0x69, 0x83, 0x71,
    0xa4, 0x79, 0xc4, 0x81, 0xc4, 0x81, 0xc4, 0x81, 0xc4, 0x81, 0xe5, 0x81,
    0xe4, 0x81, 0xe4, 0x81, 0xc4, 0x81, 0xa4, 0x81, 0xa4, 0x79, 0xc4, 0x81,
    0xe5, 0x89, 0x45, 0x92, 0x46, 0x9a, 0x87, 0xa2, 0x86, 0xa2, 0x87, 0xa2,
    0x87, 0xa2, 0x46, 0x9a, 0xc4, 0x81, 0x22, 0x59, 0x81, 0x38, 0x40, 0x30,
    0x61, 0x38, 0xe1, 0x50, 0x42, 0x69, 0x83, 0x71, 0xc4, 0x81, 0xe4, 0x89,
    0x05, 0x92, 0x27, 0xbb, 0xea, 0xdb, 0x24, 0x92, 0xe3, 0x81, 0xc3, 0x81,
    0x01, 0x59, 0xc1, 0x48, 0xa1, 0x40, 0xc1, 0x48, 0xe1, 0x50, 0x02, 0x59,
    0x02, 0x59, 0x22, 0x61, 0x22, 0x61, 0x22, 0x61, 0x42, 0x69, 0x63, 0x69,
    0x63, 0x69, 0x83, 0x71, 0xa3, 0x79, 0xa4, 0x79, 0xc4, 0x81, 0xc4, 0x81,
    0xc4, 0x81, 0xe4, 0x89, 0xe4, 0x81, 0x04, 0x8a, 0x05, 0x8a, 0x04, 0x8a,
    0xe4, 0x81, 0xe4, 0x89, 0xe4, 0x89, 0xc4, 0x81, 0xe4, 0x81, 0xe4, 0x81,
    0xe4, 0x81, 0xe4, 0x81, 0xc4, 0x81, 0xc4, 0x79, 0xc4, 0x81, 0xa4, 0x79,
    0xa3, 0x79, 0x83, 0x79, 0x83, 0x79, 0x83, 0x79, 0xa3, 0x79, 0xa4, 0x79,
    0x83, 0x71, 0x42, 0x69, 0xe1, 0x48, 0x40, 0x28, 0x00, 0x20, 0x61, 0x30,
    0x02, 0x59, 0x63, 0x71, 0x83, 0x79, 0x83, 0x79, 0xa3, 0x79, 0xc6, 0xaa,
    0x44, 0x92, 0x44, 0x9a, 0xc6, 0xaa, 0xc3, 0x81, 0x83, 0x71, 0x22, 0x59,
    0xa1, 0x40, 0x20, 0x28, 0x00, 0x20, 0x40, 0x28, 0xe1, 0x50, 0x83, 0x71,
    0xe4, 0x89, 0x04, 0x92, 0x87, 0xa2, 0x25, 0x92, 0x22, 0x61, 0xc1, 0x48,
    0xc1, 0x40, 0xc1, 0x48, 0xc1, 0x48, 0xe1, 0x50, 0x22, 0x59, 0x62, 0x71,
    0xa3, 0x79, 0xc4, 0x81, 0x25, 0x92, 0x25, 0x92, 0x25, 0x92, 0xa7, 0xaa,
    0x04, 0x8a, 0x42, 0x61, 0x42, 0x69, 0x63, 0x69, 0x83, 0x71, 0x22, 0x61,
    0xa0, 0x40, 0x42, 0x61, 0xe4, 0x89, 0x05, 0x92, 0xa3, 0x79, 0x61, 0x28,
    0x00, 0x10, 0x01, 0x51, 0xe4, 0x89, 0x25, 0x92, 0x04, 0x92, 0x24, 0x92,
    0x65, 0x9a, 0x66, 0xa2, 0x66, 0xa2, 0x45, 0x92, 0x60, 0x38, 0xa3, 0x79,
    0x83, 0x71, 0x60, 0x30, 0x20, 0x18, 0x01, 0x51, 0x04, 0x92, 0x45, 0x9a,
    0x25, 0x92, 0x05, 0x92, 0x05, 0x8a, 0x65, 0x9a, 0xe7, 0xb2, 0x08, 0xbb,
    0x45, 0x92, 0x42, 0x69, 0x62, 0x69, 0x82, 0x71, 0xa3, 0x81, 0xe4, 0x89,
    0x25, 0x92, 0x45, 0x92, 0x66, 0x9a, 0xc4, 0x81, 0x63, 0x61, 0xa2, 0x28,
    0x81, 0x18, 0x81, 0x10, 0x81, 0x10, 0x81, 0x10, 0x62, 0x10, 0x81, 0x10,
    0x81, 0x18, 0x61, 0x10, 0x82, 0x10, 0x81, 0x10, 0x81, 0x10, 0x81, 0x10,
    0x82, 0x18, 0x82, 0x18, 0xa2, 0x10, 0x82, 0x18, 0xa2, 0x18, 0xa2, 0x18,
    0xa2, 0x18, 0xa2, 0x18, 0x82, 0x18, 0xa3, 0x18, 0xa2, 0x18, 0xa2, 0x18,
    0xc2, 0x20, 0xc2, 0x20, 0xc2, 0x28, 0x6b, 0xb3, 0x2d, 0xe4, 0x0c, 0xe4,
    0x0c, 0xe4, 0x0c, 0xe4, 0xeb, 0xe3, 0xcb, 0xdb, 0xcb, 0xdb, 0xeb, 0xe3,
    0x2c, 0xe4, 0x6e, 0xf4, 0x4d, 0xec, 0xeb, 0xdb, 0x69, 0xc3, 0xa7, 0xaa,
    0x46, 0x9a, 0xa4, 0x79, 0x42, 0x69, 0xc1, 0x50, 0xc1, 0x48, 0x83, 0x71,
    0x25, 0x92, 0x86, 0xaa, 0xa7, 0xaa, 0x08, 0xc3, 0x69, 0xcb, 0x69, 0xcb,
    0x08, 0xbb, 0xa4, 0x71, 0xc8, 0xa2, 0x6a, 0xcb, 0x87, 0x9a, 0x63, 0x69,
    0x61, 0x38, 0x20, 0x20, 0x81, 0x38, 0x87, 0x92, 0x69, 0xc3, 0xe8, 0xb2,
    0x05, 0x8a, 0x83, 0x71, 0x63, 0x71, 0x63, 0x71, 0x63, 0x71, 0x63, 0x71,
    0xa4, 0x79, 0xc4, 0x81, 0xc5, 0x81, 0xe5, 0x89, 0xe5, 0x89, 0xe4, 0x81,
    0xe4, 0x89, 0xe4, 0x89, 0xe5, 0x89, 0xc4, 0x81, 0xc4, 0x79, 0xe4, 0x81,
    0x05, 0x8a, 0x05, 0x92, 0x46, 0x9a, 0x87, 0xa2, 0x86, 0xa2, 0xa7, 0xaa,
    0xa7, 0xa2, 0x86, 0xa2, 0x05, 0x8a, 0x63, 0x69, 0xc1, 0x48, 0x60, 0x30,
    0x40, 0x30, 0xa1, 0x40, 0x22, 0x59, 0x63, 0x71, 0xa3, 0x79, 0xe4, 0x89,
    0x05, 0x8a, 0x86, 0xa2, 0xc9, 0xdb, 0xc5, 0xaa, 0x04, 0x8a, 0xe3, 0x81,
    0x02, 0x59, 0xa1, 0x40, 0xa1, 0x40, 0xc1, 0x48, 0x01, 0x51, 0x02, 0x59,
    0x22, 0x61, 0x22, 0x61, 0x22, 0x61, 0x42, 0x61, 0x42, 0x69, 0x43, 0x69,
    0x63, 0x71, 0x83, 0x71, 0xa4, 0x79, 0xa3, 0x79, 0xc4, 0x81, 0xe5, 0x81,
    0xe5, 0x81, 0xe4, 0x89, 0xc4, 0x81, 0x05, 0x8a, 0x05, 0x8a, 0xe5, 0x89,
    0x05, 0x8a, 0x05, 0x8a, 0x05, 0x8a, 0xe4, 0x89, 0xc4, 0x81, 0xe4, 0x89,
    0xe4, 0x81, 0xe4, 0x89, 0xc4, 0x81, 0xc4, 0x81, 0xc4, 0x81, 0xa4, 0x79,
    0xa3, 0x79, 0xa3, 0x81, 0xc4, 0x81, 0xc4, 0x81, 0xc4, 0x81, 0xc4, 0x81,
    0x83, 0x71, 0x43, 0x61, 0xc1, 0x48, 0x20, 0x20, 0x00, 0x20, 0x60, 0x30,
    0x02, 0x59, 0x62, 0x71, 0xa4, 0x79, 0x83, 0x79, 0xa3, 0x79, 0x27, 0xb3,
    0x26, 0xbb, 0x64, 0x9a, 0xe6, 0xaa, 0xe3, 0x89, 0x63, 0x71, 0x01, 0x59,
    0xa1, 0x40, 0x20, 0x20, 0x00, 0x20, 0x40, 0x28, 0x01, 0x51, 0x84, 0x79,
    0xe4, 0x81, 0x45, 0x9a, 0x86, 0xa2, 0x05, 0x8a, 0x22, 0x59, 0xc1, 0x48,
    0xe1, 0x48, 0xe1, 0x48, 0xe1, 0x50, 0xe2, 0x50, 0x22, 0x61, 0x83, 0x71,
    0xc4, 0x81, 0xe4, 0x89, 0x04, 0x92, 0x25, 0x92, 0x25, 0x92, 0xa6, 0xaa,
    0x25, 0x92, 0x42, 0x69, 0x42, 0x69, 0x63, 0x71, 0x83, 0x71, 0x43, 0x69,
    0xc1, 0x48, 0x22, 0x61, 0xe4, 0x89, 0x04, 0x8a, 0xc4, 0x81, 0x81, 0x38,
    0x20, 0x08, 0xe1, 0x48, 0xe4, 0x89, 0x25, 0x9a, 0x25, 0x9a, 0x65, 0xa2,
    0x86, 0xa2, 0x66, 0xa2, 0x86, 0xa2, 0x86, 0x9a, 0x81, 0x40, 0x62, 0x69,
    0x02, 0x59, 0x00, 0x18, 0x61, 0x30, 0x22, 0x61, 0x04, 0x92, 0x25, 0x92,
    0x04, 0x8a, 0x25, 0x92, 0x25, 0x92, 0xa7, 0xaa, 0x48, 0xc3, 0x86, 0xa2,
    0x83, 0x79, 0x21, 0x61, 0x42, 0x69, 0x83, 0x71, 0xa3, 0x79, 0xc3, 0x81,
    0x04, 0x92, 0x45, 0x92, 0x86, 0xa2, 0x04, 0x8a, 0x22, 0x61, 0x43, 0x59,
    0x61, 0x18, 0x61, 0x10, 0x81, 0x10, 0x82, 0x10, 0x81, 0x10, 0x82, 0x10,
    0x81, 0x10, 0x62, 0x10, 0x81, 0x10, 0x81, 0x10, 0x81, 0x10, 0x81, 0x10,
    0x82, 0x18, 0x81, 0x10, 0x82, 0x10, 0x81, 0x10, 0xa2, 0x18, 0x82, 0x18,
    0x82, 0x10, 0x82, 0x18, 0xa2, 0x18, 0xa2, 0x18, 0xa2, 0x18, 0xa2, 0x18,
    0xa3, 0x20, 0xc2, 0x20, 0xc2, 0x28, 0xcc, 0xc3, 0x2d, 0xe4, 0x2c, 0xe4,
    0x2c, 0xe4, 0xec, 0xdb, 0xeb, 0xdb, 0xec, 0xe3, 0xcb, 0xdb, 0xcb, 0xdb,
    0x0c, 0xe4, 0x4d, 0xec, 0x6d, 0xf4, 0x4d, 0xec, 0xcb, 0xdb, 0x08, 0xbb,
    0x87, 0xa2, 0x05, 0x8a, 0x83, 0x71, 0x22, 0x61, 0xc1, 0x48, 0xe1, 0x50,
    0xa3, 0x71, 0x45, 0x9a, 0x86, 0xa2, 0xa6, 0xaa, 0x28, 0xc3, 0x49, 0xcb,
    0x69, 0xcb, 0xc7, 0xaa, 0x23, 0x61, 0x69, 0xc3, 0x49, 0xc3, 0xe4, 0x81,
    0x02, 0x59, 0x00, 0x20, 0x40, 0x28, 0xe5, 0x71, 0x8a, 0xcb, 0x08, 0xbb,
    0x25, 0x92, 0xa3, 0x79, 0x63, 0x71, 0x63, 0x71, 0x63, 0x71, 0x83, 0x71,
    0xa4, 0x79, 0xc4, 0x81, 0xe5, 0x81, 0xe4, 0x81, 0x05, 0x8a, 0x05, 0x8a,
    0x05, 0x8a, 0xe4, 0x89, 0x05, 0x8a, 0xc4, 0x81, 0xc4, 0x81, 0xe4, 0x89,
    0xe4, 0x89, 0x25, 0x92, 0x45, 0x92, 0x66, 0xa2, 0xa7, 0xa2, 0xa7, 0xaa,
    0xa7, 0xaa, 0x86, 0xa2, 0x46, 0x9a, 0xa4, 0x79, 0x02, 0x51, 0x81, 0x40,
    0x40, 0x30, 0x80, 0x38, 0xe1, 0x50, 0x42, 0x69, 0x63, 0x71, 0xa3, 0x79,
    0xe4, 0x89, 0x45, 0x9a, 0x0a, 0xe4, 0xc5, 0xaa, 0xe3, 0x89, 0x24, 0x8a,
    0x01, 0x59, 0xa1, 0x40, 0xa1, 0x40, 0xc1, 0x48, 0x02, 0x59, 0x22, 0x61,
    0x42, 0x61, 0x22, 0x61, 0x42, 0x69, 0x42, 0x69, 0x42, 0x61, 0x63, 0x69,
    0x63, 0x71, 0x83, 0x71, 0x83, 0x71, 0xa3, 0x79, 0xc4, 0x81, 0xc4, 0x81,
    0xe4, 0x81, 0xc4, 0x81, 0xc4, 0x81, 0xe4, 0x89, 0xe4, 0x89, 0xe4, 0x89,
    0xe5, 0x89, 0xe4, 0x81, 0xc4, 0x81, 0xe4, 0x81, 0xe4, 0x81, 0xc4, 0x81,
    0xe4, 0x89, 0xe5, 0x89, 0xe4, 0x81, 0xc4, 0x81, 0xc4, 0x81, 0xc4, 0x81,
    0xa3, 0x79, 0xc4, 0x81, 0xe4, 0x89, 0xe4, 0x89, 0x05, 0x8a, 0xc4, 0x81,
    0x83, 0x71, 0x42, 0x61, 0xa1, 0x40, 0x20, 0x20, 0x00, 0x18, 0x60, 0x30,
    0xe1, 0x50, 0x63, 0x71, 0xa3, 0x79, 0xa4, 0x79, 0xa3, 0x81, 0x68, 0xc3,
    0xe6, 0xb2, 0x23, 0x92, 0x64, 0x9a, 0xe4, 0x89, 0xa3, 0x79, 0x01, 0x59,
    0x81, 0x40, 0x20, 0x20, 0x00, 0x20, 0x61, 0x30, 0x02, 0x59, 0xa3, 0x79,
    0xe4, 0x89, 0x45, 0x9a, 0x66, 0xa2, 0xc4, 0x81, 0x22, 0x59, 0xc1, 0x48,
    0xe1, 0x50, 0xe1, 0x50, 0xe2, 0x50, 0xe1, 0x50, 0x42, 0x61, 0x83, 0x79,
    0xc4, 0x81, 0xe4, 0x89, 0x25, 0x92, 0x05, 0x8a, 0x24, 0x92, 0xa6, 0xaa,
    0x25, 0x92, 0x63, 0x69, 0x62, 0x69, 0x83, 0x71, 0xa4, 0x79, 0x83, 0x69,
    0xc0, 0x50, 0x22, 0x59, 0xa3, 0x79, 0x05, 0x8a, 0xc4, 0x81, 0xa1, 0x38,
    0x00, 0x10, 0xc1, 0x48, 0x04, 0x92, 0x45, 0x9a, 0x45, 0x9a, 0x66, 0xa2,
    0x86, 0xa2, 0x45, 0x9a, 0x45, 0x9a, 0x66, 0x9a, 0xa1, 0x40, 0x22, 0x59,
    0x80, 0x38, 0x20, 0x20, 0xa1, 0x40, 0x02, 0x59, 0x04, 0x92, 0x04, 0x92,
    0x25, 0x92, 0x45, 0x9a, 0x86, 0xa2, 0x28, 0xbb, 0x08, 0xbb, 0xe4, 0x81,
    0x42, 0x69, 0x22, 0x61, 0x42, 0x69, 0x63, 0x71, 0xa3, 0x79, 0xe4, 0x89,
    0x05, 0x92, 0x45, 0x9a, 0x86, 0xa2, 0x25, 0x92, 0xe1, 0x50, 0x42, 0x61,
    0x23, 0x51, 0x81, 0x18, 0x61, 0x18, 0x81, 0x10, 0x81, 0x10, 0x61, 0x10,
    0x81, 0x10, 0x81, 0x10, 0x82, 0x10, 0x81, 0x10, 0x61, 0x10, 0x81, 0x10,
    0x81, 0x10, 0xa2, 0x18, 0xa2, 0x18, 0x82, 0x18, 0x81, 0x10, 0xa2, 0x18,
    0xa2, 0x18, 0xa2, 0x18, 0xa2, 0x18, 0xa2, 0x18, 0xa2, 0x18, 0xa2, 0x18,
    0xa2, 0x18, 0xc3, 0x20, 0xe2, 0x28, 0xec, 0xd3, 0x4d, 0xec, 0x2c, 0xe4,
    0x0c, 0xe4, 0xec, 0xe3, 0xcb, 0xdb, 0xaa, 0xd3, 0xcb, 0xdb, 0xaa, 0xd3,
    0xcb, 0xdb, 0x0c, 0xe4, 0x4d, 0xec, 0x6e, 0xf4, 0x0c, 0xe4, 0x49, 0xc3,
    0xc7, 0xaa, 0x46, 0x9a, 0xc4, 0x81, 0x42, 0x69, 0xe1, 0x58, 0xa1, 0x48,
    0x02, 0x59, 0xc4, 0x79, 0x45, 0x9a, 0x45, 0x9a, 0xa6, 0xaa, 0x28, 0xc3,
    0x6a, 0xcb, 0x49, 0xcb, 0x05, 0x8a, 0x26, 0x82, 0xaa, 0xd3, 0x87, 0xa2,
    0x63, 0x71, 0x40, 0x30, 0x00, 0x20, 0x23, 0x51, 0xaa, 0xd3, 0x29, 0xbb,
    0x46, 0x92, 0xa4, 0x79, 0x83, 0x79, 0x63, 0x71, 0x63, 0x71, 0xa4, 0x79,
    0xc4, 0x79, 0xe4, 0x81, 0xe4, 0x81, 0xe5, 0x89, 0x25, 0x92, 0x05, 0x8a,
    0x05, 0x8a, 0x05, 0x8a, 0x05, 0x8a, 0xc4, 0x81, 0xc4, 0x81, 0x05, 0x8a,
    0x05, 0x8a, 0x05, 0x8a, 0x46, 0x9a, 0x66, 0x9a, 0x86, 0xa2, 0x86, 0xaa,
    0xa7, 0xaa, 0xa7, 0xaa, 0x66, 0x9a, 0x05, 0x8a, 0x43, 0x69, 0xc1, 0x48,
    0x61, 0x38, 0x60, 0x38, 0xc1, 0x40, 0x22, 0x59, 0x42, 0x69, 0x83, 0x79,
    0xa4, 0x79, 0x04, 0x92, 0x2a, 0xe4, 0x06, 0xbb, 0xe3, 0x81, 0x03, 0x8a,
    0x21, 0x59, 0x80, 0x38, 0x80, 0x30, 0xa1, 0x40, 0x22, 0x59, 0x42, 0x61,
    0x22, 0x61, 0x43, 0x69, 0x42, 0x69, 0x63, 0x69, 0x42, 0x69, 0x83, 0x71,
    0x83, 0x71, 0x84, 0x71, 0x83, 0x71, 0xa4, 0x79, 0xa4, 0x79, 0xc4, 0x81,
    0xc4, 0x81, 0xc4, 0x81, 0xe4, 0x81, 0xc4, 0x81, 0xe5, 0x81, 0xe4, 0x81,
    0xe4, 0x89, 0x05, 0x8a, 0xe4, 0x81, 0x05, 0x8a, 0x05, 0x8a, 0xe5, 0x89,
    0xe4, 0x89, 0xe4, 0x89, 0xe4, 0x81, 0xc4, 0x81, 0xc4, 0x81, 0xc4, 0x81,
    0xc4, 0x81, 0xe4, 0x89, 0xe4, 0x89, 0xe4, 0x89, 0xe4, 0x89, 0xe4, 0x81,
    0x83, 0x71, 0x22, 0x59, 0x81, 0x30, 0x00, 0x20, 0x00, 0x20, 0x61, 0x30,
    0xe1, 0x48, 0x22, 0x61, 0x83, 0x71, 0xa3, 0x79, 0xc3, 0x81, 0x65, 0x9a,
    0xa5, 0xaa, 0x64, 0x9a, 0x85, 0xa2, 0x65, 0x9a, 0xa3, 0x79, 0x22, 0x59,
    0x60, 0x38, 0x20, 0x20, 0x20, 0x20, 0x81, 0x38, 0x42, 0x61, 0xa4, 0x79,
    0x04, 0x8a, 0x45, 0x9a, 0x66, 0xa2, 0xc4, 0x81, 0x22, 0x59, 0xe1, 0x50,
    0xe1, 0x50, 0x02, 0x51, 0x02, 0x51, 0x02, 0x59, 0x42, 0x61, 0xa3, 0x81,
    0xe4, 0x89, 0x05, 0x8a, 0x25, 0x92, 0x25, 0x92, 0x25, 0x92, 0xa7, 0xaa,
    0x25, 0x92, 0x62, 0x71, 0x62, 0x71, 0x83, 0x79, 0xa4, 0x79, 0x83, 0x71,
    0xe1, 0x50, 0x22, 0x61, 0xa3, 0x79, 0xe4, 0x89, 0xe4, 0x89, 0xa1, 0x38,
    0x20, 0x10, 0xe1, 0x48, 0x04, 0x8a, 0x45, 0x9a, 0x25, 0x9a, 0x45, 0x9a,
    0x65, 0x9a, 0x45, 0x9a, 0x66, 0xa2, 0x46, 0x92, 0xa0, 0x40, 0xe1, 0x50,
    0x20, 0x20, 0x40, 0x30, 0xa1, 0x40, 0x02, 0x51, 0xe4, 0x89, 0x04, 0x8a,
    0x25, 0x92, 0x45, 0x9a, 0xa6, 0xaa, 0x29, 0xc3, 0x86, 0xa2, 0x63, 0x69,
    0x22, 0x59, 0x01, 0x59, 0x42, 0x61, 0x63, 0x69, 0xc4, 0x79, 0xe4, 0x89,
    0x25, 0x92, 0x45, 0x9a, 0xa6, 0xa2, 0x46, 0x92, 0xe1, 0x48, 0xa0, 0x40,
    0x83, 0x61, 0xe3, 0x38, 0x61, 0x18, 0x61, 0x18, 0x81, 0x10, 0x62, 0x10,
    0x81, 0x18, 0x82, 0x18, 0x82, 0x10, 0x81, 0x10, 0x81, 0x10, 0x82, 0x10,
    0x82, 0x10, 0xa2, 0x18, 0xa2, 0x10, 0x82, 0x10, 0xa1, 0x18, 0xa2, 0x10,
    0x82, 0x18, 0xa2, 0x18, 0xa2, 0x18, 0xa2, 0x18, 0xa2, 0x18, 0xa2, 0x18,
    0xa2, 0x20, 0xc2, 0x20, 0xe3, 0x30, 0x4d, 0xe4, 0x2d, 0xe4, 0x2d, 0xe4,
    0x0c, 0xe4, 0x0c, 0xe4, 0xeb, 0xe3, 0xaa, 0xd3, 0x8a, 0xd3, 0x8a, 0xd3,
    0xaa, 0xd3, 0xeb, 0xe3, 0x4d, 0xec, 0x6d, 0xf4, 0x6d, 0xec, 0xcb, 0xd3,
    0x08, 0xbb, 0x46, 0x9a, 0xc4, 0x81, 0x63, 0x71, 0x22, 0x69, 0xe1, 0x58,
    0xe1, 0x50, 0x22, 0x61, 0xc4, 0x81, 0x25, 0x92, 0x66, 0xa2, 0xc7, 0xb2,
    0x48, 0xcb, 0x69, 0xcb, 0xe7, 0xb2, 0x22, 0x59, 0x29, 0xb3, 0x29, 0xbb,
    0x05, 0x8a, 0xe1, 0x50, 0x00, 0x20, 0x61, 0x30, 0x8a, 0xcb, 0x28, 0xbb,
    0x66, 0x9a, 0xa4, 0x81, 0x83, 0x71, 0x83, 0x71, 0x63, 0x71, 0x83, 0x71,
    0xa4, 0x79, 0xc4, 0x81, 0x05, 0x8a, 0x05, 0x8a, 0x05, 0x8a, 0x25, 0x92,
    0x05, 0x8a, 0x05, 0x92, 0x25, 0x92, 0x05, 0x8a, 0xc4, 0x81, 0xc4, 0x81,
    0xe4, 0x89, 0x25, 0x92, 0x46, 0x9a, 0x66, 0x9a, 0x66, 0xa2, 0xa7, 0xaa,
    0xc7, 0xaa, 0xa7, 0xaa, 0xa7, 0xaa, 0x45, 0x92, 0x83, 0x71, 0x02, 0x59,
    0x81, 0x38, 0x60, 0x38, 0xa1, 0x40, 0xe2, 0x50, 0x22, 0x61, 0x42, 0x69,
    0x63, 0x71, 0xc3, 0x79, 0x68, 0xc3, 0xa8, 0xd3, 0xc2, 0x79, 0x24, 0x8a,
    0x01, 0x51, 0x81, 0x38, 0x40, 0x30, 0xa1, 0x40, 0x01, 0x59, 0x42, 0x61,
    0x42, 0x61, 0x63, 0x69, 0x42, 0x69, 0x43, 0x69, 0x43, 0x69, 0x63, 0x71,
    0x83, 0x71, 0xa4, 0x79, 0x83, 0x71, 0xa4, 0x79, 0xa4, 0x79, 0xa3, 0x79,
    0xc4, 0x81, 0xe4, 0x89, 0xe4, 0x81, 0xe5, 0x89, 0xc4, 0x81, 0xe5, 0x89,
    0xe4, 0x81, 0xe4, 0x81, 0x05, 0x8a, 0xe4, 0x89, 0xe4, 0x89, 0xe4, 0x89,
    0xe5, 0x89, 0xe4, 0x81, 0xc4, 0x81, 0xe4, 0x81, 0xe4, 0x89, 0xe4, 0x81,
    0xe4, 0x89, 0xe4, 0x89, 0x25, 0x92, 0x25, 0x92, 0x05, 0x8a, 0xa4, 0x79,
    0x63, 0x69, 0x02, 0x51, 0x81, 0x38, 0x20, 0x20, 0x20, 0x20, 0x61, 0x30,
    0xc1, 0x48, 0x22, 0x61, 0x63, 0x71, 0xa3, 0x79, 0xe4, 0x81, 0x27, 0xb3,
    0x67, 0xc3, 0x64, 0x9a, 0x85, 0xa2, 0xc6, 0xa2, 0x83, 0x79, 0x02, 0x59,
    0x60, 0x30, 0x00, 0x18, 0x20, 0x28, 0xa1, 0x40, 0x42, 0x61, 0xe4, 0x81,
    0x04, 0x8a, 0x45, 0x9a, 0x66, 0x9a, 0x83, 0x79, 0x01, 0x59, 0xe1, 0x50,
    0x22, 0x59, 0x22, 0x59, 0x22, 0x59, 0x22, 0x59, 0x63, 0x69, 0xa3, 0x81,
    0xe4, 0x89, 0x04, 0x8a, 0x45, 0x92, 0x25, 0x92, 0x25, 0x92, 0x86, 0xa2,
    0x25, 0x92, 0x83, 0x71, 0x62, 0x71, 0x83, 0x79, 0xc3, 0x79, 0xa3, 0x79,
    0x22, 0x61, 0x21, 0x61, 0xa4, 0x79, 0x04, 0x8a, 0xc4, 0x81, 0xc1, 0x40,
    0x00, 0x08, 0xc1, 0x40, 0x04, 0x92, 0x25, 0x9a, 0x24, 0x92, 0x25, 0x9a,
    0x65, 0xa2, 0x45, 0x9a, 0x66, 0x9a, 0x46, 0x92, 0xa0, 0x48, 0xa0, 0x40,
    0x00, 0x18, 0x40, 0x28, 0xa0, 0x38, 0x22, 0x61, 0x04, 0x92, 0x04, 0x92,
    0x45, 0x92, 0x45, 0x9a, 0xc7, 0xaa, 0x08, 0xbb, 0x04, 0x8a, 0x22, 0x59,
    0xe1, 0x50, 0xe1, 0x50, 0x42, 0x61, 0x63, 0x71, 0xc4, 0x81, 0x25, 0x92,
    0x45, 0x9a, 0x45, 0x9a, 0xa6, 0xa2, 0x66, 0x9a, 0xc1, 0x48, 0x20, 0x28,
    0xe1, 0x50, 0xa4, 0x69, 0x81, 0x18, 0x81, 0x10, 0x82, 0x10, 0x82, 0x10,
    0x81, 0x10, 0x81, 0x10, 0x82, 0x10, 0x81, 0x10, 0x81, 0x10, 0x82, 0x10,
    0x81, 0x18, 0x82, 0x10, 0x81, 0x18, 0x82, 0x18, 0xa2, 0x18, 0xa2, 0x18,
    0xa2, 0x18, 0xa2, 0x18, 0xa2, 0x18, 0xa2, 0x18, 0xa2, 0x18, 0xa2, 0x18,
    0xc2, 0x20, 0xc2, 0x20, 0x64, 0x41, 0x4d, 0xec, 0x2d, 0xe4, 0x2d, 0xec,
    0x2c, 0xe4, 0x0c, 0xe4, 0xeb, 0xe3, 0xab, 0xdb, 0xaa, 0xd3, 0x69, 0xcb,
    0x8a, 0xd3, 0xaa, 0xd3, 0xeb, 0xe3, 0x4d, 0xec, 0x6d, 0xec, 0x0c, 0xe4,
    0x49, 0xc3, 0xc7, 0xaa, 0xc4, 0x81, 0x63, 0x71, 0x63, 0x71, 0x42, 0x69,
    0x22, 0x61, 0x01, 0x59, 0x42, 0x69, 0xc4, 0x81, 0xe4, 0x89, 0x25, 0x92,
    0xc7, 0xb2, 0x49, 0xc3, 0x69, 0xcb, 0x25, 0x92, 0xa5, 0x69, 0x8a, 0xcb,
    0xc7, 0xaa, 0x63, 0x69, 0x20, 0x28, 0x20, 0x28, 0x49, 0xbb, 0x29, 0xc3,
    0xa7, 0xa2, 0xc4, 0x81, 0x83, 0x71, 0x63, 0x71, 0x83, 0x71, 0x83, 0x71,
    0xe5, 0x81, 0xc4, 0x81, 0x05, 0x8a, 0x05, 0x8a, 0x25, 0x92, 0x25, 0x92,
    0x25, 0x92, 0x45, 0x92, 0x25, 0x92, 0x05, 0x8a, 0xe4, 0x89, 0xe5, 0x89,
    0x05, 0x8a, 0x05, 0x8a, 0x25, 0x92, 0x45, 0x9a, 0x86, 0xa2, 0xa7, 0xaa,
    0xa7, 0xaa, 0xa7, 0xaa, 0xa7, 0xaa, 0x86, 0xa2, 0xe4, 0x81, 0x42, 0x61,
    0xc1, 0x48, 0x81, 0x38, 0x80, 0x38, 0xe2, 0x50, 0x22, 0x61, 0x43, 0x69,
    0x42, 0x69, 0x83, 0x71, 0x48, 0xbb, 0x67, 0xcb, 0x24, 0x92, 0xe3, 0x81,
    0x82, 0x71, 0x61, 0x30, 0x40, 0x28, 0x81, 0x38, 0x02, 0x51, 0x43, 0x61,
    0x43, 0x69, 0x42, 0x69, 0x63, 0x71, 0x63, 0x71, 0x83, 0x71, 0x63, 0x71,
    0x83, 0x71, 0x83, 0x71, 0xa4, 0x79, 0xa4, 0x79, 0xa3, 0x79, 0xc4, 0x79,
    0xa3, 0x79, 0xc4, 0x81, 0xe4, 0x81, 0xe4, 0x81, 0xe5, 0x89, 0x05, 0x8a,
    0x05, 0x8a, 0x05, 0x8a, 0xc4, 0x81, 0xc4, 0x81, 0xe4, 0x81, 0x05, 0x8a,
    0xe5, 0x89, 0xe4, 0x89, 0xc4, 0x81, 0xe4, 0x89, 0xe4, 0x89, 0xe5, 0x89,
    0x25, 0x92, 0x05, 0x8a, 0x05, 0x92, 0x25, 0x92, 0xe5, 0x89, 0xa3, 0x79,
    0x63, 0x69, 0xe1, 0x50, 0x61, 0x30, 0x40, 0x28, 0x40, 0x28, 0x61, 0x30,
    0xc1, 0x40, 0x01, 0x59, 0x63, 0x71, 0xa3, 0x79, 0xc4, 0x89, 0x65, 0x9a,
    0x65, 0x9a, 0x24, 0x92, 0x02, 0x8a, 0x44, 0x92, 0x82, 0x79, 0xe1, 0x50,
    0x40, 0x30, 0x00, 0x18, 0x20, 0x20, 0xc1, 0x48, 0x83, 0x71, 0xe4, 0x89,
    0x05, 0x8a, 0x66, 0x9a, 0x46, 0x9a, 0xc3, 0x81, 0x22, 0x59, 0x02, 0x59,
    0x22, 0x61, 0x42, 0x61, 0x22, 0x61, 0x22, 0x61, 0x62, 0x71, 0xa3, 0x81,
    0xe4, 0x81, 0x05, 0x92, 0x46, 0x9a, 0x25, 0x92, 0x65, 0x9a, 0x86, 0xaa,
    0x25, 0x92, 0xa3, 0x79, 0x83, 0x71, 0xa3, 0x79, 0xc4, 0x79, 0xc4, 0x81,
    0x42, 0x69, 0x22, 0x61, 0x83, 0x71, 0x04, 0x8a, 0xe4, 0x89, 0xc1, 0x40,
    0x00, 0x10, 0xc1, 0x40, 0xc4, 0x81, 0x25, 0x92, 0x24, 0x92, 0x45, 0x9a,
    0x65, 0xa2, 0x45, 0x9a, 0x66, 0x9a, 0x45, 0x92, 0x80, 0x40, 0x61, 0x30,
    0x00, 0x18, 0x20, 0x28, 0xa1, 0x40, 0x63, 0x69, 0x04, 0x92, 0xe4, 0x89,
    0x45, 0x9a, 0x45, 0x9a, 0x28, 0xbb, 0x66, 0x9a, 0x42, 0x61, 0xa1, 0x40,
    0xc1, 0x48, 0x01, 0x59, 0x63, 0x69, 0xa3, 0x79, 0xe4, 0x89, 0x04, 0x8a,
    0x45, 0x9a, 0x45, 0x9a, 0xa7, 0xa2, 0x45, 0x92, 0xa1, 0x48, 0x20, 0x28,
    0xe2, 0x50, 0x63, 0x69, 0x23, 0x49, 0x81, 0x18, 0x81, 0x18, 0x62, 0x10,
    0x82, 0x10, 0x81, 0x10, 0x61, 0x10, 0x82, 0x18, 0x81, 0x10, 0x81, 0x10,
    0x82, 0x10, 0x81, 0x10, 0xa1, 0x10, 0x82, 0x18, 0x82, 0x10, 0x82, 0x18,
    0xa2, 0x18, 0xa2, 0x18, 0xa2, 0x18, 0xa2, 0x18, 0xa2, 0x18, 0xa2, 0x18,
    0xc2, 0x20, 0xc2, 0x20, 0x06, 0x62, 0x4d, 0xec, 0x2d, 0xe4, 0x2c, 0xe4,
    0x2c, 0xe4, 0x0c, 0xe4, 0x0c, 0xe4, 0xcb, 0xdb, 0x8a, 0xd3, 0x8a, 0xcb,
    0x69, 0xcb, 0x69, 0xcb, 0xaa, 0xd3, 0x0c, 0xe4, 0x4d, 0xf4, 0x4d, 0xec,
    0xcb, 0xdb, 0x29, 0xc3, 0x46, 0x92, 0x63, 0x71, 0x63, 0x71, 0x63, 0x69,
    0x43, 0x69, 0x63, 0x71, 0x42, 0x69, 0x42, 0x69, 0x83, 0x79, 0xe4, 0x81,
    0x45, 0x9a, 0xe7, 0xba, 0x49, 0xc3, 0xe8, 0xb2, 0x43, 0x61, 0xe8, 0xaa,
    0x29, 0xbb, 0xc5, 0x79, 0x81, 0x38, 0x00, 0x20, 0x29, 0xb3, 0x49, 0xc3,
    0xa7, 0xa2, 0xc4, 0x81, 0x83, 0x71, 0x63, 0x71, 0x63, 0x71, 0x84, 0x71,
    0xa4, 0x79, 0xe4, 0x81, 0x05, 0x8a, 0x05, 0x8a, 0x25, 0x92, 0x45, 0x92,
    0x25, 0x92, 0x45, 0x92, 0x25, 0x92, 0x25, 0x92, 0x05, 0x8a, 0x05, 0x8a,
    0x05, 0x8a, 0x25, 0x92, 0x25, 0x92, 0x66, 0x9a, 0x66, 0x9a, 0xa7, 0xaa,
    0xa7, 0xaa, 0xa7, 0xaa, 0xa7, 0xaa, 0x87, 0xa2, 0x25, 0x92, 0x83, 0x79,
    0x02, 0x51, 0xa1, 0x40, 0x80, 0x40, 0xc1, 0x48, 0x02, 0x59, 0x42, 0x61,
    0x22, 0x61, 0x63, 0x69, 0xa6, 0xa2, 0xc9, 0xd3, 0x23, 0x92, 0xc3, 0x79,
    0xc3, 0x79, 0x81, 0x38, 0x20, 0x28, 0x40, 0x30, 0xe1, 0x48, 0x42, 0x61,
    0x63, 0x69, 0x63, 0x71, 0x63, 0x71, 0x63, 0x71, 0x63, 0x71, 0x83, 0x71,
    0x83, 0x71, 0x84, 0x71, 0x83, 0x71, 0xa3, 0x79, 0xa4, 0x79, 0xa4, 0x79,
    0xc4, 0x81, 0xc4, 0x81, 0xc4, 0x81, 0xc4, 0x81, 0xc4, 0x81, 0xe4, 0x81,
    0xe4, 0x89, 0xe4, 0x81, 0xe4, 0x81, 0xe5, 0x89, 0xe4, 0x89, 0xe4, 0x81,
    0xc4, 0x81, 0xe4, 0x81, 0xe4, 0x89, 0xe5, 0x89, 0xe5, 0x89, 0x25, 0x92,
    0x25, 0x92, 0x05, 0x8a, 0x25, 0x92, 0x05, 0x8a, 0xc4, 0x81, 0x83, 0x71,
    0x42, 0x69, 0xe2, 0x50, 0x80, 0x38, 0x61, 0x30, 0x81, 0x38, 0x81, 0x38,
    0xa1, 0x40, 0x01, 0x59, 0x62, 0x69, 0xc4, 0x81, 0xc3, 0x81, 0x04, 0x92,
    0x47, 0xc3, 0x06, 0xb3, 0xe2, 0x81, 0x07, 0xb3, 0xa3, 0x79, 0xc1, 0x48,
    0x20, 0x28, 0x00, 0x18, 0x60, 0x28, 0xe1, 0x50, 0x83, 0x71, 0xe4, 0x81,
    0xe4, 0x89, 0x45, 0x9a, 0x45, 0x9a, 0xa3, 0x79, 0x02, 0x59, 0x22, 0x61,
    0x42, 0x61, 0x43, 0x69, 0x42, 0x61, 0x42, 0x61, 0x63, 0x71, 0xc4, 0x81,
    0xe4, 0x89, 0x05, 0x92, 0x46, 0x9a, 0x25, 0x92, 0x65, 0x9a, 0x86, 0xa2,
    0x25, 0x92, 0xa3, 0x79, 0xa3, 0x79, 0xc4, 0x81, 0xc4, 0x81, 0xc4, 0x81,
    0x83, 0x71, 0x01, 0x59, 0xa3, 0x79, 0x04, 0x8a, 0xe4, 0x81, 0xe1, 0x48,
    0x00, 0x08, 0xc1, 0x40, 0xc3, 0x81, 0x04, 0x92, 0x24, 0x92, 0x65, 0x9a,
    0x25, 0x9a, 0x24, 0x92, 0x45, 0x9a, 0x04, 0x8a, 0x40, 0x30, 0x40, 0x20,
    0x00, 0x18, 0x40, 0x28, 0xc1, 0x40, 0xa3, 0x79, 0x04, 0x92, 0x04, 0x92,
    0x45, 0x9a, 0xa7, 0xaa, 0x28, 0xbb, 0xe4, 0x81, 0xe2, 0x50, 0x80, 0x38,
    0xe1, 0x50, 0x43, 0x61, 0xa4, 0x79, 0xe4, 0x81, 0xe4, 0x89, 0x25, 0x92,
    0x45, 0x92, 0x66, 0x9a, 0xa7, 0xaa, 0x25, 0x8a, 0xa0, 0x40, 0x20, 0x28,
    0xa1, 0x40, 0x43, 0x61, 0xa4, 0x69, 0x81, 0x18, 0x61, 0x10, 0x81, 0x10,
    0x82, 0x18, 0x81, 0x10, 0x81, 0x10, 0x81, 0x10, 0x82, 0x10, 0x61, 0x10,
    0x82, 0x18, 0x82, 0x18, 0x81, 0x10, 0xa1, 0x18, 0x82, 0x10, 0x82, 0x18,
    0x82, 0x18, 0xa1, 0x18, 0xa2, 0x10, 0xa2, 0x18, 0xa2, 0x18, 0xa2, 0x18,
    0xa2, 0x20, 0xc2, 0x20, 0x68, 0x7a, 0x4d, 0xe4, 0x2c, 0xe4, 0x2d, 0xec,
    0x2c, 0xe4, 0x0c, 0xe4, 0xeb, 0xe3, 0xcb, 0xdb, 0xcb, 0xdb, 0xaa, 0xd3,
    0xaa, 0xd3, 0x8a, 0xd3, 0xaa, 0xdb, 0xeb, 0xdb, 0x0c, 0xe4, 0x4d, 0xec,
    0x0c, 0xe4, 0xaa, 0xd3, 0x08, 0xbb, 0xc4, 0x81, 0x42, 0x71, 0x42, 0x69,
    0x63, 0x71, 0xa4, 0x79, 0xa3, 0x79, 0x63, 0x71, 0x42, 0x69, 0x62, 0x71,
    0xe4, 0x89, 0x86, 0xaa, 0x08, 0xbb, 0x08, 0xbb, 0x45, 0x92, 0x43, 0x59,
    0x6a, 0xc3, 0xa7, 0xa2, 0x02, 0x59, 0x20, 0x28, 0xe8, 0xa2, 0x6a, 0xcb,
    0xe8, 0xaa, 0xe5, 0x89, 0xa4, 0x79, 0xa4, 0x79, 0x63, 0x71, 0x83, 0x71,
    0xc4, 0x81, 0xe4, 0x89, 0x05, 0x8a, 0x25, 0x92, 0x25, 0x92, 0x45, 0x92,
    0x26, 0x92, 0x25, 0x92, 0x46, 0x92, 0x45, 0x92, 0x05, 0x92, 0x04, 0x8a,
    0x05, 0x8a, 0x05, 0x92, 0x05, 0x92, 0x46, 0x9a, 0x66, 0x9a, 0xa7, 0xa2,
    0xc7, 0xaa, 0xc7, 0xaa, 0xc7, 0xb2, 0xc7, 0xaa, 0x66, 0x9a, 0xc4, 0x81,
    0x43, 0x69, 0xc1, 0x48, 0xa1, 0x40, 0xc1, 0x48, 0x02, 0x51, 0x02, 0x59,
    0x42, 0x61, 0x42, 0x69, 0xa3, 0x79, 0xe9, 0xdb, 0xa5, 0xaa, 0x44, 0x92,
    0xc3, 0x79, 0xa1, 0x40, 0x20, 0x28, 0x40, 0x28, 0xc1, 0x40, 0x22, 0x59,
    0x63, 0x69, 0x83, 0x71, 0x83, 0x71, 0x83, 0x71, 0x63, 0x71, 0x83, 0x71,
    0x83, 0x71, 0x83, 0x71, 0x83, 0x79, 0x83, 0x79, 0xa3, 0x79, 0xa3, 0x79,
    0xa3, 0x79, 0xa3, 0x79, 0xc4, 0x79, 0xa3, 0x79, 0x05, 0x8a, 0xe4, 0x81,
    0xc4, 0x81, 0xe5, 0x89, 0xe4, 0x81, 0xc4, 0x81, 0xe4, 0x81, 0xe4, 0x89,
    0xe4, 0x89, 0xe5, 0x89, 0x05, 0x8a, 0x05, 0x8a, 0x05, 0x92, 0x25, 0x92,
    0x05, 0x8a, 0x25, 0x92, 0x25, 0x92, 0xe4, 0x81, 0xc4, 0x81, 0x83, 0x71,
    0x22, 0x61, 0xe1, 0x50, 0xa1, 0x40, 0xc1, 0x40, 0xa1, 0x40, 0x80, 0x38,
    0x80, 0x40, 0x02, 0x51, 0x62, 0x69, 0xa3, 0x79, 0xc4, 0x81, 0xc3, 0x81,
    0x07, 0xb3, 0x24, 0x92, 0xe2, 0x89, 0x23, 0x92, 0xc3, 0x79, 0xa1, 0x40,
    0x00, 0x18, 0x00, 0x18, 0x61, 0x30, 0x02, 0x51, 0xa4, 0x79, 0xe5, 0x89,
    0x04, 0x8a, 0x66, 0x9a, 0x45, 0x9a, 0x83, 0x71, 0x22, 0x59, 0x22, 0x61,
    0x43, 0x61, 0x43, 0x61, 0x43, 0x69, 0x42, 0x69, 0x83, 0x79, 0xc3, 0x81,
    0x05, 0x8a, 0x25, 0x92, 0x45, 0x92, 0x04, 0x8a, 0x45, 0x9a, 0x66, 0xa2,
    0x25, 0x92, 0xa3, 0x79, 0xa3, 0x79, 0xe4, 0x81, 0xe4, 0x81, 0x04, 0x8a,
    0x83, 0x71, 0x42, 0x69, 0xa3, 0x79, 0x04, 0x8a, 0xe4, 0x81, 0xe2, 0x50,
    0x20, 0x10, 0xa1, 0x40, 0xc3, 0x81, 0x04, 0x92, 0x25, 0x9a, 0x45, 0x9a,
    0x66, 0xa2, 0x45, 0x9a, 0x45, 0x9a, 0x05, 0x8a, 0x40, 0x28, 0x20, 0x18,
    0x00, 0x18, 0x40, 0x28, 0xc1, 0x48, 0xc4, 0x89, 0x04, 0x92, 0x45, 0x9a,
    0x46, 0x9a, 0xa7, 0xaa, 0xc7, 0xaa, 0x22, 0x61, 0x81, 0x38, 0xa1, 0x40,
    0x22, 0x59, 0x83, 0x71, 0xc4, 0x81, 0xe4, 0x89, 0x04, 0x8a, 0x05, 0x92,
    0x25, 0x9a, 0x65, 0x9a, 0xa6, 0xaa, 0xe4, 0x81, 0x40, 0x30, 0x40, 0x28,
    0xc1, 0x48, 0x42, 0x69, 0xe5, 0x81, 0xa2, 0x28, 0x81, 0x10, 0x81, 0x10,
    0x81, 0x10, 0x61, 0x10, 0x81, 0x10, 0x81, 0x10, 0x82, 0x18, 0x82, 0x10,
    0xa1, 0x18, 0x82, 0x10, 0xa1, 0x18, 0xa2, 0x18, 0xa2, 0x18, 0xa1, 0x10,
    0x81, 0x18, 0x82, 0x18, 0xa2, 0x18, 0xa2, 0x18, 0xa2, 0x18, 0xa2, 0x18,
    0xc2, 0x20, 0xc2, 0x20, 0xa8, 0x8a, 0x4d, 0xec, 0x4d, 0xec, 0x2d, 0xe4,
    0x2c, 0xe4, 0x0c, 0xe4, 0xec, 0xe3, 0xeb, 0xdb, 0xcb, 0xdb, 0x8a, 0xd3,
    0x8a, 0xcb, 0x6a, 0xd3, 0x69, 0xcb, 0xcb, 0xdb, 0xeb, 0xdb, 0x2d, 0xec,
    0x4d, 0xec, 0xab, 0xdb, 0x49, 0xcb, 0xa7, 0xaa, 0xa3, 0x79, 0x42, 0x69,
    0x42, 0x61, 0x83, 0x71, 0xe4, 0x81, 0xe4, 0x81, 0x83, 0x79, 0x22, 0x61,
    0xe1, 0x58, 0x83, 0x79, 0x86, 0xaa, 0xe8, 0xb2, 0xc7, 0xb2, 0x22, 0x59,
    0xa8, 0x9a, 0x08, 0xbb, 0xc4, 0x79, 0x40, 0x30, 0xa8, 0x92, 0x6a, 0xcb,
    0x08, 0xb3, 0x26, 0x92, 0xa4, 0x79, 0xa4, 0x79, 0x63, 0x71, 0x83, 0x71,
    0xa4, 0x79, 0xe5, 0x81, 0x05, 0x8a, 0x45, 0x92, 0x45, 0x92, 0x46, 0x9a,
    0x25, 0x92, 0x46, 0x9a, 0x46, 0x9a, 0x46, 0x92, 0x25, 0x92, 0x25, 0x92,
    0x25, 0x92, 0x25, 0x92, 0x25, 0x92, 0x25, 0x92, 0x46, 0x9a, 0x86, 0xa2,
    0xa7, 0xaa, 0xe8, 0xb2, 0xc7, 0xaa, 0xa7, 0xaa, 0xa7, 0xaa, 0xe5, 0x89,
    0x83, 0x71, 0x02, 0x51, 0xa1, 0x48, 0xa1, 0x40, 0xe1, 0x48, 0x02, 0x59,
    0x42, 0x61, 0x21, 0x61, 0xa2, 0x79, 0xc9, 0xdb, 0x85, 0xa2, 0x03, 0x8a,
    0xc3, 0x79, 0xc1, 0x40, 0x40, 0x28, 0x20, 0x20, 0x81, 0x38, 0x02, 0x59,
    0x63, 0x69, 0x83, 0x71, 0xa3, 0x79, 0x83, 0x71, 0x83, 0x71, 0x83, 0x71,
    0x83, 0x71, 0x83, 0x71, 0x83, 0x79, 0xa3, 0x79, 0xa4, 0x79, 0xc4, 0x79,
    0xa4, 0x79, 0xa3, 0x79, 0xc4, 0x79, 0xc4, 0x81, 0xa3, 0x79, 0xc4, 0x81,
    0xe4, 0x81, 0xe4, 0x81, 0x05, 0x8a, 0x05, 0x8a, 0xe5, 0x89, 0x05, 0x8a,
    0x05, 0x8a, 0x05, 0x8a, 0x04, 0x8a, 0x04, 0x8a, 0x25, 0x92, 0x25, 0x92,
    0x25, 0x92, 0x46, 0x92, 0xe4, 0x89, 0xc4, 0x79, 0xa4, 0x79, 0x83, 0x71,
    0x22, 0x61, 0xe1, 0x50, 0xc1, 0x48, 0xe1, 0x48, 0xc1, 0x48, 0x81, 0x38,
    0x81, 0x38, 0xe1, 0x50, 0x42, 0x61, 0x83, 0x71, 0xc4, 0x81, 0xe4, 0x89,
    0x44, 0x9a, 0xc6, 0xaa, 0x23, 0x92, 0x44, 0x92, 0x04, 0x82, 0x81, 0x38,
    0x00, 0x18, 0x00, 0x18, 0xa1, 0x38, 0x22, 0x59, 0xc4, 0x81, 0x25, 0x8a,
    0x25, 0x92, 0x66, 0x9a, 0x25, 0x92, 0x83, 0x71, 0x22, 0x61, 0x42, 0x61,
    0x42, 0x69, 0x63, 0x69, 0x42, 0x69, 0x42, 0x69, 0xa3, 0x79, 0xc4, 0x81,
    0x05, 0x8a, 0x25, 0x92, 0x46, 0x9a, 0x25, 0x92, 0x46, 0x9a, 0x66, 0xa2,
    0x24, 0x92, 0xa3, 0x81, 0xc3, 0x81, 0xc4, 0x81, 0x04, 0x8a, 0x04, 0x8a,
    0xc4, 0x79, 0x62, 0x69, 0x83, 0x79, 0x25, 0x92, 0xe4, 0x81, 0xe2, 0x50,
    0x00, 0x10, 0xa1, 0x38, 0xc3, 0x81, 0x04, 0x8a, 0x45, 0x9a, 0x65, 0xa2,
    0x45, 0x9a, 0x04, 0x92, 0x45, 0x92, 0xe4, 0x81, 0x21, 0x20, 0x00, 0x10,
    0x00, 0x18, 0x61, 0x30, 0x22, 0x59, 0xe4, 0x89, 0x24, 0x92, 0x45, 0x9a,
    0x66, 0xa2, 0x08, 0xb3, 0x46, 0x92, 0xc1, 0x48, 0x60, 0x38, 0xe1, 0x48,
    0x63, 0x69, 0xa4, 0x79, 0xe4, 0x81, 0xe4, 0x89, 0x05, 0x8a, 0x25, 0x92,
    0x45, 0x9a, 0x86, 0xa2, 0x86, 0xa2, 0x63, 0x69, 0x20, 0x20, 0x60, 0x30,
    0xe1, 0x50, 0x42, 0x69, 0xa4, 0x79, 0x64, 0x59, 0x81, 0x18, 0x81, 0x18,
    0x81, 0x10, 0x82, 0x10, 0x81, 0x10, 0x81, 0x10, 0x82, 0x10, 0x81, 0x10,
    0x81, 0x10, 0x82, 0x10, 0x82, 0x10, 0x81, 0x10, 0xa2, 0x10, 0xa2, 0x18,
    0xa2, 0x18, 0x81, 0x10, 0xa2, 0x18, 0xa2, 0x18, 0xa2, 0x18, 0xa2, 0x18,
    0xc2, 0x20, 0xa2, 0x20, 0xe9, 0x9a, 0x2d, 0xe4, 0x2d, 0xe4, 0x2d, 0xec,
    0x2d, 0xec, 0x2c, 0xe4, 0x0c, 0xe4, 0xec, 0xdb, 0xcb, 0xdb, 0x8a, 0xd3,
    0xaa, 0xd3, 0x8a, 0xcb, 0x69, 0xcb, 0x8a, 0xd3, 0xaa, 0xd3, 0x2c, 0xec,
    0x4d, 0xec, 0x0c, 0xe4, 0xab, 0xd3, 0x49, 0xc3, 0x87, 0xa2, 0x83, 0x71,
    0x02, 0x59, 0x02, 0x59, 0x83, 0x71, 0xe4, 0x81, 0x05, 0x8a, 0xc4, 0x81,
    0x22, 0x61, 0xc1, 0x50, 0xa4, 0x79, 0xa6, 0xaa, 0xc7, 0xb2, 0x25, 0x8a,
    0x02, 0x51, 0x08, 0xbb, 0x46, 0x92, 0xa1, 0x40, 0x06, 0x7a, 0x8a, 0xcb,
    0x08, 0xb3, 0x25, 0x92, 0xc4, 0x79, 0x83, 0x71, 0x83, 0x71, 0x83, 0x71,
    0xa4, 0x79, 0xe4, 0x81, 0x25, 0x92, 0x46, 0x9a, 0x46, 0x9a, 0x46, 0x9a,
    0x46, 0x9a, 0x66, 0x9a, 0x46, 0x9a, 0x66, 0x9a, 0x46, 0x92, 0x46, 0x92,
    0x25, 0x92, 0x46, 0x92, 0x25, 0x92, 0x25, 0x92, 0x45, 0x92, 0x66, 0xa2,
    0x86, 0xa2, 0xc8, 0xb2, 0xe7, 0xb2, 0xe8, 0xb2, 0xa7, 0xaa, 0x46, 0x92,
    0xa3, 0x79, 0x42, 0x69, 0xc1, 0x48, 0xa1, 0x48, 0xc1, 0x48, 0x01, 0x51,
    0x02, 0x59, 0x22, 0x61, 0xa3, 0x79, 0x2a, 0xe4, 0x85, 0xa2, 0xc2, 0x79,
    0x24, 0x8a, 0xe1, 0x48, 0x40, 0x28, 0x00, 0x20, 0x61, 0x30, 0x02, 0x51,
    0x83, 0x71, 0xa4, 0x79, 0xa4, 0x79, 0x83, 0x71, 0x63, 0x71, 0x63, 0x71,
    0x83, 0x71, 0x83, 0x79, 0x84, 0x71, 0xa4, 0x79, 0xa3, 0x79, 0xa3, 0x79,
    0x83, 0x79, 0xa4, 0x79, 0xa3, 0x81, 0xa4, 0x79, 0xa3, 0x79, 0xc4, 0x81,
    0xe5, 0x89, 0xe4, 0x81, 0xe5, 0x89, 0x05, 0x8a, 0x05, 0x8a, 0x05, 0x8a,
    0xe4, 0x89, 0x05, 0x8a, 0x05, 0x8a, 0x25, 0x92, 0x25, 0x92, 0x05, 0x8a,
    0x25, 0x92, 0x25, 0x92, 0x05, 0x8a, 0xe4, 0x81, 0xc4, 0x81, 0x83, 0x71,
    0x42, 0x61, 0x02, 0x59, 0x02, 0x51, 0x02, 0x51, 0xc1, 0x48, 0xa1, 0x40,
    0xa1, 0x40, 0xe1, 0x50, 0x22, 0x61, 0x42, 0x69, 0xa3, 0x81, 0xe4, 0x89,
    0xe6, 0xaa, 0xa5, 0xa2, 0xa2, 0x79, 0x64, 0x9a, 0x65, 0x92, 0x60, 0x30,
    0x00, 0x18, 0x20, 0x20, 0xa1, 0x40, 0x42, 0x61, 0xc4, 0x81, 0xe4, 0x89,
    0x04, 0x8a, 0x45, 0x9a, 0x25, 0x92, 0x62, 0x71, 0x22, 0x61, 0x43, 0x69,
    0x62, 0x69, 0x63, 0x69, 0x43, 0x69, 0x42, 0x69, 0xa3, 0x79, 0xe4, 0x89,
    0x05, 0x92, 0x45, 0x92, 0x25, 0x92, 0x25, 0x92, 0x65, 0x9a, 0x45, 0x9a,
    0xe4, 0x89, 0xc4, 0x81, 0xe4, 0x81, 0xe4, 0x89, 0xe4, 0x89, 0x04, 0x8a,
    0xc4, 0x81, 0x62, 0x69, 0x82, 0x71, 0xe4, 0x89, 0xc4, 0x81, 0xe1, 0x48,
    0x20, 0x10, 0xa1, 0x38, 0xa3, 0x81, 0x04, 0x8a, 0x45, 0x9a, 0x65, 0xa2,
    0x45, 0x9a, 0x25, 0x92, 0x25, 0x92, 0xe4, 0x81, 0x21, 0x20, 0x00, 0x18,
    0x00, 0x18, 0x60, 0x28, 0xa3, 0x79, 0x24, 0x92, 0x25, 0x92, 0x46, 0x9a,
    0x86, 0xa2, 0x08, 0xbb, 0xa3, 0x71, 0x80, 0x38, 0x81, 0x38, 0xe2, 0x48,
    0x83, 0x69, 0xe4, 0x81, 0x05, 0x8a, 0xe4, 0x89, 0x25, 0x92, 0x45, 0x92,
    0x45, 0x9a, 0x86, 0xa2, 0x45, 0x92, 0xe1, 0x48, 0x00, 0x20, 0xa1, 0x48,
    0x42, 0x69, 0x63, 0x71, 0xc3, 0x79, 0xe5, 0x79, 0x81, 0x18, 0x81, 0x18,
    0x81, 0x10, 0x81, 0x10, 0x81, 0x10, 0x82, 0x10, 0x61, 0x10, 0x81, 0x10,
    0x82, 0x18, 0xa2, 0x18, 0x81, 0x18, 0x81, 0x10, 0x82, 0x18, 0xa2, 0x18,
    0xa1, 0x18, 0xa2, 0x18, 0xa2, 0x18, 0xa2, 0x18, 0xa1, 0x18, 0xa2, 0x20,
    0xc2, 0x20, 0xa2, 0x20, 0x29, 0xa3, 0x2d, 0xe4, 0x2c, 0xe4, 0x2c, 0xe4,
    0x2d, 0xec, 0x0c, 0xe4, 0x0c, 0xe4, 0xeb, 0xdb, 0xcb, 0xd3, 0xaa, 0xd3,
    0xaa, 0xd3, 0x8a, 0xcb, 0x69, 0xcb, 0x69, 0xcb, 0x8a, 0xd3, 0xab, 0xd3,
    0x0c, 0xe4, 0x2c, 0xec, 0xeb, 0xdb, 0x8a, 0xd3, 0x29, 0xc3, 0x66, 0x9a,
    0x63, 0x69, 0xa1, 0x48, 0xc1, 0x48, 0x62, 0x69, 0xc4, 0x81, 0x05, 0x8a,
    0xe4, 0x89, 0x63, 0x69, 0x80, 0x40, 0xe4, 0x81, 0xa6, 0xaa, 0xa7, 0xaa,
    0x42, 0x61, 0x66, 0x92, 0xc7, 0xaa, 0x63, 0x61, 0x44, 0x59, 0xcb, 0xdb,
    0x29, 0xbb, 0x46, 0x92, 0xa4, 0x79, 0xa4, 0x79, 0x83, 0x79, 0xa4, 0x79,
    0xc4, 0x79, 0xe4, 0x81, 0x25, 0x92, 0x46, 0x92, 0x45, 0x92, 0x46, 0x92,
    0x66, 0x9a, 0x66, 0x9a, 0x66, 0x9a, 0x86, 0x9a, 0x46, 0x9a, 0x46, 0x9a,
    0x45, 0x92, 0x66, 0x9a, 0x25, 0x92, 0x25, 0x92, 0x46, 0x92, 0x66, 0x9a,
    0xa7, 0xa2, 0xc7, 0xaa, 0xc7, 0xb2, 0xc7, 0xb2, 0xc7, 0xaa, 0x66, 0xa2,
    0xe5, 0x81, 0x63, 0x71, 0x02, 0x59, 0xc1, 0x48, 0xa1, 0x48, 0xe1, 0x50,
    0x22, 0x61, 0x01, 0x59, 0x21, 0x61, 0xa8, 0xd3, 0x47, 0xc3, 0x44, 0x92,
    0x44, 0x92, 0x22, 0x59, 0x60, 0x30, 0x00, 0x20, 0x40, 0x28, 0xe1, 0x48,
    0x63, 0x69, 0xa4, 0x79, 0xa4, 0x79, 0xa4, 0x79, 0xa4, 0x79, 0x83, 0x71,
    0x83, 0x79, 0x83, 0x71, 0xa4, 0x79, 0x83, 0x71, 0x83, 0x79, 0xa3, 0x79,
    0xa4, 0x79, 0xa3, 0x79, 0xc4, 0x81, 0xc4, 0x81, 0xc4, 0x81, 0xc4, 0x79,
    0xc4, 0x81, 0xe5, 0x89, 0x05, 0x8a, 0x05, 0x8a, 0xe4, 0x89, 0x04, 0x92,
    0x05, 0x8a, 0x04, 0x8a, 0x04, 0x92, 0x25, 0x92, 0x26, 0x92, 0x25, 0x92,
    0x25, 0x92, 0xe4, 0x89, 0xc4, 0x81, 0xe4, 0x81, 0x83, 0x71, 0x42, 0x69,
    0x42, 0x61, 0x42, 0x61, 0x02, 0x59, 0x02, 0x51, 0x02, 0x51, 0xa1, 0x40,
    0xa1, 0x48, 0xc1, 0x48, 0x22, 0x61, 0x63, 0x71, 0x83, 0x79, 0xc3, 0x81,
    0xa6, 0xa2, 0x65, 0x9a, 0xe3, 0x81, 0xc2, 0x81, 0xc3, 0x79, 0x40, 0x28,
    0x00, 0x18, 0x21, 0x20, 0xc1, 0x40, 0x43, 0x69, 0xc4, 0x81, 0xe4, 0x89,
    0x25, 0x92, 0x45, 0x9a, 0x04, 0x92, 0x83, 0x71, 0x42, 0x69, 0x63, 0x71,
    0x83, 0x71, 0x63, 0x69, 0x63, 0x69, 0x63, 0x71, 0xa3, 0x79, 0x05, 0x8a,
    0x25, 0x92, 0x45, 0x9a, 0x25, 0x92, 0x05, 0x92, 0x66, 0x9a, 0x66, 0x9a,
    0xe4, 0x89, 0xc4, 0x81, 0x25, 0x8a, 0x04, 0x8a, 0x05, 0x8a, 0x04, 0x8a,
    0xc4, 0x81, 0x62, 0x71, 0x83, 0x71, 0xe4, 0x81, 0xe4, 0x81, 0x02, 0x51,
    0x00, 0x10, 0x80, 0x30, 0xa3, 0x79, 0xc4, 0x81, 0x25, 0x92, 0x86, 0xa2,
    0x66, 0xa2, 0x45, 0x9a, 0x25, 0x92, 0x83, 0x71, 0x20, 0x18, 0x00, 0x10,
    0x00, 0x10, 0xc1, 0x40, 0x25, 0x92, 0x45, 0x9a, 0x04, 0x92, 0x65, 0x9a,
    0xc7, 0xaa, 0xc7, 0xaa, 0x01, 0x51, 0x60, 0x30, 0x61, 0x30, 0x22, 0x59,
    0xa3, 0x79, 0xc4, 0x81, 0xe4, 0x81, 0x05, 0x8a, 0x05, 0x92, 0x25, 0x92,
    0x66, 0xa2, 0x66, 0x9a, 0xc3, 0x81, 0x60, 0x30, 0x61, 0x30, 0x22, 0x61,
    0x82, 0x71, 0x83, 0x71, 0xc3, 0x81, 0x05, 0x8a, 0xc2, 0x30, 0x81, 0x18,
    0x81, 0x10, 0x81, 0x10, 0x61, 0x10, 0x82, 0x10, 0x81, 0x10, 0x81, 0x10,
    0x81, 0x10, 0xa1, 0x18, 0xa2, 0x18, 0xa1, 0x18, 0x82, 0x10, 0x81, 0x10,
    0xa2, 0x18, 0xa2, 0x18, 0xa2, 0x18, 0xa1, 0x18, 0xa2, 0x18, 0xa2, 0x18,
    0xa2, 0x20, 0xc2, 0x20, 0x2a, 0xab, 0x2d, 0xe4, 0x4c, 0xec, 0x4d, 0xec,
    0x4d, 0xec, 0x2c, 0xe4, 0xeb, 0xdb, 0xcb, 0xdb, 0xcb, 0xdb, 0x8a, 0xcb,
    0x69, 0xcb, 0x6a, 0xcb, 0x29, 0xc3, 0x49, 0xc3, 0x69, 0xcb, 0xab, 0xd3,
    0x0c, 0xe4, 0x2c, 0xec, 0x2c, 0xec, 0xec, 0xe3, 0x6a, 0xcb, 0x28, 0xbb,
    0x86, 0xa2, 0x43, 0x69, 0x60, 0x30, 0xa1, 0x40, 0x43, 0x61, 0xc4, 0x81,
    0x25, 0x92, 0xe4, 0x89, 0x22, 0x61, 0x81, 0x40, 0xc4, 0x81, 0x86, 0xa2,
    0x04, 0x8a, 0x23, 0x51, 0x08, 0xb3, 0xe4, 0x81, 0x81, 0x40, 0xcb, 0xd3,
    0x28, 0xc3, 0x66, 0x9a, 0xc4, 0x79, 0x83, 0x71, 0xa3, 0x79, 0x83, 0x79,
    0xa3, 0x79, 0xe4, 0x81, 0x05, 0x8a, 0x46, 0x92, 0x46, 0x9a, 0x45, 0x9a,
    0x66, 0x9a, 0x87, 0xa2, 0x66, 0x9a, 0x87, 0xa2, 0x86, 0x9a, 0x66, 0x9a,
    0x46, 0x9a, 0x46, 0x9a, 0x46, 0x9a, 0x66, 0x9a, 0x45, 0x9a, 0x45, 0x9a,
    0x86, 0xa2, 0xa7, 0xaa, 0xc8, 0xb2, 0xe8, 0xb2, 0xe8, 0xaa, 0x87, 0xa2,
    0x25, 0x92, 0xa4, 0x79, 0x42, 0x61, 0xe1, 0x50, 0xc1, 0x48, 0xe1, 0x48,
    0x02, 0x51, 0x22, 0x61, 0x22, 0x61, 0xc9, 0xd3, 0xa5, 0xaa, 0xc2, 0x81,
    0x03, 0x8a, 0xa3, 0x71, 0x61, 0x30, 0x20, 0x20, 0x40, 0x28, 0xc1, 0x40,
    0x42, 0x61, 0xa4, 0x79, 0xc4, 0x81, 0xe4, 0x81, 0xa4, 0x79, 0x83, 0x79,
    0xa4, 0x79, 0x83, 0x71, 0xc4, 0x79, 0xa4, 0x79, 0xa4, 0x79, 0xa4, 0x79,
    0xa4, 0x79, 0xc4, 0x79, 0xe4, 0x81, 0xe5, 0x81, 0xc4, 0x81, 0xc4, 0x81,
    0xc4, 0x81, 0xe4, 0x89, 0xe4, 0x89, 0x04, 0x8a, 0x05, 0x92, 0x25, 0x92,
    0x25, 0x92, 0x05, 0x8a, 0x25, 0x92, 0x25, 0x92, 0x45, 0x92, 0x25, 0x92,
    0x05, 0x8a, 0xe4, 0x89, 0x04, 0x8a, 0xe4, 0x81, 0x63, 0x71, 0x22, 0x61,
    0x02, 0x59, 0x22, 0x61, 0x22, 0x59, 0x22, 0x59, 0x22, 0x59, 0xe1, 0x48,
    0xc1, 0x48, 0xe1, 0x48, 0x22, 0x59, 0x63, 0x69, 0x83, 0x71, 0xc3, 0x81,
    0x04, 0x8a, 0xc6, 0xaa, 0x64, 0x9a, 0x03, 0x8a, 0x86, 0x9a, 0x40, 0x28,
    0x00, 0x18, 0x40, 0x28, 0xe2, 0x48, 0x63, 0x69, 0xe4, 0x81, 0x05, 0x8a,
    0x25, 0x92, 0x45, 0x9a, 0xc4, 0x81, 0x83, 0x71, 0x62, 0x69, 0x83, 0x71,
    0x83, 0x71, 0x83, 0x71, 0x83, 0x71, 0x83, 0x71, 0xa3, 0x79, 0xe4, 0x89,
    0x45, 0x9a, 0x46, 0x9a, 0x25, 0x92, 0x46, 0x9a, 0x45, 0x9a, 0x25, 0x92,
    0xe4, 0x89, 0xe4, 0x81, 0x05, 0x8a, 0x04, 0x8a, 0x04, 0x8a, 0x25, 0x8a,
    0xc4, 0x79, 0x83, 0x71, 0xa3, 0x79, 0x04, 0x8a, 0xe4, 0x89, 0x02, 0x51,
    0x20, 0x10, 0x60, 0x30, 0x83, 0x71, 0xe4, 0x89, 0x24, 0x92, 0x65, 0xa2,
    0x25, 0x9a, 0x45, 0x9a, 0x25, 0x92, 0x62, 0x69, 0x00, 0x18, 0x00, 0x10,
    0x20, 0x18, 0x83, 0x71, 0x86, 0xaa, 0x66, 0x9a, 0x25, 0x92, 0x45, 0x9a,
    0xe7, 0xb2, 0x05, 0x82, 0x81, 0x38, 0x20, 0x28, 0xc1, 0x48, 0x42, 0x69,
    0xe4, 0x81, 0x05, 0x8a, 0xe4, 0x89, 0x25, 0x8a, 0x05, 0x92, 0x25, 0x92,
    0x66, 0xa2, 0x04, 0x92, 0x22, 0x59, 0x20, 0x28, 0xe1, 0x50, 0x62, 0x71,
    0xa3, 0x79, 0xc4, 0x81, 0xe4, 0x89, 0x04, 0x8a, 0x84, 0x61, 0x81, 0x18,
    0x81, 0x10, 0x81, 0x10, 0x81, 0x10, 0x82, 0x18, 0x81, 0x10, 0x81, 0x10,
    0x82, 0x10, 0x82, 0x18, 0x81, 0x10, 0xa2, 0x10, 0xa1, 0x18, 0x82, 0x18,
    0xa1, 0x10, 0xa2, 0x18, 0x81, 0x18, 0xa2, 0x18, 0xa2, 0x18, 0xa2, 0x18,
    0xa2, 0x20, 0xc2, 0x20, 0x2a, 0xab, 0x2d, 0xe4, 0x4d, 0xec, 0x2c, 0xe4,
    0x4d, 0xec, 0x2c, 0xe4, 0x0c, 0xe4, 0x0b, 0xe4, 0x8a, 0xd3, 0x69, 0xcb,
    0x6a, 0xcb, 0x6a, 0xcb, 0x69, 0xcb, 0x49, 0xc3, 0x49, 0xcb, 0x6a, 0xcb,
    0xab, 0xdb, 0x0c, 0xe4, 0x2d, 0xec, 0xeb, 0xe3, 0x8a, 0xd3, 0x49, 0xc3,
    0x28, 0xbb, 0x45, 0x92, 0x42, 0x61, 0x20, 0x28, 0x60, 0x30, 0x02, 0x59,
    0xc4, 0x79, 0x25, 0x92, 0xe4, 0x89, 0x02, 0x59, 0xa1, 0x40, 0x04, 0x8a,
    0x66, 0x9a, 0x42, 0x61, 0x46, 0x92, 0x66, 0x9a, 0xc1, 0x48, 0xaa, 0xcb,
    0x69, 0xc3, 0xa7, 0xa2, 0xe4, 0x81, 0x83, 0x71, 0xa4, 0x79, 0x83, 0x71,
    0x83, 0x71, 0xe4, 0x81, 0x45, 0x92, 0x46, 0x9a, 0x66, 0x9a, 0x66, 0x9a,
    0x66, 0x9a, 0x87, 0xa2, 0x87, 0xa2, 0x86, 0x9a, 0x66, 0x9a, 0x66, 0x9a,
    0x46, 0x9a, 0x66, 0x9a, 0x45, 0x92, 0x46, 0x9a, 0x46, 0x9a, 0x46, 0x9a,
    0x86, 0xa2, 0xa7, 0xa2, 0xc7, 0xaa, 0xc7, 0xaa, 0xc8, 0xb2, 0xe8, 0xb2,
    0x46, 0x9a, 0xa3, 0x79, 0x63, 0x71, 0x02, 0x59, 0xc1, 0x48, 0xc1, 0x48,
    0xe1, 0x50, 0x02, 0x59, 0x02, 0x59, 0x68, 0xc3, 0x67, 0xc3, 0x85, 0xa2,
    0x61, 0x69, 0x24, 0x82, 0x81, 0x38, 0x40, 0x28, 0x20, 0x20, 0x81, 0x30,
    0x02, 0x51, 0x83, 0x71, 0xc4, 0x81, 0xe4, 0x81, 0xc4, 0x81, 0xa3, 0x79,
    0xa4, 0x79, 0x83, 0x79, 0xa4, 0x79, 0xc4, 0x79, 0xc4, 0x79, 0xa3, 0x79,
    0xc4, 0x79, 0xa4, 0x79, 0xa3, 0x79, 0xc4, 0x81, 0xe4, 0x81, 0xe5, 0x89,
    0x04, 0x8a, 0xe4, 0x89, 0x05, 0x8a, 0x25, 0x92, 0x04, 0x8a, 0xe4, 0x89,
    0xe4, 0x89, 0x05, 0x92, 0x25, 0x92, 0x25, 0x92, 0x25, 0x92, 0x25, 0x92,
    0xe5, 0x89, 0x04, 0x8a, 0xc4, 0x81, 0x83, 0x71, 0x22, 0x61, 0x42, 0x61,
    0x43, 0x61, 0x43, 0x61, 0x42, 0x61, 0x23, 0x61, 0x02, 0x59, 0xe1, 0x50,
    0xa0, 0x48, 0x02, 0x51, 0x02, 0x59, 0x42, 0x69, 0x83, 0x71, 0xa3, 0x81,
    0xa6, 0xa2, 0x47, 0xbb, 0x44, 0x92, 0x03, 0x92, 0xa5, 0x9a, 0x20, 0x28,
    0x00, 0x20, 0x40, 0x28, 0xe2, 0x50, 0x83, 0x71, 0xe4, 0x89, 0x05, 0x8a,
    0x45, 0x92, 0x45, 0x9a, 0xc4, 0x81, 0x63, 0x71, 0x63, 0x71, 0x83, 0x71,
    0x83, 0x71, 0x83, 0x71, 0x83, 0x71, 0xa3, 0x79, 0xc4, 0x81, 0x04, 0x8a,
    0x25, 0x92, 0x66, 0x9a, 0x25, 0x92, 0x86, 0xa2, 0x25, 0x92, 0xe4, 0x81,
    0xc4, 0x81, 0xc4, 0x81, 0xe5, 0x81, 0xe5, 0x89, 0x05, 0x8a, 0x04, 0x8a,
    0xe4, 0x81, 0x83, 0x71, 0x83, 0x71, 0xe4, 0x89, 0xe4, 0x81, 0x22, 0x51,
    0x00, 0x08, 0x60, 0x28, 0x62, 0x69, 0xa3, 0x81, 0x24, 0x92, 0x66, 0xa2,
    0x45, 0x9a, 0x45, 0x9a, 0x05, 0x8a, 0x22, 0x61, 0x20, 0x10, 0x00, 0x08,
    0x81, 0x38, 0xe4, 0x89, 0x86, 0xa2, 0x45, 0x9a, 0x45, 0x9a, 0x25, 0x9a,
    0xe7, 0xaa, 0x42, 0x61, 0x20, 0x28, 0x60, 0x30, 0x22, 0x59, 0xa3, 0x71,
    0xe4, 0x81, 0x05, 0x8a, 0x04, 0x8a, 0x25, 0x92, 0x25, 0x92, 0x45, 0x9a,
    0x45, 0x92, 0xa3, 0x79, 0x81, 0x38, 0x81, 0x40, 0x42, 0x69, 0xc4, 0x81,
    0xc4, 0x79, 0x25, 0x92, 0xc4, 0x81, 0xc3, 0x81, 0xc4, 0x79, 0x81, 0x18,
    0x61, 0x18, 0x81, 0x10, 0x81, 0x10, 0x82, 0x18, 0x61, 0x10, 0x82, 0x10,
    0xa1, 0x18, 0x82, 0x18, 0x81, 0x10, 0xa2, 0x18, 0xa2, 0x18, 0x82, 0x18,
    0xa2, 0x18, 0x81, 0x10, 0x82, 0x18, 0xa2, 0x18, 0xa2, 0x18, 0xa2, 0x18,
    0xc2, 0x20, 0xc2, 0x20, 0x6a, 0xbb, 0x4d, 0xe4, 0x2d, 0xec, 0x2d, 0xe4,
    0x4d, 0xec, 0x4d, 0xec, 0x2c, 0xe4, 0xcb, 0xdb, 0x8a, 0xcb, 0x8a, 0xd3,
    0x69, 0xcb, 0x49, 0xc3, 0x49, 0xc3, 0x29, 0xc3, 0x28, 0xc3, 0x49, 0xc3,
    0x8a, 0xcb, 0x8a, 0xd3, 0x0c, 0xe4, 0x2c, 0xe4, 0xeb, 0xdb, 0x6a, 0xcb,
    0x49, 0xc3, 0x08, 0xbb, 0x46, 0x92, 0x43, 0x69, 0x40, 0x28, 0x20, 0x28,
    0xc1, 0x48, 0xc4, 0x79, 0x05, 0x8a, 0xc4, 0x81, 0xc0, 0x48, 0xc2, 0x48,
    0x04, 0x8a, 0xc4, 0x79, 0x23, 0x51, 0xa6, 0xa2, 0x63, 0x69, 0x6a, 0xbb,
    0x49, 0xc3, 0xc8, 0xaa, 0xe5, 0x81, 0xa3, 0x79, 0x83, 0x71, 0x83, 0x71,
    0xa4, 0x79, 0xc4, 0x79, 0x05, 0x8a, 0x66, 0x9a, 0x86, 0x9a, 0x86, 0x9a,
    0x87, 0xa2, 0x86, 0x9a, 0x86, 0xa2, 0x87, 0xa2, 0x66, 0xa2, 0x86, 0xa2,
    0x66, 0x9a, 0x66, 0x9a, 0x46, 0x9a, 0x46, 0x92, 0x46, 0x92, 0x86, 0x9a,
    0x66, 0x9a, 0xa7, 0xaa, 0xc7, 0xaa, 0xc7, 0xb2, 0xe8, 0xb2, 0xe7, 0xb2,
    0x86, 0xa2, 0xe5, 0x81, 0x83, 0x71, 0x42, 0x61, 0xe1, 0x50, 0xc1, 0x48,
    0xc1, 0x48, 0x02, 0x59, 0x01, 0x59, 0xc5, 0xa2, 0x88, 0xcb, 0xc6, 0xaa,
    0x03, 0x8a, 0x04, 0x82, 0xa1, 0x40, 0x61, 0x30, 0x20, 0x28, 0x61, 0x30,
    0xe1, 0x48, 0x63, 0x69, 0xc4, 0x81, 0x05, 0x8a, 0xe4, 0x81, 0xa3, 0x79,
    0x83, 0x79, 0x83, 0x71, 0x83, 0x79, 0xc4, 0x79, 0xc4, 0x81, 0xa3, 0x79,
    0xa4, 0x79, 0xa3, 0x79, 0xa4, 0x79, 0xe5, 0x81, 0xe4, 0x81, 0xe4, 0x81,
    0xe4, 0x81, 0x05, 0x8a, 0x05, 0x8a, 0xe5, 0x89, 0x25, 0x92, 0x05, 0x8a,
    0x04, 0x8a, 0x25, 0x92, 0x25, 0x92, 0x25, 0x92, 0x25, 0x92, 0x05, 0x8a,
    0xe4, 0x81, 0x05, 0x8a, 0xe5, 0x89, 0x83, 0x71, 0x22, 0x61, 0x42, 0x61,
    0x42, 0x61, 0x63, 0x69, 0x63, 0x69, 0x42, 0x61, 0x22, 0x61, 0x02, 0x59,
    0xe1, 0x48, 0xe1, 0x50, 0x02, 0x59, 0x22, 0x61, 0x82, 0x71, 0xa3, 0x79,
    0x85, 0xa2, 0x64, 0x9a, 0x03, 0x8a, 0xe2, 0x89, 0xe3, 0x89, 0x20, 0x28,
    0x20, 0x18, 0x40, 0x28, 0xe1, 0x48, 0xa3, 0x71, 0x05, 0x8a, 0x25, 0x92,
    0x25, 0x92, 0x25, 0x92, 0xc4, 0x81, 0x83, 0x79, 0x83, 0x71, 0xa4, 0x79,
    0x83, 0x71, 0x83, 0x71, 0x83, 0x79, 0xa3, 0x79, 0xc4, 0x81, 0x05, 0x92,
    0x45, 0x9a, 0x66, 0x9a, 0x66, 0xa2, 0x86, 0xa2, 0xa4, 0x71, 0x45, 0x41,
    0x66, 0x41, 0x66, 0x41, 0x86, 0x49, 0x86, 0x49, 0xc6, 0x69, 0x26, 0x8a,
    0xc4, 0x81, 0x63, 0x69, 0x83, 0x71, 0x05, 0x8a, 0x05, 0x8a, 0x22, 0x59,
    0x00, 0x08, 0x40, 0x28, 0x42, 0x61, 0xa3, 0x81, 0x25, 0x92, 0x86, 0xa2,
    0x46, 0x9a, 0x45, 0x9a, 0x25, 0x8a, 0x22, 0x59, 0x20, 0x10, 0x20, 0x10,
    0xe1, 0x50, 0xc4, 0x81, 0x66, 0xa2, 0x45, 0x9a, 0x65, 0x9a, 0x66, 0x9a,
    0xa7, 0xa2, 0xe1, 0x48, 0x00, 0x20, 0xa1, 0x38, 0x63, 0x69, 0xe4, 0x81,
    0x04, 0x8a, 0x25, 0x92, 0x45, 0x92, 0x45, 0x92, 0x25, 0x92, 0x66, 0x9a,
    0x25, 0x92, 0x22, 0x61, 0x40, 0x30, 0x42, 0x69, 0xa3, 0x79, 0xa3, 0x79,
    0x04, 0x8a, 0x86, 0xa2, 0x04, 0x8a, 0x63, 0x71, 0xe4, 0x81, 0xe2, 0x38,
    0x61, 0x18, 0x81, 0x10, 0x61, 0x10, 0x61, 0x10, 0x82, 0x10, 0x81, 0x10,
    0x82, 0x10, 0x81, 0x10, 0x82, 0x18, 0x81, 0x10, 0x82, 0x10, 0xa2, 0x18,
    0xa2, 0x10, 0xa2, 0x10, 0x82, 0x18, 0xa2, 0x18, 0xa2, 0x18, 0xa2, 0x18,
    0xa2, 0x20, 0xa2, 0x20, 0xab, 0xc3, 0x2c, 0xe4, 0x4d, 0xec, 0x2c, 0xe4,
    0x0c, 0xe4, 0x4d, 0xec, 0x0c, 0xe4, 0xec, 0xdb, 0xeb, 0xdb, 0xaa, 0xd3,
    0x6a, 0xcb, 0x29, 0xc3, 0x49, 0xc3, 0x49, 0xc3, 0x08, 0xbb, 0x49, 0xcb,
    0x49, 0xcb, 0xaa, 0xd3, 0xcb, 0xdb, 0xcb, 0xdb, 0xec, 0xe3, 0xaa, 0xdb,
    0x8a, 0xcb, 0x29, 0xc3, 0xe8, 0xb2, 0x66, 0x9a, 0x84, 0x71, 0x40, 0x28,
    0x20, 0x28, 0xc1, 0x40, 0xa4, 0x79, 0x05, 0x8a, 0xa3, 0x79, 0x60, 0x38,
    0xe2, 0x48, 0xc4, 0x79, 0xe1, 0x50, 0x25, 0x8a, 0xe4, 0x89, 0x29, 0xbb,
    0x69, 0xc3, 0xe8, 0xb2, 0x05, 0x8a, 0xc4, 0x81, 0x63, 0x71, 0x83, 0x71,
    0xa3, 0x79, 0xc4, 0x81, 0x05, 0x8a, 0x25, 0x92, 0x66, 0x9a, 0xa7, 0xa2,
    0xa7, 0xa2, 0xa7, 0xa2, 0x67, 0xa2, 0x87, 0xa2, 0x86, 0xa2, 0x87, 0xa2,
    0x66, 0x9a, 0x66, 0x9a, 0x46, 0x9a, 0x45, 0x92, 0x66, 0x9a, 0x66, 0x9a,
    0x87, 0xa2, 0xa7, 0xa2, 0xe8, 0xb2, 0xe7, 0xb2, 0xe8, 0xb2, 0xe8, 0xaa,
    0xa7, 0xa2, 0x05, 0x8a, 0xa4, 0x79, 0x42, 0x69, 0x02, 0x51, 0xc1, 0x48,
    0xc1, 0x48, 0x02, 0x51, 0x02, 0x59, 0xe7, 0xaa, 0x47, 0xc3, 0x85, 0xa2,
    0x23, 0x92, 0x24, 0x8a, 0xc1, 0x48, 0x81, 0x38, 0x20, 0x28, 0x40, 0x30,
    0xc2, 0x40, 0x22, 0x59, 0xa4, 0x79, 0x05, 0x8a, 0x05, 0x8a, 0xc4, 0x81,
    0xa4, 0x79, 0x83, 0x71, 0xa3, 0x79, 0xa4, 0x79, 0xc4, 0x79, 0xa4, 0x81,
    0xa4, 0x79, 0xa3, 0x79, 0xc4, 0x81, 0xc4, 0x81, 0xc4, 0x81, 0xe5, 0x89,
    0x05, 0x8a, 0x05, 0x8a, 0x05, 0x8a, 0x25, 0x8a, 0x25, 0x92, 0x25, 0x92,
    0x25, 0x92, 0x45, 0x92, 0x46, 0x92, 0x45, 0x92, 0x25, 0x92, 0x05, 0x8a,
    0x04, 0x8a, 0xe4, 0x89, 0xe4, 0x81, 0x63, 0x69, 0x02, 0x59, 0x22, 0x61,
    0x43, 0x69, 0x63, 0x69, 0x83, 0x69, 0x43, 0x69, 0x63, 0x69, 0x42, 0x59,
    0x02, 0x51, 0xe1, 0x50, 0x02, 0x59, 0x01, 0x59, 0x62, 0x69, 0x83, 0x79,
    0xe4, 0x89, 0x68, 0xc3, 0xc5, 0xaa, 0x24, 0x8a, 0x85, 0xa2, 0xa1, 0x38,
    0x00, 0x20, 0x41, 0x28, 0xe1, 0x48, 0xa4, 0x79, 0x05, 0x8a, 0x05, 0x8a,
    0x25, 0x92, 0x04, 0x8a, 0xc4, 0x81, 0xa3, 0x79, 0x83, 0x71, 0xc4, 0x79,
    0x83, 0x79, 0x83, 0x71, 0x63, 0x71, 0x83, 0x79, 0xc4, 0x81, 0x04, 0x92,
    0x45, 0x9a, 0x66, 0x9a, 0x66, 0x9a, 0x25, 0x8a, 0x04, 0x29, 0x67, 0x31,
    0x87, 0x39, 0xa8, 0x39, 0xa8, 0x39, 0xa7, 0x41, 0xa7, 0x39, 0x86, 0x51,
    0xa4, 0x71, 0x43, 0x61, 0x62, 0x69, 0xe4, 0x81, 0xe4, 0x81, 0x22, 0x59,
    0x01, 0x08, 0x41, 0x20, 0x22, 0x61, 0xa3, 0x79, 0x04, 0x92, 0x65, 0x9a,
    0x66, 0x9a, 0x25, 0x9a, 0xe4, 0x89, 0x01, 0x51, 0x00, 0x08, 0x20, 0x18,
    0x01, 0x51, 0x83, 0x71, 0x66, 0xa2, 0x25, 0x92, 0x86, 0xa2, 0xa7, 0xaa,
    0x25, 0x8a, 0x40, 0x30, 0x20, 0x20, 0xc1, 0x48, 0x83, 0x71, 0xe4, 0x89,
    0x25, 0x92, 0x25, 0x92, 0x25, 0x92, 0x05, 0x8a, 0x25, 0x92, 0x25, 0x92,
    0x83, 0x71, 0xa0, 0x40, 0x02, 0x59, 0xc4, 0x81, 0xa3, 0x81, 0xe4, 0x89,
    0x86, 0xa2, 0xa7, 0xa2, 0xa3, 0x79, 0x21, 0x61, 0xa3, 0x71, 0x84, 0x69,
    0x61, 0x18, 0x81, 0x10, 0x82, 0x10, 0x81, 0x10, 0x81, 0x10, 0x81, 0x10,
    0x82, 0x10, 0x81, 0x10, 0xa2, 0x18, 0x82, 0x10, 0xa1, 0x10, 0x81, 0x18,
    0xa2, 0x18, 0xa2, 0x18, 0xa2, 0x18, 0xa1, 0x18, 0xa1, 0x18, 0xa2, 0x18,
    0xa2, 0x20, 0xc2, 0x20, 0x8b, 0xc3, 0x2c, 0xe4, 0x4d, 0xec, 0x4d, 0xec,
    0x4c, 0xec, 0x2c, 0xe4, 0x4d, 0xec, 0x2c, 0xe4, 0xeb, 0xdb, 0xab, 0xd3,
    0x69, 0xcb, 0x28, 0xc3, 0x49, 0xc3, 0x28, 0xbb, 0x08, 0xbb, 0x28, 0xc3,
    0x29, 0xc3, 0x49, 0xcb, 0x69, 0xcb, 0xcb, 0xdb, 0xeb, 0xe3, 0xcb, 0xdb,
    0x8a, 0xd3, 0x49, 0xc3, 0x29, 0xc3, 0x08, 0xbb, 0x86, 0x9a, 0x84, 0x71,
    0x81, 0x38, 0x20, 0x20, 0x81, 0x38, 0x83, 0x71, 0x04, 0x8a, 0x63, 0x69,
    0x20, 0x28, 0xe2, 0x48, 0x22, 0x59, 0x43, 0x59, 0x25, 0x92, 0xe8, 0xb2,
    0x8a, 0xcb, 0xe8, 0xb2, 0x46, 0x92, 0xa4, 0x79, 0x83, 0x71, 0xa3, 0x79,
    0xa3, 0x79, 0xc4, 0x81, 0xe4, 0x89, 0x25, 0x92, 0x66, 0x9a, 0x87, 0xa2,
    0x87, 0xa2, 0xa7, 0xaa, 0xa7, 0xa2, 0xa7, 0xa2, 0xa7, 0xa2, 0x86, 0xa2,
    0x87, 0xa2, 0x86, 0xa2, 0x46, 0x92, 0x66, 0x9a, 0x66, 0x9a, 0x66, 0x9a,
    0x66, 0x9a, 0xa7, 0xa2, 0xa7, 0xaa, 0xe8, 0xb2, 0xe8, 0xb2, 0xe7, 0xb2,
    0xa7, 0xaa, 0x25, 0x92, 0xc4, 0x81, 0xa3, 0x71, 0x22, 0x59, 0xc1, 0x48,
    0xc1, 0x48, 0xe2, 0x48, 0x02, 0x59, 0x62, 0x69, 0xe9, 0xdb, 0x88, 0xc3,
    0x44, 0x9a, 0x44, 0x92, 0xa3, 0x69, 0xa1, 0x40, 0x60, 0x30, 0x40, 0x28,
    0x81, 0x30, 0x02, 0x51, 0x83, 0x71, 0xe4, 0x81, 0x05, 0x8a, 0xe5, 0x81,
    0xe4, 0x81, 0x83, 0x71, 0x83, 0x71, 0xc4, 0x81, 0xc4, 0x79, 0xa4, 0x79,
    0xa4, 0x79, 0xa3, 0x79, 0xc4, 0x81, 0xc4, 0x81, 0xe4, 0x81, 0xc4, 0x81,
    0x05, 0x8a, 0xe4, 0x89, 0x05, 0x8a, 0x25, 0x8a, 0x05, 0x92, 0x25, 0x92,
    0x25, 0x92, 0x25, 0x92, 0x45, 0x92, 0x46, 0x92, 0x25, 0x92, 0x05, 0x8a,
    0x04, 0x8a, 0xe4, 0x81, 0x83, 0x71, 0x22, 0x61, 0x22, 0x59, 0x63, 0x69,
    0x83, 0x71, 0x83, 0x71, 0x83, 0x71, 0x83, 0x71, 0x42, 0x61, 0x22, 0x59,
    0x02, 0x59, 0x01, 0x51, 0x01, 0x51, 0x22, 0x59, 0x42, 0x69, 0xa3, 0x79,
    0x85, 0xa2, 0x27, 0xbb, 0x44, 0x92, 0x23, 0x92, 0x65, 0x92, 0x02, 0x49,
    0x00, 0x20, 0x40, 0x28, 0xe2, 0x50, 0xa3, 0x71, 0xe4, 0x81, 0x04, 0x8a,
    0x25, 0x92, 0x04, 0x8a, 0xa4, 0x79, 0x83, 0x79, 0xc3, 0x79, 0xc4, 0x79,
    0xa3, 0x79, 0xa3, 0x79, 0x83, 0x79, 0xa3, 0x79, 0xe4, 0x89, 0x45, 0x92,
    0x45, 0x9a, 0x46, 0x9a, 0x45, 0x92, 0xa4, 0x69, 0x25, 0x29, 0x87, 0x39,
    0x49, 0x62, 0x0a, 0x8b, 0x0a, 0x83, 0xea, 0x82, 0x69, 0x6a, 0x66, 0x39,
    0x85, 0x59, 0xc1, 0x48, 0x02, 0x59, 0xe4, 0x81, 0xe4, 0x81, 0x22, 0x59,
    0x00, 0x08, 0x20, 0x18, 0xe1, 0x50, 0x83, 0x71, 0x04, 0x92, 0x65, 0x9a,
    0x65, 0x9a, 0x66, 0x9a, 0xe4, 0x81, 0xc1, 0x48, 0x00, 0x08, 0x41, 0x20,
    0xe1, 0x48, 0x62, 0x69, 0x45, 0x9a, 0x25, 0x92, 0x65, 0x9a, 0xe7, 0xb2,
    0x63, 0x61, 0x20, 0x20, 0x60, 0x30, 0x22, 0x61, 0xa3, 0x79, 0x05, 0x8a,
    0x25, 0x8a, 0x45, 0x92, 0x46, 0x9a, 0x25, 0x92, 0x25, 0x92, 0xa3, 0x79,
    0x02, 0x59, 0x22, 0x61, 0x83, 0x79, 0xc4, 0x81, 0xc4, 0x81, 0x45, 0x9a,
    0xc7, 0xaa, 0x66, 0x9a, 0x21, 0x59, 0x01, 0x59, 0x63, 0x71, 0xe5, 0x79,
    0x81, 0x18, 0x61, 0x10, 0x82, 0x10, 0x82, 0x18, 0x81, 0x10, 0x82, 0x18,
    0x82, 0x18, 0xa2, 0x10, 0xa1, 0x18, 0x82, 0x18, 0xa2, 0x10, 0x82, 0x10,
    0x82, 0x18, 0xa1, 0x10, 0xa2, 0x18, 0xa2, 0x18, 0xa2, 0x18, 0xa2, 0x18,
    0xc2, 0x20, 0xc2, 0x28, 0xcb, 0xcb, 0x2c, 0xe4, 0x4d, 0xec, 0x0c, 0xe4,
    0x2c, 0xe4, 0x2d, 0xec, 0x4d, 0xec, 0x2c, 0xec, 0xeb, 0xdb, 0xcb, 0xdb,
    0x6a, 0xcb, 0x8a, 0xcb, 0x28, 0xc3, 0x28, 0xbb, 0x28, 0xc3, 0x08, 0xbb,
    0x08, 0xbb, 0x29, 0xc3, 0x29, 0xc3, 0x8a, 0xd3, 0xcb, 0xdb, 0xcb, 0xdb,
    0xaa, 0xdb, 0x89, 0xd3, 0x29, 0xc3, 0x29, 0xbb, 0x08, 0xb3, 0xa7, 0xaa,
    0xe4, 0x81, 0xc1, 0x48, 0x00, 0x20, 0x60, 0x30, 0x63, 0x69, 0xe4, 0x81,
    0x22, 0x61, 0x20, 0x20, 0xc1, 0x48, 0x81, 0x38, 0xe4, 0x81, 0xc7, 0xa2,
    0x69, 0xcb, 0x08, 0xb3, 0x66, 0x9a, 0xe4, 0x81, 0x83, 0x79, 0x63, 0x71,
    0xa3, 0x79, 0xc4, 0x79, 0xe4, 0x81, 0x25, 0x92, 0x66, 0x9a, 0x87, 0xa2,
    0x87, 0xa2, 0xa7, 0xa2, 0x87, 0xa2, 0x86, 0xa2, 0xa7, 0xa2, 0x87, 0xa2,
    0x86, 0xa2, 0x66, 0x9a, 0x46, 0x9a, 0x66, 0x9a, 0x66, 0x9a, 0x66, 0x9a,
    0x66, 0x9a, 0x66, 0x9a, 0xa7, 0xaa, 0xc8, 0xaa, 0x08, 0xb3, 0xc8, 0xb2,
    0xe8, 0xb2, 0x86, 0xa2, 0xe5, 0x89, 0xa4, 0x79, 0x43, 0x61, 0xc1, 0x48,
    0xa1, 0x40, 0xc1, 0x48, 0xe1, 0x50, 0x01, 0x59, 0x47, 0xc3, 0x68, 0xc3,
    0x85, 0x9a, 0x64, 0x9a, 0x04, 0x82, 0xc1, 0x40, 0x61, 0x30, 0x40, 0x28,
    0x61, 0x30, 0xe1, 0x48, 0x42, 0x61, 0xc4, 0x81, 0xe4, 0x81, 0x05, 0x8a,
    0xc4, 0x81, 0x83, 0x79, 0xa3, 0x79, 0xa3, 0x79, 0xa4, 0x79, 0xc4, 0x81,
    0xc4, 0x81, 0xc4, 0x81, 0xe4, 0x81, 0xc4, 0x81, 0xc4, 0x81, 0xe4, 0x81,
    0xc4, 0x81, 0x04, 0x8a, 0x25, 0x92, 0x25, 0x92, 0x25, 0x8a, 0x25, 0x92,
    0x25, 0x92, 0x25, 0x92, 0x45, 0x9a, 0x05, 0x92, 0xc4, 0x81, 0xe4, 0x89,
    0x25, 0x92, 0xc4, 0x81, 0x42, 0x69, 0x01, 0x59, 0x22, 0x59, 0x43, 0x69,
    0x83, 0x71, 0x83, 0x71, 0x83, 0x71, 0x83, 0x71, 0x43, 0x61, 0x43, 0x61,
    0x22, 0x59, 0xe1, 0x50, 0x02, 0x59, 0x02, 0x59, 0x22, 0x61, 0xa3, 0x79,
    0x24, 0x92, 0xc5, 0xaa, 0xc6, 0xaa, 0x03, 0x92, 0xe3, 0x81, 0x63, 0x59,
    0x00, 0x20, 0x60, 0x28, 0x02, 0x51, 0xa4, 0x79, 0x04, 0x8a, 0x04, 0x8a,
    0x05, 0x92, 0x05, 0x8a, 0xc4, 0x81, 0xa3, 0x79, 0xc4, 0x81, 0xe4, 0x81,
    0xc4, 0x81, 0xa3, 0x79, 0xa3, 0x79, 0xc3, 0x81, 0xe4, 0x89, 0x04, 0x92,
    0x45, 0x9a, 0x25, 0x92, 0x45, 0x9a, 0xa5, 0x69, 0x25, 0x29, 0xc7, 0x49,
    0x8a, 0x9b, 0xc7, 0x49, 0xc8, 0x49, 0xc7, 0x49, 0xe9, 0x82, 0x89, 0x6a,
    0x24, 0x39, 0x81, 0x38, 0x02, 0x51, 0xc4, 0x81, 0xe4, 0x81, 0x02, 0x51,
    0x00, 0x08, 0x20, 0x18, 0xe1, 0x48, 0x42, 0x69, 0x25, 0x92, 0x45, 0x9a,
    0x45, 0x9a, 0x25, 0x92, 0xc4, 0x89, 0xa1, 0x40, 0x00, 0x08, 0x40, 0x20,
    0xa1, 0x40, 0x83, 0x79, 0x25, 0x92, 0x45, 0x9a, 0x86, 0xa2, 0xa7, 0xa2,
    0x80, 0x38, 0x00, 0x18, 0xc1, 0x48, 0x63, 0x71, 0x05, 0x8a, 0x25, 0x92,
    0x45, 0x92, 0x46, 0x92, 0x45, 0x92, 0x25, 0x92, 0xc4, 0x81, 0x42, 0x69,
    0x21, 0x61, 0xc3, 0x79, 0xc4, 0x81, 0xc3, 0x81, 0xe4, 0x89, 0x65, 0x9a,
    0xe7, 0xb2, 0x05, 0x8a, 0xc1, 0x48, 0xe1, 0x50, 0x83, 0x71, 0x05, 0x8a,
    0x22, 0x51, 0x61, 0x18, 0x81, 0x10, 0x81, 0x18, 0x81, 0x10, 0x81, 0x10,
    0x81, 0x10, 0x81, 0x10, 0x82, 0x10, 0x82, 0x18, 0xa1, 0x18, 0x82, 0x18,
    0xa2, 0x10, 0xa1, 0x10, 0xa2, 0x18, 0xa2, 0x18, 0xa2, 0x18, 0xa2, 0x18,
    0xa2, 0x20, 0xc2, 0x28, 0xcb, 0xcb, 0x2d, 0xe4, 0x4d, 0xec, 0x4d, 0xec,
    0x2d, 0xe4, 0x4d, 0xec, 0x4d, 0xec, 0x2d, 0xec, 0x0c, 0xe4, 0xeb, 0xdb,
    0xaa, 0xd3, 0x69, 0xcb, 0x69, 0xcb, 0xe8, 0xb2, 0x08, 0xbb, 0xe8, 0xb2,
    0xc7, 0xb2, 0xe8, 0xb2, 0x08, 0xbb, 0x29, 0xc3, 0x69, 0xd3, 0xaa, 0xd3,
    0xaa, 0xdb, 0xaa, 0xd3, 0x69, 0xcb, 0x28, 0xc3, 0x08, 0xbb, 0x08, 0xb3,
    0xc7, 0xaa, 0xe5, 0x81, 0x22, 0x59, 0x00, 0x18, 0x40, 0x28, 0x22, 0x59,
    0x83, 0x71, 0xc1, 0x48, 0x20, 0x18, 0x60, 0x30, 0x42, 0x61, 0x25, 0x92,
    0x69, 0xc3, 0x08, 0xb3, 0x87, 0xa2, 0xe4, 0x81, 0x83, 0x79, 0x83, 0x71,
    0x83, 0x79, 0xa4, 0x79, 0xe4, 0x81, 0x25, 0x92, 0x66, 0x9a, 0x66, 0x9a,
    0x86, 0xa2, 0xa7, 0xaa, 0xa7, 0xaa, 0x87, 0xa2, 0x87, 0xa2, 0xa7, 0xaa,
    0xa7, 0xa2, 0x86, 0x9a, 0x66, 0xa2, 0x66, 0x9a, 0x66, 0x9a, 0x66, 0x9a,
    0x66, 0x9a, 0x66, 0x9a, 0xa7, 0xa2, 0xc7, 0xaa, 0xc7, 0xb2, 0xc7, 0xaa,
    0xc7, 0xaa, 0x86, 0xa2, 0x25, 0x92, 0xc4, 0x79, 0x43, 0x69, 0xe2, 0x50,
    0xa1, 0x40, 0xa1, 0x48, 0xe1, 0x50, 0x02, 0x59, 0xa9, 0xcb, 0x27, 0xc3,
    0x64, 0x9a, 0x44, 0x92, 0x44, 0x8a, 0xa1, 0x40, 0xa1, 0x38, 0x40, 0x30,
    0x40, 0x30, 0xa1, 0x38, 0x22, 0x59, 0xa4, 0x79, 0x05, 0x8a, 0x25, 0x92,
    0x05, 0x8a, 0xc4, 0x81, 0xc4, 0x79, 0xc4, 0x79, 0xc4, 0x81, 0xa4, 0x79,
    0xa3, 0x79, 0xe4, 0x81, 0xc4, 0x81, 0xe4, 0x81, 0xe5, 0x81, 0xe4, 0x81,
    0x05, 0x8a, 0x05, 0x8a, 0x05, 0x8a, 0x25, 0x92, 0x25, 0x8a, 0x05, 0x92,
    0x25, 0x92, 0x46, 0x92, 0x25, 0x92, 0x25, 0x92, 0xe4, 0x89, 0x04, 0x8a,
    0xe4, 0x89, 0xc3, 0x81, 0x63, 0x69, 0x22, 0x59, 0x22, 0x61, 0x42, 0x69,
    0x83, 0x71, 0x84, 0x71, 0x83, 0x71, 0x83, 0x71, 0x43, 0x69, 0x42, 0x61,
    0x42, 0x61, 0x02, 0x51, 0xe1, 0x50, 0x02, 0x59, 0x22, 0x61, 0x62, 0x69,
    0xc3, 0x81, 0x47, 0xc3, 0xe6, 0xaa, 0x23, 0x92, 0xa5, 0xa2, 0x25, 0x82,
    0x00, 0x20, 0x40, 0x28, 0x22, 0x59, 0xa4, 0x79, 0x05, 0x8a, 0x05, 0x92,
    0x25, 0x92, 0x25, 0x92, 0xe4, 0x81, 0xc3, 0x79, 0xe4, 0x81, 0xc4, 0x81,
    0xc4, 0x81, 0xc4, 0x79, 0xa3, 0x79, 0xa3, 0x79, 0x05, 0x92, 0x25, 0x92,
    0x45, 0x92, 0x45, 0x9a, 0x45, 0x9a, 0xc5, 0x71, 0x46, 0x31, 0x87, 0x72,
    0xe9, 0x82, 0xe8, 0x8a, 0xc7, 0x49, 0xe7, 0x8a, 0xe6, 0x59, 0x6a, 0x9b,
    0x25, 0x39, 0x81, 0x30, 0x02, 0x51, 0xe4, 0x81, 0xe4, 0x81, 0x22, 0x51,
    0x00, 0x08, 0x21, 0x10, 0xc1, 0x40, 0x63, 0x69, 0x04, 0x92, 0x65, 0xa2,
    0x25, 0x9a, 0x25, 0x92, 0xa3, 0x79, 0x80, 0x38, 0x00, 0x10, 0x20, 0x18,
    0xa1, 0x40, 0xe4, 0x89, 0x04, 0x92, 0x66, 0x9a, 0x65, 0x9a, 0x45, 0x92,
    0x40, 0x28, 0x40, 0x28, 0x02, 0x59, 0xc4, 0x79, 0x25, 0x8a, 0x45, 0x92,
    0x25, 0x92, 0x46, 0x9a, 0x45, 0x92, 0x05, 0x8a, 0x83, 0x71, 0x62, 0x71,
    0xa3, 0x79, 0xc4, 0x81, 0xe4, 0x81, 0xc4, 0x81, 0x05, 0x92, 0xa6, 0xaa,
    0xe7, 0xaa, 0x83, 0x71, 0x80, 0x38, 0x01, 0x59, 0x83, 0x71, 0xe4, 0x81,
    0xe5, 0x81, 0xc2, 0x38, 0x81, 0x18, 0x81, 0x10, 0x61, 0x10, 0x82, 0x10,
    0x81, 0x10, 0x82, 0x18, 0x81, 0x10, 0x82, 0x10, 0x81, 0x18, 0xa2, 0x18,
    0xa2, 0x18, 0xa2, 0x18, 0xa2, 0x18, 0xa2, 0x18, 0xa2, 0x18, 0xa2, 0x18,
    0xa2, 0x20, 0xc2, 0x28, 0xec, 0xd3, 0x0b, 0xdc, 0x2c, 0xe4, 0x2c, 0xe4,
    0x2c, 0xec, 0x2c, 0xe4, 0x2c, 0xe4, 0x4d, 0xec, 0x0c, 0xe4, 0x0c, 0xe4,
    0xcb, 0xdb, 0x8a, 0xd3, 0x49, 0xcb, 0x08, 0xbb, 0xe8, 0xba, 0xa7, 0xaa,
    0xa7, 0xaa, 0xa7, 0xaa, 0xa7, 0xb2, 0x08, 0xbb, 0x49, 0xc3, 0xaa, 0xd3,
    0xec, 0xdb, 0xab, 0xdb, 0xaa, 0xd3, 0x69, 0xcb, 0x28, 0xc3, 0x28, 0xbb,
    0xe8, 0xb2, 0xc7, 0xaa, 0x05, 0x8a, 0x63, 0x69, 0x20, 0x28, 0x20, 0x20,
    0x02, 0x51, 0x43, 0x61, 0x61, 0x30, 0x20, 0x20, 0x41, 0x28, 0xa3, 0x79,
    0x69, 0xc3, 0x29, 0xbb, 0xa7, 0xaa, 0xe5, 0x89, 0xa4, 0x79, 0x83, 0x71,
    0x83, 0x79, 0xa3, 0x79, 0xc4, 0x81, 0x05, 0x8a, 0x46, 0x92, 0x46, 0x9a,
    0x86, 0xa2, 0xa7, 0xa2, 0xa7, 0xa2, 0xc7, 0xaa, 0xa7, 0xaa, 0x87, 0xa2,
    0xa7, 0xaa, 0xc8, 0xaa, 0x86, 0xa2, 0x66, 0xa2, 0x87, 0xa2, 0x87, 0xa2,
    0x46, 0x9a, 0x66, 0x9a, 0x86, 0xa2, 0xc7, 0xaa, 0xc7, 0xaa, 0xe8, 0xb2,
    0xe8, 0xb2, 0xa7, 0xaa, 0x25, 0x92, 0xc4, 0x81, 0x63, 0x71, 0x02, 0x59,
    0xc1, 0x40, 0xa0, 0x40, 0xe2, 0x50, 0xe2, 0x50, 0x24, 0x8a, 0x2a, 0xe4,
    0xc5, 0xaa, 0x44, 0x92, 0x24, 0x92, 0xe1, 0x48, 0xc1, 0x40, 0x61, 0x30,
    0x60, 0x30, 0x81, 0x38, 0xe1, 0x48, 0x63, 0x69, 0xe4, 0x81, 0x05, 0x8a,
    0x05, 0x8a, 0xe4, 0x81, 0xe4, 0x81, 0xc4, 0x81, 0xc4, 0x81, 0xc4, 0x81,
    0xc4, 0x81, 0xc4, 0x79, 0xe4, 0x81, 0xc4, 0x81, 0xc4, 0x81, 0xe4, 0x81,
    0xe4, 0x81, 0xe5, 0x89, 0x25, 0x8a, 0x45, 0x92, 0x25, 0x92, 0x46, 0x9a,
    0x25, 0x92, 0x45, 0x92, 0x25, 0x92, 0x25, 0x92, 0x05, 0x92, 0x25, 0x92,
    0x05, 0x8a, 0x83, 0x71, 0x22, 0x61, 0x02, 0x59, 0x22, 0x59, 0x63, 0x69,
    0x83, 0x71, 0xa4, 0x79, 0xa4, 0x79, 0x83, 0x71, 0x83, 0x71, 0x43, 0x69,
    0x22, 0x61, 0x02, 0x59, 0x02, 0x59, 0x01, 0x59, 0x02, 0x59, 0x42, 0x61,
    0xa3, 0x79, 0x24, 0x92, 0xe6, 0xb2, 0x03, 0x8a, 0x03, 0x8a, 0x41, 0x61,
    0x20, 0x28, 0x61, 0x30, 0x22, 0x59, 0xc4, 0x79, 0xe4, 0x81, 0xe4, 0x89,
    0x04, 0x8a, 0x04, 0x8a, 0xe4, 0x89, 0xa4, 0x79, 0x05, 0x8a, 0xc4, 0x81,
    0xc4, 0x81, 0xa4, 0x79, 0xa3, 0x79, 0xe4, 0x81, 0xc4, 0x89, 0x25, 0x92,
    0x66, 0x9a, 0x45, 0x9a, 0x86, 0x9a, 0x25, 0x82, 0x25, 0x31, 0x85, 0x49,
    0x49, 0x93, 0x68, 0xa3, 0x68, 0xa3, 0xc6, 0x8a, 0x28, 0x93, 0x09, 0x93,
    0x45, 0x39, 0x81, 0x30, 0x02, 0x51, 0xe4, 0x81, 0x05, 0x8a, 0x22, 0x51,
    0x00, 0x08, 0x20, 0x10, 0x81, 0x40, 0x42, 0x61, 0x04, 0x92, 0x45, 0x9a,
    0x45, 0x9a, 0x24, 0x92, 0x83, 0x71, 0x81, 0x30, 0x00, 0x10, 0x20, 0x18,
    0xa1, 0x40, 0x25, 0x92, 0x25, 0x92, 0x66, 0xa2, 0xa7, 0xaa, 0xa4, 0x79,
    0x20, 0x20, 0x81, 0x38, 0x63, 0x69, 0xe4, 0x89, 0x25, 0x92, 0x45, 0x92,
    0x45, 0x92, 0x45, 0x92, 0xe4, 0x89, 0xa4, 0x79, 0x82, 0x71, 0xa3, 0x79,
    0xc4, 0x81, 0xc4, 0x81, 0x04, 0x8a, 0x25, 0x92, 0x66, 0xa2, 0xe7, 0xb2,
    0x45, 0x92, 0xe1, 0x50, 0x80, 0x38, 0x22, 0x61, 0x83, 0x71, 0xc4, 0x79,
    0xe5, 0x81, 0xa4, 0x71, 0xa1, 0x20, 0x61, 0x18, 0x82, 0x10, 0x82, 0x18,
    0x82, 0x10, 0x82, 0x18, 0x81, 0x10, 0x81, 0x10, 0xa2, 0x10, 0xa2, 0x18,
    0x82, 0x18, 0xa2, 0x18, 0xa1, 0x10, 0xa2, 0x18, 0xa2, 0x18, 0xa2, 0x18,
    0xa2, 0x20, 0xc2, 0x28, 0x0c, 0xdc, 0x0c, 0xe4, 0x0c, 0xe4, 0x2c, 0xe4,
    0x2c, 0xe4, 0x4d, 0xec, 0x2c, 0xec, 0x2c, 0xe4, 0x2c, 0xe4, 0x0c, 0xe4,
    0xeb, 0xdb, 0xaa, 0xd3, 0x6a, 0xcb, 0x49, 0xc3, 0x08, 0xbb, 0xe7, 0xb2,
    0xa7, 0xaa, 0x86, 0xaa, 0x86, 0xaa, 0xa7, 0xaa, 0xc7, 0xb2, 0x29, 0xc3,
    0x6a, 0xcb, 0xaa, 0xd3, 0xcb, 0xdb, 0x8a, 0xd3, 0x29, 0xc3, 0x08, 0xbb,
    0x08, 0xbb, 0x28, 0xbb, 0xc8, 0xaa, 0x25, 0x8a, 0x83, 0x71, 0x61, 0x38,
    0x20, 0x20, 0xe1, 0x48, 0x02, 0x51, 0x20, 0x20, 0x00, 0x18, 0xc1, 0x48,
    0x49, 0xc3, 0x29, 0xbb, 0xc7, 0xaa, 0x05, 0x8a, 0xc4, 0x79, 0xa3, 0x79,
    0xa3, 0x79, 0xa4, 0x79, 0xa3, 0x79, 0xe4, 0x81, 0x25, 0x92, 0x66, 0x9a,
    0x66, 0x9a, 0xa7, 0xaa, 0xc8, 0xaa, 0xc8, 0xaa, 0xa7, 0xaa, 0xc7, 0xaa,
    0xc7, 0xaa, 0x87, 0xa2, 0x87, 0xa2, 0x87, 0xa2, 0x86, 0xa2, 0x66, 0x9a,
    0x46, 0x92, 0x66, 0x9a, 0x66, 0xa2, 0xa7, 0xaa, 0xc7, 0xb2, 0xc7, 0xb2,
    0x08, 0xbb, 0xe7, 0xb2, 0x66, 0x9a, 0x04, 0x8a, 0x83, 0x71, 0x22, 0x59,
    0xc1, 0x48, 0xa0, 0x40, 0xa1, 0x48, 0xe1, 0x50, 0xc3, 0x79, 0xc9, 0xdb,
    0x26, 0xbb, 0x85, 0x9a, 0x85, 0xa2, 0x01, 0x59, 0xc1, 0x48, 0xa1, 0x38,
    0x60, 0x30, 0x60, 0x30, 0xc1, 0x40, 0x22, 0x59, 0xa3, 0x71, 0x05, 0x8a,
    0x25, 0x8a, 0xe5, 0x81, 0xa3, 0x79, 0xa3, 0x81, 0xa4, 0x81, 0xa3, 0x79,
    0xa3, 0x79, 0xe4, 0x81, 0xa4, 0x79, 0xc4, 0x81, 0xc4, 0x79, 0xc4, 0x81,
    0xe4, 0x81, 0xe4, 0x89, 0x05, 0x8a, 0x25, 0x92, 0x25, 0x92, 0x45, 0x92,
    0x25, 0x92, 0x45, 0x92, 0x25, 0x92, 0xc4, 0x81, 0x04, 0x8a, 0x25, 0x92,
    0x25, 0x92, 0x63, 0x71, 0x01, 0x59, 0x02, 0x59, 0x42, 0x61, 0xa3, 0x71,
    0xa4, 0x79, 0xa4, 0x79, 0xa3, 0x71, 0xa4, 0x79, 0x83, 0x71, 0x63, 0x69,
    0x22, 0x61, 0x22, 0x59, 0x22, 0x59, 0x02, 0x51, 0x02, 0x59, 0x22, 0x61,
    0x83, 0x71, 0xe6, 0xb2, 0x47, 0xc3, 0x84, 0xa2, 0x44, 0x92, 0x24, 0x82,
    0x20, 0x28, 0x61, 0x30, 0x02, 0x59, 0xa3, 0x79, 0xe4, 0x81, 0x05, 0x92,
    0x05, 0x8a, 0xe4, 0x89, 0xe4, 0x89, 0xe4, 0x81, 0x05, 0x8a, 0x04, 0x8a,
    0xc4, 0x81, 0xc4, 0x81, 0xa3, 0x79, 0xc3, 0x81, 0xe4, 0x89, 0x24, 0x92,
    0x45, 0x9a, 0x25, 0x92, 0x66, 0x9a, 0x25, 0x8a, 0x04, 0x29, 0x25, 0x31,
    0x69, 0x9b, 0x47, 0x9b, 0xc7, 0x8a, 0xc6, 0x8a, 0x28, 0x9b, 0x08, 0x8b,
    0x44, 0x39, 0x82, 0x30, 0x22, 0x51, 0xe4, 0x81, 0xe4, 0x81, 0xe2, 0x48,
    0x00, 0x08, 0x20, 0x08, 0x60, 0x38, 0x02, 0x51, 0xe4, 0x89, 0x45, 0x9a,
    0x25, 0x92, 0x25, 0x92, 0x63, 0x69, 0x60, 0x28, 0x00, 0x10, 0x20, 0x18,
    0x02, 0x59, 0x45, 0x92, 0x45, 0x9a, 0x66, 0x9a, 0x86, 0xa2, 0x22, 0x59,
    0x00, 0x20, 0xe1, 0x50, 0x83, 0x71, 0xe4, 0x81, 0x25, 0x92, 0x05, 0x92,
    0x05, 0x8a, 0xe4, 0x81, 0xc4, 0x81, 0xc4, 0x81, 0xc3, 0x81, 0xc4, 0x81,
    0xe4, 0x89, 0x04, 0x8a, 0x04, 0x8a, 0x25, 0x92, 0xc7, 0xaa, 0xc7, 0xaa,
    0xc4, 0x79, 0x81, 0x38, 0xa1, 0x40, 0x42, 0x61, 0xa3, 0x79, 0xc3, 0x81,
    0x25, 0x8a, 0x83, 0x71, 0x63, 0x61, 0x81, 0x18, 0x81, 0x18, 0x81, 0x10,
    0x81, 0x10, 0x82, 0x10, 0xa2, 0x18, 0x81, 0x18, 0xa1, 0x10, 0x82, 0x18,
    0xa2, 0x10, 0xa2, 0x10, 0x82, 0x18, 0x82, 0x18, 0xa2, 0x18, 0xa2, 0x18,
    0xa2, 0x20, 0xe2, 0x28, 0x2c, 0xdc, 0x0c, 0xe4, 0x2c, 0xe4, 0x0c, 0xe4,
    0x2d, 0xec, 0x2c, 0xe4, 0x2c, 0xec, 0x2c, 0xe4, 0x0c, 0xe4, 0xeb, 0xe3,
    0xeb, 0xdb, 0x8a, 0xd3, 0xaa, 0xd3, 0x69, 0xcb, 0x49, 0xc3, 0x08, 0xbb,
    0xc7, 0xaa, 0x87, 0xa2, 0x45, 0x9a, 0x66, 0x9a, 0x66, 0xa2, 0xc7, 0xb2,
    0x49, 0xc3, 0xaa, 0xdb, 0xaa, 0xdb, 0xaa, 0xd3, 0x8a, 0xd3, 0x49, 0xc3,
    0x08, 0xbb, 0xe7, 0xb2, 0xe8, 0xb2, 0xa7, 0xaa, 0x46, 0x92, 0xa4, 0x79,
    0xe1, 0x48, 0x20, 0x20, 0xc1, 0x40, 0x81, 0x38, 0x00, 0x20, 0x20, 0x20,
    0x08, 0xb3, 0x29, 0xbb, 0xe8, 0xb2, 0x45, 0x92, 0xa4, 0x79, 0xa3, 0x79,
    0xa4, 0x79, 0xa3, 0x79, 0xc4, 0x79, 0xc4, 0x81, 0x25, 0x8a, 0x66, 0x9a,
    0xa7, 0xa2, 0xc7, 0xaa, 0xa7, 0xaa, 0xa7, 0xaa, 0xa7, 0xaa, 0xa7, 0xaa,
    0xa7, 0xaa, 0xa7, 0xa2, 0x87, 0xa2, 0x86, 0x9a, 0xa7, 0xa2, 0x86, 0x9a,
    0x87, 0xa2, 0x66, 0x9a, 0x87, 0xa2, 0xa7, 0xa2, 0xc8, 0xb2, 0xe8, 0xb2,
    0xe8, 0xb2, 0xc7, 0xaa, 0x86, 0xa2, 0x25, 0x92, 0xa4, 0x71, 0x22, 0x61,
    0xc1, 0x48, 0x81, 0x38, 0xa1, 0x40, 0xc1, 0x48, 0x21, 0x61, 0x2a, 0xe4,
    0x67, 0xcb, 0x85, 0x9a, 0x44, 0x92, 0x01, 0x59, 0xe2, 0x50, 0xc1, 0x40,
    0x60, 0x30, 0x60, 0x30, 0x81, 0x38, 0x02, 0x51, 0x83, 0x71, 0xc4, 0x81,
    0x25, 0x8a, 0x25, 0x92, 0xe4, 0x81, 0xa4, 0x79, 0xc4, 0x81, 0xc4, 0x81,
    0xc4, 0x81, 0xc4, 0x79, 0xa4, 0x79, 0xc4, 0x79, 0xc4, 0x81, 0xc4, 0x81,
    0xe5, 0x81, 0x05, 0x8a, 0x05, 0x8a, 0xe4, 0x89, 0x25, 0x92, 0x25, 0x92,
    0x46, 0x92, 0x25, 0x92, 0xe5, 0x89, 0xe4, 0x89, 0x25, 0x92, 0x25, 0x92,
    0xc4, 0x81, 0x42, 0x61, 0xe1, 0x50, 0x22, 0x59, 0x63, 0x69, 0xa4, 0x79,
    0xa3, 0x79, 0xa3, 0x79, 0xa4, 0x79, 0x83, 0x71, 0x83, 0x71, 0x83, 0x69,
    0x43, 0x61, 0x22, 0x59, 0x02, 0x59, 0x01, 0x51, 0x22, 0x61, 0x42, 0x69,
    0x83, 0x71, 0x65, 0x9a, 0x64, 0xa2, 0x44, 0x9a, 0x43, 0x9a, 0x65, 0x92,
    0x20, 0x28, 0x60, 0x30, 0x22, 0x61, 0xc4, 0x79, 0x05, 0x8a, 0x05, 0x92,
    0x25, 0x8a, 0xe4, 0x89, 0xe4, 0x81, 0xe4, 0x89, 0x05, 0x8a, 0x05, 0x8a,
    0xe4, 0x81, 0xa3, 0x79, 0xc4, 0x81, 0xe4, 0x89, 0x04, 0x8a, 0x25, 0x92,
    0x45, 0x9a, 0x25, 0x92, 0x25, 0x9a, 0x45, 0x92, 0x82, 0x20, 0x66, 0x31,
    0x49, 0x93, 0xe7, 0x59, 0x48, 0x9b, 0x48, 0x9b, 0x08, 0x5a, 0x29, 0x93,
    0x65, 0x39, 0xc2, 0x30, 0x22, 0x59, 0xe4, 0x81, 0x04, 0x82, 0xc1, 0x40,
    0x00, 0x08, 0x00, 0x08, 0x80, 0x30, 0xe1, 0x48, 0xe4, 0x89, 0x24, 0x92,
    0x25, 0x92, 0x04, 0x8a, 0x22, 0x61, 0x20, 0x20, 0x00, 0x10, 0x20, 0x18,
    0xc4, 0x79, 0x25, 0x92, 0x66, 0x9a, 0x66, 0x9a, 0x86, 0xa2, 0xa1, 0x40,
    0x40, 0x28, 0x22, 0x61, 0xc4, 0x81, 0xe4, 0x89, 0x25, 0x8a, 0x25, 0x92,
    0x04, 0x8a, 0xe4, 0x89, 0xc4, 0x81, 0xe4, 0x89, 0xc4, 0x89, 0xe4, 0x89,
    0x05, 0x8a, 0x05, 0x92, 0x25, 0x92, 0x66, 0x9a, 0x86, 0xa2, 0x66, 0x9a,
    0x02, 0x51, 0x60, 0x38, 0xe1, 0x50, 0x63, 0x71, 0xc4, 0x81, 0xc4, 0x81,
    0x45, 0x92, 0x42, 0x61, 0xc4, 0x79, 0x43, 0x51, 0x81, 0x18, 0x81, 0x10,
    0x81, 0x10, 0x81, 0x18, 0x82, 0x10, 0x82, 0x18, 0x81, 0x10, 0x82, 0x18,
    0xa2, 0x10, 0xa1, 0x18, 0xa2, 0x18, 0xa2, 0x18, 0xa2, 0x18, 0xa2, 0x18,
    0xa2, 0x20, 0xe3, 0x30, 0x2c, 0xe4, 0x0c, 0xe4, 0x2d, 0xec, 0x2c, 0xec,
    0x4d, 0xec, 0x2c, 0xec, 0x2c, 0xe4, 0x0c, 0xe4, 0xeb, 0xe3, 0xeb, 0xe3,
    0xca, 0xdb, 0xcb, 0xdb, 0xca, 0xd3, 0x6a, 0xcb, 0x69, 0xcb, 0x29, 0xc3,
    0xe8, 0xb2, 0xa7, 0xaa, 0x86, 0xa2, 0x46, 0xa2, 0x45, 0x9a, 0x66, 0x9a,
    0xa7, 0xaa, 0x28, 0xc3, 0x69, 0xcb, 0xaa, 0xd3, 0x69, 0xcb, 0x8a, 0xd3,
    0x28, 0xc3, 0xe8, 0xba, 0x08, 0xbb, 0x08, 0xb3, 0xa7, 0xa2, 0x25, 0x8a,
    0xa3, 0x79, 0xe2, 0x50, 0x20, 0x20, 0x41, 0x28, 0x21, 0x20, 0x20, 0x18,
    0xa7, 0xa2, 0x49, 0xc3, 0x08, 0xb3, 0x46, 0x92, 0xa3, 0x79, 0x83, 0x79,
    0x83, 0x79, 0xa4, 0x79, 0xc4, 0x79, 0xe5, 0x81, 0x25, 0x92, 0x46, 0x92,
    0x86, 0xa2, 0x87, 0xa2, 0xc7, 0xaa, 0xc7, 0xaa, 0xc7, 0xaa, 0xc7, 0xaa,
    0xa7, 0xa2, 0xa7, 0xaa, 0xa7, 0xaa, 0x87, 0xa2, 0x86, 0xa2, 0x66, 0x9a,
    0x66, 0x9a, 0x87, 0xa2, 0x87, 0xa2, 0x87, 0xa2, 0xa7, 0xaa, 0xc7, 0xaa,
    0xc7, 0xb2, 0xc7, 0xaa, 0xa7, 0xaa, 0x26, 0x92, 0xc4, 0x81, 0x63, 0x69,
    0x02, 0x59, 0xa1, 0x40, 0x80, 0x38, 0xa1, 0x40, 0xe1, 0x50, 0x67, 0xc3,
    0xe9, 0xdb, 0xc5, 0xaa, 0x85, 0x9a, 0x62, 0x69, 0xe1, 0x50, 0xe2, 0x50,
    0xa1, 0x38, 0x60, 0x30, 0x61, 0x38, 0xe1, 0x48, 0x22, 0x61, 0xa3, 0x79,
    0x25, 0x8a, 0x26, 0x92, 0xe4, 0x81, 0xc4, 0x81, 0xa3, 0x79, 0xc4, 0x81,
    0xc4, 0x81, 0xc4, 0x79, 0xa3, 0x79, 0xa4, 0x79, 0xc4, 0x79, 0xe4, 0x81,
    0xe5, 0x81, 0xe4, 0x81, 0x05, 0x8a, 0x05, 0x8a, 0x05, 0x8a, 0x45, 0x92,
    0x25, 0x92, 0x25, 0x92, 0xe4, 0x89, 0x05, 0x8a, 0x45, 0x9a, 0x45, 0x9a,
    0xa3, 0x79, 0x22, 0x61, 0x02, 0x59, 0x22, 0x59, 0x83, 0x69, 0xa4, 0x79,
    0xc4, 0x79, 0xe4, 0x81, 0xc4, 0x81, 0xa4, 0x79, 0xa4, 0x71, 0x83, 0x71,
    0x63, 0x69, 0x22, 0x61, 0x02, 0x59, 0x01, 0x51, 0x22, 0x59, 0x42, 0x61,
    0x62, 0x71, 0x03, 0x8a, 0x47, 0xc3, 0x27, 0xbb, 0xe2, 0x81, 0xc2, 0x79,
    0x20, 0x28, 0x61, 0x30, 0x22, 0x59, 0xa4, 0x79, 0x25, 0x8a, 0x25, 0x92,
    0xe4, 0x89, 0x04, 0x8a, 0xe4, 0x81, 0xe4, 0x81, 0xe4, 0x89, 0xe5, 0x89,
    0x04, 0x8a, 0xc4, 0x81, 0xa3, 0x81, 0xe4, 0x89, 0x05, 0x8a, 0x45, 0x92,
    0x66, 0x9a, 0x46, 0x9a, 0x25, 0x92, 0x46, 0x9a, 0x81, 0x28, 0x45, 0x31,
    0x4a, 0x93, 0xa7, 0x49, 0xed, 0x72, 0xad, 0x6a, 0x4b, 0x5a, 0x29, 0x93,
    0x45, 0x41, 0xc3, 0x30, 0x02, 0x51, 0xe4, 0x81, 0xe4, 0x81, 0xa1, 0x38,
    0x00, 0x08, 0x20, 0x08, 0x41, 0x28, 0xa1, 0x40, 0xe4, 0x89, 0x45, 0x9a,
    0x04, 0x8a, 0xe4, 0x89, 0x22, 0x61, 0x20, 0x20, 0x20, 0x10, 0xa1, 0x38,
    0x04, 0x8a, 0x25, 0x92, 0x45, 0x9a, 0x45, 0x9a, 0x25, 0x92, 0x80, 0x40,
    0x80, 0x38, 0x83, 0x71, 0xc4, 0x81, 0xe4, 0x81, 0x25, 0x92, 0x05, 0x8a,
    0xe4, 0x89, 0x05, 0x8a, 0xe4, 0x89, 0x04, 0x8a, 0x04, 0x8a, 0x05, 0x92,
    0x25, 0x92, 0x25, 0x92, 0x25, 0x92, 0x86, 0xa2, 0xc7, 0xaa, 0xc4, 0x79,
    0x81, 0x38, 0x80, 0x38, 0x22, 0x61, 0x83, 0x79, 0xc4, 0x81, 0xc3, 0x81,
    0x46, 0x92, 0x01, 0x61, 0x04, 0x8a, 0x05, 0x82, 0xc2, 0x30, 0x81, 0x10,
    0x81, 0x10, 0x82, 0x10, 0xa1, 0x18, 0x82, 0x10, 0x82, 0x10, 0xa2, 0x18,
    0xa1, 0x18, 0xa2, 0x18, 0xa2, 0x18, 0xa2, 0x18, 0xa1, 0x18, 0xa2, 0x18,
    0xa2, 0x20, 0x23, 0x39, 0x2c, 0xe4, 0x2c, 0xe4, 0x2c, 0xe4, 0x2c, 0xe4,
    0x2c, 0xe4, 0x2c, 0xe4, 0x2c, 0xec, 0x0c, 0xe4, 0x0c, 0xe4, 0x0b, 0xe4,
    0xeb, 0xdb, 0xeb, 0xdb, 0xeb, 0xdb, 0xaa, 0xdb, 0x8a, 0xcb, 0x69, 0xcb,
    0x49, 0xc3, 0xe7, 0xb2, 0xc7, 0xaa, 0x46, 0xa2, 0x65, 0x9a, 0x25, 0x9a,
    0x45, 0x9a, 0x66, 0xa2, 0x08, 0xbb, 0x28, 0xc3, 0x69, 0xcb, 0x8a, 0xd3,
    0x49, 0xcb, 0x28, 0xc3, 0x08, 0xbb, 0xe8, 0xb2, 0xc7, 0xaa, 0xa7, 0xa2,
    0x25, 0x92, 0x83, 0x79, 0x22, 0x59, 0x20, 0x20, 0x20, 0x20, 0x20, 0x20,
    0x05, 0x82, 0x49, 0xc3, 0x08, 0xbb, 0x66, 0x9a, 0xc4, 0x81, 0xa4, 0x79,
    0x83, 0x79, 0x83, 0x71, 0xa4, 0x79, 0xc4, 0x81, 0x05, 0x8a, 0x46, 0x9a,
    0x66, 0x9a, 0xa7, 0xaa, 0xc7, 0xaa, 0xa7, 0xa2, 0xc8, 0xaa, 0xa7, 0xaa,
    0xa7, 0xa2, 0xc8, 0xaa, 0x87, 0xa2, 0x86, 0xa2, 0xa7, 0xa2, 0x87, 0xa2,
    0x87, 0xa2, 0x66, 0x9a, 0x86, 0x9a, 0x87, 0xa2, 0xa7, 0xaa, 0xc7, 0xaa,
    0xe8, 0xb2, 0xe8, 0xb2, 0xc7, 0xaa, 0x46, 0x9a, 0xe4, 0x81, 0x83, 0x71,
    0x22, 0x59, 0xa1, 0x40, 0x80, 0x38, 0xa1, 0x40, 0xc1, 0x48, 0x88, 0xcb,
    0x47, 0xc3, 0x84, 0xa2, 0x03, 0x8a, 0xc3, 0x79, 0x01, 0x51, 0x02, 0x51,
    0xc1, 0x48, 0x80, 0x38, 0x81, 0x38, 0xa1, 0x40, 0x02, 0x51, 0x83, 0x71,
    0xe4, 0x81, 0x05, 0x8a, 0x05, 0x8a, 0xa3, 0x79, 0xa3, 0x81, 0xa3, 0x81,
    0xa4, 0x79, 0xa3, 0x79, 0xa3, 0x79, 0x83, 0x71, 0x83, 0x71, 0xa3, 0x79,
    0xc4, 0x81, 0xe4, 0x81, 0xc4, 0x81, 0xe5, 0x89, 0x05, 0x8a, 0x05, 0x8a,
    0x25, 0x92, 0x25, 0x8a, 0xe4, 0x81, 0xe4, 0x89, 0x45, 0x9a, 0x04, 0x8a,
    0x83, 0x71, 0x01, 0x51, 0x01, 0x51, 0x22, 0x61, 0x83, 0x71, 0xc4, 0x79,
    0xc4, 0x79, 0xe4, 0x81, 0xc4, 0x81, 0xc4, 0x79, 0x83, 0x71, 0x63, 0x71,
    0x43, 0x69, 0x42, 0x61, 0x22, 0x59, 0x02, 0x59, 0x02, 0x59, 0x22, 0x61,
    0x42, 0x69, 0x65, 0x9a, 0x47, 0xbb, 0xa5, 0xa2, 0x43, 0x92, 0xa5, 0xa2,
    0x20, 0x28, 0x81, 0x30, 0x02, 0x59, 0xa3, 0x71, 0xe4, 0x81, 0x05, 0x8a,
    0x04, 0x8a, 0x05, 0x8a, 0xe5, 0x89, 0x05, 0x8a, 0x05, 0x8a, 0x04, 0x8a,
    0xe4, 0x89, 0xc4, 0x81, 0xc4, 0x81, 0xe4, 0x89, 0x04, 0x92, 0x66, 0x9a,
    0x65, 0x9a, 0x45, 0x9a, 0x45, 0x9a, 0x25, 0x92, 0xc1, 0x40, 0x25, 0x31,
    0xe8, 0x7a, 0x68, 0x6a, 0x37, 0xbd, 0x37, 0xc5, 0xd2, 0x8b, 0x09, 0x8b,
    0x45, 0x39, 0x04, 0x31, 0x22, 0x59, 0xc3, 0x81, 0xe4, 0x81, 0x81, 0x30,
    0x00, 0x08, 0x00, 0x08, 0x40, 0x20, 0xa1, 0x38, 0xa3, 0x79, 0x04, 0x92,
    0x25, 0x92, 0x04, 0x8a, 0x02, 0x59, 0x20, 0x18, 0x00, 0x10, 0xa4, 0x71,
    0x25, 0x92, 0x45, 0x9a, 0x45, 0x9a, 0x25, 0x92, 0xc4, 0x81, 0x40, 0x30,
    0xc1, 0x48, 0x83, 0x71, 0xc4, 0x81, 0xe4, 0x89, 0x05, 0x8a, 0x04, 0x8a,
    0x04, 0x8a, 0x04, 0x8a, 0x25, 0x92, 0x25, 0x92, 0x25, 0x92, 0x25, 0x92,
    0x45, 0x92, 0x45, 0x92, 0x66, 0x9a, 0xa7, 0xaa, 0x46, 0x92, 0x42, 0x61,
    0x80, 0x38, 0xc1, 0x48, 0x62, 0x69, 0xc3, 0x81, 0xe4, 0x81, 0xc4, 0x81,
    0x46, 0x9a, 0x22, 0x61, 0x83, 0x71, 0x45, 0x92, 0xa4, 0x71, 0x81, 0x18,
    0x82, 0x18, 0xa2, 0x18, 0x81, 0x10, 0x81, 0x18, 0xa2, 0x18, 0xa2, 0x10,
    0x81, 0x18, 0x82, 0x18, 0x82, 0x18, 0xa1, 0x18, 0xa2, 0x18, 0xa2, 0x20,
    0xa2, 0x20, 0x84, 0x49, 0x4c, 0xe4, 0x0c, 0xe4, 0x2d, 0xe4, 0x2c, 0xe4,
    0x2c, 0xec, 0x0c, 0xe4, 0x0c, 0xe4, 0x0b, 0xe4, 0xeb, 0xdb, 0xcb, 0xdb,
    0xcb, 0xdb, 0xeb, 0xdb, 0x0c, 0xe4, 0xcb, 0xdb, 0x8a, 0xd3, 0xaa, 0xd3,
    0x6a, 0xcb, 0x49, 0xc3, 0xe8, 0xb2, 0x86, 0xa2, 0x86, 0xa2, 0x46, 0x9a,
    0x04, 0x92, 0x05, 0x92, 0x45, 0x9a, 0x86, 0xa2, 0x08, 0xbb, 0x8a, 0xd3,
    0xaa, 0xd3, 0x69, 0xcb, 0x28, 0xc3, 0x08, 0xc3, 0x08, 0xbb, 0xa7, 0xaa,
    0x86, 0xa2, 0x05, 0x8a, 0xa4, 0x79, 0x22, 0x61, 0x20, 0x20, 0x20, 0x18,
    0x63, 0x59, 0x49, 0xbb, 0x29, 0xbb, 0x87, 0xa2, 0xe5, 0x81, 0xa3, 0x79,
    0x83, 0x71, 0x83, 0x79, 0xa4, 0x79, 0xc4, 0x79, 0x05, 0x8a, 0x25, 0x92,
    0x46, 0x9a, 0x87, 0xa2, 0xa7, 0xaa, 0xa7, 0xaa, 0xa7, 0xaa, 0xa7, 0xaa,
    0xc8, 0xaa, 0xc7, 0xaa, 0xa7, 0xaa, 0x86, 0xa2, 0xa7, 0xa2, 0x86, 0xa2,
    0x87, 0xa2, 0x87, 0xa2, 0x86, 0xa2, 0xa7, 0xa2, 0xa7, 0xaa, 0xc7, 0xaa,
    0xe8, 0xb2, 0xe8, 0xb2, 0xa7, 0xaa, 0x86, 0x9a, 0x25, 0x8a, 0x83, 0x79,
    0x22, 0x61, 0xe1, 0x48, 0x80, 0x38, 0x80, 0x38, 0xa1, 0x48, 0x27, 0xb3,
    0x2a, 0xec, 0x26, 0xbb, 0xc2, 0x81, 0x24, 0x8a, 0x02, 0x51, 0x02, 0x51,
    0xc1, 0x48, 0xa1, 0x40, 0x80, 0x38, 0x81, 0x38, 0xe1, 0x48, 0x43, 0x69,
    0xc4, 0x79, 0x25, 0x8a, 0x46, 0x92, 0xe4, 0x89, 0xc4, 0x81, 0xe4, 0x81,
    0xc4, 0x81, 0xa3, 0x79, 0xa3, 0x79, 0x83, 0x71, 0x83, 0x71, 0xa4, 0x79,
    0xc4, 0x79, 0xc4, 0x81, 0xe4, 0x81, 0xe4, 0x81, 0x05, 0x8a, 0x05, 0x92,
    0x04, 0x8a, 0x05, 0x92, 0x05, 0x8a, 0x04, 0x8a, 0x46, 0x9a, 0xe4, 0x81,
    0x43, 0x69, 0xe1, 0x50, 0x02, 0x59, 0x43, 0x61, 0x63, 0x69, 0xa3, 0x79,
    0xc4, 0x79, 0xc4, 0x81, 0xa4, 0x79, 0xc4, 0x81, 0xc4, 0x79, 0x83, 0x71,
    0x83, 0x71, 0x22, 0x61, 0x22, 0x59, 0x22, 0x61, 0x22, 0x61, 0x42, 0x69,
    0x83, 0x71, 0xe4, 0x89, 0x85, 0xa2, 0x27, 0xbb, 0x23, 0x92, 0x64, 0x9a,
    0x20, 0x30, 0x81, 0x38, 0x01, 0x51, 0xa3, 0x71, 0xc4, 0x81, 0x05, 0x8a,
    0x04, 0x8a, 0x05, 0x8a, 0x05, 0x8a, 0xe4, 0x81, 0x05, 0x8a, 0x05, 0x8a,
    0xe4, 0x89, 0xe4, 0x81, 0xe4, 0x81, 0xe4, 0x89, 0x25, 0x92, 0x46, 0x9a,
    0x45, 0x9a, 0x45, 0x9a, 0x86, 0xa2, 0x45, 0x92, 0x22, 0x59, 0x46, 0x31,
    0x66, 0x39, 0x4a, 0x93, 0xc7, 0x49, 0xc8, 0x49, 0xc8, 0x49, 0x2a, 0x93,
    0x46, 0x39, 0x25, 0x31, 0x22, 0x59, 0xa3, 0x79, 0xe4, 0x81, 0x20, 0x20,
    0x00, 0x08, 0x20, 0x08, 0x20, 0x18, 0x80, 0x38, 0xa3, 0x79, 0x25, 0x92,
    0x24, 0x92, 0xe4, 0x89, 0xe1, 0x50, 0x20, 0x18, 0x02, 0x49, 0x25, 0x92,
    0x05, 0x92, 0x25, 0x92, 0x25, 0x92, 0x04, 0x8a, 0xa3, 0x71, 0x40, 0x30,
    0x01, 0x59, 0xa4, 0x79, 0xe4, 0x81, 0x04, 0x8a, 0x05, 0x92, 0xe4, 0x89,
    0xe4, 0x89, 0x05, 0x92, 0x25, 0x92, 0x25, 0x92, 0x25, 0x92, 0x25, 0x92,
    0x66, 0x9a, 0x25, 0x92, 0x66, 0x9a, 0x86, 0xa2, 0xa3, 0x79, 0x01, 0x51,
    0xc1, 0x48, 0x22, 0x61, 0xa3, 0x79, 0xc4, 0x81, 0x04, 0x8a, 0xe4, 0x89,
    0x45, 0x9a, 0x63, 0x61, 0x22, 0x59, 0x05, 0x8a, 0x05, 0x8a, 0x43, 0x61,
    0x81, 0x10, 0x81, 0x10, 0x82, 0x18, 0x81, 0x10, 0xa1, 0x18, 0x82, 0x18,
    0xa2, 0x10, 0xa2, 0x18, 0xa2, 0x18, 0xa2, 0x18, 0xa2, 0x18, 0xa2, 0x18,
    0xa2, 0x20, 0x84, 0x49, 0x4d, 0xe4, 0x2c, 0xe4, 0x2d, 0xec, 0x2c, 0xec,
    0x2c, 0xec, 0x0c, 0xe4, 0xeb, 0xe3, 0xeb, 0xdb, 0x0b, 0xe4, 0xaa, 0xd3,
    0xaa, 0xdb, 0xeb, 0xdb, 0xcb, 0xdb, 0xaa, 0xdb, 0xcb, 0xd3, 0xcb, 0xdb,
    0xab, 0xd3, 0x8a, 0xcb, 0x29, 0xc3, 0xe8, 0xb2, 0xa7, 0xaa, 0x66, 0x9a,
    0x66, 0x9a, 0xe4, 0x89, 0x04, 0x92, 0x05, 0x92, 0x66, 0xa2, 0x07, 0xbb,
    0x69, 0xcb, 0x48, 0xcb, 0x28, 0xc3, 0x28, 0xc3, 0x28, 0xbb, 0xe8, 0xb2,
    0xc7, 0xaa, 0x66, 0x9a, 0xc4, 0x79, 0x83, 0x71, 0xc1, 0x48, 0x00, 0x18,
    0x81, 0x30, 0x08, 0xbb, 0x08, 0xbb, 0xa7, 0xa2, 0x05, 0x8a, 0xa3, 0x79,
    0x83, 0x71, 0x83, 0x79, 0x83, 0x71, 0xc4, 0x81, 0xe5, 0x81, 0x05, 0x8a,
    0x45, 0x92, 0x86, 0xa2, 0xc7, 0xaa, 0xa7, 0xaa, 0xc7, 0xaa, 0xc7, 0xaa,
    0xa7, 0xaa, 0xc7, 0xaa, 0xc7, 0xaa, 0xa7, 0xa2, 0xa7, 0xa2, 0x87, 0xa2,
    0xa7, 0xa2, 0xa7, 0xa2, 0x86, 0xa2, 0x86, 0xa2, 0x86, 0xa2, 0xc7, 0xaa,
    0xc7, 0xb2, 0xe8, 0xb2, 0xa7, 0xa2, 0x87, 0xa2, 0x05, 0x8a, 0xc4, 0x79,
    0x42, 0x61, 0x02, 0x51, 0x81, 0x38, 0x80, 0x38, 0xa0, 0x40, 0x24, 0x8a,
    0xc8, 0xd3, 0x47, 0xc3, 0x03, 0x8a, 0xa5, 0xa2, 0x02, 0x59, 0x02, 0x59,
    0xe1, 0x50, 0xa1, 0x40, 0xa1, 0x38, 0xa0, 0x38, 0xc1, 0x48, 0x22, 0x59,
    0x83, 0x71, 0x05, 0x8a, 0x25, 0x92, 0xe5, 0x89, 0xc4, 0x81, 0xe4, 0x81,
    0xe4, 0x89, 0xc4, 0x81, 0xc4, 0x81, 0xa4, 0x79, 0x83, 0x71, 0x83, 0x71,
    0xa3, 0x79, 0xc4, 0x79, 0xe4, 0x81, 0xe4, 0x81, 0x05, 0x8a, 0x25, 0x92,
    0x25, 0x92, 0x05, 0x8a, 0x04, 0x8a, 0x46, 0x9a, 0x45, 0x92, 0xc4, 0x81,
    0x22, 0x61, 0xe1, 0x48, 0x02, 0x59, 0x22, 0x61, 0x63, 0x69, 0x83, 0x71,
    0xc4, 0x81, 0xc4, 0x81, 0xe4, 0x81, 0xc4, 0x81, 0xa3, 0x79, 0xa4, 0x79,
    0x83, 0x71, 0x42, 0x61, 0x22, 0x61, 0x22, 0x61, 0x43, 0x61, 0x22, 0x61,
    0x83, 0x71, 0xe4, 0x89, 0x47, 0xbb, 0x47, 0xc3, 0x85, 0xa2, 0xa5, 0xa2,
    0x02, 0x51, 0x81, 0x38, 0x02, 0x51, 0x63, 0x69, 0xc4, 0x81, 0x05, 0x8a,
    0xe4, 0x89, 0xe4, 0x81, 0xe4, 0x89, 0x04, 0x8a, 0x04, 0x8a, 0x05, 0x8a,
    0x05, 0x8a, 0xe4, 0x89, 0x04, 0x8a, 0x05, 0x8a, 0x05, 0x92, 0x45, 0x92,
    0x66, 0x9a, 0x25, 0x92, 0x46, 0x9a, 0x45, 0x92, 0x63, 0x69, 0xc3, 0x20,
    0x66, 0x31, 0xe8, 0x51, 0xe9, 0x82, 0xea, 0x8a, 0x0a, 0x8b, 0x08, 0x52,
    0x25, 0x31, 0xe3, 0x30, 0x22, 0x61, 0xe4, 0x81, 0xe4, 0x81, 0x00, 0x18,
    0x00, 0x08, 0x20, 0x10, 0x20, 0x10, 0x61, 0x30, 0x83, 0x79, 0x24, 0x92,
    0x25, 0x92, 0xe4, 0x89, 0xe1, 0x50, 0x40, 0x28, 0x05, 0x8a, 0x05, 0x92,
    0x04, 0x8a, 0x45, 0x9a, 0x25, 0x92, 0xe4, 0x89, 0x22, 0x61, 0x80, 0x38,
    0x42, 0x61, 0xa4, 0x79, 0xa4, 0x81, 0x04, 0x8a, 0x25, 0x92, 0xe4, 0x89,
    0xe4, 0x89, 0x25, 0x92, 0x45, 0x9a, 0x25, 0x92, 0x05, 0x92, 0x25, 0x92,
    0x45, 0x92, 0x46, 0x9a, 0x86, 0xa2, 0x45, 0x92, 0x83, 0x71, 0xe1, 0x50,
    0x01, 0x59, 0x63, 0x69, 0xc4, 0x81, 0x04, 0x8a, 0xc4, 0x81, 0x04, 0x8a,
    0x25, 0x92, 0xc5, 0x79, 0xe1, 0x58, 0xa3, 0x79, 0x45, 0x92, 0xa3, 0x79,
    0x81, 0x10, 0x81, 0x18, 0xa2, 0x10, 0x82, 0x10, 0xa2, 0x18, 0x81, 0x10,
    0xa1, 0x18, 0x81, 0x18, 0xa2, 0x18, 0xa1, 0x18, 0xa2, 0x18, 0xa1, 0x18,
    0xa2, 0x20, 0xe5, 0x61, 0x2c, 0xe4, 0x2c, 0xe4, 0x4d, 0xec, 0x2c, 0xe4,
    0x2c, 0xe4, 0x0c, 0xe4, 0x0c, 0xe4, 0x0c, 0xe4, 0xeb, 0xe3, 0xca, 0xdb,
    0xab, 0xd3, 0xaa, 0xdb, 0xcb, 0xdb, 0xcb, 0xdb, 0xcb, 0xdb, 0xeb, 0xdb,
    0xcb, 0xdb, 0xcb, 0xd3, 0x8a, 0xcb, 0x49, 0xc3, 0xe7, 0xb2, 0xa7, 0xaa,
    0x86, 0xa2, 0x25, 0x92, 0x25, 0x92, 0xe4, 0x89, 0xe4, 0x89, 0x66, 0xa2,
    0xc7, 0xb2, 0x08, 0xbb, 0x29, 0xc3, 0x49, 0xc3, 0x08, 0xbb, 0xe7, 0xb2,
    0xe8, 0xb2, 0xa7, 0xa2, 0x25, 0x92, 0xa4, 0x79, 0x42, 0x61, 0x61, 0x30,
    0x20, 0x18, 0xe8, 0xaa, 0x28, 0xbb, 0xc7, 0xaa, 0x46, 0x92, 0xc4, 0x81,
    0x83, 0x79, 0x83, 0x79, 0xa4, 0x79, 0xa3, 0x79, 0xc4, 0x81, 0xe4, 0x89,
    0x25, 0x92, 0x66, 0x9a, 0xa7, 0xaa, 0xa7, 0xaa, 0xc7, 0xaa, 0xc8, 0xaa,
    0xc8, 0xb2, 0xc7, 0xaa, 0xa7, 0xaa, 0xa7, 0xaa, 0xa7, 0xa2, 0xa7, 0xa2,
    0xa7, 0xa2, 0xa7, 0xa2, 0x86, 0xa2, 0x66, 0xa2, 0xa7, 0xa2, 0xc7, 0xaa,
    0xc7, 0xb2, 0xc7, 0xaa, 0xc8, 0xb2, 0x66, 0x9a, 0x66, 0x9a, 0xc4, 0x79,
    0x63, 0x69, 0x02, 0x59, 0xc1, 0x48, 0x81, 0x40, 0x80, 0x40, 0x04, 0x7a,
    0xe9, 0xdb, 0x06, 0xbb, 0x02, 0x8a, 0x24, 0x8a, 0x01, 0x59, 0x02, 0x59,
    0x01, 0x51, 0xe1, 0x48, 0xa1, 0x40, 0xa1, 0x40, 0xa1, 0x40, 0x22, 0x59,
    0x63, 0x69, 0xa4, 0x79, 0x05, 0x8a, 0x25, 0x8a, 0xc4, 0x81, 0xc3, 0x81,
    0xe4, 0x89, 0xc4, 0x81, 0xa3, 0x79, 0x83, 0x71, 0x83, 0x71, 0x83, 0x71,
    0xa3, 0x71, 0xa4, 0x79, 0xc4, 0x79, 0xc4, 0x79, 0xe4, 0x81, 0xe4, 0x89,
    0x05, 0x8a, 0xc4, 0x81, 0x04, 0x8a, 0x45, 0x9a, 0x25, 0x92, 0xc3, 0x79,
    0x42, 0x61, 0xe1, 0x48, 0x02, 0x51, 0x22, 0x61, 0x63, 0x69, 0xa4, 0x71,
    0xc4, 0x81, 0xc4, 0x81, 0xe5, 0x81, 0xe4, 0x81, 0xe4, 0x81, 0xa4, 0x79,
    0x83, 0x71, 0x63, 0x61, 0x22, 0x59, 0x42, 0x61, 0x42, 0x61, 0x22, 0x61,
    0x83, 0x71, 0xc3, 0x81, 0xe6, 0xb2, 0x64, 0x9a, 0x03, 0x8a, 0xc5, 0xaa,
    0x83, 0x61, 0xa1, 0x38, 0x02, 0x51, 0x83, 0x71, 0x04, 0x8a, 0x05, 0x8a,
    0xe4, 0x81, 0xe4, 0x81, 0x04, 0x82, 0xe4, 0x81, 0xe4, 0x81, 0x05, 0x8a,
    0x04, 0x8a, 0x04, 0x8a, 0xe4, 0x89, 0x05, 0x8a, 0x25, 0x92, 0x45, 0x9a,
    0x25, 0x92, 0x25, 0x92, 0x46, 0x9a, 0x25, 0x92, 0xc4, 0x81, 0xc1, 0x38,
    0x25, 0x29, 0x46, 0x31, 0xc8, 0x41, 0xc8, 0x41, 0xc8, 0x41, 0xa7, 0x39,
    0x45, 0x41, 0xa1, 0x38, 0x42, 0x61, 0xe4, 0x81, 0xe4, 0x81, 0x00, 0x10,
    0x00, 0x08, 0x21, 0x10, 0x00, 0x10, 0x80, 0x30, 0x83, 0x71, 0x04, 0x8a,
    0x04, 0x92, 0xe4, 0x89, 0xc1, 0x48, 0x43, 0x61, 0x45, 0x9a, 0x45, 0x92,
    0x25, 0x9a, 0x25, 0x92, 0xe4, 0x89, 0xe3, 0x89, 0x01, 0x59, 0xa0, 0x40,
    0x42, 0x61, 0xa4, 0x81, 0xe4, 0x81, 0xe4, 0x89, 0xe4, 0x89, 0xe4, 0x89,
    0x25, 0x92, 0x45, 0x9a, 0x25, 0x9a, 0x45, 0x9a, 0x04, 0x8a, 0x45, 0x92,
    0x45, 0x9a, 0x66, 0x9a, 0x45, 0x92, 0xc3, 0x79, 0x42, 0x61, 0x22, 0x61,
    0x42, 0x69, 0x83, 0x71, 0xc4, 0x81, 0x05, 0x92, 0x04, 0x92, 0x04, 0x8a,
    0x04, 0x92, 0x46, 0x8a, 0xc1, 0x48, 0x42, 0x69, 0x46, 0x92, 0xc4, 0x81,
    0x82, 0x18, 0x82, 0x18, 0x81, 0x10, 0x81, 0x18, 0xa2, 0x18, 0xa2, 0x18,
    0x82, 0x18, 0x82, 0x18, 0xa1, 0x18, 0x81, 0x18, 0xa1, 0x18, 0xc2, 0x20,
    0xa2, 0x20, 0x06, 0x6a, 0x2c, 0xe4, 0x0c, 0xe4, 0x4d, 0xec, 0x2c, 0xe4,
    0x2c, 0xe4, 0x2c, 0xe4, 0x0c, 0xe4, 0xeb, 0xe3, 0xcb, 0xdb, 0xcb, 0xdb,
    0xaa, 0xd3, 0xaa, 0xd3, 0xaa, 0xd3, 0xeb, 0xdb, 0xab, 0xd3, 0xcb, 0xdb,
    0xcb, 0xdb, 0xaa, 0xd3, 0x8a, 0xd3, 0x49, 0xc3, 0x49, 0xc3, 0x08, 0xbb,
    0xa7, 0xaa, 0x66, 0xa2, 0x25, 0x92, 0xe4, 0x89, 0xa3, 0x81, 0x04, 0x8a,
    0x25, 0x92, 0x86, 0xaa, 0xa7, 0xaa, 0xc7, 0xb2, 0xe7, 0xba, 0xe8, 0xba,
    0x08, 0xbb, 0xe8, 0xb2, 0x86, 0xa2, 0xe4, 0x81, 0x63, 0x71, 0x80, 0x40,
    0x20, 0x20, 0x87, 0x9a, 0x49, 0xc3, 0xc7, 0xaa, 0x25, 0x8a, 0xc4, 0x81,
    0xc4, 0x81, 0xa4, 0x79, 0xa3, 0x79, 0xa4, 0x79, 0xc4, 0x81, 0x05, 0x8a,
    0x05, 0x8a, 0x66, 0x9a, 0xa7, 0xaa, 0xa7, 0xaa, 0xa7, 0xaa, 0xe8, 0xb2,
    0xc7, 0xaa, 0xc8, 0xaa, 0xc8, 0xb2, 0xa7, 0xaa, 0x86, 0xa2, 0xc7, 0xaa,
    0x87, 0xa2, 0x86, 0xa2, 0x86, 0xa2, 0x86, 0xa2, 0x86, 0xa2, 0xa7, 0xaa,
    0xc7, 0xaa, 0xe7, 0xb2, 0xc7, 0xaa, 0x87, 0xa2, 0x45, 0x9a, 0xe4, 0x81,
    0x83, 0x71, 0x22, 0x61, 0xc1, 0x48, 0xa1, 0x40, 0xa1, 0x40, 0x21, 0x59,
    0x09, 0xe4, 0xa8, 0xdb, 0x65, 0x9a, 0x44, 0x92, 0x62, 0x69, 0x22, 0x59,
    0x02, 0x59, 0x02, 0x51, 0xc1, 0x48, 0xc1, 0x40, 0xa1, 0x40, 0xe1, 0x48,
    0x22, 0x59, 0xa4, 0x79, 0x05, 0x8a, 0x25, 0x92, 0x05, 0x8a, 0xc3, 0x81,
    0xe4, 0x89, 0x04, 0x92, 0xc4, 0x81, 0xa3, 0x79, 0x62, 0x71, 0x83, 0x71,
    0x63, 0x71, 0x83, 0x71, 0x83, 0x71, 0xc4, 0x79, 0xc4, 0x81, 0xe4, 0x89,
    0x05, 0x8a, 0xe4, 0x89, 0x25, 0x92, 0x45, 0x9a, 0x25, 0x92, 0x83, 0x79,
    0x02, 0x51, 0xc1, 0x48, 0xe1, 0x50, 0x42, 0x61, 0x83, 0x69, 0x83, 0x71,
    0xe4, 0x81, 0xe4, 0x81, 0xe4, 0x81, 0xc4, 0x81, 0xc4, 0x81, 0xa4, 0x79,
    0xa3, 0x71, 0x63, 0x69, 0x22, 0x61, 0x22, 0x61, 0x43, 0x69, 0x42, 0x69,
    0x63, 0x71, 0x83, 0x71, 0x06, 0xb3, 0x67, 0xcb, 0x06, 0xbb, 0x23, 0x92,
    0x62, 0x61, 0x80, 0x40, 0x02, 0x51, 0x83, 0x71, 0xc4, 0x81, 0xe4, 0x81,
    0xe4, 0x81, 0xe4, 0x81, 0xe4, 0x81, 0xe4, 0x81, 0xe4, 0x89, 0x04, 0x8a,
    0x25, 0x8a, 0xe4, 0x81, 0x05, 0x8a, 0x25, 0x92, 0x46, 0x9a, 0x66, 0x9a,
    0x45, 0x92, 0x04, 0x92, 0x45, 0x9a, 0x25, 0x92, 0xe4, 0x81, 0xa3, 0x79,
    0xe2, 0x48, 0x25, 0x29, 0x66, 0x31, 0x67, 0x39, 0x87, 0x39, 0xc7, 0x51,
    0x85, 0x61, 0xe1, 0x50, 0x83, 0x71, 0xc4, 0x79, 0xa3, 0x71, 0x20, 0x08,
    0x00, 0x08, 0x20, 0x10, 0x00, 0x10, 0x40, 0x28, 0x83, 0x71, 0x04, 0x8a,
    0xe4, 0x89, 0xc4, 0x81, 0xa1, 0x40, 0x83, 0x71, 0x25, 0x92, 0x04, 0x92,
    0x04, 0x92, 0x25, 0x92, 0xe4, 0x81, 0x42, 0x69, 0xc1, 0x48, 0xc1, 0x48,
    0x63, 0x69, 0xc4, 0x81, 0xe4, 0x81, 0xe4, 0x81, 0x04, 0x8a, 0x05, 0x8a,
    0x25, 0x92, 0x45, 0x9a, 0x45, 0x9a, 0x25, 0x92, 0x04, 0x92, 0x25, 0x92,
    0x66, 0x9a, 0x45, 0x92, 0xe4, 0x81, 0x83, 0x79, 0x83, 0x71, 0x83, 0x71,
    0x83, 0x71, 0x83, 0x79, 0xc4, 0x81, 0x04, 0x92, 0x05, 0x8a, 0x05, 0x92,
    0x25, 0x92, 0x66, 0x92, 0x80, 0x40, 0x01, 0x51, 0xe5, 0x81, 0x25, 0x8a,
    0x81, 0x18, 0x81, 0x10, 0x81, 0x10, 0x81, 0x18, 0x81, 0x10, 0xa2, 0x18,
    0x82, 0x18, 0xa2, 0x18, 0xa2, 0x18, 0xa2, 0x18, 0xa2, 0x18, 0xa2, 0x18,
    0xa1, 0x20, 0x26, 0x72, 0x2c, 0xe4, 0x0c, 0xe4, 0x2c, 0xe4, 0x0c, 0xe4,
    0x0c, 0xe4, 0x2c, 0xe4, 0xeb, 0xe3, 0x0c, 0xe4, 0xca, 0xd3, 0xcb, 0xdb,
    0xaa, 0xd3, 0xaa, 0xd3, 0xcb, 0xdb, 0xaa, 0xd3, 0xaa, 0xd3, 0xab, 0xd3,
    0xcb, 0xd3, 0xaa, 0xd3, 0xcb, 0xdb, 0x8a, 0xcb, 0x69, 0xcb, 0x28, 0xbb,
    0x08, 0xbb, 0xc7, 0xaa, 0xa7, 0xa2, 0x46, 0x9a, 0x05, 0x92, 0xe4, 0x89,
    0xe4, 0x89, 0x04, 0x8a, 0x66, 0xa2, 0xa7, 0xaa, 0xa6, 0xaa, 0xc7, 0xb2,
    0x08, 0xbb, 0xe8, 0xb2, 0xc7, 0xaa, 0x46, 0x92, 0x83, 0x71, 0xc1, 0x50,
    0x00, 0x18, 0x26, 0x8a, 0x49, 0xc3, 0x08, 0xb3, 0x46, 0x9a, 0x05, 0x8a,
    0xa3, 0x79, 0xa3, 0x79, 0x83, 0x71, 0xa3, 0x79, 0xc4, 0x79, 0xc4, 0x81,
    0x05, 0x8a, 0x46, 0x9a, 0x66, 0x9a, 0x86, 0xa2, 0xa7, 0xaa, 0xc7, 0xaa,
    0xe7, 0xb2, 0x08, 0xb3, 0xe8, 0xb2, 0xc7, 0xaa, 0xa7, 0xa2, 0xa7, 0xa2,
    0x87, 0xa2, 0x87, 0xa2, 0x86, 0x9a, 0x87, 0xa2, 0x87, 0xa2, 0xa7, 0xa2,
    0xc7, 0xaa, 0xc7, 0xaa, 0xc7, 0xaa, 0x87, 0xaa, 0x66, 0x9a, 0xe5, 0x81,
    0x83, 0x71, 0x43, 0x61, 0x02, 0x59, 0xa1, 0x40, 0xa1, 0x48, 0xc1, 0x48,
    0x26, 0xc3, 0xe5, 0xb2, 0x84, 0xa2, 0x03, 0x8a, 0x65, 0x92, 0x01, 0x59,
    0x02, 0x59, 0x22, 0x59, 0xe1, 0x48, 0xc1, 0x48, 0xc1, 0x40, 0xc1, 0x48,
    0x01, 0x51, 0x83, 0x71, 0xe4, 0x81, 0x25, 0x92, 0x05, 0x8a, 0xc4, 0x81,
    0x04, 0x8a, 0x25, 0x92, 0xe4, 0x89, 0xa3, 0x79, 0x63, 0x71, 0x83, 0x71,
    0x63, 0x69, 0x83, 0x71, 0x83, 0x71, 0xc4, 0x79, 0xe5, 0x81, 0xe5, 0x89,
    0x05, 0x8a, 0x04, 0x8a, 0x46, 0x9a, 0x45, 0x9a, 0x05, 0x8a, 0x63, 0x71,
    0xe1, 0x50, 0xc1, 0x48, 0xe1, 0x48, 0x22, 0x61, 0x63, 0x69, 0x83, 0x71,
    0xc4, 0x81, 0xe4, 0x89, 0xe4, 0x81, 0xe4, 0x81, 0xc4, 0x81, 0xa3, 0x79,
    0xa3, 0x71, 0x63, 0x69, 0x42, 0x61, 0x22, 0x61, 0x22, 0x61, 0x43, 0x69,
    0x62, 0x69, 0x83, 0x71, 0xa5, 0xaa, 0xa5, 0xaa, 0x64, 0xa2, 0xa4, 0xaa,
    0x65, 0x92, 0x80, 0x40, 0x22, 0x59, 0x62, 0x69, 0xa3, 0x79, 0xc4, 0x81,
    0xc4, 0x81, 0xc3, 0x81, 0xe4, 0x81, 0xe4, 0x89, 0x05, 0x8a, 0xe4, 0x89,
    0x05, 0x8a, 0xe4, 0x89, 0xe4, 0x89, 0x25, 0x92, 0x25, 0x92, 0x45, 0x92,
    0x46, 0x9a, 0x25, 0x92, 0x04, 0x8a, 0x04, 0x8a, 0xe4, 0x89, 0xe4, 0x89,
    0xe4, 0x81, 0xc4, 0x81, 0xc5, 0x71, 0xa4, 0x71, 0xe5, 0x79, 0x06, 0x82,
    0x83, 0x71, 0x42, 0x69, 0x83, 0x71, 0xc3, 0x79, 0x83, 0x69, 0x00, 0x10,
    0x20, 0x10, 0x00, 0x08, 0x00, 0x10, 0x41, 0x28, 0x82, 0x71, 0xe4, 0x89,
    0xe3, 0x81, 0xe4, 0x81, 0xa0, 0x40, 0xa3, 0x71, 0x25, 0x92, 0x04, 0x92,
    0xe4, 0x89, 0xc4, 0x81, 0x62, 0x71, 0xe1, 0x50, 0x80, 0x40, 0xc1, 0x50,
    0x83, 0x79, 0x04, 0x8a, 0x25, 0x8a, 0x09, 0xab, 0x4a, 0xbb, 0xe8, 0xaa,
    0xe4, 0x81, 0xa3, 0x81, 0xe4, 0x89, 0x04, 0x92, 0x25, 0x92, 0x45, 0x92,
    0x46, 0x9a, 0x25, 0x92, 0xc4, 0x81, 0xc4, 0x79, 0xe4, 0x81, 0xc4, 0x81,
    0xa4, 0x79, 0x62, 0x71, 0xc4, 0x81, 0x04, 0x92, 0x04, 0x8a, 0x25, 0x92,
    0x25, 0x92, 0x46, 0x92, 0x40, 0x30, 0xa1, 0x40, 0x62, 0x69, 0x25, 0x8a,
    0x81, 0x10, 0x82, 0x18, 0x82, 0x18, 0xa2, 0x10, 0x81, 0x18, 0x81, 0x18,
    0xa1, 0x10, 0x82, 0x18, 0xa2, 0x18, 0xa1, 0x18, 0xa2, 0x18, 0xa2, 0x20,
    0xa2, 0x20, 0x67, 0x7a, 0x2d, 0xe4, 0x2c, 0xe4, 0x4d, 0xec, 0x2c, 0xe4,
    0x0c, 0xe4, 0x0c, 0xe4, 0x2c, 0xe4, 0x0b, 0xe4, 0xeb, 0xdb, 0xcb, 0xdb,
    0xaa, 0xd3, 0xaa, 0xcb, 0x8a, 0xcb, 0x8a, 0xd3, 0xeb, 0xdb, 0xaa, 0xd3,
    0xaa, 0xd3, 0xaa, 0xd3, 0xaa, 0xd3, 0xaa, 0xd3, 0x8a, 0xd3, 0x8a, 0xcb,
    0x49, 0xc3, 0x08, 0xbb, 0xc7, 0xaa, 0x86, 0xa2, 0x25, 0x92, 0xe5, 0x89,
    0xe4, 0x89, 0xc3, 0x81, 0x05, 0x92, 0x25, 0x92, 0x65, 0x9a, 0xa7, 0xaa,
    0x86, 0xaa, 0xc7, 0xb2, 0xc8, 0xb2, 0xa7, 0xa2, 0xe4, 0x81, 0x22, 0x61,
    0x20, 0x20, 0x63, 0x61, 0x48, 0xbb, 0x08, 0xb3, 0xa7, 0xa2, 0xc4, 0x81,
    0xa3, 0x79, 0x83, 0x71, 0x83, 0x79, 0xa3, 0x71, 0xa4, 0x79, 0xc4, 0x79,
    0xe4, 0x81, 0x45, 0x92, 0x66, 0x9a, 0xa7, 0xa2, 0xc7, 0xaa, 0xc7, 0xaa,
    0xe8, 0xb2, 0xc7, 0xaa, 0xa6, 0xa2, 0xa7, 0xaa, 0xc7, 0xaa, 0xa7, 0xa2,
    0x66, 0x9a, 0x86, 0xa2, 0x86, 0xa2, 0x86, 0xa2, 0xa7, 0xaa, 0xa7, 0xaa,
    0xa7, 0xa2, 0xc7, 0xaa, 0xc7, 0xb2, 0xc8, 0xaa, 0x87, 0xa2, 0x05, 0x8a,
    0xa4, 0x79, 0x42, 0x61, 0x22, 0x59, 0xc1, 0x48, 0x80, 0x40, 0xa1, 0x48,
    0xc9, 0xcb, 0xe9, 0xdb, 0x27, 0xbb, 0x43, 0x92, 0x85, 0x9a, 0xe1, 0x50,
    0x22, 0x59, 0x01, 0x59, 0xe1, 0x50, 0xe1, 0x48, 0xc1, 0x48, 0xc1, 0x48,
    0xe1, 0x50, 0x63, 0x69, 0xa4, 0x79, 0x04, 0x82, 0x05, 0x8a, 0xc4, 0x81,
    0xc3, 0x81, 0x25, 0x92, 0x04, 0x92, 0xe4, 0x81, 0x83, 0x71, 0x63, 0x71,
    0x42, 0x69, 0x43, 0x69, 0x63, 0x69, 0x83, 0x71, 0xe4, 0x81, 0xc4, 0x81,
    0xe4, 0x81, 0x04, 0x8a, 0x04, 0x92, 0x45, 0x9a, 0xe4, 0x89, 0x62, 0x69,
    0xc1, 0x48, 0xc1, 0x48, 0x02, 0x51, 0x42, 0x61, 0x83, 0x71, 0xc4, 0x79,
    0xe4, 0x81, 0xc4, 0x81, 0xc4, 0x79, 0xe4, 0x81, 0xc4, 0x81, 0xc4, 0x79,
    0xa3, 0x79, 0x63, 0x71, 0x43, 0x69, 0x42, 0x61, 0x43, 0x69, 0x63, 0x69,
    0x63, 0x71, 0x82, 0x71, 0x64, 0x9a, 0x47, 0xc3, 0x06, 0xb3, 0x23, 0x92,
    0x24, 0x82, 0xa1, 0x40, 0x01, 0x51, 0x62, 0x69, 0xc3, 0x79, 0xc4, 0x79,
    0xa3, 0x79, 0xc4, 0x81, 0xe4, 0x81, 0x04, 0x82, 0xe4, 0x89, 0xe4, 0x81,
    0xe4, 0x89, 0x25, 0x8a, 0xe4, 0x89, 0x05, 0x8a, 0x46, 0x9a, 0x45, 0x92,
    0x05, 0x92, 0x25, 0x92, 0x05, 0x8a, 0x04, 0x8a, 0x04, 0x8a, 0xe4, 0x81,
    0x05, 0x8a, 0xe4, 0x89, 0xe4, 0x81, 0xe4, 0x89, 0xc4, 0x81, 0xa4, 0x79,
    0x83, 0x71, 0x83, 0x71, 0xc3, 0x79, 0xc4, 0x81, 0x42, 0x61, 0x00, 0x10,
    0x20, 0x08, 0x20, 0x10, 0x00, 0x10, 0x20, 0x20, 0x62, 0x71, 0xe4, 0x89,
    0xe4, 0x89, 0xa3, 0x79, 0x60, 0x38, 0xa4, 0x71, 0x25, 0x92, 0xe4, 0x89,
    0xc4, 0x81, 0x83, 0x71, 0x01, 0x59, 0x60, 0x38, 0x81, 0x38, 0x02, 0x59,
    0x83, 0x71, 0x2a, 0xab, 0x6f, 0xdc, 0xf2, 0xe4, 0xf1, 0xe4, 0x8f, 0xe4,
    0x2d, 0xdc, 0xc6, 0x71, 0xe1, 0x50, 0xa3, 0x79, 0x45, 0x92, 0x25, 0x92,
    0x46, 0x9a, 0x25, 0x8a, 0xe4, 0x81, 0xe4, 0x89, 0xe5, 0x89, 0xe4, 0x81,
    0xa3, 0x79, 0x83, 0x71, 0xc3, 0x81, 0x04, 0x92, 0x25, 0x92, 0x05, 0x8a,
    0x25, 0x92, 0x87, 0x9a, 0x40, 0x30, 0x40, 0x30, 0x01, 0x59, 0x05, 0x8a,
    0x81, 0x10, 0x82, 0x18, 0x81, 0x10, 0xa2, 0x18, 0xa1, 0x18, 0x82, 0x10,
    0x81, 0x10, 0xa1, 0x18, 0x82, 0x18, 0xa1, 0x18, 0xa1, 0x18, 0xa2, 0x18,
    0xa2, 0x20, 0xa8, 0x8a, 0x4d, 0xec, 0x0c, 0xe4, 0x0c, 0xe4, 0x2c, 0xec,
    0x0c, 0xe4, 0x0b, 0xe4, 0xeb, 0xe3, 0xcb, 0xdb, 0xec, 0xdb, 0xeb, 0xdb,
    0xcb, 0xd3, 0x8a, 0xd3, 0x49, 0xcb, 0x69, 0xcb, 0xcb, 0xd3, 0xab, 0xdb,
    0xaa, 0xd3, 0xab, 0xd3, 0xaa, 0xd3, 0x8a, 0xd3, 0xaa, 0xd3, 0x69, 0xcb,
    0x8a, 0xcb, 0x49, 0xc3, 0x28, 0xbb, 0x08, 0xbb, 0xc7, 0xaa, 0x46, 0x9a,
    0xe4, 0x89, 0xa3, 0x81, 0xa3, 0x81, 0xe4, 0x89, 0x04, 0x92, 0x25, 0x9a,
    0x66, 0x9a, 0xc7, 0xaa, 0xa7, 0xaa, 0x86, 0xa2, 0x66, 0x9a, 0x63, 0x71,
    0x60, 0x30, 0x60, 0x30, 0x28, 0xbb, 0x08, 0xb3, 0xa7, 0xaa, 0xe4, 0x81,
    0x83, 0x79, 0x83, 0x79, 0xa3, 0x79, 0x83, 0x79, 0x83, 0x71, 0x83, 0x79,
    0xc4, 0x81, 0x25, 0x92, 0x46, 0x92, 0x86, 0xa2, 0xc7, 0xaa, 0xc7, 0xaa,
    0xe8, 0xb2, 0xc7, 0xaa, 0xa7, 0xa2, 0xa7, 0xaa, 0xa7, 0xaa, 0xa7, 0xa2,
    0xa7, 0xaa, 0xc8, 0xaa, 0xa7, 0xa2, 0x86, 0xa2, 0x86, 0xa2, 0xa7, 0xa2,
    0xc7, 0xaa, 0xc7, 0xaa, 0xc8, 0xb2, 0xa7, 0xaa, 0x87, 0xa2, 0x25, 0x92,
    0xc4, 0x79, 0x63, 0x69, 0x22, 0x59, 0xe1, 0x50, 0xe1, 0x50, 0xc1, 0x48,
    0x65, 0x9a, 0x67, 0xd3, 0xc5, 0xb2, 0x44, 0x92, 0x24, 0x92, 0x01, 0x59,
    0x22, 0x59, 0x22, 0x59, 0xe1, 0x50, 0xe2, 0x50, 0xe1, 0x48, 0xc1, 0x48,
    0xe1, 0x48, 0x22, 0x59, 0x63, 0x69, 0xc4, 0x81, 0x25, 0x92, 0x05, 0x8a,
    0xc3, 0x81, 0x04, 0x92, 0x25, 0x92, 0xe4, 0x89, 0xa3, 0x79, 0x63, 0x69,
    0x42, 0x61, 0x42, 0x61, 0x63, 0x69, 0xa3, 0x71, 0xc4, 0x79, 0xe4, 0x81,
    0x05, 0x8a, 0x25, 0x92, 0x65, 0x9a, 0x66, 0x9a, 0xc4, 0x81, 0x22, 0x61,
    0xc1, 0x40, 0xc1, 0x48, 0xe1, 0x50, 0x43, 0x61, 0x83, 0x71, 0xa4, 0x79,
    0xc4, 0x79, 0xc4, 0x81, 0xc4, 0x81, 0xc4, 0x81, 0xe4, 0x81, 0xc4, 0x81,
    0xc4, 0x79, 0x83, 0x71, 0x63, 0x69, 0x42, 0x61, 0x63, 0x69, 0x63, 0x69,
    0x63, 0x71, 0x62, 0x69, 0x64, 0x9a, 0xc5, 0xaa, 0x27, 0xbb, 0x64, 0x9a,
    0x44, 0x92, 0xc0, 0x48, 0x02, 0x51, 0x63, 0x69, 0xc4, 0x81, 0xc4, 0x81,
    0xa3, 0x79, 0xc4, 0x81, 0xe4, 0x81, 0xe5, 0x81, 0xe4, 0x81, 0x05, 0x8a,
    0x04, 0x8a, 0x05, 0x8a, 0x05, 0x8a, 0x05, 0x8a, 0x25, 0x92, 0x45, 0x92,
    0x45, 0x92, 0x05, 0x92, 0xe4, 0x89, 0xe4, 0x89, 0xe4, 0x89, 0x05, 0x8a,
    0xe4, 0x89, 0x05, 0x8a, 0xe4, 0x89, 0xe4, 0x89, 0xc4, 0x81, 0xc3, 0x81,
    0xc3, 0x79, 0xa3, 0x79, 0xa3, 0x79, 0x83, 0x79, 0x22, 0x59, 0x00, 0x10,
    0x01, 0x08, 0x20, 0x08, 0x00, 0x10, 0x21, 0x20, 0x83, 0x71, 0x04, 0x8a,
    0xe4, 0x89, 0x63, 0x71, 0x40, 0x30, 0x83, 0x71, 0x24, 0x92, 0xe4, 0x89,
    0xa3, 0x81, 0x42, 0x69, 0xa1, 0x40, 0x20, 0x30, 0x60, 0x38, 0x02, 0x59,
    0x4b, 0xb3, 0x2f, 0xd4, 0x14, 0xe5, 0xd2, 0xe4, 0xf2, 0xe4, 0xb0, 0xe4,
    0x90, 0xe4, 0x0e, 0xcc, 0x20, 0x30, 0x01, 0x59, 0xe4, 0x89, 0x25, 0x92,
    0x46, 0x9a, 0x25, 0x92, 0x05, 0x8a, 0x25, 0x8a, 0x05, 0x8a, 0xe5, 0x81,
    0xa3, 0x79, 0x83, 0x79, 0xe4, 0x89, 0x04, 0x8a, 0x04, 0x8a, 0x04, 0x92,
    0x45, 0x92, 0xc7, 0xa2, 0x60, 0x38, 0x20, 0x28, 0xc1, 0x48, 0xc4, 0x81,
    0x82, 0x10, 0x81, 0x10, 0x81, 0x10, 0x81, 0x10, 0xa2, 0x18, 0x82, 0x18,
    0x81, 0x18, 0xa2, 0x10, 0x82, 0x10, 0x82, 0x10, 0xa2, 0x18, 0xa2, 0x20,
    0xa1, 0x20, 0xc8, 0x92, 0x2c, 0xe4, 0x2d, 0xe4, 0x2c, 0xe4, 0x2c, 0xe4,
    0x2c, 0xec, 0x0c, 0xe4, 0x0c, 0xe4, 0xeb, 0xe3, 0x0c, 0xe4, 0xca, 0xd3,
    0xcb, 0xdb, 0xaa, 0xd3, 0xaa, 0xd3, 0xcb, 0xdb, 0xaa, 0xd3, 0x8a, 0xd3,
    0xaa, 0xd3, 0x6a, 0xcb, 0x8a, 0xd3, 0x49, 0xc3, 0x6a, 0xcb, 0x8a, 0xcb,
    0x69, 0xcb, 0x8a, 0xcb, 0x6a, 0xcb, 0x49, 0xc3, 0xe8, 0xb2, 0xc8, 0xaa,
    0x66, 0xa2, 0x05, 0x8a, 0x83, 0x79, 0x83, 0x79, 0xa3, 0x81, 0xc3, 0x81,
    0x04, 0x8a, 0x25, 0x92, 0x45, 0x9a, 0x45, 0x9a, 0x86, 0xa2, 0xe4, 0x81,
    0xc1, 0x48, 0x00, 0x18, 0xe8, 0xaa, 0x08, 0xbb, 0xc7, 0xaa, 0x25, 0x8a,
    0x83, 0x79, 0x83, 0x79, 0xa4, 0x79, 0x83, 0x71, 0x83, 0x71, 0xa3, 0x79,
    0xc4, 0x81, 0xe5, 0x89, 0x25, 0x92, 0x66, 0x9a, 0x87, 0xaa, 0x87, 0xa2,
    0xc7, 0xaa, 0xc7, 0xaa, 0xc7, 0xb2, 0xe8, 0xb2, 0xa7, 0xaa, 0xa7, 0xa2,
    0xa7, 0xa2, 0xa7, 0xa2, 0x87, 0xa2, 0x86, 0xa2, 0x86, 0x9a, 0xa7, 0xa2,
    0xc7, 0xaa, 0xe7, 0xb2, 0xe8, 0xb2, 0xc7, 0xaa, 0x86, 0x9a, 0x25, 0x92,
    0xc4, 0x81, 0x63, 0x69, 0x22, 0x61, 0x01, 0x51, 0xe1, 0x50, 0xc1, 0x48,
    0x45, 0x8a, 0x87, 0xd3, 0x46, 0xc3, 0xa5, 0xa2, 0x85, 0x9a, 0xe1, 0x50,
    0x22, 0x59, 0x21, 0x59, 0x01, 0x59, 0xe1, 0x50, 0x22, 0x51, 0xe1, 0x48,
    0xc1, 0x48, 0x02, 0x51, 0x63, 0x69, 0xc4, 0x81, 0x25, 0x8a, 0x05, 0x8a,
    0xe4, 0x89, 0x04, 0x8a, 0x45, 0x9a, 0x05, 0x92, 0xa3, 0x79, 0xa3, 0x71,
    0x43, 0x69, 0x22, 0x61, 0x42, 0x61, 0x63, 0x69, 0xa4, 0x79, 0xc4, 0x81,
    0xe4, 0x89, 0x04, 0x8a, 0x45, 0x92, 0x45, 0x92, 0xc3, 0x81, 0x22, 0x61,
    0xc1, 0x48, 0xc1, 0x40, 0xe1, 0x48, 0x22, 0x61, 0x83, 0x69, 0x83, 0x71,
    0xa3, 0x79, 0xc4, 0x81, 0xe4, 0x81, 0xc4, 0x81, 0xc4, 0x79, 0xc4, 0x81,
    0xa4, 0x79, 0x83, 0x71, 0x83, 0x69, 0x63, 0x69, 0x42, 0x61, 0x62, 0x69,
    0x62, 0x69, 0x42, 0x69, 0x82, 0x79, 0x85, 0x9a, 0xe6, 0xb2, 0x02, 0x92,
    0xe6, 0xaa, 0xc1, 0x48, 0xe1, 0x50, 0x21, 0x61, 0x83, 0x71, 0xa3, 0x79,
    0xa3, 0x79, 0xc4, 0x79, 0xc4, 0x81, 0xc4, 0x81, 0xe4, 0x81, 0x04, 0x8a,
    0x25, 0x8a, 0x05, 0x8a, 0x25, 0x8a, 0x25, 0x92, 0x25, 0x92, 0x25, 0x92,
    0x25, 0x92, 0x04, 0x8a, 0x25, 0x92, 0x25, 0x92, 0xe4, 0x89, 0x05, 0x8a,
    0x04, 0x8a, 0x04, 0x8a, 0x04, 0x92, 0x04, 0x8a, 0xa3, 0x81, 0xa3, 0x79,
    0x83, 0x79, 0x83, 0x79, 0x83, 0x71, 0x83, 0x71, 0xe2, 0x48, 0x00, 0x10,
    0x00, 0x08, 0x20, 0x08, 0x20, 0x08, 0x20, 0x20, 0x83, 0x71, 0xc4, 0x81,
    0xa3, 0x81, 0x42, 0x61, 0x20, 0x28, 0xc4, 0x81, 0x45, 0x92, 0xe4, 0x89,
    0x83, 0x79, 0x01, 0x59, 0x60, 0x38, 0x20, 0x30, 0x81, 0x40, 0x4b, 0xb3,
    0x2e, 0xdc, 0xf2, 0xe4, 0x75, 0xed, 0x55, 0xed, 0x14, 0xe5, 0x90, 0xe4,
    0x6f, 0xe4, 0xf1, 0xec, 0x86, 0x59, 0x81, 0x40, 0xc4, 0x79, 0x05, 0x8a,
    0x25, 0x8a, 0x25, 0x92, 0x45, 0x92, 0x25, 0x8a, 0x45, 0x92, 0xe4, 0x81,
    0x83, 0x71, 0x83, 0x79, 0xe4, 0x81, 0xe4, 0x81, 0xc4, 0x81, 0x25, 0x92,
    0x45, 0x92, 0xc7, 0xaa, 0xa1, 0x38, 0x00, 0x20, 0xa1, 0x40, 0xa3, 0x79,
    0x81, 0x10, 0x82, 0x18, 0x82, 0x18, 0x81, 0x10, 0x81, 0x10, 0x82, 0x10,
    0xa1, 0x18, 0xa1, 0x18, 0xa2, 0x18, 0xa2, 0x18, 0x81, 0x18, 0xa2, 0x20,
    0xa2, 0x20, 0xe9, 0x9a, 0x2c, 0xe4, 0x2d, 0xec, 0x2c, 0xe4, 0x2d, 0xec,
    0x2d, 0xec, 0x2c, 0xe4, 0x0c, 0xe4, 0x0c, 0xe4, 0xcb, 0xdb, 0xaa, 0xd3,
    0xaa, 0xd3, 0x89, 0xcb, 0x8a, 0xcb, 0x69, 0xcb, 0x8a, 0xcb, 0x8a, 0xd3,
    0x69, 0xcb, 0x8a, 0xd3, 0x8a, 0xcb, 0xaa, 0xd3, 0x8a, 0xd3, 0xaa, 0xd3,
    0xaa, 0xd3, 0x8a, 0xcb, 0x49, 0xc3, 0x49, 0xc3, 0x29, 0xc3, 0x28, 0xbb,
    0xc7, 0xaa, 0x86, 0xa2, 0x25, 0x92, 0xc4, 0x81, 0x83, 0x79, 0xa3, 0x79,
    0xc4, 0x81, 0xc4, 0x81, 0xe4, 0x89, 0xe4, 0x89, 0x45, 0x92, 0x25, 0x92,
    0x43, 0x61, 0x20, 0x20, 0x46, 0x8a, 0x28, 0xbb, 0xc8, 0xaa, 0x46, 0x9a,
    0xc4, 0x81, 0xa3, 0x79, 0xa4, 0x79, 0x83, 0x71, 0x83, 0x71, 0x83, 0x71,
    0xc4, 0x79, 0xc4, 0x81, 0x25, 0x92, 0x66, 0x9a, 0x87, 0xa2, 0xc7, 0xaa,
    0xa7, 0xaa, 0xc7, 0xaa, 0xa7, 0xaa, 0xc7, 0xaa, 0xa7, 0xaa, 0xa7, 0xa2,
    0xa7, 0xaa, 0xa7, 0xa2, 0xa6, 0xa2, 0xa7, 0xaa, 0x66, 0xa2, 0x86, 0xa2,
    0xc7, 0xaa, 0xa7, 0xaa, 0xe8, 0xb2, 0xc7, 0xaa, 0x87, 0xa2, 0x46, 0x92,
    0xc4, 0x81, 0x83, 0x69, 0x43, 0x61, 0x02, 0x51, 0xe1, 0x50, 0xe1, 0x50,
    0x81, 0x71, 0x4a, 0xec, 0x27, 0xbb, 0x84, 0xa2, 0x43, 0x92, 0x01, 0x59,
    0x01, 0x59, 0x22, 0x59, 0x22, 0x61, 0x02, 0x59, 0x02, 0x59, 0xe1, 0x50,
    0x01, 0x51, 0xe1, 0x50, 0x63, 0x69, 0xa3, 0x71, 0x04, 0x8a, 0x25, 0x8a,
    0xe4, 0x89, 0x05, 0x92, 0x65, 0x9a, 0x25, 0x92, 0xc4, 0x81, 0xc4, 0x81,
    0x62, 0x69, 0x43, 0x61, 0x22, 0x61, 0x43, 0x69, 0xa3, 0x79, 0x05, 0x82,
    0xc4, 0x81, 0xe4, 0x89, 0x45, 0x9a, 0x25, 0x92, 0x83, 0x71, 0x22, 0x59,
    0xa1, 0x40, 0xc1, 0x48, 0xe1, 0x48, 0x22, 0x59, 0x63, 0x71, 0x83, 0x71,
    0xa4, 0x79, 0xc4, 0x79, 0xc4, 0x79, 0xa3, 0x79, 0xc4, 0x79, 0xc4, 0x79,
    0xa3, 0x79, 0x83, 0x71, 0x62, 0x69, 0x63, 0x71, 0x42, 0x69, 0x63, 0x69,
    0x63, 0x69, 0x42, 0x69, 0xc3, 0x79, 0x47, 0xc3, 0x26, 0xbb, 0x43, 0x9a,
    0x03, 0x8a, 0xc0, 0x48, 0x01, 0x59, 0x22, 0x61, 0x83, 0x69, 0x83, 0x71,
    0xa3, 0x79, 0xc4, 0x79, 0xc4, 0x81, 0xc4, 0x81, 0xe4, 0x89, 0x04, 0x8a,
    0x05, 0x8a, 0x05, 0x8a, 0x04, 0x8a, 0x04, 0x8a, 0x46, 0x92, 0x25, 0x92,
    0x25, 0x8a, 0xe4, 0x89, 0x05, 0x8a, 0x05, 0x8a, 0x04, 0x8a, 0xe5, 0x89,
    0xe4, 0x89, 0x04, 0x8a, 0xe4, 0x89, 0xc4, 0x81, 0xc4, 0x81, 0xa3, 0x79,
    0x83, 0x71, 0x63, 0x71, 0x42, 0x69, 0x62, 0x69, 0x81, 0x30, 0x00, 0x10,
    0x00, 0x08, 0x00, 0x08, 0x00, 0x10, 0x41, 0x20, 0x83, 0x71, 0xc4, 0x81,
    0xa3, 0x81, 0x42, 0x61, 0x20, 0x20, 0x05, 0x8a, 0x25, 0x92, 0xc3, 0x81,
    0x63, 0x71, 0xe1, 0x50, 0x80, 0x40, 0x81, 0x40, 0x6c, 0xbb, 0x70, 0xe4,
    0x2f, 0xe4, 0xb1, 0xe4, 0x55, 0xed, 0x55, 0xe5, 0x14, 0xe5, 0x50, 0xdc,
    0x2f, 0xdc, 0x4f, 0xdc, 0xa6, 0x61, 0x80, 0x40, 0x83, 0x71, 0xc4, 0x81,
    0xe4, 0x81, 0xc4, 0x81, 0x25, 0x8a, 0xe9, 0xaa, 0x0e, 0xd4, 0x6f, 0xdc,
    0x0d, 0xd4, 0x8a, 0xc3, 0x46, 0x92, 0x62, 0x71, 0x62, 0x71, 0xc4, 0x81,
    0x25, 0x92, 0xc8, 0xaa, 0xa1, 0x38, 0x00, 0x20, 0x01, 0x51, 0xa3, 0x79,
    0x81, 0x10, 0x82, 0x18, 0x81, 0x10, 0xa2, 0x18, 0xa1, 0x10, 0x82, 0x18,
    0x82, 0x18, 0xa2, 0x10, 0xa1, 0x18, 0x81, 0x18, 0xa2, 0x18, 0xa2, 0x20,
    0xa2, 0x20, 0x09, 0xa3, 0x4d, 0xe4, 0x2c, 0xe4, 0x2c, 0xe4, 0x2d, 0xec,
    0x0c, 0xe4, 0x2c, 0xe4, 0x0c, 0xe4, 0xeb, 0xdb, 0xcb, 0xdb, 0xcb, 0xdb,
    0xaa, 0xd3, 0xaa, 0xd3, 0x6a, 0xcb, 0x8a, 0xcb, 0x49, 0xcb, 0x69, 0xcb,
    0x8a, 0xcb, 0x6a, 0xcb, 0x8a, 0xcb, 0x8a, 0xd3, 0x8a, 0xcb, 0x69, 0xcb,
    0x6a, 0xcb, 0x49, 0xc3, 0x49, 0xc3, 0x69, 0xc3, 0x49, 0xc3, 0x28, 0xbb,
    0x08, 0xb3, 0xe8, 0xb2, 0x86, 0x9a, 0x25, 0x92, 0xc4, 0x81, 0x62, 0x71,
    0x62, 0x71, 0x83, 0x79, 0xc4, 0x81, 0xa3, 0x79, 0xe4, 0x81, 0x04, 0x82,
    0x63, 0x69, 0x40, 0x28, 0xe5, 0x79, 0x28, 0xbb, 0xa7, 0xaa, 0x46, 0x92,
    0x04, 0x8a, 0xa3, 0x79, 0xc4, 0x81, 0xa3, 0x79, 0xa3, 0x79, 0x63, 0x71,
    0x83, 0x71, 0xa3, 0x71, 0x04, 0x8a, 0x25, 0x92, 0x86, 0xa2, 0x86, 0xa2,
    0xa6, 0xaa, 0xa6, 0xaa, 0xa7, 0xaa, 0xa7, 0xaa, 0xa7, 0xa2, 0x86, 0xa2,
    0xa7, 0xaa, 0x87, 0xa2, 0x86, 0xa2, 0x87, 0xa2, 0xa7, 0xa2, 0x86, 0xa2,
    0xc7, 0xaa, 0xc7, 0xaa, 0xa7, 0xaa, 0xc7, 0xaa, 0x87, 0xa2, 0x66, 0x9a,
    0x46, 0x92, 0x83, 0x71, 0x43, 0x61, 0x01, 0x59, 0x02, 0x59, 0xe1, 0x50,
    0xe1, 0x50, 0x06, 0xbb, 0xc5, 0xb2, 0x84, 0xa2, 0x44, 0x92, 0x41, 0x61,
    0x02, 0x59, 0x02, 0x59, 0x22, 0x59, 0x01, 0x59, 0x22, 0x59, 0x02, 0x59,
    0x02, 0x51, 0xe1, 0x50, 0x42, 0x61, 0x83, 0x71, 0xe5, 0x81, 0x25, 0x8a,
    0xe4, 0x89, 0xe4, 0x89, 0x45, 0x9a, 0x65, 0xa2, 0xe4, 0x89, 0x83, 0x71,
    0x42, 0x69, 0x42, 0x61, 0x43, 0x69, 0x63, 0x69, 0x83, 0x71, 0xc4, 0x79,
    0x05, 0x8a, 0x05, 0x92, 0x25, 0x92, 0x05, 0x92, 0x83, 0x71, 0x01, 0x59,
    0xa0, 0x40, 0xc1, 0x48, 0xe2, 0x50, 0x22, 0x59, 0x63, 0x69, 0xa4, 0x79,
    0xc4, 0x79, 0xc4, 0x79, 0xc4, 0x81, 0xc4, 0x81, 0xe4, 0x81, 0xe4, 0x81,
    0xc4, 0x81, 0xa4, 0x71, 0x83, 0x71, 0x83, 0x71, 0x63, 0x69, 0x63, 0x71,
    0x63, 0x69, 0x22, 0x61, 0x83, 0x79, 0x84, 0xa2, 0xe5, 0xb2, 0x63, 0x9a,
    0x27, 0xbb, 0x42, 0x61, 0x01, 0x51, 0x21, 0x59, 0x42, 0x61, 0x62, 0x69,
    0x83, 0x79, 0xa3, 0x79, 0xc4, 0x81, 0xe4, 0x81, 0xe4, 0x81, 0x05, 0x8a,
    0xe4, 0x81, 0x04, 0x8a, 0x25, 0x8a, 0x25, 0x92, 0x25, 0x92, 0x25, 0x92,
    0x25, 0x92, 0xe4, 0x89, 0xc4, 0x81, 0xe4, 0x81, 0x05, 0x8a, 0x04, 0x8a,
    0xe5, 0x89, 0xe4, 0x81, 0xe4, 0x89, 0xc4, 0x81, 0x83, 0x79, 0x83, 0x71,
    0x83, 0x71, 0x62, 0x69, 0x62, 0x69, 0x62, 0x71, 0x61, 0x28, 0x00, 0x10,
    0x00, 0x08, 0x00, 0x08, 0x20, 0x08, 0x41, 0x20, 0x63, 0x71, 0xc3, 0x79,
    0x83, 0x79, 0xe1, 0x58, 0x20, 0x28, 0x25, 0x92, 0x25, 0x92, 0xa3, 0x81,
    0x42, 0x69, 0xc1, 0x48, 0x81, 0x40, 0x6c, 0xb3, 0x90, 0xec, 0x90, 0xec,
    0x50, 0xe4, 0x0f, 0xe4, 0x4f, 0xe4, 0x70, 0xdc, 0x2f, 0xd4, 0x8c, 0xc3,
    0xac, 0xcb, 0x2a, 0xbb, 0x20, 0x28, 0xc1, 0x50, 0x83, 0x79, 0xc4, 0x81,
    0x83, 0x79, 0xc4, 0x79, 0x2a, 0xb3, 0x2e, 0xd4, 0x91, 0xdc, 0x4f, 0xd4,
    0x6f, 0xdc, 0x6f, 0xe4, 0x4e, 0xe4, 0xa9, 0x92, 0xe1, 0x50, 0x63, 0x71,
    0x04, 0x82, 0xc7, 0xa2, 0xc2, 0x40, 0x40, 0x30, 0x22, 0x61, 0xa3, 0x79,
    0x81, 0x10, 0x81, 0x10, 0x82, 0x18, 0x81, 0x10, 0x82, 0x18, 0xa1, 0x10,
    0xa2, 0x18, 0x81, 0x18, 0x82, 0x18, 0xa2, 0x18, 0xa2, 0x18, 0xa2, 0x18,
    0xa2, 0x20, 0x29, 0xab, 0x2d, 0xe4, 0x4d, 0xec, 0x2c, 0xe4, 0x0c, 0xe4,
    0x2c, 0xe4, 0x2c, 0xe4, 0x0c, 0xe4, 0x0c, 0xe4, 0xeb, 0xdb, 0xaa, 0xd3,
    0xab, 0xd3, 0x8a, 0xd3, 0x8a, 0xd3, 0x69, 0xcb, 0x69, 0xcb, 0x6a, 0xcb,
    0x69, 0xcb, 0x69, 0xcb, 0x69, 0xcb, 0x8a, 0xcb, 0x49, 0xc3, 0x69, 0xc3,
    0x49, 0xcb, 0x69, 0xcb, 0x29, 0xc3, 0x49, 0xc3, 0x28, 0xc3, 0x29, 0xc3,
    0x49, 0xc3, 0x29, 0xbb, 0x08, 0xb3, 0x87, 0xa2, 0x26, 0x92, 0xa4, 0x81,
    0x62, 0x71, 0x62, 0x71, 0x83, 0x79, 0x62, 0x71, 0x83, 0x71, 0x83, 0x79,
    0x63, 0x69, 0x81, 0x38, 0xc2, 0x40, 0x08, 0xbb, 0xe8, 0xb2, 0x86, 0xa2,
    0xe4, 0x81, 0xa3, 0x79, 0xa3, 0x79, 0xc4, 0x81, 0xa3, 0x71, 0x63, 0x71,
    0x43, 0x69, 0x83, 0x71, 0xc4, 0x81, 0x25, 0x92, 0x66, 0xa2, 0x86, 0xa2,
    0xc7, 0xaa, 0xc7, 0xaa, 0x87, 0xa2, 0xc7, 0xaa, 0xa7, 0xaa, 0xa7, 0xa2,
    0xa7, 0xaa, 0xc7, 0xaa, 0xa7, 0xaa, 0xa7, 0xaa, 0x86, 0xa2, 0xa7, 0xaa,
    0xa7, 0xaa, 0xc7, 0xaa, 0xc7, 0xaa, 0xa7, 0xaa, 0x86, 0x9a, 0x46, 0x9a,
    0x05, 0x8a, 0x84, 0x71, 0x42, 0x61, 0x02, 0x59, 0x02, 0x59, 0xe1, 0x50,
    0xe0, 0x50, 0xa8, 0xcb, 0xa8, 0xd3, 0x84, 0xa2, 0x85, 0x9a, 0x62, 0x69,
    0x01, 0x59, 0x22, 0x59, 0x02, 0x59, 0x01, 0x59, 0x22, 0x59, 0x42, 0x61,
    0x22, 0x59, 0x01, 0x51, 0x02, 0x59, 0x63, 0x69, 0xc4, 0x81, 0x25, 0x92,
    0x05, 0x8a, 0xe4, 0x89, 0x25, 0x92, 0x66, 0xa2, 0x04, 0x92, 0xa4, 0x79,
    0x83, 0x71, 0x42, 0x61, 0x22, 0x61, 0x63, 0x69, 0x63, 0x69, 0xa3, 0x79,
    0xe4, 0x81, 0x25, 0x92, 0x45, 0x9a, 0x05, 0x8a, 0x62, 0x71, 0xe1, 0x48,
    0x81, 0x40, 0xa1, 0x40, 0xe1, 0x48, 0x02, 0x51, 0x42, 0x69, 0xa3, 0x71,
    0xa3, 0x79, 0xa4, 0x79, 0xa3, 0x79, 0xa3, 0x79, 0xc4, 0x79, 0xc4, 0x81,
    0xc4, 0x79, 0x83, 0x71, 0x63, 0x69, 0x83, 0x71, 0x63, 0x71, 0x62, 0x69,
    0x42, 0x61, 0x42, 0x69, 0x42, 0x69, 0x26, 0xbb, 0x47, 0xc3, 0x02, 0x92,
    0xe6, 0xaa, 0xe1, 0x50, 0x01, 0x51, 0x01, 0x59, 0x22, 0x61, 0x83, 0x69,
    0xa4, 0x79, 0x83, 0x71, 0xe4, 0x81, 0xc4, 0x81, 0xe4, 0x81, 0xe4, 0x81,
    0xe4, 0x89, 0x05, 0x8a, 0x25, 0x92, 0x05, 0x8a, 0x04, 0x8a, 0x25, 0x92,
    0xe4, 0x89, 0xe4, 0x89, 0xe4, 0x89, 0x05, 0x8a, 0x04, 0x8a, 0xe4, 0x89,
    0xe4, 0x81, 0xe4, 0x81, 0xc3, 0x81, 0xa3, 0x79, 0xa3, 0x79, 0x83, 0x71,
    0x62, 0x69, 0x83, 0x71, 0x83, 0x71, 0x42, 0x61, 0x40, 0x20, 0x21, 0x10,
    0x00, 0x08, 0x00, 0x08, 0x00, 0x10, 0x61, 0x28, 0x63, 0x71, 0xc4, 0x81,
    0xa3, 0x79, 0xc1, 0x48, 0xe1, 0x48, 0x45, 0x9a, 0xe4, 0x89, 0x62, 0x71,
    0x22, 0x61, 0xc1, 0x50, 0x2b, 0xa3, 0x12, 0xed, 0xf2, 0xec, 0xd1, 0xec,
    0xb1, 0xec, 0x70, 0xec, 0x2f, 0xe4, 0x0e, 0xd4, 0xcd, 0xd3, 0xac, 0xcb,
    0x0a, 0xbb, 0x84, 0x79, 0x40, 0x30, 0x22, 0x61, 0x83, 0x79, 0x83, 0x79,
    0xc4, 0x81, 0xcc, 0xcb, 0x0e, 0xd4, 0x34, 0xe5, 0x55, 0xe5, 0xf3, 0xe4,
    0xb2, 0xe4, 0x70, 0xe4, 0xb0, 0xec, 0xb0, 0xec, 0xa6, 0x61, 0xe2, 0x58,
    0xc3, 0x79, 0xa7, 0xa2, 0xe2, 0x40, 0x60, 0x38, 0x42, 0x69, 0xa3, 0x79,
    0x82, 0x10, 0x82, 0x18, 0x81, 0x10, 0xa2, 0x10, 0x81, 0x10, 0x81, 0x18,
    0xa2, 0x10, 0x82, 0x10, 0xa2, 0x18, 0xa2, 0x18, 0xa1, 0x18, 0xa2, 0x20,
    0xa1, 0x20, 0x6a, 0xb3, 0x2d, 0xe4, 0x2c, 0xe4, 0x0c, 0xe4, 0x4c, 0xec,
    0x2c, 0xec, 0x0c, 0xe4, 0x0c, 0xe4, 0x0c, 0xe4, 0xcb, 0xdb, 0x89, 0xd3,
    0xaa, 0xd3, 0x49, 0xc3, 0x49, 0xcb, 0x69, 0xcb, 0x6a, 0xcb, 0x8a, 0xcb,
    0x6a, 0xcb, 0x49, 0xc3, 0x49, 0xcb, 0x69, 0xcb, 0x69, 0xcb, 0x49, 0xc3,
    0x69, 0xc3, 0x49, 0xc3, 0x49, 0xcb, 0x49, 0xcb, 0x49, 0xc3, 0x28, 0xc3,
    0x29, 0xc3, 0x29, 0xbb, 0x29, 0xbb, 0x08, 0xb3, 0xa7, 0xa2, 0x05, 0x8a,
    0xa3, 0x79, 0x42, 0x71, 0x42, 0x69, 0x62, 0x71, 0x42, 0x69, 0x22, 0x61,
    0x22, 0x59, 0x80, 0x38, 0x20, 0x28, 0xa7, 0xa2, 0xa7, 0xa2, 0x86, 0xa2,
    0x05, 0x8a, 0xc4, 0x81, 0xa3, 0x79, 0xa3, 0x79, 0x83, 0x79, 0x63, 0x69,
    0x63, 0x69, 0x83, 0x71, 0xa3, 0x79, 0x04, 0x8a, 0x66, 0x9a, 0xa7, 0xaa,
    0x86, 0xa2, 0xc7, 0xaa, 0xe8, 0xb2, 0xc7, 0xaa, 0xc7, 0xaa, 0xa7, 0xaa,
    0xa7, 0xa2, 0xa7, 0xa2, 0xc7, 0xaa, 0xa6, 0xa2, 0x86, 0xa2, 0x86, 0xa2,
    0x87, 0xa2, 0xc7, 0xaa, 0xc7, 0xaa, 0xa7, 0xaa, 0x86, 0xa2, 0x66, 0x9a,
    0x05, 0x8a, 0xa4, 0x79, 0x63, 0x69, 0x22, 0x59, 0x22, 0x59, 0x01, 0x59,
    0xe1, 0x50, 0xc6, 0xaa, 0x26, 0xbb, 0x64, 0x9a, 0x03, 0x92, 0x23, 0x8a,
    0x22, 0x59, 0x01, 0x59, 0x22, 0x59, 0x22, 0x59, 0x01, 0x59, 0x22, 0x59,
    0x22, 0x61, 0x01, 0x51, 0x02, 0x59, 0x42, 0x61, 0xa3, 0x71, 0x05, 0x8a,
    0x05, 0x8a, 0xe4, 0x81, 0x04, 0x8a, 0x46, 0x9a, 0x25, 0x92, 0xa3, 0x79,
    0x42, 0x69, 0x22, 0x59, 0x02, 0x59, 0x42, 0x61, 0x62, 0x69, 0xa3, 0x79,
    0xe4, 0x89, 0x25, 0x92, 0x46, 0x9a, 0xc4, 0x81, 0x62, 0x69, 0xe1, 0x50,
    0xa1, 0x40, 0xa0, 0x38, 0xc1, 0x48, 0x01, 0x51, 0x22, 0x61, 0x83, 0x71,
    0xa4, 0x71, 0x83, 0x71, 0xc4, 0x79, 0xa3, 0x79, 0xa3, 0x79, 0xa4, 0x79,
    0xa3, 0x79, 0xa4, 0x79, 0x63, 0x71, 0x62, 0x69, 0x63, 0x71, 0x63, 0x69,
    0x22, 0x61, 0x22, 0x61, 0x42, 0x61, 0xa5, 0xa2, 0xe6, 0xb2, 0xa5, 0xaa,
    0x64, 0x9a, 0x22, 0x59, 0xe1, 0x50, 0x22, 0x59, 0x42, 0x61, 0x83, 0x71,
    0x83, 0x71, 0xa3, 0x79, 0xc4, 0x79, 0xe4, 0x81, 0xc4, 0x81, 0x25, 0x8a,
    0x05, 0x8a, 0x05, 0x8a, 0xe4, 0x89, 0x25, 0x8a, 0x25, 0x92, 0x25, 0x92,
    0x05, 0x8a, 0x25, 0x92, 0x05, 0x8a, 0x05, 0x8a, 0x04, 0x8a, 0xe4, 0x81,
    0xe4, 0x81, 0xe4, 0x89, 0xc4, 0x81, 0xc4, 0x81, 0xa3, 0x79, 0x63, 0x69,
    0x42, 0x69, 0x63, 0x69, 0x42, 0x69, 0x02, 0x59, 0x20, 0x18, 0x20, 0x10,
    0x21, 0x10, 0x20, 0x08, 0x20, 0x08, 0x40, 0x20, 0x62, 0x71, 0xc3, 0x81,
    0x83, 0x71, 0xa1, 0x40, 0x83, 0x69, 0x05, 0x8a, 0xa3, 0x81, 0x83, 0x71,
    0x22, 0x61, 0xa8, 0x92, 0x12, 0xed, 0x94, 0xf5, 0x73, 0xf5, 0xf2, 0xec,
    0xd1, 0xec, 0x90, 0xe4, 0x2f, 0xdc, 0xee, 0xd3, 0x6c, 0xc3, 0xea, 0xba,
    0x06, 0x92, 0x61, 0x38, 0xe1, 0x50, 0xa3, 0x79, 0xa3, 0x79, 0xa8, 0x9a,
    0x2e, 0xdc, 0x0e, 0xd4, 0xed, 0xd3, 0xb1, 0xdc, 0x75, 0xe5, 0x75, 0xe5,
    0x35, 0xe5, 0xd2, 0xe4, 0x4f, 0xdc, 0x33, 0xf5, 0x8e, 0xab, 0x22, 0x61,
    0xa3, 0x79, 0x66, 0x92, 0x81, 0x28, 0x81, 0x38, 0x22, 0x61, 0xa4, 0x79,
    0x81, 0x10, 0x82, 0x18, 0x81, 0x10, 0x81, 0x10, 0x82, 0x18, 0xa1, 0x18,
    0x82, 0x18, 0xa1, 0x18, 0xa1, 0x18, 0xa2, 0x18, 0xa2, 0x18, 0xa2, 0x18,
    0xa2, 0x20, 0x6a, 0xbb, 0x2d, 0xe4, 0x2c, 0xe4, 0x2c, 0xe4, 0x0c, 0xe4,
    0x0c, 0xe4, 0x2c, 0xec, 0x0c, 0xe4, 0xec, 0xdb, 0xec, 0xdb, 0xaa, 0xd3,
    0x69, 0xcb, 0x6a, 0xcb, 0x8a, 0xcb, 0x8a, 0xcb, 0x69, 0xc3, 0x6a, 0xcb,
    0x49, 0xc3, 0x49, 0xc3, 0x69, 0xcb, 0x69, 0xcb, 0x6a, 0xcb, 0x49, 0xc3,
    0x29, 0xc3, 0x49, 0xc3, 0x69, 0xcb, 0x49, 0xc3, 0x49, 0xc3, 0x08, 0xbb,
    0x08, 0xbb, 0x28, 0xbb, 0x08, 0xbb, 0x08, 0xbb, 0xe8, 0xb2, 0xa7, 0xaa,
    0x46, 0x92, 0xa4, 0x79, 0x62, 0x71, 0x42, 0x71, 0x42, 0x61, 0xe1, 0x50,
    0xa1, 0x48, 0x60, 0x30, 0x20, 0x20, 0x25, 0x8a, 0x66, 0xa2, 0x66, 0xa2,
    0x05, 0x8a, 0xc4, 0x81, 0xc3, 0x81, 0xc4, 0x81, 0x83, 0x71, 0x62, 0x69,
    0x42, 0x69, 0x63, 0x71, 0x83, 0x71, 0xe4, 0x81, 0x04, 0x92, 0x45, 0x9a,
    0x87, 0xa2, 0xa7, 0xaa, 0xa7, 0xaa, 0xc7, 0xaa, 0xc7, 0xaa, 0xc7, 0xaa,
    0xa7, 0xaa, 0xa7, 0xaa, 0xa7, 0xa2, 0x66, 0x9a, 0x86, 0xa2, 0x86, 0xa2,
    0x87, 0xa2, 0xa7, 0xaa, 0xa7, 0xa2, 0xa7, 0xaa, 0x87, 0xa2, 0x66, 0x9a,
    0x05, 0x8a, 0xa3, 0x79, 0x63, 0x69, 0x22, 0x59, 0x01, 0x59, 0x01, 0x59,
    0xc1, 0x50, 0x04, 0x8a, 0x88, 0xcb, 0x06, 0xbb, 0x24, 0x8a, 0x03, 0x8a,
    0x01, 0x51, 0x02, 0x59, 0x22, 0x59, 0x22, 0x59, 0x22, 0x61, 0x22, 0x61,
    0x22, 0x61, 0x22, 0x59, 0x02, 0x59, 0x22, 0x61, 0x83, 0x69, 0xe4, 0x81,
    0x05, 0x8a, 0xe5, 0x89, 0xe4, 0x89, 0x66, 0xa2, 0x45, 0x9a, 0xe4, 0x89,
    0x83, 0x71, 0x42, 0x69, 0x22, 0x59, 0x63, 0x69, 0x83, 0x71, 0xa4, 0x79,
    0xe4, 0x81, 0x25, 0x8a, 0x25, 0x92, 0xe4, 0x81, 0x63, 0x69, 0xc1, 0x48,
    0x80, 0x38, 0x81, 0x40, 0xe1, 0x48, 0xe1, 0x50, 0x42, 0x61, 0x63, 0x69,
    0x83, 0x71, 0x83, 0x71, 0xa3, 0x79, 0xc4, 0x79, 0xc4, 0x79, 0xa4, 0x79,
    0xc4, 0x79, 0xa3, 0x79, 0x63, 0x71, 0x63, 0x69, 0x62, 0x69, 0x63, 0x69,
    0x22, 0x61, 0x22, 0x61, 0x42, 0x61, 0x44, 0x92, 0xc6, 0xaa, 0xe2, 0x89,
    0x67, 0xc3, 0x22, 0x59, 0xe1, 0x50, 0x22, 0x59, 0x42, 0x61, 0x83, 0x71,
    0xa3, 0x71, 0x83, 0x79, 0xe4, 0x81, 0xe4, 0x81, 0xe4, 0x81, 0x05, 0x8a,
    0x05, 0x8a, 0x25, 0x8a, 0x25, 0x92, 0x45, 0x92, 0x25, 0x8a, 0x05, 0x8a,
    0x05, 0x8a, 0x04, 0x8a, 0x04, 0x8a, 0xe4, 0x81, 0xc4, 0x81, 0xe4, 0x89,
    0xc4, 0x81, 0xe4, 0x81, 0xc4, 0x81, 0xa3, 0x79, 0x83, 0x71, 0x63, 0x69,
    0x42, 0x69, 0x22, 0x61, 0x01, 0x59, 0x01, 0x59, 0x20, 0x18, 0x20, 0x10,
    0x01, 0x10, 0x20, 0x10, 0x21, 0x10, 0x61, 0x28, 0x62, 0x71, 0xc4, 0x79,
    0x62, 0x71, 0x60, 0x38, 0xc4, 0x79, 0x05, 0x8a, 0xa3, 0x79, 0x42, 0x71,
    0x47, 0x8a, 0xb0, 0xdc, 0xd0, 0xdc, 0xf1, 0xe4, 0x33, 0xed, 0x12, 0xed,
    0xf2, 0xe4, 0x90, 0xdc, 0xcd, 0xcb, 0x6b, 0xc3, 0xc9, 0xaa, 0x06, 0x92,
    0xe2, 0x58, 0x60, 0x38, 0x62, 0x71, 0xc4, 0x81, 0x6b, 0xbb, 0xb0, 0xe4,
    0x90, 0xe4, 0x2f, 0xdc, 0xcd, 0xd3, 0xcd, 0xd3, 0x70, 0xdc, 0x34, 0xe5,
    0x55, 0xe5, 0x91, 0xdc, 0xee, 0xd3, 0x13, 0xf5, 0xce, 0xb3, 0x02, 0x59,
    0xa3, 0x79, 0xa4, 0x79, 0x20, 0x18, 0x80, 0x38, 0x22, 0x61, 0xa3, 0x79,
    0x81, 0x10, 0x82, 0x18, 0x81, 0x10, 0xa2, 0x18, 0x82, 0x18, 0x82, 0x10,
    0xa2, 0x18, 0xa2, 0x18, 0xa2, 0x18, 0x82, 0x18, 0xa1, 0x18, 0xa2, 0x18,
    0xa2, 0x20, 0x8b, 0xbb, 0x2d, 0xe4, 0x4d, 0xec, 0x4d, 0xec, 0x2c, 0xe4,
    0x2c, 0xec, 0x2c, 0xe4, 0x2c, 0xe4, 0xeb, 0xe3, 0xcb, 0xdb, 0xaa, 0xd3,
    0x6a, 0xcb, 0x8a, 0xcb, 0x8a, 0xcb, 0x49, 0xcb, 0x8a, 0xd3, 0x69, 0xcb,
    0x69, 0xc3, 0x69, 0xcb, 0x69, 0xcb, 0x49, 0xc3, 0x69, 0xcb, 0x49, 0xc3,
    0x28, 0xc3, 0x49, 0xc3, 0x29, 0xc3, 0x28, 0xbb, 0x49, 0xc3, 0x49, 0xc3,
    0x28, 0xbb, 0x08, 0xbb, 0x29, 0xbb, 0x08, 0xbb, 0x08, 0xbb, 0x08, 0xb3,
    0xa7, 0xa2, 0x25, 0x92, 0xa4, 0x79, 0x63, 0x71, 0x42, 0x69, 0xe1, 0x58,
    0x60, 0x38, 0x20, 0x20, 0x00, 0x20, 0x83, 0x69, 0x45, 0x9a, 0x86, 0x9a,
    0x66, 0x9a, 0xe4, 0x89, 0xc4, 0x79, 0xa3, 0x79, 0x83, 0x79, 0x63, 0x71,
    0x42, 0x69, 0x42, 0x69, 0x63, 0x71, 0xe4, 0x81, 0x25, 0x92, 0x86, 0xa2,
    0x87, 0xa2, 0x86, 0xa2, 0x86, 0xa2, 0xa7, 0xaa, 0xc7, 0xaa, 0x87, 0xa2,
    0xa7, 0xa2, 0x86, 0xa2, 0xa6, 0xa2, 0x87, 0xa2, 0xa7, 0xaa, 0xa7, 0xa2,
    0xa7, 0xa2, 0x87, 0xa2, 0xa7, 0xaa, 0xa7, 0xaa, 0x87, 0xa2, 0x66, 0x9a,
    0x46, 0x9a, 0xe4, 0x81, 0x83, 0x71, 0x22, 0x61, 0x42, 0x61, 0x02, 0x59,
    0xe1, 0x50, 0x45, 0x92, 0x2a, 0xe4, 0x84, 0xa2, 0x23, 0x92, 0x03, 0x82,
    0x01, 0x59, 0xe1, 0x50, 0x01, 0x59, 0x22, 0x61, 0x22, 0x61, 0x43, 0x61,
    0x43, 0x61, 0x22, 0x61, 0x22, 0x59, 0x22, 0x61, 0x63, 0x69, 0xc4, 0x79,
    0x05, 0x8a, 0x05, 0x8a, 0xe4, 0x81, 0x45, 0x9a, 0x86, 0xa2, 0x04, 0x8a,
    0xc4, 0x81, 0x62, 0x69, 0x21, 0x61, 0x42, 0x61, 0x63, 0x71, 0xa3, 0x79,
    0xc4, 0x81, 0x05, 0x92, 0x25, 0x92, 0xe4, 0x89, 0x42, 0x69, 0xe1, 0x48,
    0x81, 0x38, 0xa1, 0x38, 0xa1, 0x40, 0x02, 0x51, 0x22, 0x61, 0x63, 0x69,
    0x83, 0x71, 0x83, 0x71, 0x83, 0x79, 0xa4, 0x79, 0xc4, 0x79, 0xa3, 0x79,
    0xa3, 0x79, 0x83, 0x71, 0x63, 0x71, 0x62, 0x69, 0x62, 0x69, 0x42, 0x69,
    0x42, 0x61, 0x21, 0x61, 0x21, 0x61, 0xc5, 0xaa, 0x67, 0xc3, 0xa4, 0xa2,
    0x03, 0x8a, 0x01, 0x59, 0x01, 0x51, 0x22, 0x59, 0x22, 0x59, 0x42, 0x69,
    0x83, 0x71, 0xa4, 0x79, 0xe4, 0x81, 0xa3, 0x79, 0xe5, 0x89, 0x25, 0x92,
    0x04, 0x8a, 0x05, 0x8a, 0x05, 0x8a, 0x25, 0x92, 0x25, 0x92, 0x05, 0x8a,
    0x04, 0x8a, 0x05, 0x8a, 0x05, 0x8a, 0x04, 0x8a, 0xe4, 0x81, 0xc4, 0x81,
    0xe4, 0x89, 0xe4, 0x81, 0xa3, 0x79, 0x83, 0x79, 0x63, 0x69, 0x42, 0x69,
    0x22, 0x61, 0x21, 0x59, 0x02, 0x59, 0xc1, 0x50, 0x00, 0x10, 0x00, 0x10,
    0x00, 0x10, 0x20, 0x08, 0x00, 0x10, 0x61, 0x28, 0x62, 0x69, 0x83, 0x71,
    0x21, 0x61, 0x40, 0x30, 0x05, 0x8a, 0xe4, 0x89, 0x83, 0x79, 0x67, 0x8a,
    0x90, 0xd4, 0xd1, 0xdc, 0xd1, 0xdc, 0xd1, 0xdc, 0xd1, 0xdc, 0xf2, 0xe4,
    0xb1, 0xdc, 0x4f, 0xdc, 0x6c, 0xbb, 0xa9, 0xaa, 0x06, 0x92, 0x22, 0x69,
    0x20, 0x28, 0x02, 0x61, 0xc4, 0x81, 0xcc, 0xc3, 0x12, 0xed, 0xd1, 0xec,
    0xb1, 0xec, 0x0f, 0xdc, 0x2f, 0xe4, 0x50, 0xe4, 0x70, 0xdc, 0xb2, 0xe4,
    0x34, 0xe5, 0xae, 0xcb, 0x4f, 0xe4, 0xd1, 0xf4, 0x8a, 0x8a, 0x02, 0x59,
    0x42, 0x61, 0xe1, 0x50, 0x00, 0x10, 0xa1, 0x40, 0x63, 0x71, 0xe4, 0x89,
    0x82, 0x18, 0x81, 0x10, 0xa1, 0x18, 0x82, 0x10, 0xa2, 0x10, 0xa1, 0x10,
    0xa2, 0x18, 0xa2, 0x18, 0xa1, 0x10, 0xa2, 0x18, 0xa1, 0x18, 0xa2, 0x20,
    0xa1, 0x20, 0xec, 0xcb, 0x2c, 0xe4, 0x2c, 0xe4, 0x4d, 0xec, 0x0c, 0xe4,
    0x0c, 0xe4, 0x2c, 0xe4, 0x4c, 0xec, 0xeb, 0xe3, 0xca, 0xd3, 0xaa, 0xd3,
    0x8a, 0xd3, 0x69, 0xcb, 0x49, 0xc3, 0x49, 0xcb, 0x49, 0xc3, 0x69, 0xcb,
    0x69, 0xcb, 0x49, 0xc3, 0x69, 0xcb, 0x49, 0xc3, 0x6a, 0xcb, 0x69, 0xc3,
    0x69, 0xcb, 0x49, 0xc3, 0x49, 0xc3, 0x49, 0xc3, 0x29, 0xc3, 0x28, 0xbb,
    0x09, 0xbb, 0x29, 0xc3, 0x49, 0xc3, 0x08, 0xbb, 0xe8, 0xb2, 0xc7, 0xaa,
    0xa7, 0xa2, 0x86, 0xa2, 0xe5, 0x89, 0xa3, 0x79, 0x62, 0x69, 0x21, 0x61,
    0x80, 0x38, 0x00, 0x18, 0x00, 0x18, 0xc1, 0x40, 0xe4, 0x89, 0x46, 0x9a,
    0x66, 0x9a, 0x25, 0x8a, 0xe4, 0x81, 0xa3, 0x79, 0x83, 0x79, 0x63, 0x71,
    0x42, 0x69, 0x22, 0x61, 0x62, 0x69, 0xa4, 0x79, 0xe4, 0x89, 0x66, 0x9a,
    0x45, 0x9a, 0x66, 0x9a, 0xc7, 0xaa, 0x86, 0xa2, 0xa7, 0xaa, 0xa7, 0xaa,
    0xc7, 0xaa, 0x87, 0xa2, 0xa7, 0xaa, 0xa7, 0xaa, 0x87, 0xa2, 0x86, 0xa2,
    0x86, 0xa2, 0xa7, 0xaa, 0xa7, 0xa2, 0x87, 0xa2, 0x86, 0xa2, 0x86, 0x9a,
    0x46, 0x92, 0xc4, 0x81, 0x83, 0x69, 0x42, 0x61, 0x22, 0x61, 0x22, 0x59,
    0xe1, 0x58, 0x62, 0x69, 0x06, 0xc3, 0xc5, 0xaa, 0x03, 0x8a, 0x65, 0x92,
    0x02, 0x59, 0xe1, 0x50, 0x01, 0x59, 0x22, 0x61, 0x22, 0x61, 0x42, 0x61,
    0x62, 0x69, 0x63, 0x69, 0x22, 0x61, 0x22, 0x59, 0x43, 0x61, 0x83, 0x71,
    0xe4, 0x81, 0xe4, 0x81, 0xe4, 0x89, 0x25, 0x92, 0x86, 0xa2, 0x45, 0x9a,
    0xa3, 0x79, 0x83, 0x71, 0x42, 0x61, 0x22, 0x61, 0x42, 0x69, 0xa3, 0x71,
    0xa3, 0x79, 0x25, 0x92, 0x25, 0x92, 0xc3, 0x81, 0x42, 0x61, 0xc1, 0x48,
    0x80, 0x40, 0x80, 0x38, 0xa1, 0x40, 0xe1, 0x48, 0x22, 0x59, 0x22, 0x61,
    0x63, 0x69, 0x83, 0x71, 0x83, 0x71, 0xa3, 0x79, 0xa4, 0x79, 0xa3, 0x79,
    0xa3, 0x79, 0x83, 0x71, 0x63, 0x69, 0x42, 0x69, 0x42, 0x69, 0x42, 0x69,
    0x42, 0x61, 0x02, 0x59, 0x21, 0x61, 0xe3, 0x89, 0x44, 0x9a, 0x02, 0x8a,
    0xe6, 0xb2, 0x62, 0x69, 0xe1, 0x50, 0x01, 0x51, 0x22, 0x59, 0x62, 0x69,
    0x83, 0x71, 0x83, 0x71, 0xa3, 0x79, 0xc4, 0x79, 0xe4, 0x81, 0x04, 0x8a,
    0x05, 0x8a, 0x05, 0x8a, 0x25, 0x92, 0x25, 0x92, 0x25, 0x92, 0x25, 0x92,
    0x25, 0x8a, 0x25, 0x8a, 0xc4, 0x81, 0xe4, 0x89, 0xc4, 0x81, 0xe4, 0x89,
    0xa3, 0x79, 0xc4, 0x81, 0xa3, 0x79, 0x83, 0x71, 0x42, 0x69, 0x22, 0x61,
    0x22, 0x59, 0x01, 0x59, 0x01, 0x59, 0xa1, 0x48, 0x20, 0x10, 0x20, 0x10,
    0x21, 0x10, 0x00, 0x08, 0x20, 0x10, 0x60, 0x28, 0x62, 0x69, 0x83, 0x71,
    0x02, 0x61, 0xa1, 0x40, 0x05, 0x8a, 0xc4, 0x81, 0x2a, 0xab, 0xd1, 0xdc,
    0xf2, 0xe4, 0x12, 0xe5, 0x12, 0xdd, 0xd1, 0xdc, 0x90, 0xd4, 0x4f, 0xd4,
    0xcd, 0xc3, 0xad, 0xc3, 0xc9, 0xaa, 0x06, 0x92, 0x42, 0x71, 0x40, 0x38,
    0xa1, 0x48, 0xa3, 0x79, 0xcc, 0xc3, 0xf1, 0xe4, 0x12, 0xed, 0xd1, 0xec,
    0x90, 0xe4, 0x70, 0xe4, 0x90, 0xe4, 0xb1, 0xec, 0xb1, 0xe4, 0xd2, 0xe4,
    0xd2, 0xe4, 0x2f, 0xdc, 0x71, 0xec, 0xce, 0xcb, 0x80, 0x48, 0xe1, 0x50,
    0x02, 0x59, 0x60, 0x30, 0x20, 0x20, 0x02, 0x59, 0xa3, 0x81, 0xe4, 0x89,
    0x82, 0x10, 0x81, 0x18, 0x82, 0x18, 0x81, 0x18, 0x81, 0x18, 0x82, 0x18,
    0x81, 0x18, 0xa1, 0x18, 0xa2, 0x18, 0xa2, 0x18, 0xa2, 0x18, 0xa2, 0x20,
    0xc2, 0x20, 0xec, 0xd3, 0x4d, 0xe4, 0x2c, 0xe4, 0x0c, 0xe4, 0x0c, 0xe4,
    0x0c, 0xe4, 0x0c, 0xe4, 0x2c, 0xe4, 0x0c, 0xe4, 0xcb, 0xdb, 0xaa, 0xd3,
    0x8a, 0xd3, 0x69, 0xcb, 0x6a, 0xcb, 0x8a, 0xcb, 0x69, 0xc3, 0x69, 0xcb,
    0x49, 0xc3, 0x69, 0xcb, 0x49, 0xcb, 0x8a, 0xcb, 0x6a, 0xcb, 0x89, 0xcb,
    0x69, 0xcb, 0x49, 0xc3, 0x29, 0xc3, 0x28, 0xbb, 0x08, 0xbb, 0x08, 0xbb,
    0x08, 0xbb, 0xe8, 0xba, 0xe8, 0xb2, 0xe7, 0xb2, 0x08, 0xb3, 0xe8, 0xb2,
    0xe7, 0xb2, 0xa7, 0xaa, 0x66, 0x9a, 0xe5, 0x81, 0xa4, 0x79, 0x62, 0x71,
    0x01, 0x61, 0x61, 0x30, 0x00, 0x10, 0x20, 0x20, 0xc3, 0x81, 0x45, 0x92,
    0x66, 0x9a, 0x46, 0x9a, 0xa3, 0x79, 0x83, 0x79, 0xa3, 0x79, 0x83, 0x71,
    0x62, 0x69, 0x42, 0x61, 0x63, 0x69, 0xc4, 0x79, 0xe4, 0x89, 0x46, 0x9a,
    0x66, 0x9a, 0xa7, 0xaa, 0xa7, 0xaa, 0xc7, 0xaa, 0xe8, 0xb2, 0xa7, 0xaa,
    0xc7, 0xaa, 0xc7, 0xaa, 0xa7, 0xaa, 0xa7, 0xa2, 0xa7, 0xaa, 0x86, 0xa2,
    0x86, 0xa2, 0xa7, 0xa2, 0x86, 0xa2, 0x87, 0xa2, 0x66, 0x9a, 0x66, 0x9a,
    0x66, 0x9a, 0x05, 0x8a, 0x83, 0x71, 0x63, 0x69, 0x22, 0x61, 0x22, 0x59,
    0x01, 0x59, 0x21, 0x61, 0x6b, 0xec, 0x67, 0xcb, 0x23, 0x92, 0x64, 0x9a,
    0x01, 0x59, 0x01, 0x51, 0x01, 0x59, 0x21, 0x59, 0x22, 0x59, 0x42, 0x61,
    0x62, 0x69, 0x43, 0x61, 0x42, 0x61, 0x22, 0x59, 0x42, 0x61, 0x83, 0x69,
    0xa4, 0x79, 0x05, 0x8a, 0xe4, 0x89, 0x04, 0x92, 0xa7, 0xaa, 0x65, 0x9a,
    0xc4, 0x81, 0x62, 0x69, 0x22, 0x61, 0x22, 0x61, 0x62, 0x69, 0xa3, 0x71,
    0xc3, 0x79, 0x04, 0x8a, 0x04, 0x8a, 0xa3, 0x79, 0x02, 0x59, 0xc1, 0x40,
    0x81, 0x38, 0x60, 0x38, 0xa1, 0x40, 0xc1, 0x48, 0x22, 0x59, 0x22, 0x61,
    0x42, 0x61, 0x83, 0x71, 0xa3, 0x71, 0xa3, 0x71, 0xa4, 0x79, 0xa4, 0x79,
    0x83, 0x71, 0xa3, 0x71, 0x83, 0x71, 0x63, 0x69, 0x63, 0x69, 0x42, 0x69,
    0x22, 0x61, 0x22, 0x61, 0x21, 0x61, 0x64, 0x9a, 0x68, 0xc3, 0x64, 0xa2,
    0x43, 0x92, 0x01, 0x59, 0xc1, 0x48, 0xe1, 0x50, 0x22, 0x59, 0x63, 0x69,
    0x63, 0x69, 0x83, 0x71, 0xa4, 0x79, 0xe4, 0x81, 0xe4, 0x81, 0xe4, 0x81,
    0x04, 0x8a, 0x25, 0x8a, 0x25, 0x92, 0x04, 0x8a, 0x05, 0x8a, 0xe4, 0x81,
    0xe4, 0x89, 0xe4, 0x89, 0xe4, 0x81, 0xe4, 0x89, 0xe4, 0x89, 0xe4, 0x89,
    0xa4, 0x79, 0xa3, 0x79, 0x83, 0x71, 0x62, 0x71, 0x21, 0x61, 0x01, 0x59,
    0x01, 0x59, 0x02, 0x59, 0xe1, 0x50, 0x81, 0x40, 0x20, 0x10, 0x00, 0x08,
    0x21, 0x08, 0x20, 0x08, 0x00, 0x10, 0x61, 0x30, 0x63, 0x71, 0x63, 0x69,
    0x01, 0x59, 0x22, 0x59, 0xe4, 0x81, 0x8c, 0xb3, 0xf2, 0xe4, 0x12, 0xe5,
    0xf2, 0xe4, 0xf2, 0xe4, 0xf2, 0xdc, 0xd2, 0xdc, 0x90, 0xd4, 0xcd, 0xc3,
    0x0a, 0xab, 0xa9, 0xa2, 0xe5, 0x89, 0x22, 0x71, 0x60, 0x38, 0x81, 0x40,
    0x63, 0x69, 0xed, 0xc3, 0xb0, 0xdc, 0x6f, 0xdc, 0xd1, 0xe4, 0xf2, 0xec,
    0xb1, 0xec, 0x91, 0xe4, 0x91, 0xe4, 0xf2, 0xec, 0xf3, 0xec, 0x13, 0xed,
    0x91, 0xe4, 0x30, 0xdc, 0x2b, 0xbb, 0xea, 0xaa, 0xc9, 0xa2, 0x06, 0x7a,
    0xa1, 0x40, 0x20, 0x20, 0x40, 0x30, 0x42, 0x69, 0x04, 0x8a, 0x25, 0x8a,
    0x81, 0x18, 0x82, 0x10, 0xa2, 0x18, 0xa2, 0x18, 0xa1, 0x18, 0x82, 0x18,
    0x81, 0x10, 0xa2, 0x18, 0x81, 0x18, 0xa1, 0x18, 0xa2, 0x18, 0xa2, 0x20,
    0xc2, 0x28, 0x0c, 0xd4, 0x4d, 0xec, 0x2c, 0xe4, 0x0c, 0xe4, 0x2c, 0xec,
    0x2c, 0xec, 0x0c, 0xe4, 0x0c, 0xe4, 0xeb, 0xdb, 0xeb, 0xdb, 0xcb, 0xdb,
    0x6a, 0xcb, 0x69, 0xcb, 0x69, 0xcb, 0x49, 0xc3, 0x69, 0xcb, 0x28, 0xc3,
    0x6a, 0xcb, 0x6a, 0xcb, 0x49, 0xc3, 0x49, 0xc3, 0x69, 0xcb, 0x69, 0xc3,
    0x28, 0xbb, 0x49, 0xc3, 0x29, 0xc3, 0x49, 0xc3, 0x29, 0xbb, 0x08, 0xbb,
    0x28, 0xbb, 0x08, 0xbb, 0xe8, 0xb2, 0xe8, 0xb2, 0x08, 0xb3, 0xe8, 0xb2,
    0xc7, 0xaa, 0xc7, 0xaa, 0xa7, 0xa2, 0x46, 0x92, 0xc4, 0x81, 0x83, 0x71,
    0x63, 0x71, 0x42, 0x69, 0x40, 0x20, 0x00, 0x10, 0x22, 0x61, 0xa3, 0x81,
    0x46, 0x92, 0x66, 0x9a, 0xe4, 0x89, 0xc3, 0x79, 0xa3, 0x79, 0x63, 0x71,
    0x62, 0x69, 0x42, 0x69, 0x22, 0x61, 0x83, 0x71, 0xe4, 0x81, 0x25, 0x92,
    0x66, 0xa2, 0x86, 0xa2, 0xa7, 0xaa, 0xa7, 0xaa, 0xa7, 0xaa, 0xa7, 0xaa,
    0xa7, 0xaa, 0x86, 0xa2, 0xa7, 0xa2, 0xa7, 0xa2, 0xa7, 0xaa, 0x86, 0xa2,
    0x66, 0x9a, 0x87, 0xa2, 0xa7, 0xa2, 0xa7, 0xaa, 0x66, 0x9a, 0x66, 0x9a,
    0x46, 0x9a, 0x04, 0x8a, 0xa3, 0x71, 0x62, 0x69, 0x22, 0x61, 0x22, 0x59,
    0x22, 0x61, 0x01, 0x61, 0xe5, 0xb2, 0xa4, 0xb2, 0xa5, 0xa2, 0x65, 0x9a,
    0x21, 0x59, 0xe1, 0x50, 0x01, 0x51, 0x22, 0x61, 0x22, 0x61, 0x63, 0x69,
    0x63, 0x69, 0x63, 0x69, 0x42, 0x61, 0x22, 0x61, 0x22, 0x61, 0x63, 0x69,
    0xa4, 0x79, 0xe4, 0x81, 0x04, 0x8a, 0x04, 0x8a, 0x86, 0xa2, 0x66, 0xa2,
    0xe4, 0x89, 0x83, 0x71, 0x22, 0x61, 0x22, 0x61, 0x42, 0x61, 0x83, 0x71,
    0xc3, 0x81, 0x05, 0x92, 0xe4, 0x89, 0xa3, 0x79, 0x02, 0x59, 0xa0, 0x40,
    0x80, 0x38, 0x60, 0x30, 0x80, 0x38, 0xc1, 0x48, 0x02, 0x51, 0x22, 0x61,
    0x42, 0x61, 0x63, 0x69, 0x83, 0x71, 0x83, 0x71, 0xa4, 0x79, 0x83, 0x71,
    0x83, 0x71, 0x83, 0x71, 0x63, 0x71, 0x62, 0x69, 0x42, 0x69, 0x42, 0x61,
    0x42, 0x61, 0x01, 0x59, 0x22, 0x61, 0x03, 0x8a, 0xc6, 0xaa, 0x84, 0xa2,
    0x85, 0x9a, 0xa3, 0x71, 0xe1, 0x50, 0xe1, 0x50, 0x22, 0x59, 0x22, 0x61,
    0x62, 0x69, 0xa3, 0x79, 0xe5, 0x81, 0xe4, 0x81, 0x05, 0x8a, 0xe5, 0x89,
    0x05, 0x8a, 0x04, 0x8a, 0x05, 0x8a, 0xe4, 0x89, 0xe4, 0x81, 0xe4, 0x89,
    0x04, 0x8a, 0xe4, 0x81, 0xc4, 0x81, 0xe4, 0x89, 0xe4, 0x81, 0xc4, 0x81,
    0xa3, 0x79, 0x83, 0x79, 0x62, 0x71, 0x63, 0x69, 0x42, 0x61, 0x22, 0x61,
    0x01, 0x51, 0xe1, 0x50, 0xc1, 0x50, 0x40, 0x30, 0x00, 0x10, 0x20, 0x10,
    0x00, 0x10, 0x00, 0x10, 0x20, 0x10, 0x81, 0x30, 0x63, 0x69, 0x62, 0x69,
    0xe1, 0x50, 0x84, 0x69, 0xcd, 0xc3, 0x12, 0xe5, 0x13, 0xe5, 0x13, 0xe5,
    0x12, 0xe5, 0xf2, 0xe4, 0xd2, 0xdc, 0x70, 0xd4, 0xee, 0xc3, 0x2b, 0xab,
    0x47, 0x92, 0xa4, 0x81, 0x01, 0x69, 0x60, 0x40, 0x61, 0x38, 0x27, 0x7a,
    0x6f, 0xd4, 0xf1, 0xe4, 0x90, 0xdc, 0x90, 0xdc, 0xd1, 0xe4, 0xb1, 0xe4,
    0xd1, 0xe4, 0x91, 0xe4, 0xb1, 0xec, 0x33, 0xed, 0x13, 0xed, 0xb2, 0xdc,
    0xce, 0xcb, 0x07, 0x8a, 0xcd, 0xcb, 0xb1, 0xe4, 0x2e, 0xdc, 0x0e, 0xdc,
    0x4b, 0xab, 0x41, 0x28, 0x81, 0x38, 0x42, 0x69, 0xe4, 0x89, 0x05, 0x8a,
    0x81, 0x10, 0x82, 0x10, 0x81, 0x18, 0x81, 0x10, 0xa1, 0x18, 0xa1, 0x18,
    0x82, 0x10, 0xa2, 0x18, 0xa2, 0x18, 0xa1, 0x18, 0xa1, 0x18, 0xa2, 0x20,
    0xc2, 0x28, 0x0c, 0xd4, 0x2c, 0xe4, 0x2c, 0xe4, 0x2c, 0xec, 0x2c, 0xe4,
    0x2c, 0xe4, 0x2c, 0xe4, 0x0c, 0xe4, 0xeb, 0xdb, 0xec, 0xe3, 0xca, 0xdb,
    0x8a, 0xcb, 0x8a, 0xcb, 0x49, 0xc3, 0x49, 0xc3, 0x49, 0xc3, 0x49, 0xc3,
    0x49, 0xc3, 0x49, 0xc3, 0x28, 0xc3, 0x69, 0xc3, 0x69, 0xcb, 0x69, 0xcb,
    0x49, 0xc3, 0x49, 0xc3, 0x49, 0xc3, 0x08, 0xbb, 0x08, 0xbb, 0x28, 0xbb,
    0xe8, 0xb2, 0xe8, 0xb2, 0x08, 0xb3, 0xc7, 0xaa, 0xc7, 0xb2, 0xe8, 0xb2,
    0xe8, 0xb2, 0xc7, 0xb2, 0xc7, 0xaa, 0xa7, 0xa2, 0x25, 0x92, 0xc4, 0x81,
    0x83, 0x71, 0x62, 0x71, 0x01, 0x59, 0x00, 0x10, 0x81, 0x38, 0x62, 0x71,
    0x05, 0x8a, 0x45, 0x92, 0x05, 0x8a, 0x83, 0x79, 0xa3, 0x79, 0x83, 0x71,
    0x42, 0x69, 0x22, 0x61, 0x01, 0x59, 0x63, 0x69, 0xa4, 0x79, 0x04, 0x8a,
    0x25, 0x9a, 0x45, 0x9a, 0xa6, 0xa2, 0xa7, 0xaa, 0xa6, 0xa2, 0xa7, 0xaa,
    0xc7, 0xaa, 0x86, 0xa2, 0x86, 0xa2, 0x87, 0xa2, 0x86, 0xa2, 0x86, 0xa2,
    0x86, 0xa2, 0x86, 0xa2, 0xa7, 0xaa, 0x86, 0xa2, 0x86, 0x9a, 0x46, 0x9a,
    0x05, 0x8a, 0x04, 0x8a, 0xc4, 0x81, 0x42, 0x69, 0x42, 0x61, 0x22, 0x61,
    0x22, 0x61, 0x01, 0x59, 0xea, 0xd3, 0x0a, 0xe4, 0x84, 0xa2, 0xc5, 0xaa,
    0x22, 0x61, 0x01, 0x51, 0x01, 0x59, 0x02, 0x59, 0x42, 0x61, 0x42, 0x61,
    0x63, 0x69, 0x63, 0x69, 0x63, 0x69, 0x22, 0x61, 0x22, 0x59, 0x43, 0x69,
    0x83, 0x71, 0xe4, 0x81, 0xe5, 0x89, 0x04, 0x8a, 0x45, 0x9a, 0x66, 0xa2,
    0x05, 0x92, 0xa3, 0x79, 0x22, 0x61, 0x42, 0x69, 0x63, 0x69, 0x63, 0x71,
    0xc3, 0x81, 0xe4, 0x89, 0xe4, 0x89, 0x83, 0x71, 0x21, 0x59, 0xc1, 0x48,
    0x81, 0x38, 0x60, 0x30, 0x81, 0x38, 0xa1, 0x40, 0xe1, 0x48, 0x22, 0x59,
    0x42, 0x61, 0x63, 0x69, 0x83, 0x71, 0x83, 0x71, 0x83, 0x79, 0xa3, 0x79,
    0x83, 0x71, 0x83, 0x79, 0x83, 0x71, 0x83, 0x71, 0x42, 0x61, 0x42, 0x61,
    0x42, 0x61, 0x22, 0x61, 0x01, 0x59, 0x82, 0x71, 0x27, 0xbb, 0x03, 0x92,
    0xc5, 0xaa, 0xc3, 0x71, 0xe1, 0x50, 0xe1, 0x50, 0x01, 0x51, 0x63, 0x69,
    0x83, 0x71, 0xa3, 0x71, 0xc4, 0x79, 0xc4, 0x81, 0xc4, 0x81, 0x04, 0x8a,
    0xe4, 0x89, 0xe4, 0x81, 0xe4, 0x89, 0x04, 0x8a, 0xe4, 0x81, 0x05, 0x8a,
    0x04, 0x8a, 0xc4, 0x81, 0xe4, 0x81, 0xc3, 0x81, 0x83, 0x79, 0xa3, 0x79,
    0xa3, 0x79, 0x83, 0x71, 0x42, 0x69, 0x42, 0x61, 0x22, 0x61, 0x02, 0x59,
    0xe1, 0x50, 0xc0, 0x48, 0xa0, 0x48, 0x20, 0x20, 0x20, 0x10, 0x20, 0x10,
    0x21, 0x10, 0x20, 0x10, 0x00, 0x10, 0x61, 0x30, 0x42, 0x69, 0x22, 0x61,
    0x22, 0x59, 0x0e, 0xc4, 0xd1, 0xdc, 0xf1, 0xe4, 0xf2, 0xe4, 0xf2, 0xdc,
    0xf2, 0xe4, 0xd2, 0xdc, 0x91, 0xd4, 0xee, 0xc3, 0x4b, 0xb3, 0x68, 0x92,
    0x64, 0x79, 0x01, 0x69, 0x80, 0x40, 0x41, 0x30, 0x2a, 0x9b, 0xf1, 0xdc,
    0x12, 0xe5, 0x12, 0xe5, 0xf1, 0xdc, 0xd1, 0xdc, 0x90, 0xdc, 0xb0, 0xdc,
    0x91, 0xe4, 0xb1, 0xe4, 0xb1, 0xe4, 0xd2, 0xe4, 0x70, 0xdc, 0x4c, 0xbb,
    0xc5, 0x81, 0xea, 0xaa, 0xf3, 0xe4, 0x91, 0xdc, 0x91, 0xdc, 0x2f, 0xdc,
    0x4f, 0xdc, 0x2b, 0xa3, 0x20, 0x30, 0x21, 0x61, 0xe4, 0x81, 0x05, 0x8a,
    0x81, 0x18, 0x81, 0x10, 0x82, 0x18, 0x81, 0x18, 0xa1, 0x18, 0x82, 0x18,
    0x81, 0x18, 0xa1, 0x10, 0xa2, 0x18, 0xa2, 0x18, 0xa2, 0x18, 0xa1, 0x20,
    0x03, 0x31, 0x2c, 0xdc, 0x4d, 0xec, 0x4d, 0xec, 0x2c, 0xe4, 0x0c, 0xe4,
    0x2c, 0xe4, 0x2c, 0xe4, 0x0c, 0xe4, 0x2c, 0xec, 0x2c, 0xe4, 0xaa, 0xd3,
    0x89, 0xcb, 0x69, 0xcb, 0x49, 0xcb, 0x69, 0xc3, 0x49, 0xc3, 0x28, 0xbb,
    0x28, 0xbb, 0x28, 0xbb, 0x08, 0xbb, 0x29, 0xc3, 0x29, 0xbb, 0x49, 0xc3,
    0x49, 0xc3, 0x69, 0xc3, 0x69, 0xc3, 0x69, 0xcb, 0x49, 0xc3, 0x29, 0xbb,
    0x08, 0xbb, 0x08, 0xbb, 0xe8, 0xb2, 0xc8, 0xaa, 0xa7, 0xa2, 0xc7, 0xaa,
    0xc7, 0xaa, 0xc7, 0xaa, 0xa7, 0xaa, 0x66, 0x9a, 0x66, 0x9a, 0x04, 0x8a,
    0xa3, 0x79, 0x63, 0x71, 0x62, 0x71, 0x20, 0x20, 0x20, 0x18, 0x21, 0x59,
    0x04, 0x8a, 0x45, 0x92, 0x05, 0x8a, 0xa3, 0x79, 0xa3, 0x79, 0xa3, 0x81,
    0x63, 0x71, 0x42, 0x61, 0x22, 0x61, 0x22, 0x61, 0x83, 0x71, 0xe4, 0x89,
    0x25, 0x92, 0x66, 0x9a, 0x86, 0xa2, 0x86, 0xa2, 0x86, 0xa2, 0x86, 0xa2,
    0x86, 0xa2, 0x86, 0xa2, 0xa7, 0xaa, 0x87, 0xa2, 0x86, 0xa2, 0x87, 0xa2,
    0xa7, 0xa2, 0x86, 0xa2, 0xa6, 0xa2, 0xa7, 0xaa, 0xa7, 0xa2, 0x66, 0x9a,
    0x25, 0x92, 0x05, 0x8a, 0xc4, 0x81, 0x83, 0x71, 0x42, 0x69, 0x63, 0x69,
    0x01, 0x59, 0x01, 0x59, 0xa4, 0xaa, 0x67, 0xcb, 0xe5, 0xb2, 0x84, 0xa2,
    0xa2, 0x71, 0xe1, 0x50, 0x22, 0x59, 0x22, 0x61, 0x01, 0x59, 0x63, 0x69,
    0x63, 0x69, 0x63, 0x69, 0x63, 0x69, 0x42, 0x61, 0x22, 0x61, 0x22, 0x61,
    0x63, 0x69, 0xe4, 0x81, 0xe4, 0x81, 0xe4, 0x89, 0x45, 0x9a, 0xa6, 0xaa,
    0x25, 0x92, 0x83, 0x71, 0x42, 0x69, 0x42, 0x61, 0x42, 0x69, 0x62, 0x71,
    0xc4, 0x79, 0x25, 0x8a, 0xe4, 0x81, 0x63, 0x71, 0x01, 0x51, 0xc1, 0x40,
    0x60, 0x30, 0x60, 0x30, 0x80, 0x38, 0xa1, 0x40, 0xe1, 0x48, 0x01, 0x51,
    0x22, 0x61, 0x42, 0x69, 0x63, 0x71, 0x83, 0x71, 0x83, 0x71, 0x83, 0x71,
    0xa3, 0x79, 0xa3, 0x71, 0x83, 0x71, 0x63, 0x69, 0x42, 0x69, 0x21, 0x61,
    0x22, 0x61, 0x22, 0x61, 0x21, 0x59, 0x04, 0x8a, 0x47, 0xbb, 0xe5, 0xaa,
    0x02, 0x8a, 0x62, 0x69, 0xe1, 0x50, 0x01, 0x51, 0x01, 0x51, 0x42, 0x61,
    0x63, 0x69, 0xc4, 0x79, 0xc4, 0x79, 0xe4, 0x81, 0xe4, 0x81, 0xe4, 0x81,
    0xe5, 0x89, 0x25, 0x92, 0x05, 0x8a, 0x05, 0x8a, 0xe4, 0x81, 0xc4, 0x81,
    0xe4, 0x81, 0xc4, 0x81, 0xc4, 0x81, 0xe4, 0x81, 0xc4, 0x81, 0xc3, 0x79,
    0x83, 0x71, 0x83, 0x71, 0x22, 0x61, 0x22, 0x61, 0x02, 0x59, 0xe1, 0x50,
    0xa1, 0x48, 0xa0, 0x40, 0x81, 0x40, 0x00, 0x18, 0x00, 0x10, 0x01, 0x10,
    0x20, 0x10, 0x20, 0x10, 0x20, 0x10, 0x61, 0x30, 0x42, 0x61, 0x63, 0x61,
    0xed, 0xbb, 0x70, 0xd4, 0x90, 0xd4, 0xb1, 0xdc, 0xb1, 0xdc, 0x91, 0xdc,
    0xb1, 0xdc, 0x91, 0xd4, 0x0e, 0xc4, 0x4b, 0xb3, 0x68, 0x9a, 0x84, 0x79,
    0xe1, 0x68, 0x80, 0x50, 0x61, 0x38, 0xee, 0xb3, 0x33, 0xe5, 0x12, 0xe5,
    0x12, 0xe5, 0x12, 0xe5, 0x12, 0xe5, 0x12, 0xdd, 0xf1, 0xe4, 0xd1, 0xdc,
    0xf2, 0xe4, 0xd1, 0xe4, 0xb1, 0xe4, 0x0f, 0xd4, 0x0a, 0xab, 0xc6, 0x81,
    0x0b, 0xb3, 0xf2, 0xdc, 0xb6, 0xe5, 0x55, 0xe5, 0xf3, 0xdc, 0xf3, 0xe4,
    0x70, 0xd4, 0x91, 0xdc, 0xe3, 0x38, 0xe1, 0x58, 0xc4, 0x81, 0x25, 0x92,
    0x82, 0x10, 0xa2, 0x18, 0x81, 0x18, 0xa2, 0x10, 0xa2, 0x18, 0x82, 0x18,
    0xa1, 0x18, 0xa1, 0x18, 0x82, 0x18, 0x81, 0x18, 0xa2, 0x18, 0xa2, 0x20,
    0x44, 0x41, 0x4d, 0xe4, 0x2c, 0xe4, 0x2c, 0xe4, 0x0c, 0xe4, 0x4d, 0xec,
    0x2d, 0xec, 0x0c, 0xe4, 0x2c, 0xe4, 0x0c, 0xe4, 0x0c, 0xe4, 0xeb, 0xdb,
    0xcb, 0xdb, 0x49, 0xcb, 0x69, 0xcb, 0x49, 0xc3, 0x08, 0xbb, 0x28, 0xbb,
    0x28, 0xc3, 0x28, 0xc3, 0x28, 0xbb, 0xe8, 0xba, 0x08, 0xbb, 0x49, 0xc3,
    0x69, 0xcb, 0x29, 0xc3, 0x69, 0xc3, 0x69, 0xcb, 0x29, 0xbb, 0x49, 0xc3,
    0x08, 0xbb, 0xe8, 0xb2, 0xa7, 0xaa, 0x87, 0xa2, 0x86, 0xa2, 0x66, 0x9a,
    0xc7, 0xaa, 0xa7, 0xaa, 0xa7, 0xaa, 0xa6, 0xa2, 0xa7, 0xa2, 0x45, 0x92,
    0x04, 0x8a, 0xa3, 0x79, 0x83, 0x71, 0xc1, 0x48, 0x00, 0x08, 0xc1, 0x40,
    0xa3, 0x79, 0x05, 0x8a, 0x25, 0x92, 0xc4, 0x81, 0xa3, 0x81, 0xa3, 0x79,
    0x62, 0x71, 0x42, 0x61, 0x22, 0x59, 0x22, 0x61, 0x63, 0x69, 0xa3, 0x81,
    0x05, 0x8a, 0x45, 0x9a, 0x86, 0xa2, 0xa7, 0xaa, 0xa7, 0xaa, 0xc7, 0xaa,
    0x87, 0xa2, 0x87, 0xa2, 0x86, 0xa2, 0x86, 0xa2, 0x66, 0x9a, 0x86, 0xa2,
    0x87, 0xa2, 0x66, 0x9a, 0x86, 0xa2, 0x86, 0xa2, 0x86, 0xa2, 0x45, 0x9a,
    0x25, 0x8a, 0x04, 0x82, 0xe4, 0x81, 0xa3, 0x71, 0x63, 0x69, 0x62, 0x69,
    0x22, 0x61, 0x01, 0x59, 0x07, 0xb3, 0x4a, 0xec, 0x64, 0x9a, 0xc5, 0xaa,
    0x62, 0x69, 0x01, 0x59, 0x22, 0x61, 0x22, 0x61, 0x22, 0x61, 0x22, 0x61,
    0x42, 0x69, 0x42, 0x69, 0x63, 0x69, 0x63, 0x69, 0x22, 0x61, 0x22, 0x59,
    0x63, 0x69, 0xc4, 0x79, 0x05, 0x8a, 0x04, 0x8a, 0x04, 0x8a, 0xa6, 0xaa,
    0x45, 0x9a, 0xc3, 0x79, 0xa3, 0x79, 0x63, 0x71, 0x21, 0x61, 0x83, 0x71,
    0xc3, 0x81, 0x04, 0x8a, 0xe4, 0x89, 0x62, 0x71, 0x01, 0x51, 0xa1, 0x40,
    0x60, 0x30, 0x60, 0x30, 0x81, 0x38, 0xa1, 0x40, 0xe1, 0x48, 0xe1, 0x50,
    0x22, 0x59, 0x63, 0x69, 0x83, 0x71, 0xa3, 0x71, 0xa3, 0x71, 0xa4, 0x79,
    0x83, 0x79, 0x83, 0x71, 0x82, 0x71, 0x63, 0x69, 0x42, 0x69, 0x22, 0x61,
    0x22, 0x61, 0x22, 0x61, 0x21, 0x61, 0x62, 0x71, 0x85, 0xa2, 0x03, 0x92,
    0x84, 0xa2, 0x24, 0x8a, 0x01, 0x51, 0xe1, 0x50, 0x02, 0x59, 0x42, 0x61,
    0x83, 0x71, 0x83, 0x71, 0xa3, 0x79, 0xc4, 0x81, 0xe4, 0x81, 0xc4, 0x81,
    0xe4, 0x81, 0x04, 0x8a, 0xe4, 0x89, 0xe4, 0x81, 0xe4, 0x81, 0xe4, 0x89,
    0xc4, 0x81, 0xa3, 0x79, 0xc4, 0x81, 0xc4, 0x81, 0xa3, 0x79, 0x83, 0x79,
    0x62, 0x71, 0x42, 0x69, 0x42, 0x69, 0x01, 0x59, 0xc0, 0x48, 0xc1, 0x48,
    0xa0, 0x40, 0x80, 0x40, 0x60, 0x30, 0x20, 0x18, 0x00, 0x10, 0x00, 0x10,
    0x20, 0x10, 0x20, 0x10, 0x20, 0x10, 0x81, 0x30, 0xc5, 0x69, 0x2f, 0xc4,
    0x70, 0xdc, 0x50, 0xd4, 0x90, 0xdc, 0xb1, 0xdc, 0xb1, 0xdc, 0x90, 0xd4,
    0x70, 0xd4, 0x0e, 0xc4, 0x4b, 0xb3, 0x68, 0x9a, 0x84, 0x79, 0x01, 0x69,
    0xa0, 0x50, 0x03, 0x41, 0x70, 0xc4, 0x33, 0xe5, 0x13, 0xe5, 0x12, 0xe5,
    0xd2, 0xdc, 0x12, 0xe5, 0x33, 0xe5, 0x33, 0xe5, 0x33, 0xe5, 0x33, 0xe5,
    0x33, 0xe5, 0xb1, 0xdc, 0x0e, 0xcc, 0xa9, 0x9a, 0xe6, 0x79, 0x0e, 0xd4,
    0x50, 0xdc, 0x2f, 0xdc, 0xd2, 0xe4, 0x55, 0xe5, 0x96, 0xe5, 0x96, 0xe5,
    0xf3, 0xdc, 0xf2, 0xe4, 0xa6, 0x59, 0x42, 0x69, 0xe4, 0x89, 0x05, 0x8a,
    0x81, 0x10, 0x81, 0x18, 0x82, 0x10, 0xa1, 0x10, 0xa1, 0x10, 0x82, 0x10,
    0x81, 0x18, 0xa2, 0x18, 0x81, 0x18, 0x81, 0x18, 0xa2, 0x20, 0xa1, 0x20,
    0xa5, 0x51, 0x2d, 0xe4, 0x2c, 0xe4, 0x2c, 0xe4, 0x2c, 0xe4, 0x4d, 0xec,
    0x0c, 0xe4, 0x0b, 0xe4, 0x2c, 0xec, 0xeb, 0xe3, 0xcb, 0xdb, 0xcb, 0xdb,
    0xab, 0xd3, 0x69, 0xcb, 0x69, 0xc3, 0x69, 0xcb, 0x28, 0xc3, 0x08, 0xbb,
    0x08, 0xbb, 0x29, 0xbb, 0x28, 0xc3, 0x08, 0xbb, 0x28, 0xbb, 0x49, 0xc3,
    0x29, 0xc3, 0x49, 0xc3, 0x69, 0xcb, 0x49, 0xc3, 0x29, 0xc3, 0x28, 0xbb,
    0x08, 0xb3, 0xe8, 0xb2, 0xe8, 0xb2, 0xa7, 0xa2, 0x86, 0xa2, 0x66, 0x9a,
    0x66, 0x9a, 0x45, 0x9a, 0x66, 0x9a, 0x66, 0x9a, 0x66, 0x9a, 0x66, 0x9a,
    0x05, 0x8a, 0xc4, 0x81, 0x83, 0x79, 0x42, 0x69, 0x00, 0x10, 0x40, 0x28,
    0x22, 0x61, 0x04, 0x8a, 0x25, 0x92, 0xc4, 0x81, 0xa3, 0x79, 0xc3, 0x81,
    0x83, 0x71, 0x22, 0x61, 0x01, 0x59, 0x22, 0x59, 0x62, 0x69, 0xa3, 0x79,
    0x05, 0x8a, 0x25, 0x9a, 0x66, 0xa2, 0xa7, 0xa2, 0xa7, 0xaa, 0x86, 0xa2,
    0x86, 0xa2, 0x86, 0xa2, 0x86, 0xa2, 0x86, 0xa2, 0x86, 0xa2, 0x86, 0xa2,
    0x86, 0xa2, 0x86, 0xa2, 0x86, 0xa2, 0x86, 0xa2, 0x66, 0x9a, 0x45, 0x9a,
    0x25, 0x92, 0x25, 0x92, 0xe5, 0x81, 0xa3, 0x79, 0x63, 0x69, 0x42, 0x61,
    0x22, 0x61, 0x01, 0x59, 0xe6, 0xaa, 0x06, 0xb3, 0xa4, 0xaa, 0xe2, 0x81,
    0xe3, 0x79, 0x22, 0x61, 0x01, 0x59, 0x01, 0x51, 0x22, 0x59, 0x42, 0x61,
    0x42, 0x69, 0x62, 0x69, 0xa4, 0x79, 0x83, 0x71, 0x63, 0x69, 0x22, 0x61,
    0x42, 0x61, 0x83, 0x71, 0xe4, 0x81, 0x04, 0x8a, 0x05, 0x8a, 0x86, 0xaa,
    0x65, 0x9a, 0xe4, 0x89, 0xa3, 0x79, 0x83, 0x71, 0x63, 0x69, 0x63, 0x71,
    0xa3, 0x79, 0xe4, 0x89, 0xe4, 0x81, 0x62, 0x71, 0x01, 0x51, 0xa1, 0x40,
    0x61, 0x30, 0x40, 0x30, 0x60, 0x30, 0x81, 0x38, 0xa1, 0x40, 0xc1, 0x48,
    0x01, 0x59, 0x42, 0x61, 0x63, 0x69, 0x63, 0x71, 0x83, 0x71, 0x83, 0x71,
    0x83, 0x71, 0x83, 0x71, 0x62, 0x69, 0x83, 0x71, 0x42, 0x61, 0x42, 0x61,
    0x22, 0x61, 0x22, 0x61, 0x21, 0x61, 0x62, 0x69, 0x67, 0xc3, 0xc5, 0xaa,
    0x44, 0x9a, 0xe3, 0x81, 0xe1, 0x50, 0x01, 0x51, 0x02, 0x51, 0x01, 0x51,
    0x42, 0x69, 0x83, 0x71, 0xa3, 0x71, 0xc4, 0x81, 0xc4, 0x81, 0xc4, 0x81,
    0xe4, 0x81, 0xe4, 0x81, 0xe4, 0x81, 0xe4, 0x89, 0xe4, 0x81, 0xc4, 0x81,
    0xa3, 0x79, 0xa4, 0x79, 0xa3, 0x79, 0xa3, 0x79, 0x83, 0x79, 0x62, 0x69,
    0x42, 0x69, 0x42, 0x69, 0x22, 0x59, 0xe1, 0x50, 0xc1, 0x48, 0x80, 0x40,
    0x80, 0x40, 0x60, 0x38, 0x20, 0x28, 0x21, 0x18, 0x20, 0x10, 0x00, 0x10,
    0x21, 0x10, 0x20, 0x10, 0x20, 0x10, 0xe2, 0x38, 0xee, 0xbb, 0x70, 0xd4,
    0xb1, 0xdc, 0xf2, 0xec, 0x13, 0xed, 0xd1, 0xdc, 0x90, 0xd4, 0x4f, 0xcc,
    0x0e, 0xcc, 0x6c, 0xb3, 0x68, 0x9a, 0xa4, 0x79, 0x01, 0x69, 0xa0, 0x50,
    0x65, 0x51, 0xb1, 0xd4, 0x33, 0xe5, 0x33, 0xe5, 0x13, 0xe5, 0xf2, 0xe4,
    0xd2, 0xdc, 0x12, 0xe5, 0x33, 0xed, 0x74, 0xed, 0x54, 0xed, 0x33, 0xe5,
    0x12, 0xe5, 0xee, 0xcb, 0x88, 0x92, 0xa5, 0x69, 0x4f, 0xdc, 0xb1, 0xe4,
    0x71, 0xe4, 0x2f, 0xe4, 0x4f, 0xdc, 0xb1, 0xe4, 0x96, 0xe5, 0xf7, 0xed,
    0x0f, 0xc4, 0x50, 0xd4, 0xe3, 0x48, 0xc4, 0x79, 0x46, 0x92, 0x25, 0x8a,
    0x82, 0x18, 0x81, 0x18, 0x82, 0x18, 0xa1, 0x10, 0xa1, 0x18, 0x82, 0x18,
    0xa2, 0x18, 0xa1, 0x18, 0xa1, 0x18, 0xa2, 0x18, 0x81, 0x18, 0xa1, 0x20,
    0xe6, 0x59, 0x2d, 0xe4, 0x2c, 0xe4, 0x2c, 0xe4, 0x0c, 0xe4, 0x2c, 0xe4,
    0x0b, 0xe4, 0x2c, 0xe4, 0x2c, 0xe4, 0x0c, 0xe4, 0xeb, 0xdb, 0xeb, 0xdb,
    0x8a, 0xd3, 0x89, 0xcb, 0x49, 0xc3, 0x8a, 0xcb, 0x69, 0xcb, 0x08, 0xbb,
    0x28, 0xc3, 0x29, 0xbb, 0x29, 0xbb, 0xe7, 0xb2, 0x28, 0xbb, 0x28, 0xc3,
    0x29, 0xc3, 0x49, 0xc3, 0x28, 0xc3, 0x49, 0xc3, 0x49, 0xc3, 0x28, 0xbb,
    0xe8, 0xb2, 0x28, 0xbb, 0xc7, 0xaa, 0xc7, 0xaa, 0x66, 0xa2, 0x25, 0x92,
    0x25, 0x92, 0x25, 0x92, 0x05, 0x8a, 0x45, 0x92, 0x65, 0x9a, 0x66, 0x9a,
    0x46, 0x92, 0x04, 0x8a, 0xc3, 0x79, 0x83, 0x79, 0xa1, 0x38, 0x00, 0x10,
    0xc1, 0x48, 0xc4, 0x81, 0x46, 0x92, 0x05, 0x8a, 0xa3, 0x79, 0xa3, 0x79,
    0x83, 0x79, 0x22, 0x61, 0x01, 0x59, 0x01, 0x59, 0x42, 0x61, 0x83, 0x71,
    0x05, 0x8a, 0x05, 0x92, 0x66, 0xa2, 0x86, 0xa2, 0x66, 0xa2, 0x86, 0xa2,
    0x86, 0xa2, 0xa7, 0xaa, 0xa7, 0xa2, 0x87, 0xa2, 0x87, 0xa2, 0x86, 0xa2,
    0x66, 0x9a, 0x87, 0xa2, 0x87, 0xa2, 0x86, 0xa2, 0x66, 0x9a, 0x66, 0x9a,
    0x46, 0x92, 0x25, 0x8a, 0xc4, 0x81, 0x83, 0x79, 0x63, 0x69, 0x42, 0x69,
    0x42, 0x61, 0x22, 0x61, 0x44, 0x9a, 0x2a, 0xe4, 0x05, 0xb3, 0x44, 0x92,
    0x03, 0x8a, 0x01, 0x59, 0x42, 0x61, 0x22, 0x59, 0x21, 0x59, 0x42, 0x61,
    0x62, 0x69, 0x62, 0x69, 0xa3, 0x71, 0x83, 0x71, 0x62, 0x69, 0x22, 0x59,
    0x22, 0x61, 0x63, 0x71, 0xa4, 0x79, 0xe4, 0x89, 0x04, 0x8a, 0x66, 0xa2,
    0x86, 0xa2, 0xc4, 0x89, 0x82, 0x71, 0x62, 0x69, 0x62, 0x71, 0x62, 0x71,
    0xa3, 0x79, 0xe4, 0x81, 0xc3, 0x81, 0x42, 0x61, 0xe1, 0x48, 0xa1, 0x38,
    0x60, 0x30, 0x40, 0x30, 0x60, 0x30, 0x80, 0x38, 0xa1, 0x40, 0xc1, 0x48,
    0x01, 0x59, 0x42, 0x61, 0x63, 0x69, 0x83, 0x71, 0x83, 0x71, 0x83, 0x71,
    0x62, 0x71, 0x83, 0x71, 0x63, 0x71, 0x42, 0x69, 0x42, 0x61, 0x22, 0x61,
    0x21, 0x59, 0x42, 0x61, 0x22, 0x61, 0x41, 0x69, 0x24, 0x92, 0x84, 0xa2,
    0x64, 0x9a, 0x24, 0x8a, 0xe1, 0x50, 0xe1, 0x50, 0x02, 0x51, 0x02, 0x59,
    0x42, 0x61, 0x83, 0x71, 0xa4, 0x79, 0xa4, 0x79, 0xa3, 0x79, 0xa3, 0x79,
    0xe5, 0x81, 0xe4, 0x81, 0xc4, 0x81, 0xc4, 0x81, 0xe4, 0x81, 0xe4, 0x81,
    0xc4, 0x81, 0xa3, 0x79, 0xa3, 0x79, 0xc4, 0x81, 0x83, 0x71, 0x83, 0x71,
    0x63, 0x69, 0x21, 0x61, 0xe1, 0x50, 0xc1, 0x48, 0xa0, 0x48, 0x80, 0x40,
    0x61, 0x38, 0x40, 0x30, 0x20, 0x20, 0x01, 0x10, 0x20, 0x10, 0x20, 0x10,
    0x01, 0x10, 0x21, 0x10, 0x40, 0x18, 0x6c, 0xa3, 0x70, 0xd4, 0x91, 0xdc,
    0xb1, 0xe4, 0x33, 0xed, 0x54, 0xed, 0x90, 0xdc, 0xcd, 0xc3, 0x0e, 0xcc,
    0x6c, 0xbb, 0xa9, 0xa2, 0xa5, 0x81, 0xe1, 0x60, 0xa0, 0x50, 0xa6, 0x59,
    0xf2, 0xd4, 0x53, 0xe5, 0x54, 0xed, 0x54, 0xed, 0x53, 0xed, 0x33, 0xed,
    0x54, 0xed, 0x54, 0xed, 0x54, 0xe5, 0x54, 0xed, 0x53, 0xe5, 0xd2, 0xdc,
    0xee, 0xc3, 0x68, 0x9a, 0x44, 0x61, 0x50, 0xdc, 0xd2, 0xec, 0xb1, 0xec,
    0x71, 0xe4, 0x50, 0xe4, 0x70, 0xe4, 0xf3, 0xec, 0x18, 0xf6, 0x18, 0xee,
    0xd2, 0xd4, 0x2c, 0x9b, 0x02, 0x59, 0xc4, 0x81, 0x25, 0x92, 0x25, 0x92,
    0x82, 0x10, 0x82, 0x18, 0x81, 0x10, 0x81, 0x18, 0xa2, 0x18, 0x81, 0x10,
    0x81, 0x18, 0x81, 0x18, 0xa2, 0x18, 0xa2, 0x18, 0x81, 0x18, 0xa1, 0x20,
    0x27, 0x6a, 0x4d, 0xec, 0x2c, 0xec, 0x0c, 0xe4, 0x2c, 0xe4, 0x0c, 0xe4,
    0x0c, 0xec, 0x2c, 0xec, 0x0c, 0xe4, 0x0c, 0xe4, 0x0c, 0xe4, 0xeb, 0xdb,
    0xcb, 0xdb, 0xaa, 0xd3, 0x89, 0xcb, 0x69, 0xcb, 0x49, 0xc3, 0x49, 0xc3,
    0x49, 0xc3, 0x28, 0xbb, 0x08, 0xbb, 0xe8, 0xb2, 0x08, 0xbb, 0x29, 0xbb,
    0x29, 0xc3, 0x29, 0xc3, 0x49, 0xc3, 0x28, 0xbb, 0x49, 0xc3, 0x49, 0xc3,
    0x28, 0xbb, 0x29, 0xbb, 0xe8, 0xb2, 0xa7, 0xaa, 0x86, 0xa2, 0x26, 0x92,
    0x05, 0x8a, 0xe4, 0x89, 0xe4, 0x89, 0x04, 0x8a, 0x04, 0x8a, 0x05, 0x92,
    0x25, 0x92, 0xe4, 0x89, 0xc4, 0x79, 0x83, 0x71, 0x42, 0x61, 0x00, 0x08,
    0x61, 0x30, 0x83, 0x71, 0x05, 0x8a, 0x45, 0x92, 0xc4, 0x81, 0xa3, 0x81,
    0x83, 0x79, 0x62, 0x69, 0x02, 0x59, 0xe1, 0x50, 0x22, 0x61, 0x83, 0x79,
    0xe4, 0x81, 0x45, 0x9a, 0x86, 0xa2, 0x66, 0xa2, 0x66, 0x9a, 0x66, 0xa2,
    0x86, 0xa2, 0x87, 0xa2, 0xa7, 0xa2, 0x86, 0xa2, 0x86, 0xa2, 0x87, 0xa2,
    0x87, 0xa2, 0x87, 0xa2, 0x86, 0x9a, 0x87, 0xa2, 0x45, 0x9a, 0x66, 0x9a,
    0x45, 0x92, 0x25, 0x92, 0x04, 0x8a, 0xc4, 0x79, 0x63, 0x69, 0x63, 0x69,
    0x42, 0x61, 0x22, 0x61, 0x04, 0x8a, 0xe9, 0xdb, 0xa5, 0xaa, 0xc2, 0x81,
    0xa2, 0x79, 0x01, 0x59, 0x42, 0x61, 0x22, 0x61, 0x01, 0x59, 0x42, 0x61,
    0x42, 0x69, 0x83, 0x69, 0x83, 0x71, 0x83, 0x71, 0x62, 0x69, 0x01, 0x59,
    0x22, 0x59, 0x63, 0x69, 0xa3, 0x71, 0xe4, 0x81, 0xe4, 0x81, 0x45, 0x9a,
    0x86, 0xa2, 0x04, 0x8a, 0x62, 0x71, 0x62, 0x69, 0x42, 0x69, 0xa3, 0x79,
    0xa3, 0x79, 0xa3, 0x79, 0x83, 0x71, 0x22, 0x61, 0xc1, 0x48, 0x80, 0x38,
    0x40, 0x30, 0x40, 0x28, 0x61, 0x30, 0x80, 0x30, 0x80, 0x38, 0xc1, 0x40,
    0x01, 0x51, 0x22, 0x59, 0x42, 0x61, 0x62, 0x69, 0x62, 0x71, 0x83, 0x71,
    0x63, 0x69, 0x63, 0x69, 0x62, 0x69, 0x42, 0x69, 0x43, 0x61, 0x22, 0x61,
    0x22, 0x61, 0x22, 0x61, 0x01, 0x59, 0x21, 0x61, 0x06, 0xb3, 0x44, 0x9a,
    0x44, 0x9a, 0x45, 0x8a, 0xe0, 0x50, 0x01, 0x51, 0x01, 0x51, 0x01, 0x59,
    0x42, 0x61, 0xa3, 0x71, 0x83, 0x71, 0xc4, 0x79, 0xa3, 0x71, 0xa3, 0x79,
    0xc4, 0x81, 0xe4, 0x81, 0xe4, 0x81, 0xc4, 0x81, 0xc4, 0x81, 0xc4, 0x81,
    0xc4, 0x81, 0xc4, 0x81, 0xc4, 0x81, 0xa4, 0x79, 0x83, 0x71, 0x42, 0x69,
    0x22, 0x61, 0x01, 0x59, 0xe1, 0x50, 0xc1, 0x48, 0x80, 0x40, 0x60, 0x38,
    0x20, 0x28, 0x20, 0x20, 0x20, 0x18, 0x00, 0x10, 0x00, 0x10, 0x20, 0x10,
    0x21, 0x10, 0x41, 0x10, 0x07, 0x62, 0x4f, 0xd4, 0x70, 0xd4, 0x70, 0xdc,
    0xb2, 0xe4, 0x13, 0xe5, 0xf2, 0xe4, 0x2f, 0xd4, 0x2b, 0xb3, 0x6c, 0xbb,
    0xea, 0xaa, 0xe5, 0x89, 0x22, 0x71, 0xa0, 0x50, 0xe6, 0x61, 0xf2, 0xd4,
    0x12, 0xe5, 0x13, 0xe5, 0x53, 0xe5, 0x54, 0xe5, 0x54, 0xe5, 0x54, 0xed,
    0x54, 0xed, 0x54, 0xed, 0x74, 0xed, 0x54, 0xed, 0xf2, 0xe4, 0xee, 0xc3,
    0x27, 0x92, 0xc1, 0x50, 0x0e, 0xc4, 0x53, 0xf5, 0xd2, 0xec, 0x90, 0xe4,
    0x70, 0xe4, 0x71, 0xe4, 0xb1, 0xec, 0x95, 0xed, 0xba, 0xf6, 0x9a, 0xf6,
    0xd3, 0xcc, 0xe3, 0x50, 0x83, 0x79, 0x04, 0x8a, 0x04, 0x8a, 0x25, 0x92,
    0x81, 0x10, 0x81, 0x10, 0x82, 0x18, 0x82, 0x10, 0xa2, 0x18, 0xa1, 0x18,
    0x82, 0x18, 0x81, 0x18, 0x81, 0x18, 0xa2, 0x18, 0xa2, 0x18, 0xa2, 0x20,
    0x87, 0x82, 0x2d, 0xe4, 0x4d, 0xe4, 0x0c, 0xe4, 0x0c, 0xe4, 0x2c, 0xe4,
    0x0c, 0xe4, 0x0c, 0xe4, 0x0c, 0xe4, 0x2c, 0xec, 0xeb, 0xe3, 0xcb, 0xdb,
    0xcb, 0xd3, 0x8a, 0xd3, 0x8a, 0xd3, 0x6a, 0xcb, 0x49, 0xc3, 0x69, 0xc3,
    0x69, 0xcb, 0x69, 0xc3, 0x28, 0xc3, 0x08, 0xbb, 0x08, 0xb3, 0x08, 0xbb,
    0x08, 0xbb, 0x49, 0xbb, 0x28, 0xbb, 0x49, 0xc3, 0x49, 0xc3, 0x29, 0xc3,
    0x28, 0xbb, 0x29, 0xbb, 0x08, 0xbb, 0xe8, 0xb2, 0xa7, 0xaa, 0x66, 0x9a,
    0xe4, 0x89, 0xc4, 0x81, 0xc4, 0x81, 0xc4, 0x81, 0xc4, 0x81, 0xe4, 0x81,
    0x05, 0x8a, 0x05, 0x8a, 0xc3, 0x81, 0xa3, 0x79, 0x83, 0x79, 0x80, 0x38,
    0x40, 0x20, 0x42, 0x69, 0x04, 0x8a, 0x05, 0x8a, 0xe4, 0x81, 0xc3, 0x81,
    0xa3, 0x79, 0x42, 0x69, 0x01, 0x59, 0xe1, 0x50, 0x02, 0x59, 0x62, 0x69,
    0xc3, 0x81, 0x05, 0x92, 0x66, 0x9a, 0x65, 0x9a, 0x65, 0x9a, 0x86, 0xa2,
    0xa7, 0xa2, 0x86, 0xa2, 0x86, 0xa2, 0x86, 0xa2, 0x86, 0x9a, 0x86, 0xa2,
    0x86, 0xa2, 0x86, 0x9a, 0x66, 0x9a, 0x86, 0xa2, 0x86, 0xa2, 0x86, 0x9a,
    0x45, 0x92, 0x25, 0x92, 0xe4, 0x81, 0xa4, 0x79, 0x83, 0x71, 0x42, 0x69,
    0x42, 0x61, 0x42, 0x61, 0x21, 0x69, 0x46, 0xc3, 0x26, 0xc3, 0x23, 0x92,
    0xc5, 0xaa, 0x22, 0x61, 0x22, 0x61, 0x22, 0x61, 0x22, 0x61, 0x22, 0x61,
    0x42, 0x61, 0x62, 0x69, 0x83, 0x71, 0x83, 0x71, 0x83, 0x71, 0x22, 0x61,
    0x22, 0x59, 0x42, 0x61, 0x83, 0x71, 0xc4, 0x81, 0xe4, 0x89, 0x45, 0x92,
    0xa6, 0xaa, 0x04, 0x92, 0x83, 0x79, 0x42, 0x69, 0x42, 0x69, 0x83, 0x79,
    0xc3, 0x81, 0xa3, 0x79, 0x83, 0x79, 0x01, 0x59, 0xc1, 0x40, 0x60, 0x30,
    0x20, 0x28, 0x20, 0x28, 0x20, 0x28, 0x60, 0x30, 0x81, 0x38, 0xa1, 0x40,
    0xe1, 0x50, 0x22, 0x59, 0x22, 0x61, 0x83, 0x71, 0x83, 0x71, 0x63, 0x69,
    0x83, 0x71, 0x42, 0x69, 0x62, 0x69, 0x42, 0x61, 0x22, 0x61, 0x01, 0x59,
    0x22, 0x61, 0x01, 0x59, 0x21, 0x61, 0x21, 0x61, 0xa5, 0xa2, 0xc5, 0xaa,
    0x44, 0x9a, 0xa2, 0x79, 0xe1, 0x50, 0x01, 0x51, 0x01, 0x51, 0x02, 0x59,
    0x42, 0x61, 0x83, 0x69, 0x83, 0x71, 0xa4, 0x79, 0xc4, 0x79, 0xa3, 0x79,
    0xc4, 0x81, 0xc4, 0x81, 0xa4, 0x79, 0xc4, 0x79, 0xe4, 0x89, 0xc4, 0x81,
    0xc4, 0x81, 0xa3, 0x79, 0x83, 0x71, 0x63, 0x71, 0x62, 0x71, 0x42, 0x69,
    0x22, 0x61, 0xe1, 0x50, 0xc0, 0x48, 0xa1, 0x40, 0x60, 0x38, 0x40, 0x30,
    0x20, 0x20, 0x20, 0x20, 0x21, 0x18, 0x21, 0x10, 0x20, 0x10, 0x20, 0x10,
    0x20, 0x10, 0xe2, 0x38, 0xee, 0xc3, 0x70, 0xdc, 0xb1, 0xe4, 0xd2, 0xe4,
    0xf3, 0xe4, 0x33, 0xed, 0xb1, 0xdc, 0xce, 0xc3, 0xc9, 0xa2, 0xea, 0xaa,
    0x26, 0x92, 0x42, 0x79, 0xc1, 0x58, 0x23, 0x49, 0xb1, 0xd4, 0x12, 0xe5,
    0xf2, 0xdc, 0xf1, 0xdc, 0x12, 0xe5, 0x53, 0xe5, 0x53, 0xe5, 0x54, 0xe5,
    0x74, 0xed, 0x54, 0xe5, 0x53, 0xe5, 0x12, 0xe5, 0x0f, 0xcc, 0x47, 0x9a,
    0xe1, 0x58, 0x6c, 0xab, 0xf2, 0xec, 0x13, 0xed, 0xd2, 0xe4, 0x70, 0xe4,
    0x70, 0xe4, 0x91, 0xe4, 0xf3, 0xec, 0x38, 0xf6, 0xba, 0xf6, 0xd7, 0xe5,
    0x29, 0x7a, 0xe1, 0x50, 0xc3, 0x81, 0x45, 0x92, 0x66, 0x9a, 0x25, 0x92,
    0x82, 0x18, 0xa1, 0x18, 0x82, 0x10, 0x82, 0x18, 0xa2, 0x18, 0x82, 0x18,
    0xa2, 0x18, 0xa2, 0x18, 0x81, 0x18, 0x81, 0x18, 0xa1, 0x18, 0xa2, 0x20,
    0xa8, 0x8a, 0x2c, 0xe4, 0x4d, 0xe4, 0x0c, 0xe4, 0x0c, 0xe4, 0xeb, 0xe3,
    0x2c, 0xec, 0x2c, 0xe4, 0x2c, 0xe4, 0x0c, 0xe4, 0x0c, 0xe4, 0xeb, 0xdb,
    0xaa, 0xd3, 0x8a, 0xd3, 0x8a, 0xcb, 0xaa, 0xd3, 0x69, 0xcb, 0x69, 0xc3,
    0x69, 0xc3, 0x49, 0xc3, 0x28, 0xbb, 0xe8, 0xb2, 0x08, 0xbb, 0xe8, 0xb2,
    0x08, 0xbb, 0x08, 0xbb, 0x49, 0xc3, 0x49, 0xc3, 0x29, 0xc3, 0x49, 0xc3,
    0x49, 0xc3, 0x28, 0xbb, 0x09, 0xbb, 0xe8, 0xb2, 0xa7, 0xa2, 0x86, 0xa2,
    0x25, 0x92, 0xc4, 0x81, 0xa3, 0x79, 0xa3, 0x79, 0xa3, 0x79, 0xc3, 0x81,
    0xc4, 0x81, 0xc4, 0x79, 0xa3, 0x79, 0x83, 0x71, 0x83, 0x71, 0x42, 0x61,
    0x00, 0x08, 0xe1, 0x50, 0xc3, 0x79, 0x05, 0x8a, 0xc4, 0x81, 0xc4, 0x81,
    0xa3, 0x79, 0x42, 0x71, 0x22, 0x61, 0xe1, 0x50, 0x02, 0x59, 0x42, 0x69,
    0x83, 0x79, 0x04, 0x8a, 0x45, 0x9a, 0x45, 0x9a, 0x86, 0xa2, 0xa7, 0xaa,
    0x66, 0xa2, 0x86, 0xa2, 0x66, 0x9a, 0x66, 0xa2, 0x66, 0x9a, 0x66, 0x9a,
    0x86, 0xa2, 0x86, 0xa2, 0x66, 0x9a, 0x45, 0x9a, 0x66, 0x9a, 0x66, 0x9a,
    0x46, 0x9a, 0x25, 0x92, 0x05, 0x8a, 0xc4, 0x81, 0x62, 0x69, 0x42, 0x69,
    0x22, 0x61, 0x21, 0x61, 0x21, 0x61, 0x4a, 0xe4, 0x06, 0xb3, 0x43, 0x92,
    0xe3, 0x81, 0xe1, 0x58, 0x21, 0x59, 0x22, 0x59, 0x22, 0x61, 0x21, 0x59,
    0x42, 0x61, 0x83, 0x71, 0x83, 0x71, 0x83, 0x71, 0x62, 0x69, 0x43, 0x61,
    0x22, 0x59, 0x42, 0x61, 0x63, 0x71, 0xc4, 0x79, 0xe4, 0x81, 0xe4, 0x89,
    0xa6, 0xaa, 0x25, 0x92, 0xa3, 0x79, 0x62, 0x71, 0x62, 0x69, 0xa3, 0x79,
    0xc4, 0x81, 0xa3, 0x79, 0x62, 0x71, 0x22, 0x59, 0xa1, 0x38, 0x40, 0x28,
    0x20, 0x28, 0x20, 0x20, 0x20, 0x28, 0x40, 0x28, 0xa1, 0x38, 0xa1, 0x40,
    0x01, 0x51, 0x22, 0x61, 0x42, 0x69, 0x62, 0x69, 0x63, 0x69, 0x62, 0x69,
    0x62, 0x69, 0x83, 0x71, 0x63, 0x69, 0x42, 0x61, 0x01, 0x59, 0x22, 0x61,
    0x22, 0x61, 0x01, 0x59, 0x21, 0x59, 0x22, 0x61, 0x24, 0x92, 0x84, 0xa2,
    0x64, 0x9a, 0x85, 0x9a, 0xc1, 0x48, 0xe1, 0x50, 0x02, 0x59, 0x02, 0x51,
    0x22, 0x61, 0x63, 0x69, 0x83, 0x71, 0xa3, 0x79, 0xc4, 0x79, 0xa3, 0x79,
    0xc4, 0x81, 0xc4, 0x81, 0xe4, 0x81, 0xc4, 0x81, 0xc4, 0x81, 0x83, 0x79,
    0xa4, 0x79, 0x83, 0x71, 0x83, 0x71, 0x63, 0x69, 0x42, 0x69, 0x22, 0x61,
    0x21, 0x59, 0xc1, 0x50, 0xa1, 0x48, 0x80, 0x40, 0x40, 0x38, 0x21, 0x20,
    0x20, 0x20, 0x20, 0x20, 0x20, 0x18, 0x00, 0x10, 0x20, 0x10, 0x21, 0x10,
    0x41, 0x20, 0x8c, 0xab, 0x70, 0xdc, 0x91, 0xdc, 0xd2, 0xe4, 0x13, 0xe5,
    0x13, 0xe5, 0xb2, 0xdc, 0x2f, 0xd4, 0x2b, 0xb3, 0x88, 0xa2, 0x47, 0x9a,
    0x63, 0x79, 0xc1, 0x58, 0xe6, 0x71, 0x70, 0xcc, 0x90, 0xd4, 0xf1, 0xdc,
    0x33, 0xe5, 0x33, 0xe5, 0xf2, 0xdc, 0x33, 0xe5, 0x53, 0xe5, 0x54, 0xed,
    0x54, 0xe5, 0x33, 0xe5, 0xf2, 0xe4, 0x2f, 0xcc, 0x89, 0xa2, 0x02, 0x61,
    0xce, 0xb3, 0x12, 0xe5, 0xf2, 0xe4, 0xb1, 0xdc, 0xd2, 0xe4, 0x91, 0xe4,
    0x70, 0xe4, 0x91, 0xe4, 0x54, 0xf5, 0x58, 0xf6, 0x59, 0xf6, 0xef, 0xb3,
    0x61, 0x38, 0x63, 0x71, 0x04, 0x8a, 0x25, 0x92, 0x66, 0x9a, 0x46, 0x92,
    0x82, 0x18, 0x81, 0x18, 0xa2, 0x10, 0xa2, 0x18, 0x81, 0x10, 0x81, 0x18,
    0x81, 0x18, 0xa1, 0x18, 0xa1, 0x18, 0x82, 0x18, 0xa1, 0x20, 0xa2, 0x20,
    0xc8, 0x92, 0x4d, 0xe4, 0x2c, 0xe4, 0x2c, 0xe4, 0x0c, 0xe4, 0xeb, 0xe3,
    0x0c, 0xe4, 0x2c, 0xe4, 0x0c, 0xe4, 0x2c, 0xe4, 0xeb, 0xdb, 0xeb, 0xdb,
    0xeb, 0xdb, 0xab, 0xd3, 0x8a, 0xd3, 0x6a, 0xcb, 0x69, 0xcb, 0x49, 0xc3,
    0x49, 0xc3, 0x29, 0xc3, 0x29, 0xbb, 0x49, 0xc3, 0x08, 0xbb, 0x08, 0xb3,
    0x08, 0xb3, 0x08, 0xbb, 0x08, 0xbb, 0x28, 0xbb, 0x28, 0xbb, 0x28, 0xbb,
    0x08, 0xbb, 0x29, 0xbb, 0x08, 0xbb, 0x28, 0xbb, 0xe8, 0xb2, 0xa7, 0xaa,
    0x45, 0x92, 0xe4, 0x89, 0xa3, 0x79, 0x62, 0x71, 0x62, 0x71, 0xa3, 0x79,
    0xa3, 0x79, 0x83, 0x71, 0x83, 0x71, 0x83, 0x79, 0x83, 0x71, 0x83, 0x71,
    0x20, 0x18, 0xa1, 0x40, 0xa3, 0x79, 0x25, 0x8a, 0xa3, 0x79, 0x82, 0x79,
    0x83, 0x79, 0x62, 0x69, 0x02, 0x59, 0xe1, 0x50, 0x01, 0x59, 0x42, 0x61,
    0x83, 0x71, 0xe4, 0x81, 0x25, 0x92, 0x45, 0x9a, 0x86, 0xa2, 0x86, 0xa2,
    0x86, 0xa2, 0x87, 0xa2, 0x66, 0xa2, 0x86, 0xa2, 0x86, 0xa2, 0x66, 0x9a,
    0x66, 0x9a, 0x87, 0xa2, 0x66, 0x9a, 0x66, 0x9a, 0x86, 0xa2, 0x86, 0xa2,
    0x45, 0x92, 0x25, 0x92, 0x05, 0x8a, 0xc4, 0x81, 0x83, 0x71, 0x63, 0x69,
    0x22, 0x61, 0x22, 0x61, 0x21, 0x61, 0x88, 0xcb, 0x47, 0xc3, 0x43, 0x9a,
    0xa5, 0xa2, 0x61, 0x61, 0x01, 0x59, 0x21, 0x59, 0x21, 0x61, 0x42, 0x61,
    0x22, 0x61, 0x42, 0x69, 0x83, 0x71, 0x83, 0x71, 0x62, 0x69, 0x43, 0x69,
    0x22, 0x61, 0x22, 0x61, 0x43, 0x69, 0xa3, 0x79, 0xe4, 0x81, 0x04, 0x8a,
    0x86, 0xa2, 0x45, 0x9a, 0xc4, 0x81, 0x83, 0x71, 0x62, 0x71, 0x83, 0x71,
    0xa3, 0x79, 0xa3, 0x79, 0x62, 0x71, 0xe1, 0x50, 0x81, 0x38, 0x40, 0x30,
    0x20, 0x28, 0x20, 0x20, 0x20, 0x20, 0x20, 0x28, 0x80, 0x38, 0xa0, 0x40,
    0xe1, 0x50, 0x22, 0x59, 0x42, 0x61, 0x42, 0x69, 0x63, 0x71, 0x83, 0x71,
    0x63, 0x71, 0x63, 0x69, 0x63, 0x69, 0x42, 0x61, 0x22, 0x61, 0x22, 0x59,
    0x22, 0x59, 0x22, 0x61, 0x01, 0x59, 0x01, 0x59, 0x06, 0xb3, 0x85, 0xa2,
    0x24, 0x92, 0xa2, 0x71, 0xa0, 0x48, 0xa1, 0x48, 0xe1, 0x48, 0x01, 0x51,
    0x22, 0x59, 0x63, 0x69, 0x63, 0x71, 0xa3, 0x71, 0xa3, 0x79, 0xa4, 0x79,
    0xc3, 0x79, 0xe4, 0x81, 0xc4, 0x81, 0xc3, 0x79, 0xa3, 0x79, 0xa3, 0x79,
    0x83, 0x71, 0x63, 0x71, 0x42, 0x69, 0x22, 0x61, 0x21, 0x59, 0x01, 0x51,
    0xe1, 0x50, 0xc1, 0x48, 0x80, 0x40, 0x40, 0x30, 0x20, 0x28, 0x20, 0x20,
    0x21, 0x20, 0x20, 0x18, 0x00, 0x18, 0x20, 0x10, 0x01, 0x10, 0x20, 0x10,
    0xea, 0x9a, 0x50, 0xd4, 0x70, 0xdc, 0xd2, 0xe4, 0x13, 0xe5, 0x33, 0xed,
    0xf2, 0xe4, 0x91, 0xdc, 0xee, 0xcb, 0x0a, 0xb3, 0x26, 0x92, 0x84, 0x81,
    0x22, 0x69, 0x26, 0x7a, 0x90, 0xd4, 0xf2, 0xdc, 0xb1, 0xdc, 0xd1, 0xdc,
    0xf1, 0xe4, 0x12, 0xe5, 0x33, 0xe5, 0x33, 0xe5, 0x33, 0xe5, 0x54, 0xe5,
    0x13, 0xe5, 0xb1, 0xdc, 0x0f, 0xcc, 0x89, 0xa2, 0x23, 0x69, 0x2f, 0xc4,
    0x54, 0xed, 0x13, 0xed, 0xf2, 0xe4, 0xd2, 0xe4, 0xb1, 0xdc, 0x91, 0xdc,
    0x2f, 0xdc, 0x90, 0xe4, 0x54, 0xed, 0xd6, 0xf5, 0x13, 0xdd, 0x65, 0x59,
    0xc1, 0x50, 0xe4, 0x89, 0x25, 0x92, 0x46, 0x92, 0x45, 0x92, 0x65, 0x9a,
    0x81, 0x10, 0x81, 0x10, 0xa2, 0x18, 0x81, 0x18, 0xa2, 0x18, 0xa1, 0x10,
    0x82, 0x18, 0xa2, 0x18, 0x82, 0x18, 0xa2, 0x18, 0xa2, 0x20, 0xa2, 0x20,
    0x09, 0xa3, 0x2d, 0xe4, 0x2d, 0xe4, 0x2c, 0xec, 0xeb, 0xdb, 0x0c, 0xe4,
    0x2c, 0xec, 0x2d, 0xec, 0x4d, 0xec, 0x0c, 0xe4, 0x0c, 0xe4, 0xcb, 0xdb,
    0xcb, 0xdb, 0x8a, 0xd3, 0xaa, 0xd3, 0x8a, 0xcb, 0x69, 0xc3, 0x6a, 0xcb,
    0x49, 0xc3, 0x8a, 0xcb, 0x28, 0xbb, 0x28, 0xbb, 0x08, 0xbb, 0x08, 0xbb,
    0x08, 0xb3, 0xe8, 0xb2, 0x08, 0xb3, 0x08, 0xbb, 0x08, 0xbb, 0x08, 0xbb,
    0x29, 0xc3, 0x29, 0xbb, 0x49, 0xc3, 0x49, 0xc3, 0x08, 0xb3, 0xc7, 0xaa,
    0x86, 0xa2, 0x05, 0x8a, 0xa4, 0x79, 0x83, 0x71, 0x62, 0x71, 0x82, 0x71,
    0x83, 0x79, 0xa3, 0x79, 0x83, 0x71, 0x83, 0x71, 0x83, 0x71, 0xa3, 0x79,
    0xc1, 0x40, 0x60, 0x30, 0x62, 0x69, 0xe4, 0x81, 0xe4, 0x81, 0xa3, 0x79,
    0x83, 0x79, 0x63, 0x71, 0x01, 0x59, 0xe1, 0x50, 0xe1, 0x50, 0x22, 0x61,
    0x63, 0x71, 0xa4, 0x79, 0x05, 0x92, 0x45, 0x9a, 0x66, 0xa2, 0x86, 0xa2,
    0x66, 0xa2, 0x86, 0xa2, 0x66, 0x9a, 0x87, 0xa2, 0x66, 0x9a, 0x66, 0x9a,
    0x66, 0x9a, 0x46, 0x9a, 0x45, 0x9a, 0x86, 0xa2, 0x66, 0x9a, 0x66, 0x9a,
    0x45, 0x9a, 0x25, 0x92, 0x25, 0x92, 0xc4, 0x81, 0xa3, 0x71, 0x63, 0x69,
    0x42, 0x69, 0x22, 0x61, 0x22, 0x61, 0xc9, 0xcb, 0x88, 0xcb, 0x44, 0x9a,
    0x84, 0xa2, 0xe1, 0x58, 0x01, 0x59, 0x22, 0x59, 0x42, 0x61, 0x42, 0x69,
    0x42, 0x69, 0x62, 0x69, 0x83, 0x71, 0x83, 0x71, 0x83, 0x71, 0x63, 0x69,
    0x42, 0x61, 0x21, 0x59, 0x42, 0x61, 0x83, 0x71, 0xc3, 0x81, 0xc4, 0x81,
    0x66, 0x9a, 0x65, 0x9a, 0xa3, 0x81, 0x82, 0x71, 0x62, 0x71, 0x62, 0x71,
    0x83, 0x79, 0x62, 0x71, 0x42, 0x69, 0xe1, 0x50, 0xa1, 0x38, 0x40, 0x30,
    0x20, 0x20, 0x01, 0x20, 0x00, 0x20, 0x40, 0x28, 0x60, 0x30, 0x81, 0x40,
    0xe1, 0x48, 0x22, 0x59, 0x22, 0x61, 0x62, 0x69, 0x63, 0x69, 0x63, 0x69,
    0x42, 0x69, 0x63, 0x69, 0x62, 0x69, 0x62, 0x69, 0x22, 0x61, 0x22, 0x61,
    0x21, 0x59, 0x01, 0x59, 0x02, 0x59, 0x01, 0x59, 0x03, 0x8a, 0x43, 0x9a,
    0x23, 0x92, 0x45, 0x92, 0xc0, 0x48, 0xc1, 0x48, 0xe1, 0x50, 0x01, 0x59,
    0x42, 0x61, 0x42, 0x69, 0x83, 0x71, 0xa3, 0x71, 0xa3, 0x79, 0xa4, 0x79,
    0xe4, 0x81, 0xc4, 0x81, 0xa3, 0x79, 0xc4, 0x79, 0xa4, 0x79, 0xa3, 0x71,
    0x62, 0x71, 0x63, 0x69, 0x42, 0x61, 0x22, 0x61, 0x22, 0x61, 0x01, 0x59,
    0xc1, 0x48, 0xa0, 0x40, 0x60, 0x38, 0x40, 0x28, 0x00, 0x20, 0x20, 0x20,
    0x20, 0x20, 0x21, 0x18, 0x00, 0x18, 0x21, 0x18, 0x41, 0x18, 0xe6, 0x69,
    0x2f, 0xd4, 0x70, 0xdc, 0xb1, 0xe4, 0xf2, 0xe4, 0x13, 0xed, 0x13, 0xe5,
    0xb1, 0xdc, 0x2f, 0xd4, 0x4b, 0xb3, 0x67, 0x9a, 0xa4, 0x81, 0x43, 0x71,
    0x88, 0x92, 0x70, 0xd4, 0xf2, 0xdc, 0xf2, 0xdc, 0x2f, 0xcc, 0xb1, 0xdc,
    0xd1, 0xdc, 0x53, 0xed, 0x95, 0xed, 0x13, 0xe5, 0x13, 0xe5, 0xf2, 0xe4,
    0xb1, 0xdc, 0xce, 0xc3, 0x88, 0xa2, 0x02, 0x61, 0x2f, 0xbc, 0x75, 0xed,
    0x54, 0xed, 0x13, 0xe5, 0xd2, 0xe4, 0xf2, 0xe4, 0xd2, 0xdc, 0x90, 0xdc,
    0xb1, 0xe4, 0xd2, 0xe4, 0x54, 0xed, 0x33, 0xe5, 0xeb, 0x92, 0x60, 0x38,
    0x42, 0x69, 0xe4, 0x81, 0x05, 0x8a, 0x05, 0x8a, 0x45, 0x92, 0x66, 0x9a,
    0x82, 0x18, 0x81, 0x10, 0x81, 0x18, 0xa2, 0x18, 0x81, 0x10, 0xa1, 0x18,
    0xa1, 0x18, 0x81, 0x18, 0xa1, 0x18, 0xa1, 0x18, 0xa2, 0x20, 0xa2, 0x20,
    0x4a, 0xab, 0x2c, 0xe4, 0x2d, 0xe4, 0x2c, 0xe4, 0xeb, 0xdb, 0x0c, 0xe4,
    0x0c, 0xe4, 0x2c, 0xec, 0x4d, 0xec, 0xeb, 0xdb, 0xeb, 0xdb, 0xcb, 0xdb,
    0x8a, 0xd3, 0xaa, 0xd3, 0xab, 0xd3, 0x8a, 0xcb, 0x69, 0xcb, 0x49, 0xc3,
    0x49, 0xc3, 0x49, 0xc3, 0x28, 0xbb, 0x28, 0xbb, 0x08, 0xbb, 0xe7, 0xb2,
    0xe7, 0xb2, 0xe8, 0xb2, 0xe7, 0xb2, 0x08, 0xbb, 0xe8, 0xb2, 0x08, 0xbb,
    0x28, 0xbb, 0x28, 0xbb, 0x08, 0xbb, 0x08, 0xb3, 0x08, 0xb3, 0xe8, 0xaa,
    0xa7, 0xa2, 0x46, 0x92, 0xc4, 0x81, 0xa4, 0x79, 0x62, 0x71, 0x63, 0x71,
    0x83, 0x79, 0x82, 0x71, 0x63, 0x71, 0x62, 0x69, 0x62, 0x71, 0x62, 0x69,
    0x22, 0x61, 0x20, 0x18, 0x21, 0x61, 0xa4, 0x79, 0xc4, 0x81, 0x83, 0x79,
    0x83, 0x79, 0x82, 0x71, 0x62, 0x69, 0xe1, 0x50, 0xe1, 0x50, 0x02, 0x59,
    0x42, 0x69, 0xa3, 0x79, 0xe4, 0x81, 0x04, 0x8a, 0x25, 0x92, 0x45, 0x9a,
    0x46, 0x9a, 0x66, 0x9a, 0x45, 0x9a, 0x45, 0x9a, 0x45, 0x9a, 0x66, 0x9a,
    0x66, 0x9a, 0x66, 0x9a, 0x45, 0x9a, 0x66, 0x9a, 0x66, 0x9a, 0x66, 0x9a,
    0x45, 0x9a, 0x45, 0x92, 0x25, 0x92, 0xc4, 0x81, 0x83, 0x71, 0x83, 0x71,
    0x42, 0x69, 0x42, 0x69, 0x42, 0x69, 0x68, 0xc3, 0x47, 0xc3, 0x84, 0x9a,
    0xe3, 0x81, 0x61, 0x69, 0x01, 0x59, 0x22, 0x59, 0x42, 0x61, 0x42, 0x69,
    0x42, 0x69, 0x63, 0x69, 0x83, 0x71, 0xa3, 0x79, 0x63, 0x71, 0x63, 0x71,
    0x42, 0x61, 0x22, 0x61, 0x22, 0x61, 0x63, 0x69, 0xa3, 0x79, 0xc4, 0x81,
    0x45, 0x9a, 0x66, 0xa2, 0xa3, 0x81, 0x83, 0x79, 0x83, 0x71, 0x83, 0x71,
    0x82, 0x71, 0x83, 0x79, 0x42, 0x61, 0xe1, 0x50, 0x80, 0x38, 0x40, 0x28,
    0x00, 0x20, 0x00, 0x18, 0x00, 0x20, 0x20, 0x28, 0x61, 0x30, 0x80, 0x38,
    0xa1, 0x40, 0x01, 0x59, 0x21, 0x61, 0x42, 0x61, 0x42, 0x69, 0x63, 0x69,
    0x63, 0x69, 0x63, 0x69, 0x62, 0x69, 0x43, 0x69, 0x22, 0x59, 0x42, 0x61,
    0x22, 0x61, 0x22, 0x61, 0x21, 0x59, 0x01, 0x59, 0xa6, 0xa2, 0x44, 0x9a,
    0x23, 0x92, 0x85, 0x9a, 0xe1, 0x48, 0xc0, 0x48, 0xc1, 0x48, 0x01, 0x51,
    0x22, 0x59, 0x63, 0x69, 0xa3, 0x71, 0x83, 0x71, 0x84, 0x79, 0xa4, 0x79,
    0xa3, 0x79, 0xa3, 0x79, 0xc4, 0x79, 0xa4, 0x79, 0xa3, 0x79, 0xa3, 0x79,
    0x83, 0x71, 0x42, 0x69, 0x22, 0x61, 0x22, 0x61, 0xe1, 0x58, 0xc1, 0x50,
    0xa1, 0x48, 0x80, 0x40, 0x60, 0x38, 0x20, 0x28, 0x00, 0x20, 0x21, 0x18,
    0x20, 0x18, 0x00, 0x18, 0x20, 0x18, 0x21, 0x18, 0xa2, 0x28, 0xee, 0xc3,
    0x70, 0xe4, 0xb1, 0xe4, 0xf2, 0xec, 0xf3, 0xec, 0x13, 0xe5, 0xb1, 0xe4,
    0x4f, 0xd4, 0x8c, 0xbb, 0x88, 0xa2, 0xe5, 0x89, 0xa4, 0x81, 0x2b, 0xab,
    0x70, 0xdc, 0x50, 0xd4, 0x90, 0xdc, 0x70, 0xd4, 0x4f, 0xd4, 0x70, 0xd4,
    0x12, 0xe5, 0x74, 0xed, 0x94, 0xed, 0xb1, 0xd4, 0xd2, 0xdc, 0x91, 0xd4,
    0xad, 0xc3, 0x68, 0x9a, 0x02, 0x61, 0x50, 0xc4, 0x74, 0xed, 0x74, 0xed,
    0x33, 0xe5, 0xf3, 0xe4, 0xd2, 0xe4, 0xd2, 0xe4, 0xd2, 0xe4, 0xd2, 0xe4,
    0x13, 0xed, 0x54, 0xed, 0x33, 0xed, 0xee, 0xbb, 0x81, 0x38, 0xe1, 0x50,
    0x83, 0x79, 0xc4, 0x81, 0xc3, 0x81, 0x05, 0x92, 0x45, 0x9a, 0x25, 0x92,
    0x81, 0x10, 0x81, 0x10, 0x82, 0x18, 0x81, 0x10, 0x81, 0x10, 0x82, 0x18,
    0xa1, 0x18, 0x81, 0x18, 0xa2, 0x18, 0xa1, 0x18, 0xa1, 0x20, 0xa2, 0x20,
    0x6a, 0xb3, 0x2d, 0xe4, 0x2d, 0xe4, 0x2c, 0xe4, 0xeb, 0xdb, 0xeb, 0xdb,
    0x0c, 0xe4, 0x4d, 0xec, 0x2c, 0xe4, 0x0c, 0xe4, 0x0b, 0xe4, 0xcb, 0xdb,
    0xaa, 0xd3, 0xaa, 0xd3, 0x8a, 0xcb, 0x49, 0xc3, 0x69, 0xcb, 0x69, 0xcb,
    0x49, 0xc3, 0x49, 0xc3, 0x6a, 0xcb, 0x49, 0xc3, 0x29, 0xbb, 0x08, 0xbb,
    0xe8, 0xb2, 0xe8, 0xb2, 0xc7, 0xb2, 0xe7, 0xb2, 0xe8, 0xb2, 0xe8, 0xb2,
    0x28, 0xbb, 0x08, 0xbb, 0x08, 0xb3, 0x08, 0xb3, 0x08, 0xb3, 0xe8, 0xb2,
    0xc7, 0xaa, 0x66, 0x9a, 0x05, 0x8a, 0xa4, 0x81, 0x62, 0x71, 0x62, 0x71,
    0x83, 0x71, 0x83, 0x71, 0x83, 0x71, 0x63, 0x71, 0x42, 0x69, 0x42, 0x69,
    0x42, 0x61, 0x00, 0x18, 0xe1, 0x50, 0x83, 0x71, 0xa3, 0x79, 0x83, 0x79,
    0x83, 0x79, 0x83, 0x71, 0x42, 0x69, 0x02, 0x59, 0xe1, 0x50, 0x02, 0x51,
    0x42, 0x61, 0x83, 0x71, 0xc4, 0x81, 0x25, 0x92, 0x25, 0x92, 0x25, 0x92,
    0x45, 0x9a, 0x66, 0x9a, 0x66, 0x9a, 0x45, 0x9a, 0x66, 0x9a, 0x66, 0x9a,
    0x66, 0x9a, 0x86, 0xa2, 0x66, 0x9a, 0x66, 0x9a, 0x45, 0x9a, 0x45, 0x92,
    0x45, 0x92, 0x25, 0x92, 0xe4, 0x89, 0xc4, 0x81, 0xc4, 0x79, 0x83, 0x71,
    0x42, 0x69, 0x21, 0x61, 0x22, 0x61, 0xe6, 0xaa, 0xe9, 0xd3, 0x24, 0x92,
    0xc5, 0xaa, 0xa2, 0x71, 0xe1, 0x50, 0x21, 0x59, 0x22, 0x61, 0x22, 0x61,
    0x42, 0x61, 0x63, 0x69, 0x83, 0x71, 0x83, 0x71, 0x83, 0x71, 0x83, 0x71,
    0x42, 0x61, 0x22, 0x59, 0x01, 0x59, 0x63, 0x69, 0xc4, 0x81, 0xc4, 0x81,
    0x04, 0x8a, 0x86, 0xa2, 0xc4, 0x81, 0x83, 0x79, 0x83, 0x71, 0x82, 0x79,
    0x83, 0x79, 0x83, 0x71, 0x42, 0x69, 0xe1, 0x50, 0x81, 0x38, 0x40, 0x28,
    0x20, 0x20, 0x00, 0x18, 0x00, 0x18, 0x20, 0x20, 0x40, 0x30, 0xa1, 0x38,
    0xa0, 0x40, 0xe1, 0x50, 0x22, 0x59, 0x42, 0x61, 0x42, 0x69, 0x63, 0x69,
    0x63, 0x69, 0x63, 0x69, 0x42, 0x61, 0x22, 0x61, 0x21, 0x61, 0x01, 0x59,
    0x22, 0x61, 0x42, 0x61, 0x01, 0x59, 0xe1, 0x58, 0xc5, 0xaa, 0xc6, 0xaa,
    0xe2, 0x81, 0xa2, 0x79, 0xc1, 0x48, 0xc1, 0x48, 0xc1, 0x48, 0xe1, 0x48,
    0x22, 0x59, 0x63, 0x69, 0x63, 0x69, 0x63, 0x71, 0x83, 0x71, 0xa4, 0x79,
    0xc4, 0x79, 0xa3, 0x79, 0xa3, 0x79, 0xa3, 0x79, 0x83, 0x71, 0x83, 0x71,
    0x42, 0x69, 0x43, 0x69, 0x22, 0x61, 0xe1, 0x50, 0xc1, 0x48, 0xa0, 0x40,
    0xa1, 0x40, 0x60, 0x38, 0x20, 0x28, 0x00, 0x20, 0x20, 0x20, 0x20, 0x20,
    0x21, 0x18, 0x00, 0x18, 0x20, 0x18, 0x21, 0x18, 0x0b, 0xa3, 0x70, 0xdc,
    0x70, 0xe4, 0x91, 0xe4, 0xd2, 0xec, 0xf2, 0xe4, 0xd2, 0xe4, 0x50, 0xd4,
    0x8d, 0xc3, 0xc9, 0xaa, 0x06, 0x92, 0xc5, 0x89, 0x6b, 0xb3, 0xb1, 0xe4,
    0x70, 0xdc, 0x70, 0xd4, 0x70, 0xd4, 0x91, 0xdc, 0x90, 0xd4, 0x13, 0xe5,
    0x33, 0xe5, 0x74, 0xed, 0x33, 0xe5, 0x4f, 0xcc, 0x70, 0xd4, 0x8d, 0xbb,
    0x27, 0x92, 0x23, 0x69, 0x91, 0xcc, 0x95, 0xed, 0x75, 0xed, 0x34, 0xe5,
    0xf3, 0xe4, 0xd2, 0xe4, 0xb1, 0xdc, 0x91, 0xdc, 0xf2, 0xe4, 0x13, 0xe5,
    0x54, 0xed, 0x54, 0xed, 0x70, 0xcc, 0x45, 0x51, 0x81, 0x40, 0x22, 0x59,
    0x63, 0x69, 0x42, 0x69, 0xe4, 0x89, 0x25, 0x92, 0x25, 0x92, 0xe4, 0x81,
    0x81, 0x10, 0x82, 0x10, 0x82, 0x18, 0x81, 0x10, 0x82, 0x18, 0xa2, 0x18,
    0x81, 0x18, 0x82, 0x18, 0x81, 0x18, 0xa1, 0x18, 0xa2, 0x20, 0xa2, 0x20,
    0x8b, 0xbb, 0x2d, 0xe4, 0x2d, 0xe4, 0x0c, 0xe4, 0xeb, 0xdb, 0x0c, 0xe4,
    0x0b, 0xe4, 0x2c, 0xe4, 0x2c, 0xe4, 0x0c, 0xe4, 0xeb, 0xdb, 0xcb, 0xdb,
    0xaa, 0xd3, 0x8a, 0xcb, 0x49, 0xcb, 0x49, 0xc3, 0x69, 0xc3, 0x49, 0xc3,
    0x69, 0xcb, 0x49, 0xc3, 0x49, 0xc3, 0x49, 0xc3, 0x29, 0xbb, 0x08, 0xbb,
    0x28, 0xbb, 0x08, 0xbb, 0xe7, 0xb2, 0xe8, 0xb2, 0xe7, 0xb2, 0xc8, 0xb2,
    0x08, 0xb3, 0xe8, 0xb2, 0xe8, 0xb2, 0xe8, 0xb2, 0xe8, 0xb2, 0xe8, 0xb2,
    0xe8, 0xb2, 0xa7, 0xaa, 0x45, 0x9a, 0xe4, 0x81, 0xa3, 0x79, 0x62, 0x71,
    0x62, 0x71, 0x83, 0x71, 0x82, 0x79, 0x83, 0x79, 0x63, 0x71, 0x42, 0x69,
    0x42, 0x69, 0x20, 0x18, 0x81, 0x38, 0x21, 0x61, 0xa3, 0x79, 0xa3, 0x79,
    0xa3, 0x79, 0x83, 0x71, 0x42, 0x69, 0x01, 0x59, 0xe1, 0x50, 0xe1, 0x50,
    0x22, 0x61, 0x63, 0x71, 0xc4, 0x81, 0x04, 0x8a, 0xe4, 0x89, 0x04, 0x92,
    0x45, 0x92, 0x46, 0x9a, 0x46, 0x9a, 0x45, 0x9a, 0x65, 0x9a, 0x66, 0x9a,
    0x46, 0x9a, 0x86, 0xa2, 0x66, 0x9a, 0x46, 0x9a, 0x66, 0x9a, 0x25, 0x92,
    0x25, 0x92, 0x25, 0x92, 0x04, 0x8a, 0xe4, 0x81, 0xa3, 0x79, 0x83, 0x71,
    0x42, 0x61, 0x42, 0x61, 0x22, 0x61, 0x68, 0xbb, 0x26, 0xbb, 0x43, 0x9a,
    0xc2, 0x81, 0x41, 0x61, 0xe1, 0x50, 0xe1, 0x58, 0x22, 0x61, 0x42, 0x61,
    0x42, 0x61, 0x62, 0x69, 0x62, 0x71, 0x83, 0x71, 0x82, 0x71, 0x62, 0x69,
    0x42, 0x61, 0x01, 0x59, 0x01, 0x59, 0x22, 0x61, 0xa3, 0x79, 0xe4, 0x81,
    0xe4, 0x89, 0x86, 0xa2, 0xe4, 0x89, 0x83, 0x79, 0x83, 0x79, 0x83, 0x79,
    0x83, 0x71, 0x62, 0x71, 0x42, 0x61, 0xc0, 0x48, 0x80, 0x38, 0x20, 0x28,
    0x00, 0x18, 0x00, 0x18, 0x00, 0x18, 0x20, 0x20, 0x20, 0x28, 0x81, 0x38,
    0xc1, 0x40, 0xe1, 0x50, 0x22, 0x61, 0x42, 0x69, 0x62, 0x69, 0x62, 0x69,
    0x42, 0x69, 0x42, 0x61, 0x42, 0x69, 0x42, 0x61, 0x22, 0x61, 0x22, 0x61,
    0x01, 0x59, 0x01, 0x51, 0xe1, 0x50, 0x01, 0x59, 0x03, 0x8a, 0x23, 0x8a,
    0x03, 0x8a, 0xa5, 0xa2, 0xc0, 0x50, 0xa1, 0x40, 0xc1, 0x48, 0xe1, 0x48,
    0x01, 0x59, 0x42, 0x61, 0x62, 0x69, 0x83, 0x71, 0x83, 0x71, 0xa3, 0x71,
    0x83, 0x71, 0x83, 0x71, 0x83, 0x79, 0x63, 0x71, 0xa3, 0x79, 0x83, 0x71,
    0x42, 0x69, 0x22, 0x61, 0x01, 0x59, 0xc1, 0x50, 0xc1, 0x48, 0xa1, 0x40,
    0x80, 0x38, 0x60, 0x30, 0x20, 0x28, 0x01, 0x20, 0x00, 0x20, 0x20, 0x18,
    0x20, 0x18, 0x20, 0x18, 0x20, 0x18, 0x07, 0x6a, 0x70, 0xdc, 0xb1, 0xec,
    0xf2, 0xec, 0xf2, 0xec, 0xf2, 0xec, 0xb2, 0xe4, 0x50, 0xdc, 0xcd, 0xcb,
    0xea, 0xb2, 0x27, 0x9a, 0xc5, 0x91, 0xc9, 0xa2, 0xd1, 0xec, 0xd2, 0xe4,
    0xd2, 0xe4, 0xd1, 0xe4, 0xb1, 0xdc, 0xb1, 0xdc, 0x13, 0xe5, 0x13, 0xe5,
    0x53, 0xe5, 0x33, 0xe5, 0xd2, 0xd4, 0x2f, 0xcc, 0x8c, 0xbb, 0x27, 0x92,
    0x43, 0x61, 0xd2, 0xcc, 0xb6, 0xed, 0x95, 0xed, 0x74, 0xed, 0x33, 0xe5,
    0xf2, 0xe4, 0xb2, 0xdc, 0x91, 0xdc, 0xd2, 0xdc, 0xf3, 0xe4, 0x54, 0xed,
    0x54, 0xed, 0xd2, 0xd4, 0xe6, 0x61, 0x80, 0x40, 0xc1, 0x48, 0x01, 0x59,
    0x01, 0x59, 0x42, 0x69, 0x04, 0x8a, 0xe4, 0x89, 0xc4, 0x81, 0x22, 0x59,
    0x81, 0x10, 0x81, 0x18, 0x81, 0x18, 0x81, 0x10, 0x81, 0x10, 0x81, 0x18,
    0xa1, 0x18, 0xa2, 0x18, 0xa1, 0x18, 0xa1, 0x18, 0xa1, 0x20, 0xa2, 0x20,
    0xab, 0xc3, 0x2c, 0xe4, 0x2c, 0xe4, 0x0b, 0xe4, 0x0c, 0xe4, 0x0c, 0xe4,
    0x0c, 0xe4, 0x4d, 0xec, 0x2c, 0xec, 0x0c, 0xe4, 0xeb, 0xdb, 0xcb, 0xdb,
    0x8a, 0xd3, 0x6a, 0xcb, 0x69, 0xcb, 0x8a, 0xcb, 0x69, 0xcb, 0x49, 0xc3,
    0x69, 0xc3, 0x69, 0xcb, 0x89, 0xcb, 0x69, 0xcb, 0x69, 0xc3, 0x49, 0xc3,
    0x29, 0xbb, 0x08, 0xb3, 0xe8, 0xb2, 0xe7, 0xaa, 0xe8, 0xb2, 0xc7, 0xaa,
    0xc8, 0xb2, 0xc7, 0xb2, 0xe8, 0xb2, 0xe7, 0xb2, 0xe7, 0xb2, 0xe8, 0xb2,
    0xc7, 0xaa, 0xa7, 0xa2, 0x66, 0x9a, 0x25, 0x8a, 0x83, 0x79, 0x62, 0x71,
    0x62, 0x71, 0x62, 0x71, 0x83, 0x79, 0xa3, 0x79, 0xa3, 0x79, 0x62, 0x71,
    0x42, 0x69, 0x20, 0x20, 0x40, 0x28, 0xe1, 0x50, 0x83, 0x71, 0x83, 0x79,
    0x83, 0x79, 0xa3, 0x79, 0x42, 0x69, 0xe1, 0x50, 0xe1, 0x48, 0xe1, 0x50,
    0x22, 0x61, 0x62, 0x69, 0xa3, 0x79, 0x04, 0x92, 0x05, 0x8a, 0x04, 0x92,
    0x45, 0x9a, 0x05, 0x92, 0x25, 0x92, 0x24, 0x92, 0x45, 0x92, 0x46, 0x9a,
    0x45, 0x9a, 0x25, 0x92, 0x25, 0x92, 0x45, 0x92, 0x66, 0xa2, 0x66, 0x9a,
    0x45, 0x9a, 0x25, 0x92, 0x04, 0x8a, 0xc4, 0x81, 0x83, 0x79, 0x42, 0x69,
    0x42, 0x61, 0x42, 0x61, 0x01, 0x61, 0xe7, 0xaa, 0x09, 0xdc, 0x03, 0x8a,
    0xe5, 0xb2, 0x23, 0x8a, 0xc0, 0x48, 0xe1, 0x50, 0x21, 0x59, 0x42, 0x61,
    0x42, 0x69, 0x62, 0x69, 0x83, 0x71, 0x83, 0x71, 0x83, 0x71, 0x83, 0x71,
    0x43, 0x69, 0x22, 0x59, 0x01, 0x59, 0x02, 0x59, 0x83, 0x71, 0xc4, 0x81,
    0xc3, 0x81, 0x65, 0x9a, 0x04, 0x92, 0x82, 0x71, 0x82, 0x71, 0x83, 0x71,
    0x83, 0x71, 0x42, 0x69, 0x01, 0x59, 0xe1, 0x48, 0x80, 0x38, 0x41, 0x28,
    0x00, 0x20, 0x00, 0x18, 0x00, 0x18, 0x20, 0x20, 0x20, 0x28, 0x80, 0x38,
    0xa1, 0x40, 0xe1, 0x50, 0x21, 0x59, 0x22, 0x61, 0x42, 0x61, 0x42, 0x69,
    0x42, 0x61, 0x42, 0x69, 0x42, 0x61, 0x22, 0x61, 0x42, 0x61, 0x22, 0x59,
    0xe1, 0x50, 0x02, 0x59, 0x02, 0x51, 0x01, 0x51, 0xe6, 0xb2, 0x84, 0xa2,
    0xc2, 0x81, 0xc3, 0x79, 0xc0, 0x48, 0xc1, 0x48, 0xc1, 0x40, 0xc1, 0x48,
    0xe1, 0x50, 0x22, 0x59, 0x62, 0x69, 0x83, 0x71, 0x62, 0x71, 0xa3, 0x79,
    0x83, 0x71, 0x83, 0x71, 0x42, 0x69, 0x83, 0x71, 0x42, 0x69, 0x42, 0x69,
    0x42, 0x69, 0x01, 0x59, 0xe1, 0x50, 0xe1, 0x48, 0xc1, 0x48, 0x80, 0x40,
    0x60, 0x38, 0x40, 0x30, 0x20, 0x20, 0x00, 0x20, 0x20, 0x20, 0x21, 0x18,
    0x00, 0x18, 0x20, 0x20, 0xa1, 0x30, 0xcd, 0xbb, 0x70, 0xe4, 0xd2, 0xec,
    0xf2, 0xec, 0xf2, 0xec, 0xf2, 0xe4, 0xb1, 0xe4, 0x0f, 0xd4, 0x4b, 0xbb,
    0x67, 0xa2, 0xe5, 0x91, 0x67, 0x9a, 0xd2, 0xe4, 0xd2, 0xec, 0xf2, 0xec,
    0x13, 0xed, 0xf2, 0xe4, 0x13, 0xe5, 0xf2, 0xe4, 0x13, 0xe5, 0x33, 0xe5,
    0x33, 0xe5, 0x13, 0xe5, 0x91, 0xd4, 0x8c, 0xbb, 0x47, 0x92, 0x22, 0x61,
    0xb2, 0xd4, 0xb5, 0xed, 0x95, 0xed, 0x54, 0xe5, 0x54, 0xe5, 0x34, 0xe5,
    0x13, 0xe5, 0xd2, 0xdc, 0xd2, 0xe4, 0x13, 0xe5, 0x13, 0xe5, 0x34, 0xed,
    0x13, 0xe5, 0xaa, 0x8a, 0x80, 0x40, 0xa1, 0x40, 0xa1, 0x48, 0xa1, 0x40,
    0x80, 0x40, 0x63, 0x71, 0xc4, 0x81, 0xe4, 0x89, 0x83, 0x71, 0x80, 0x38,
    0x81, 0x18, 0x81, 0x10, 0x82, 0x18, 0x81, 0x10, 0x81, 0x10, 0x81, 0x18,
    0x81, 0x18, 0x82, 0x18, 0xa2, 0x18, 0x81, 0x18, 0x81, 0x20, 0xa1, 0x20,
    0xab, 0xcb, 0x2c, 0xe4, 0x4d, 0xec, 0x0b, 0xe4, 0xeb, 0xdb, 0x0c, 0xe4,
    0x0c, 0xe4, 0x2c, 0xe4, 0x2c, 0xe4, 0x2c, 0xec, 0xeb, 0xdb, 0xeb, 0xdb,
    0xaa, 0xd3, 0x8a, 0xd3, 0x8a, 0xcb, 0x69, 0xcb, 0x69, 0xcb, 0x49, 0xc3,
    0x49, 0xc3, 0x69, 0xc3, 0x6a, 0xcb, 0x69, 0xcb, 0x69, 0xc3, 0x49, 0xc3,
    0x28, 0xbb, 0x08, 0xbb, 0xe8, 0xb2, 0xe8, 0xb2, 0xc7, 0xaa, 0xe8, 0xb2,
    0xc7, 0xaa, 0xc7, 0xaa, 0xa7, 0xaa, 0xa7, 0xaa, 0xc7, 0xaa, 0xc7, 0xaa,
    0xa7, 0xaa, 0xc7, 0xaa, 0x66, 0x9a, 0x25, 0x92, 0xc4, 0x79, 0x83, 0x79,
    0x63, 0x71, 0x62, 0x71, 0x83, 0x79, 0xc4, 0x81, 0xa3, 0x79, 0x83, 0x71,
    0x42, 0x69, 0x40, 0x28, 0x20, 0x20, 0xa1, 0x40, 0x42, 0x61, 0x62, 0x71,
    0x82, 0x71, 0x83, 0x79, 0x22, 0x61, 0xe1, 0x50, 0xc1, 0x48, 0xc1, 0x50,
    0x02, 0x59, 0x62, 0x69, 0xa3, 0x79, 0xc4, 0x81, 0x05, 0x8a, 0xe4, 0x89,
    0x04, 0x8a, 0x25, 0x92, 0x25, 0x92, 0x25, 0x92, 0x25, 0x92, 0x25, 0x92,
    0x45, 0x92, 0x25, 0x92, 0x45, 0x92, 0x45, 0x9a, 0x66, 0x9a, 0x45, 0x92,
    0x66, 0x9a, 0x25, 0x92, 0xe4, 0x81, 0xc4, 0x81, 0xa3, 0x79, 0x42, 0x69,
    0x42, 0x61, 0x22, 0x61, 0x42, 0x61, 0x28, 0xab, 0xa8, 0xcb, 0xa4, 0xaa,
    0x03, 0x8a, 0x21, 0x61, 0xc0, 0x48, 0xe1, 0x50, 0x01, 0x59, 0x22, 0x61,
    0x42, 0x69, 0x62, 0x69, 0x62, 0x69, 0x83, 0x71, 0x83, 0x71, 0x62, 0x69,
    0x42, 0x69, 0x01, 0x59, 0xe1, 0x50, 0x22, 0x59, 0x62, 0x69, 0xc4, 0x79,
    0xe4, 0x89, 0x66, 0x9a, 0x25, 0x92, 0xa3, 0x81, 0xa3, 0x79, 0x83, 0x79,
    0x62, 0x71, 0x42, 0x69, 0x22, 0x61, 0xe1, 0x48, 0x60, 0x38, 0x20, 0x28,
    0x00, 0x18, 0x00, 0x18, 0x01, 0x18, 0x20, 0x20, 0x20, 0x28, 0x81, 0x30,
    0xa0, 0x40, 0xe1, 0x50, 0x01, 0x59, 0x22, 0x61, 0x42, 0x61, 0x42, 0x61,
    0x43, 0x69, 0x42, 0x61, 0x42, 0x61, 0x42, 0x69, 0x42, 0x61, 0x22, 0x59,
    0x01, 0x51, 0xe1, 0x50, 0xe1, 0x50, 0xe1, 0x50, 0x44, 0x92, 0x44, 0x9a,
    0x03, 0x8a, 0x65, 0x92, 0x21, 0x59, 0xa1, 0x48, 0xc0, 0x48, 0xc0, 0x48,
    0x02, 0x51, 0x02, 0x59, 0x42, 0x69, 0x63, 0x69, 0x63, 0x71, 0x83, 0x71,
    0x63, 0x71, 0x63, 0x71, 0x63, 0x69, 0x63, 0x69, 0x42, 0x69, 0x43, 0x69,
    0x22, 0x59, 0x01, 0x59, 0xa1, 0x48, 0xa1, 0x48, 0xa0, 0x40, 0x80, 0x40,
    0x60, 0x38, 0x20, 0x28, 0x00, 0x20, 0x20, 0x20, 0x20, 0x20, 0x21, 0x18,
    0x00, 0x18, 0x20, 0x20, 0xca, 0x92, 0x50, 0xdc, 0x90, 0xe4, 0xb1, 0xec,
    0xf2, 0xec, 0x91, 0xe4, 0x70, 0xdc, 0x2f, 0xd4, 0xad, 0xc3, 0xe9, 0xaa,
    0x06, 0x92, 0xa5, 0x89, 0x90, 0xdc, 0x13, 0xed, 0x33, 0xed, 0x13, 0xed,
    0x13, 0xed, 0xf2, 0xe4, 0x34, 0xe5, 0x54, 0xe5, 0x54, 0xed, 0x53, 0xe5,
    0x13, 0xe5, 0xb1, 0xd4, 0xcd, 0xc3, 0x88, 0x9a, 0x43, 0x69, 0x91, 0xcc,
    0x74, 0xed, 0x33, 0xe5, 0x13, 0xe5, 0x13, 0xe5, 0x13, 0xe5, 0x13, 0xe5,
    0x13, 0xe5, 0xf2, 0xe4, 0x13, 0xe5, 0x34, 0xe5, 0x34, 0xe5, 0x13, 0xe5,
    0x8d, 0xab, 0xa0, 0x48, 0x44, 0x61, 0x4b, 0xab, 0x0e, 0xcc, 0xad, 0xbb,
    0xe6, 0x71, 0xe1, 0x50, 0xa3, 0x79, 0xa3, 0x79, 0x02, 0x59, 0x40, 0x30,
    0x82, 0x10, 0x81, 0x18, 0x81, 0x10, 0x82, 0x18, 0x82, 0x18, 0x81, 0x10,
    0x81, 0x18, 0x81, 0x18, 0x82, 0x18, 0x81, 0x18, 0x81, 0x18, 0xa1, 0x20,
    0xec, 0xd3, 0x2d, 0xe4, 0x4d, 0xe4, 0x0c, 0xe4, 0x0b, 0xe4, 0x0c, 0xe4,
    0x2c, 0xec, 0x0c, 0xe4, 0x4c, 0xec, 0x2c, 0xe4, 0x0c, 0xe4, 0xeb, 0xdb,
    0xeb, 0xdb, 0xaa, 0xd3, 0x49, 0xcb, 0x49, 0xc3, 0x49, 0xc3, 0x49, 0xc3,
    0x49, 0xc3, 0x49, 0xc3, 0x6a, 0xcb, 0x6a, 0xcb, 0x49, 0xc3, 0x69, 0xcb,
    0x28, 0xc3, 0x08, 0xbb, 0xe8, 0xb2, 0xe8, 0xb2, 0x28, 0xbb, 0xe8, 0xb2,
    0xe8, 0xb2, 0xc7, 0xaa, 0xc7, 0xaa, 0xc7, 0xaa, 0xc7, 0xaa, 0xc7, 0xaa,
    0xc7, 0xaa, 0xa7, 0xa2, 0x46, 0x9a, 0x25, 0x92, 0xe4, 0x81, 0xa3, 0x79,
    0x83, 0x79, 0x82, 0x71, 0x62, 0x79, 0x83, 0x79, 0x83, 0x79, 0x62, 0x71,
    0x42, 0x69, 0x20, 0x28, 0x00, 0x10, 0x60, 0x30, 0x01, 0x59, 0x42, 0x69,
    0x62, 0x71, 0x63, 0x71, 0x42, 0x69, 0x01, 0x51, 0xc1, 0x48, 0xc1, 0x48,
    0x01, 0x51, 0x22, 0x61, 0x62, 0x71, 0xa3, 0x79, 0xc4, 0x89, 0xe4, 0x89,
    0x25, 0x92, 0x25, 0x92, 0x45, 0x9a, 0x45, 0x9a, 0x25, 0x92, 0x45, 0x92,
    0x25, 0x92, 0x25, 0x92, 0x25, 0x92, 0x46, 0x9a, 0x46, 0x92, 0x25, 0x92,
    0x25, 0x92, 0x25, 0x92, 0x05, 0x8a, 0xc4, 0x79, 0xa3, 0x79, 0x63, 0x69,
    0x42, 0x69, 0x42, 0x61, 0x21, 0x61, 0xc7, 0xa2, 0x2a, 0xe4, 0xe2, 0x89,
    0x64, 0x9a, 0x24, 0x8a, 0xa0, 0x40, 0xc1, 0x48, 0x01, 0x51, 0x22, 0x61,
    0x42, 0x69, 0x63, 0x69, 0x82, 0x71, 0x62, 0x69, 0x83, 0x71, 0x63, 0x69,
    0x22, 0x61, 0x01, 0x59, 0xe1, 0x50, 0x01, 0x59, 0x42, 0x69, 0xa3, 0x79,
    0xa3, 0x79, 0x25, 0x92, 0x65, 0x9a, 0xc3, 0x81, 0xa3, 0x79, 0x82, 0x71,
    0x62, 0x71, 0x42, 0x69, 0x01, 0x59, 0xa1, 0x40, 0x80, 0x38, 0x40, 0x28,
    0x00, 0x20, 0x00, 0x10, 0x00, 0x10, 0x20, 0x20, 0x20, 0x28, 0x81, 0x38,
    0xa1, 0x40, 0xe1, 0x48, 0x22, 0x59, 0x42, 0x61, 0x22, 0x61, 0x21, 0x61,
    0x42, 0x61, 0x43, 0x61, 0x42, 0x61, 0x42, 0x61, 0x22, 0x61, 0x01, 0x59,
    0xe1, 0x50, 0xe1, 0x50, 0xe1, 0x50, 0xe1, 0x50, 0xa5, 0xa2, 0x24, 0x92,
    0x03, 0x8a, 0x23, 0x8a, 0x42, 0x61, 0xa1, 0x48, 0xc1, 0x48, 0xc0, 0x48,
    0xe1, 0x48, 0x01, 0x59, 0x22, 0x61, 0x63, 0x69, 0x62, 0x69, 0x42, 0x69,
    0x63, 0x69, 0x63, 0x69, 0x63, 0x69, 0x42, 0x69, 0x22, 0x61, 0x21, 0x59,
    0x02, 0x59, 0xe1, 0x50, 0xc1, 0x48, 0xa0, 0x48, 0x80, 0x40, 0x60, 0x38,
    0x21, 0x30, 0x00, 0x20, 0x00, 0x20, 0x20, 0x20, 0x20, 0x18, 0x20, 0x18,
    0x20, 0x20, 0x03, 0x49, 0xee, 0xc3, 0x70, 0xe4, 0x91, 0xe4, 0xb1, 0xe4,
    0xd2, 0xec, 0x91, 0xdc, 0x4f, 0xd4, 0xcd, 0xc3, 0x2b, 0xb3, 0x47, 0x9a,
    0xc5, 0x89, 0xee, 0xc3, 0xf2, 0xec, 0x33, 0xed, 0xf2, 0xec, 0x33, 0xed,
    0x33, 0xed, 0x33, 0xe5, 0x13, 0xe5, 0x54, 0xe5, 0x33, 0xe5, 0x12, 0xe5,
    0x91, 0xd4, 0xad, 0xbb, 0xa9, 0x9a, 0x85, 0x71, 0x91, 0xd4, 0x54, 0xe5,
    0x33, 0xe5, 0xf2, 0xe4, 0xd2, 0xe4, 0xd2, 0xe4, 0xf3, 0xe4, 0xf3, 0xe4,
    0x13, 0xe5, 0xf3, 0xe4, 0x13, 0xe5, 0x54, 0xed, 0x13, 0xe5, 0xee, 0xc3,
    0xe3, 0x48, 0x44, 0x61, 0x4c, 0xab, 0x71, 0xd4, 0xb1, 0xdc, 0x50, 0xd4,
    0xee, 0xc3, 0x65, 0x59, 0xa1, 0x40, 0x01, 0x59, 0xc1, 0x40, 0x63, 0x69,
    0x81, 0x10, 0x82, 0x10, 0x81, 0x10, 0x81, 0x18, 0x81, 0x10, 0x81, 0x18,
    0x81, 0x10, 0x82, 0x18, 0x81, 0x10, 0x81, 0x10, 0x81, 0x18, 0xc2, 0x28,
    0x0c, 0xd4, 0x2d, 0xe4, 0x2d, 0xe4, 0x0c, 0xe4, 0xcb, 0xdb, 0xeb, 0xdb,
    0x2c, 0xe4, 0x2c, 0xe4, 0x4d, 0xec, 0x2c, 0xec, 0x0c, 0xe4, 0xeb, 0xe3,
    0xcb, 0xdb, 0xcb, 0xdb, 0x49, 0xcb, 0x49, 0xc3, 0x29, 0xc3, 0x69, 0xcb,
    0x28, 0xc3, 0x49, 0xc3, 0x49, 0xc3, 0x49, 0xc3, 0x69, 0xcb, 0x69, 0xcb,
    0x49, 0xc3, 0x49, 0xbb, 0x08, 0xb3, 0x08, 0xb3, 0x08, 0xb3, 0xe8, 0xb2,
    0x08, 0xb3, 0xe8, 0xb2, 0xe8, 0xb2, 0xc8, 0xaa, 0xc7, 0xaa, 0xc7, 0xaa,
    0xa7, 0xa2, 0xa7, 0xa2, 0x66, 0x9a, 0x25, 0x92, 0xe4, 0x81, 0xa4, 0x79,
    0x83, 0x79, 0x62, 0x71, 0x82, 0x79, 0x83, 0x79, 0x82, 0x79, 0x63, 0x79,
    0x63, 0x71, 0x40, 0x28, 0x00, 0x08, 0x20, 0x28, 0xc1, 0x48, 0x22, 0x61,
    0x62, 0x69, 0x42, 0x69, 0x42, 0x69, 0x01, 0x59, 0xa1, 0x48, 0xa1, 0x40,
    0xe1, 0x50, 0x22, 0x61, 0x62, 0x69, 0xa3, 0x79, 0x83, 0x79, 0xe4, 0x89,
    0xe4, 0x89, 0xe4, 0x89, 0xe4, 0x89, 0x25, 0x92, 0x25, 0x92, 0x25, 0x92,
    0x25, 0x92, 0x46, 0x9a, 0x66, 0x9a, 0x45, 0x9a, 0x66, 0x9a, 0x25, 0x8a,
    0x05, 0x92, 0x04, 0x8a, 0xe4, 0x81, 0xc4, 0x79, 0x83, 0x71, 0x42, 0x69,
    0x42, 0x61, 0x22, 0x61, 0x01, 0x61, 0x86, 0x92, 0xa8, 0xcb, 0x84, 0xa2,
    0xe2, 0x81, 0xc3, 0x79, 0xa0, 0x40, 0xa1, 0x40, 0xe1, 0x50, 0x21, 0x59,
    0x62, 0x69, 0x62, 0x69, 0x62, 0x71, 0x42, 0x69, 0x63, 0x71, 0x42, 0x69,
    0x22, 0x61, 0x21, 0x59, 0x01, 0x51, 0xe1, 0x50, 0x42, 0x61, 0x83, 0x71,
    0x83, 0x79, 0x04, 0x8a, 0x65, 0x9a, 0xe4, 0x89, 0x83, 0x79, 0x62, 0x71,
    0x62, 0x69, 0x62, 0x69, 0x22, 0x59, 0xe1, 0x48, 0x81, 0x38, 0x40, 0x28,
    0x00, 0x18, 0x00, 0x10, 0x00, 0x10, 0x00, 0x18, 0x20, 0x28, 0x60, 0x30,
    0xa1, 0x40, 0xe1, 0x50, 0x21, 0x59, 0x42, 0x61, 0x42, 0x61, 0x42, 0x61,
    0x42, 0x61, 0x42, 0x69, 0x22, 0x61, 0x22, 0x61, 0x22, 0x61, 0x22, 0x59,
    0x01, 0x51, 0xe1, 0x48, 0xc1, 0x50, 0xc1, 0x50, 0xc6, 0xa2, 0xa5, 0xa2,
    0xc2, 0x79, 0xe3, 0x81, 0x63, 0x69, 0xc0, 0x40, 0xc1, 0x40, 0xa1, 0x40,
    0xe1, 0x48, 0x01, 0x51, 0x22, 0x61, 0x42, 0x69, 0x63, 0x69, 0x62, 0x69,
    0x22, 0x61, 0x62, 0x69, 0x42, 0x61, 0x42, 0x61, 0x22, 0x61, 0x02, 0x59,
    0xe1, 0x50, 0xc1, 0x48, 0xa1, 0x48, 0xa0, 0x40, 0x60, 0x40, 0x41, 0x30,
    0x00, 0x28, 0x00, 0x20, 0x20, 0x20, 0x21, 0x18, 0x00, 0x18, 0x20, 0x18,
    0x21, 0x28, 0x6c, 0xab, 0x50, 0xdc, 0x90, 0xe4, 0xd1, 0xec, 0x90, 0xe4,
    0x90, 0xdc, 0x4f, 0xd4, 0xce, 0xcb, 0x4b, 0xb3, 0x68, 0xa2, 0x05, 0x92,
    0xad, 0xbb, 0x12, 0xe5, 0xf2, 0xec, 0xf2, 0xec, 0xf2, 0xec, 0xf3, 0xe4,
    0xf2, 0xe4, 0xf2, 0xe4, 0x13, 0xe5, 0x13, 0xe5, 0xd1, 0xe4, 0x50, 0xd4,
    0x8d, 0xbb, 0x88, 0x9a, 0x27, 0x82, 0xb1, 0xd4, 0x12, 0xe5, 0xf2, 0xe4,
    0xf3, 0xe4, 0xd2, 0xdc, 0xb1, 0xdc, 0x91, 0xdc, 0xd1, 0xdc, 0xf2, 0xe4,
    0xf2, 0xdc, 0x13, 0xe5, 0x13, 0xe5, 0xf3, 0xdc, 0x30, 0xcc, 0x85, 0x69,
    0x03, 0x59, 0x0b, 0xab, 0x34, 0xdd, 0x75, 0xe5, 0xd2, 0xdc, 0x70, 0xd4,
    0xce, 0xc3, 0x89, 0x92, 0x00, 0x18, 0x60, 0x38, 0x63, 0x69, 0x04, 0x8a,
    0x81, 0x10, 0x61, 0x10, 0x82, 0x18, 0x81, 0x10, 0x81, 0x10, 0x81, 0x10,
    0x81, 0x18, 0x81, 0x10, 0x81, 0x18, 0x81, 0x10, 0x81, 0x18, 0x24, 0x39,
    0x2c, 0xdc, 0x2c, 0xe4, 0x2d, 0xe4, 0x0b, 0xe4, 0xeb, 0xdb, 0x0b, 0xe4,
    0x0b, 0xe4, 0x2c, 0xec, 0x2c, 0xe4, 0x2c, 0xec, 0xeb, 0xe3, 0xeb, 0xdb,
    0xaa, 0xd3, 0x8a, 0xcb, 0x8a, 0xd3, 0x6a, 0xcb, 0x49, 0xc3, 0x49, 0xc3,
    0x49, 0xc3, 0x28, 0xbb, 0x69, 0xc3, 0x49, 0xc3, 0x8a, 0xcb, 0x69, 0xc3,
    0x49, 0xc3, 0x08, 0xbb, 0x28, 0xbb, 0x28, 0xbb, 0xe8, 0xb2, 0xe8, 0xb2,
    0xc7, 0xaa, 0xe8, 0xb2, 0x08, 0xb3, 0xe8, 0xb2, 0xc7, 0xaa, 0xe8, 0xaa,
    0xa7, 0xaa, 0xc7, 0xaa, 0x86, 0xa2, 0x45, 0x92, 0x05, 0x8a, 0xa4, 0x79,
    0x83, 0x79, 0x82, 0x71, 0x83, 0x79, 0xc3, 0x81, 0xa3, 0x81, 0x83, 0x79,
    0x62, 0x71, 0xc1, 0x48, 0x00, 0x00, 0x20, 0x20, 0xa1, 0x40, 0x22, 0x61,
    0x42, 0x69, 0x62, 0x71, 0x42, 0x61, 0xe1, 0x50, 0xa1, 0x48, 0xa1, 0x40,
    0xc1, 0x48, 0x02, 0x59, 0x42, 0x69, 0x83, 0x71, 0xa3, 0x79, 0xc4, 0x81,
    0xe4, 0x89, 0xe4, 0x89, 0x04, 0x8a, 0x05, 0x92, 0x25, 0x92, 0x25, 0x92,
    0x25, 0x92, 0x25, 0x92, 0x25, 0x92, 0x45, 0x92, 0x25, 0x92, 0x25, 0x92,
    0x45, 0x92, 0x04, 0x8a, 0xc4, 0x81, 0xc4, 0x81, 0xa4, 0x79, 0x42, 0x69,
    0x42, 0x61, 0x22, 0x61, 0x01, 0x59, 0x45, 0x92, 0x0a, 0xdc, 0xa4, 0xa2,
    0x03, 0x8a, 0x44, 0x92, 0xa1, 0x40, 0x80, 0x40, 0xc1, 0x48, 0x01, 0x59,
    0x62, 0x69, 0x83, 0x71, 0x83, 0x71, 0x62, 0x71, 0x62, 0x69, 0x83, 0x69,
    0x42, 0x61, 0x22, 0x59, 0x01, 0x51, 0xe1, 0x50, 0x22, 0x61, 0x83, 0x71,
    0xa3, 0x79, 0xc4, 0x81, 0x45, 0x9a, 0xa3, 0x81, 0x62, 0x71, 0x62, 0x71,
    0x62, 0x69, 0x22, 0x61, 0x01, 0x59, 0xc1, 0x48, 0x80, 0x38, 0x20, 0x28,
    0x00, 0x18, 0x01, 0x10, 0x00, 0x18, 0x00, 0x18, 0x20, 0x20, 0x61, 0x30,
    0xa1, 0x40, 0xe1, 0x50, 0x01, 0x51, 0x22, 0x61, 0x22, 0x61, 0x22, 0x61,
    0x42, 0x61, 0x42, 0x61, 0x42, 0x61, 0x22, 0x61, 0x22, 0x59, 0x01, 0x51,
    0xe1, 0x50, 0xe1, 0x50, 0xe1, 0x50, 0xc1, 0x48, 0xe4, 0x81, 0xc3, 0x81,
    0xe2, 0x81, 0x85, 0x9a, 0x42, 0x59, 0xc1, 0x40, 0xa1, 0x40, 0x80, 0x40,
    0xc1, 0x48, 0x01, 0x51, 0x22, 0x59, 0x42, 0x61, 0x42, 0x61, 0x63, 0x69,
    0x42, 0x61, 0x42, 0x61, 0x22, 0x61, 0x42, 0x61, 0x21, 0x59, 0xe1, 0x58,
    0xc1, 0x48, 0xa0, 0x48, 0xa0, 0x40, 0x81, 0x40, 0x60, 0x38, 0x20, 0x30,
    0x00, 0x20, 0x00, 0x20, 0x00, 0x20, 0x20, 0x18, 0x21, 0x20, 0x21, 0x20,
    0x2b, 0xa3, 0x4f, 0xd4, 0x70, 0xdc, 0x91, 0xe4, 0x91, 0xe4, 0x70, 0xdc,
    0x4f, 0xd4, 0x0e, 0xcc, 0x2b, 0xb3, 0x68, 0x9a, 0xc5, 0x81, 0x6b, 0xab,
    0x33, 0xed, 0xd2, 0xe4, 0xf2, 0xe4, 0x13, 0xed, 0xf2, 0xe4, 0x33, 0xed,
    0xf2, 0xe4, 0xd2, 0xe4, 0xd2, 0xdc, 0x91, 0xdc, 0x2f, 0xd4, 0x6c, 0xbb,
    0x68, 0x9a, 0x48, 0x8a, 0xf2, 0xe4, 0xf2, 0xe4, 0xd1, 0xdc, 0x4f, 0xd4,
    0x70, 0xd4, 0x70, 0xdc, 0x91, 0xdc, 0x91, 0xdc, 0xb1, 0xdc, 0xd2, 0xdc,
    0xf2, 0xdc, 0xf3, 0xe4, 0xd2, 0xdc, 0x50, 0xd4, 0x48, 0x82, 0x03, 0x59,
    0x6c, 0xb3, 0x2f, 0xd4, 0x13, 0xe5, 0x96, 0xe5, 0x55, 0xdd, 0x51, 0xcc,
    0x6c, 0xb3, 0x68, 0x8a, 0x00, 0x18, 0x02, 0x59, 0x04, 0x92, 0x05, 0x8a,
    0x81, 0x10, 0x61, 0x10, 0x81, 0x10, 0x81, 0x10, 0x82, 0x18, 0x81, 0x10,
    0x82, 0x10, 0x82, 0x10, 0x81, 0x10, 0x81, 0x18, 0xa2, 0x18, 0xa5, 0x49,
    0x2c, 0xe4, 0x2c, 0xe4, 0x4d, 0xe4, 0x0c, 0xe4, 0xeb, 0xdb, 0xeb, 0xdb,
    0x2c, 0xec, 0x2c, 0xe4, 0x4c, 0xec, 0x2c, 0xe4, 0x0c, 0xe4, 0xca, 0xdb,
    0xaa, 0xd3, 0xaa, 0xd3, 0x89, 0xcb, 0x49, 0xc3, 0x48, 0xc3, 0x28, 0xbb,
    0x29, 0xc3, 0x28, 0xbb, 0x08, 0xbb, 0x29, 0xc3, 0x49, 0xc3, 0x49, 0xc3,
    0x49, 0xc3, 0x49, 0xc3, 0x29, 0xbb, 0x08, 0xbb, 0x08, 0xbb, 0xc7, 0xaa,
    0xe8, 0xaa, 0xe8, 0xb2, 0xc7, 0xaa, 0xc7, 0xaa, 0xc7, 0xaa, 0xc8, 0xaa,
    0xa7, 0xaa, 0x86, 0xa2, 0x86, 0x9a, 0x25, 0x92, 0x05, 0x8a, 0xc4, 0x81,
    0x83, 0x71, 0x63, 0x71, 0xc4, 0x81, 0xc4, 0x89, 0xc3, 0x81, 0xa3, 0x79,
    0x83, 0x71, 0x42, 0x69, 0x00, 0x10, 0x20, 0x18, 0x40, 0x28, 0xe1, 0x58,
    0x42, 0x69, 0x62, 0x69, 0x22, 0x61, 0x01, 0x51, 0xa0, 0x40, 0x80, 0x38,
    0xc1, 0x40, 0xe1, 0x50, 0x42, 0x69, 0x63, 0x69, 0x83, 0x71, 0xa3, 0x79,
    0xc4, 0x81, 0xe4, 0x89, 0xe4, 0x81, 0xe4, 0x89, 0x04, 0x8a, 0x04, 0x8a,
    0x25, 0x92, 0x25, 0x92, 0x25, 0x92, 0x45, 0x92, 0x25, 0x92, 0x25, 0x92,
    0x05, 0x8a, 0xe4, 0x89, 0xc4, 0x81, 0xc4, 0x81, 0xa4, 0x79, 0x62, 0x69,
    0x22, 0x61, 0x22, 0x61, 0x01, 0x59, 0x82, 0x69, 0x88, 0xc3, 0x43, 0x9a,
    0x23, 0x92, 0x85, 0x9a, 0xa0, 0x40, 0x80, 0x40, 0xa1, 0x40, 0xe1, 0x50,
    0x42, 0x61, 0x83, 0x71, 0x82, 0x71, 0x62, 0x71, 0x62, 0x69, 0x42, 0x61,
    0x22, 0x61, 0x22, 0x59, 0x01, 0x51, 0xe1, 0x50, 0x02, 0x59, 0x63, 0x69,
    0xc4, 0x81, 0xe4, 0x81, 0x65, 0x9a, 0xe4, 0x89, 0x83, 0x79, 0x62, 0x71,
    0x42, 0x69, 0x42, 0x69, 0x01, 0x51, 0xc1, 0x48, 0x60, 0x30, 0x20, 0x28,
    0x00, 0x20, 0x00, 0x10, 0x00, 0x10, 0x00, 0x18, 0x20, 0x28, 0x80, 0x30,
    0xa1, 0x40, 0xc1, 0x48, 0x01, 0x51, 0x22, 0x59, 0x42, 0x61, 0x42, 0x61,
    0x42, 0x69, 0x22, 0x61, 0x22, 0x61, 0x21, 0x59, 0x22, 0x59, 0x01, 0x51,
    0xc1, 0x48, 0xc1, 0x48, 0xe1, 0x48, 0xc1, 0x48, 0xc6, 0xa2, 0xa5, 0xa2,
    0x24, 0x92, 0x82, 0x69, 0x01, 0x51, 0x80, 0x40, 0x80, 0x40, 0xa1, 0x40,
    0xa1, 0x48, 0xc1, 0x48, 0x01, 0x59, 0x22, 0x61, 0x21, 0x61, 0x42, 0x69,
    0x42, 0x61, 0x01, 0x59, 0x01, 0x59, 0x22, 0x61, 0x01, 0x59, 0xc1, 0x50,
    0xc1, 0x48, 0xa0, 0x40, 0x80, 0x40, 0x60, 0x38, 0x40, 0x38, 0x20, 0x28,
    0x00, 0x20, 0x20, 0x20, 0x20, 0x18, 0x20, 0x20, 0x20, 0x20, 0xca, 0x8a,
    0x2f, 0xd4, 0x4f, 0xdc, 0x70, 0xe4, 0xb1, 0xe4, 0x91, 0xe4, 0x2f, 0xd4,
    0xce, 0xcb, 0x0a, 0xab, 0x06, 0x8a, 0xa4, 0x79, 0x0e, 0xc4, 0x53, 0xe5,
    0xf2, 0xe4, 0xf2, 0xe4, 0x33, 0xed, 0x34, 0xed, 0x13, 0xe5, 0x13, 0xe5,
    0x13, 0xe5, 0xd2, 0xdc, 0x90, 0xdc, 0x2f, 0xcc, 0x4b, 0xb3, 0x67, 0x9a,
    0x27, 0x82, 0xd2, 0xdc, 0xd2, 0xe4, 0x50, 0xd4, 0xee, 0xcb, 0x0f, 0xcc,
    0x0e, 0xcc, 0x4f, 0xd4, 0x91, 0xdc, 0x70, 0xd4, 0xb1, 0xdc, 0xb2, 0xdc,
    0xb2, 0xdc, 0xd2, 0xdc, 0x50, 0xd4, 0xaa, 0x92, 0x24, 0x59, 0xae, 0xbb,
    0xb2, 0xe4, 0x91, 0xe4, 0x2f, 0xd4, 0x70, 0xd4, 0xb2, 0xd4, 0xce, 0xbb,
    0xca, 0xa2, 0xc6, 0x79, 0xc1, 0x48, 0x04, 0x8a, 0x04, 0x8a, 0xe4, 0x89,
    0x81, 0x10, 0x81, 0x10, 0x61, 0x18, 0x81, 0x10, 0x81, 0x10, 0x81, 0x18,
    0x81, 0x10, 0x82, 0x10, 0x82, 0x10, 0x81, 0x18, 0xa2, 0x18, 0xe6, 0x61,
    0x2d, 0xe4, 0x2c, 0xe4, 0x2c, 0xe4, 0x0c, 0xe4, 0xeb, 0xdb, 0xec, 0xe3,
    0x2c, 0xe4, 0x4c, 0xec, 0x2c, 0xec, 0x2c, 0xe4, 0x0c, 0xe4, 0xeb, 0xe3,
    0xcb, 0xdb, 0xaa, 0xd3, 0xaa, 0xd3, 0x69, 0xcb, 0x49, 0xc3, 0x28, 0xbb,
    0x08, 0xbb, 0x28, 0xbb, 0x28, 0xbb, 0x08, 0xbb, 0x28, 0xbb, 0x28, 0xbb,
    0x29, 0xc3, 0x49, 0xbb, 0x28, 0xbb, 0x28, 0xbb, 0xe8, 0xb2, 0x08, 0xb3,
    0x08, 0xb3, 0x08, 0xb3, 0xe8, 0xb2, 0xa7, 0xa2, 0xa7, 0xa2, 0xa7, 0xaa,
    0xa7, 0xaa, 0xa7, 0xa2, 0x86, 0x9a, 0x66, 0x9a, 0xe4, 0x89, 0xa3, 0x79,
    0x83, 0x71, 0x83, 0x79, 0xc3, 0x81, 0xc3, 0x81, 0xc3, 0x81, 0xa3, 0x81,
    0xa3, 0x79, 0xa3, 0x79, 0x20, 0x20, 0x00, 0x10, 0x20, 0x28, 0xc1, 0x48,
    0x22, 0x61, 0x22, 0x61, 0x01, 0x61, 0xe1, 0x50, 0x81, 0x38, 0x80, 0x38,
    0x81, 0x40, 0xe1, 0x50, 0x22, 0x61, 0x42, 0x69, 0x83, 0x71, 0x83, 0x79,
    0xa3, 0x81, 0xe4, 0x89, 0x05, 0x8a, 0x04, 0x8a, 0x05, 0x8a, 0x05, 0x92,
    0x25, 0x92, 0x25, 0x92, 0x46, 0x92, 0x25, 0x92, 0x04, 0x8a, 0x04, 0x8a,
    0xe4, 0x89, 0xe4, 0x89, 0xe4, 0x81, 0xa3, 0x81, 0x62, 0x71, 0x42, 0x69,
    0x42, 0x61, 0x42, 0x61, 0x01, 0x59, 0x21, 0x61, 0xa9, 0xcb, 0xe5, 0xb2,
    0x82, 0x79, 0xc3, 0x79, 0xa0, 0x40, 0x80, 0x38, 0xa0, 0x40, 0xc1, 0x48,
    0x42, 0x61, 0x62, 0x71, 0x83, 0x71, 0x62, 0x71, 0x62, 0x69, 0x42, 0x69,
    0x42, 0x61, 0x01, 0x59, 0xe1, 0x50, 0xc1, 0x48, 0x01, 0x51, 0x42, 0x69,
    0x83, 0x79, 0xc3, 0x81, 0x45, 0x9a, 0xe4, 0x89, 0x82, 0x79, 0x62, 0x71,
    0x42, 0x69, 0x01, 0x59, 0xe1, 0x50, 0xa1, 0x40, 0x40, 0x30, 0x40, 0x28,
    0x20, 0x20, 0x00, 0x10, 0x00, 0x18, 0x21, 0x18, 0x20, 0x28, 0x60, 0x30,
    0xa1, 0x40, 0xe1, 0x48, 0xe1, 0x50, 0x22, 0x59, 0x42, 0x61, 0x22, 0x61,
    0x21, 0x59, 0x22, 0x61, 0x21, 0x59, 0x22, 0x59, 0x01, 0x59, 0xe1, 0x50,
    0xc1, 0x48, 0xc1, 0x48, 0xc1, 0x48, 0xa0, 0x48, 0x23, 0x8a, 0x04, 0x82,
    0xa2, 0x79, 0x64, 0x9a, 0x22, 0x59, 0x81, 0x38, 0x60, 0x38, 0x80, 0x38,
    0xc1, 0x40, 0xc1, 0x48, 0x01, 0x51, 0x01, 0x59, 0x01, 0x59, 0x22, 0x61,
    0x22, 0x59, 0x01, 0x59, 0x01, 0x59, 0x01, 0x59, 0xe1, 0x50, 0xc1, 0x48,
    0xa1, 0x40, 0x80, 0x40, 0x61, 0x38, 0x60, 0x38, 0x40, 0x30, 0x20, 0x28,
    0x20, 0x20, 0x01, 0x20, 0x20, 0x18, 0x20, 0x18, 0xe6, 0x61, 0xee, 0xcb,
    0xce, 0xd3, 0xee, 0xdb, 0x4f, 0xe4, 0xb0, 0xe4, 0xb1, 0xe4, 0x4f, 0xdc,
    0xee, 0xcb, 0x8c, 0xbb, 0x8c, 0xbb, 0x90, 0xd4, 0x33, 0xe5, 0x12, 0xe5,
    0x12, 0xe5, 0x13, 0xed, 0x33, 0xed, 0x33, 0xed, 0x13, 0xe5, 0xf2, 0xdc,
    0xd2, 0xdc, 0xb1, 0xdc, 0x0e, 0xcc, 0x2b, 0xb3, 0x27, 0x92, 0xc5, 0x79,
    0x91, 0xd4, 0xf3, 0xe4, 0x91, 0xdc, 0x2f, 0xd4, 0xce, 0xcb, 0x6c, 0xbb,
    0xcd, 0xc3, 0x50, 0xd4, 0x90, 0xdc, 0x70, 0xd4, 0x90, 0xd4, 0x91, 0xd4,
    0x91, 0xdc, 0x70, 0xd4, 0x0b, 0xa3, 0x44, 0x59, 0xce, 0xc3, 0xd2, 0xe4,
    0xd2, 0xe4, 0x91, 0xe4, 0x50, 0xdc, 0x0f, 0xd4, 0x2f, 0xcc, 0x4c, 0xb3,
    0xa9, 0x92, 0xc2, 0x50, 0xc4, 0x81, 0xe4, 0x89, 0xe4, 0x81, 0xc3, 0x81,
    0x81, 0x10, 0x82, 0x10, 0x62, 0x18, 0x81, 0x10, 0x81, 0x10, 0x81, 0x10,
    0x81, 0x10, 0x81, 0x18, 0x81, 0x10, 0x82, 0x18, 0x81, 0x18, 0x46, 0x72,
    0x2c, 0xe4, 0x0c, 0xe4, 0x4d, 0xec, 0x0c, 0xe4, 0xeb, 0xdb, 0x0c, 0xe4,
    0x2c, 0xe4, 0x0c, 0xe4, 0x2c, 0xec, 0x4d, 0xec, 0x2c, 0xe4, 0x2c, 0xe4,
    0xeb, 0xdb, 0x8a, 0xcb, 0x8a, 0xd3, 0x8a, 0xcb, 0x69, 0xc3, 0x49, 0xc3,
    0x49, 0xc3, 0x28, 0xbb, 0x08, 0xbb, 0x28, 0xbb, 0xe8, 0xb2, 0x28, 0xbb,
    0xe8, 0xb2, 0x29, 0xbb, 0x49, 0xc3, 0x29, 0xbb, 0x49, 0xbb, 0x08, 0xb3,
    0xe8, 0xb2, 0xe8, 0xb2, 0xe8, 0xb2, 0xa7, 0xaa, 0xc7, 0xaa, 0xc7, 0xaa,
    0x87, 0xa2, 0x66, 0x9a, 0x46, 0x92, 0x25, 0x92, 0x25, 0x92, 0xc4, 0x81,
    0xa3, 0x79, 0x62, 0x79, 0xa3, 0x81, 0xe4, 0x89, 0xc3, 0x81, 0xa3, 0x81,
    0xa3, 0x79, 0xc3, 0x79, 0x81, 0x38, 0x00, 0x10, 0x20, 0x20, 0xa0, 0x40,
    0x01, 0x59, 0x01, 0x59, 0x22, 0x61, 0xe1, 0x50, 0x81, 0x40, 0x60, 0x38,
    0x80, 0x38, 0xe1, 0x50, 0x01, 0x59, 0x42, 0x61, 0x63, 0x71, 0x83, 0x71,
    0xa3, 0x79, 0xc4, 0x81, 0xe4, 0x89, 0xe4, 0x89, 0xe4, 0x89, 0x05, 0x8a,
    0xe4, 0x89, 0x04, 0x8a, 0x25, 0x92, 0x05, 0x92, 0x05, 0x92, 0xe4, 0x89,
    0x04, 0x8a, 0x05, 0x8a, 0xc3, 0x81, 0xa3, 0x79, 0x83, 0x71, 0x43, 0x69,
    0x42, 0x69, 0x22, 0x61, 0xe1, 0x58, 0xe1, 0x50, 0xa8, 0xd3, 0x84, 0xa2,
    0x03, 0x92, 0xc5, 0xaa, 0xc1, 0x48, 0x81, 0x38, 0x80, 0x40, 0xc1, 0x40,
    0x21, 0x59, 0x42, 0x69, 0x83, 0x71, 0x83, 0x71, 0x42, 0x71, 0x22, 0x61,
    0x22, 0x61, 0x01, 0x59, 0xc1, 0x48, 0xc1, 0x48, 0xe1, 0x50, 0x42, 0x61,
    0x83, 0x71, 0x83, 0x79, 0x25, 0x92, 0x04, 0x8a, 0x62, 0x71, 0x42, 0x69,
    0x42, 0x61, 0xe1, 0x50, 0xc0, 0x48, 0x81, 0x38, 0x60, 0x30, 0x20, 0x28,
    0x21, 0x18, 0x00, 0x10, 0x00, 0x10, 0x00, 0x18, 0x20, 0x20, 0x60, 0x30,
    0xa1, 0x40, 0xc1, 0x48, 0x01, 0x51, 0x22, 0x61, 0x22, 0x61, 0x22, 0x61,
    0x22, 0x61, 0x22, 0x61, 0x22, 0x61, 0x01, 0x59, 0x01, 0x51, 0xe1, 0x50,
    0xa1, 0x40, 0xa1, 0x40, 0xa1, 0x40, 0xc0, 0x48, 0x85, 0x9a, 0x04, 0x82,
    0xc3, 0x79, 0xa2, 0x71, 0xc1, 0x48, 0x80, 0x38, 0x80, 0x38, 0x61, 0x38,
    0xa0, 0x38, 0xc1, 0x48, 0x02, 0x51, 0x02, 0x51, 0x01, 0x59, 0xe1, 0x50,
    0x02, 0x59, 0x02, 0x59, 0x01, 0x51, 0xe1, 0x50, 0xe1, 0x50, 0xc1, 0x48,
    0xa0, 0x40, 0x80, 0x38, 0x61, 0x38, 0x40, 0x38, 0x20, 0x28, 0x20, 0x28,
    0x00, 0x28, 0x00, 0x20, 0x21, 0x18, 0xa1, 0x30, 0x8d, 0xc3, 0xad, 0xd3,
    0xee, 0xdb, 0x0e, 0xdc, 0x2f, 0xe4, 0x90, 0xe4, 0xb1, 0xe4, 0x90, 0xdc,
    0x90, 0xdc, 0x90, 0xd4, 0xb1, 0xdc, 0xf2, 0xe4, 0x13, 0xe5, 0xf2, 0xec,
    0xf2, 0xec, 0x13, 0xed, 0x33, 0xed, 0x13, 0xe5, 0x13, 0xe5, 0xd2, 0xdc,
    0x70, 0xd4, 0x0e, 0xcc, 0x4b, 0xb3, 0x47, 0x92, 0x43, 0x69, 0x71, 0xd4,
    0x54, 0xed, 0xf3, 0xec, 0xb2, 0xe4, 0x50, 0xd4, 0x0f, 0xd4, 0xce, 0xc3,
    0x8d, 0xc3, 0x2f, 0xd4, 0x90, 0xdc, 0x91, 0xdc, 0xee, 0xcb, 0x2f, 0xcc,
    0x2f, 0xcc, 0x0b, 0xab, 0xc2, 0x50, 0x4c, 0xb3, 0xf3, 0xec, 0x13, 0xed,
    0xd2, 0xe4, 0x91, 0xe4, 0x50, 0xdc, 0x10, 0xd4, 0x10, 0xcc, 0x6d, 0xab,
    0x85, 0x69, 0x42, 0x61, 0xe4, 0x89, 0xc3, 0x81, 0xc3, 0x81, 0x83, 0x71,
    0x61, 0x10, 0x81, 0x10, 0x81, 0x10, 0x61, 0x10, 0x82, 0x10, 0x61, 0x10,
    0x81, 0x10, 0x82, 0x10, 0x81, 0x10, 0x81, 0x18, 0x81, 0x18, 0x67, 0x7a,
    0x2d, 0xe4, 0x2c, 0xe4, 0x4d, 0xe4, 0x2c, 0xe4, 0x0c, 0xe4, 0x2c, 0xe4,
    0x0c, 0xe4, 0x2c, 0xec, 0x4d, 0xec, 0x4d, 0xec, 0x4d, 0xec, 0x0c, 0xe4,
    0xaa, 0xd3, 0xaa, 0xd3, 0x49, 0xc3, 0x6a, 0xcb, 0x69, 0xcb, 0x6a, 0xcb,
    0x29, 0xc3, 0x29, 0xc3, 0x29, 0xbb, 0x08, 0xbb, 0xe8, 0xb2, 0xe7, 0xb2,
    0xe7, 0xb2, 0x08, 0xb3, 0xe8, 0xb2, 0x08, 0xbb, 0x08, 0xb3, 0xe8, 0xb2,
    0x08, 0xb3, 0xe8, 0xb2, 0xe8, 0xaa, 0xc7, 0xaa, 0xa7, 0xaa, 0xc7, 0xaa,
    0xa7, 0xa2, 0xa7, 0xa2, 0x66, 0x9a, 0x45, 0x92, 0x25, 0x92, 0xe4, 0x81,
    0x83, 0x71, 0x63, 0x71, 0x63, 0x71, 0xa3, 0x81, 0xc4, 0x81, 0xa3, 0x81,
    0xa3, 0x81, 0xa3, 0x79, 0xa1, 0x38, 0x00, 0x10, 0x00, 0x10, 0x60, 0x38,
    0xe1, 0x50, 0x01, 0x59, 0x02, 0x59, 0xc1, 0x48, 0x80, 0x38, 0x60, 0x30,
    0x81, 0x38, 0xc1, 0x48, 0xe1, 0x50, 0x22, 0x59, 0x62, 0x69, 0x83, 0x71,
    0xa3, 0x79, 0xc4, 0x81, 0xa3, 0x81, 0xe4, 0x81, 0x04, 0x8a, 0x05, 0x8a,
    0xe4, 0x89, 0x04, 0x8a, 0x05, 0x92, 0xe4, 0x89, 0x04, 0x8a, 0xe4, 0x89,
    0xe4, 0x89, 0x05, 0x8a, 0xc4, 0x81, 0xc4, 0x79, 0x83, 0x71, 0x42, 0x61,
    0x42, 0x61, 0x43, 0x61, 0x01, 0x59, 0xc1, 0x50, 0x88, 0xcb, 0xe5, 0xb2,
    0x61, 0x71, 0xc2, 0x79, 0xa0, 0x40, 0x60, 0x38, 0x60, 0x38, 0xa1, 0x40,
    0xe1, 0x50, 0x62, 0x69, 0x62, 0x69, 0x62, 0x71, 0x63, 0x71, 0x22, 0x61,
    0x22, 0x59, 0x01, 0x51, 0xc1, 0x48, 0xc1, 0x48, 0xe1, 0x50, 0x42, 0x61,
    0xa3, 0x71, 0x83, 0x71, 0x04, 0x8a, 0x04, 0x8a, 0x62, 0x71, 0x42, 0x69,
    0x21, 0x61, 0x01, 0x59, 0xe1, 0x48, 0xa1, 0x40, 0x60, 0x30, 0x20, 0x20,
    0x00, 0x18, 0x00, 0x10, 0x00, 0x10, 0x00, 0x18, 0x20, 0x28, 0x61, 0x30,
    0xa1, 0x40, 0xe1, 0x48, 0x01, 0x51, 0x21, 0x59, 0x22, 0x59, 0x22, 0x61,
    0x42, 0x61, 0x42, 0x61, 0x21, 0x59, 0x01, 0x51, 0xe1, 0x50, 0xe1, 0x48,
    0xc1, 0x40, 0xa1, 0x40, 0xc1, 0x40, 0xc1, 0x48, 0xa5, 0xa2, 0x85, 0x9a,
    0x61, 0x69, 0x24, 0x8a, 0xa3, 0x71, 0x60, 0x38, 0x81, 0x30, 0x60, 0x30,
    0x81, 0x38, 0xa1, 0x40, 0xe1, 0x48, 0xe1, 0x50, 0x02, 0x59, 0x01, 0x51,
    0x01, 0x59, 0x02, 0x51, 0xe1, 0x50, 0xc1, 0x48, 0xa1, 0x48, 0xa0, 0x40,
    0x80, 0x40, 0x60, 0x38, 0x40, 0x30, 0x20, 0x30, 0x20, 0x28, 0x21, 0x28,
    0x20, 0x20, 0x20, 0x20, 0x21, 0x20, 0xa9, 0x92, 0xad, 0xd3, 0x0f, 0xe4,
    0x2f, 0xe4, 0x2f, 0xe4, 0x70, 0xe4, 0x91, 0xe4, 0xd1, 0xe4, 0xb1, 0xe4,
    0xd1, 0xe4, 0xd2, 0xe4, 0xf2, 0xe4, 0xf2, 0xe4, 0xf2, 0xec, 0xf2, 0xec,
    0xf2, 0xe4, 0x13, 0xed, 0x33, 0xed, 0x33, 0xe5, 0xd2, 0xdc, 0x90, 0xd4,
    0x0f, 0xc4, 0x6c, 0xb3, 0x88, 0x9a, 0x22, 0x61, 0xad, 0xab, 0x55, 0xed,
    0x75, 0xf5, 0x54, 0xf5, 0xb2, 0xe4, 0x50, 0xdc, 0x0f, 0xd4, 0xef, 0xcb,
    0x8d, 0xc3, 0x0e, 0xcc, 0x2f, 0xcc, 0x91, 0xd4, 0xce, 0xc3, 0xce, 0xc3,
    0xea, 0xa2, 0xe2, 0x50, 0xaa, 0x92, 0x91, 0xdc, 0x34, 0xed, 0xf3, 0xec,
    0x71, 0xdc, 0x50, 0xdc, 0x2f, 0xd4, 0x0f, 0xcc, 0xce, 0xbb, 0x69, 0x8a,
    0x81, 0x40, 0xe4, 0x89, 0xe3, 0x81, 0xa3, 0x79, 0x62, 0x71, 0x42, 0x69,
    0x61, 0x10, 0x81, 0x10, 0x81, 0x10, 0x61, 0x10, 0x81, 0x10, 0x81, 0x10,
    0x82, 0x10, 0x82, 0x10, 0x81, 0x10, 0x82, 0x18, 0xa2, 0x18, 0xa8, 0x8a,
    0x2c, 0xe4, 0x2d, 0xe4, 0x4d, 0xe4, 0x0c, 0xe4, 0xeb, 0xe3, 0xec, 0xe3,
    0x0c, 0xe4, 0x4d, 0xe4, 0x4d, 0xec, 0x6d, 0xec, 0x0c, 0xe4, 0xeb, 0xdb,
    0xcb, 0xdb, 0xaa, 0xd3, 0x8a, 0xcb, 0x69, 0xcb, 0x69, 0xc3, 0x6a, 0xc3,
    0x49, 0xc3, 0x49, 0xc3, 0x28, 0xbb, 0x08, 0xbb, 0xe8, 0xb2, 0xc7, 0xaa,
    0xa7, 0xaa, 0xe8, 0xb2, 0xc7, 0xaa, 0xe8, 0xb2, 0xc7, 0xaa, 0xe8, 0xb2,
    0xe8, 0xb2, 0xc7, 0xaa, 0xe8, 0xb2, 0xa7, 0xa2, 0xc7, 0xaa, 0xc8, 0xaa,
    0xa7, 0xa2, 0x86, 0xa2, 0x66, 0x9a, 0x66, 0x9a, 0x05, 0x8a, 0xa4, 0x79,
    0xa3, 0x79, 0x83, 0x71, 0x62, 0x71, 0x42, 0x71, 0x42, 0x71, 0xa3, 0x79,
    0xc3, 0x81, 0xc3, 0x81, 0x81, 0x38, 0x00, 0x08, 0x00, 0x10, 0x61, 0x38,
    0xc1, 0x48, 0x22, 0x59, 0x01, 0x59, 0xc1, 0x48, 0x60, 0x30, 0x60, 0x30,
    0x81, 0x40, 0xc1, 0x48, 0xe1, 0x50, 0x42, 0x61, 0x42, 0x69, 0x83, 0x71,
    0xc4, 0x81, 0xc4, 0x81, 0xc4, 0x81, 0xc4, 0x81, 0xe4, 0x89, 0xc4, 0x81,
    0xe4, 0x89, 0xc4, 0x81, 0xe4, 0x89, 0xe4, 0x89, 0x05, 0x8a, 0xe4, 0x89,
    0xe4, 0x89, 0xc4, 0x81, 0xc4, 0x81, 0x83, 0x79, 0x83, 0x71, 0x42, 0x61,
    0x01, 0x59, 0x01, 0x59, 0xc1, 0x50, 0xc1, 0x50, 0x27, 0xbb, 0x84, 0xa2,
    0xe3, 0x81, 0x64, 0x9a, 0x01, 0x51, 0x60, 0x38, 0x60, 0x30, 0x80, 0x38,
    0xe1, 0x50, 0x22, 0x61, 0x62, 0x69, 0x63, 0x71, 0x62, 0x69, 0x42, 0x69,
    0x22, 0x61, 0x01, 0x51, 0xc1, 0x48, 0xc0, 0x48, 0xe1, 0x50, 0x22, 0x59,
    0x83, 0x71, 0x83, 0x79, 0xe4, 0x89, 0x25, 0x92, 0x62, 0x71, 0x62, 0x69,
    0x01, 0x59, 0xe1, 0x50, 0xc1, 0x48, 0xa0, 0x40, 0x61, 0x30, 0x20, 0x28,
    0x00, 0x20, 0x00, 0x10, 0x00, 0x10, 0x00, 0x18, 0x20, 0x20, 0x60, 0x30,
    0xa1, 0x40, 0xc1, 0x48, 0xe1, 0x50, 0x22, 0x59, 0x22, 0x59, 0x01, 0x59,
    0x01, 0x59, 0x01, 0x59, 0x22, 0x59, 0x02, 0x59, 0xe1, 0x50, 0xc1, 0x48,
    0xa0, 0x40, 0x80, 0x40, 0xa0, 0x40, 0xa1, 0x40, 0x82, 0x71, 0x82, 0x71,
    0x81, 0x71, 0x04, 0x82, 0xc1, 0x48, 0x60, 0x30, 0x60, 0x30, 0x40, 0x30,
    0x60, 0x38, 0x80, 0x38, 0xc1, 0x48, 0xe1, 0x48, 0xe1, 0x50, 0x01, 0x51,
    0xe1, 0x50, 0xe1, 0x50, 0xc1, 0x48, 0xc1, 0x48, 0xa1, 0x40, 0x81, 0x40,
    0x60, 0x38, 0x40, 0x30, 0x20, 0x28, 0x00, 0x28, 0x00, 0x28, 0x01, 0x20,
    0x00, 0x20, 0x20, 0x20, 0x23, 0x51, 0x8d, 0xcb, 0xef, 0xe3, 0x2f, 0xec,
    0x50, 0xec, 0x50, 0xec, 0x91, 0xec, 0xb1, 0xec, 0xf2, 0xec, 0xf2, 0xe4,
    0x12, 0xe5, 0xf2, 0xe4, 0xf2, 0xe4, 0xd2, 0xe4, 0xf2, 0xec, 0xd2, 0xec,
    0xf2, 0xe4, 0xf2, 0xe4, 0x13, 0xe5, 0x13, 0xe5, 0xb1, 0xd4, 0x0f, 0xc4,
    0x6c, 0xb3, 0xa8, 0x9a, 0x63, 0x61, 0xe5, 0x69, 0xd2, 0xd4, 0x75, 0xf5,
    0x54, 0xed, 0x14, 0xed, 0xb1, 0xe4, 0x30, 0xd4, 0xef, 0xcb, 0xce, 0xc3,
    0xce, 0xc3, 0x2f, 0xcc, 0x50, 0xcc, 0x50, 0xcc, 0xae, 0xbb, 0x0b, 0xab,
    0x03, 0x59, 0xeb, 0x9a, 0x71, 0xd4, 0x91, 0xdc, 0xb2, 0xe4, 0x91, 0xe4,
    0x0f, 0xd4, 0xce, 0xcb, 0x6c, 0xc3, 0x4c, 0xbb, 0xca, 0x9a, 0x44, 0x59,
    0x22, 0x61, 0xe4, 0x89, 0xc4, 0x81, 0x83, 0x71, 0x42, 0x69, 0x63, 0x71,
    0x61, 0x10, 0x61, 0x10, 0x82, 0x10, 0x61, 0x10, 0x61, 0x10, 0x81, 0x10,
    0x81, 0x18, 0x81, 0x10, 0x81, 0x10, 0x81, 0x18, 0x81, 0x18, 0xe9, 0x9a,
    0x0c, 0xdc, 0x2d, 0xe4, 0x2c, 0xe4, 0x0c, 0xe4, 0xeb, 0xdb, 0x0b, 0xe4,
    0xeb, 0xdb, 0x4d, 0xec, 0x6d, 0xec, 0x4c, 0xec, 0x2c, 0xe4, 0xcb, 0xdb,
    0xcb, 0xdb, 0x8a, 0xd3, 0x8a, 0xcb, 0x69, 0xcb, 0x69, 0xcb, 0x69, 0xc3,
    0x49, 0xc3, 0x48, 0xc3, 0x49, 0xc3, 0x28, 0xbb, 0x08, 0xbb, 0xe7, 0xb2,
    0xc7, 0xaa, 0xa7, 0xaa, 0xa7, 0xaa, 0xa7, 0xa2, 0xa7, 0xaa, 0xc7, 0xaa,
    0xe8, 0xaa, 0xa7, 0xaa, 0xe8, 0xb2, 0xc7, 0xaa, 0xc7, 0xaa, 0xc7, 0xaa,
    0xa7, 0xa2, 0x66, 0x9a, 0x46, 0x92, 0x25, 0x92, 0x05, 0x8a, 0xe4, 0x81,
    0xc4, 0x79, 0x83, 0x71, 0x62, 0x71, 0x62, 0x71, 0x41, 0x69, 0x21, 0x69,
    0x83, 0x79, 0xc3, 0x79, 0xa1, 0x38, 0x00, 0x10, 0x00, 0x10, 0x40, 0x30,
    0xc1, 0x48, 0x01, 0x59, 0x01, 0x59, 0xc1, 0x48, 0x80, 0x38, 0x40, 0x30,
    0x60, 0x30, 0xa0, 0x40, 0xe1, 0x50, 0x21, 0x61, 0x42, 0x61, 0x62, 0x69,
    0x63, 0x71, 0x83, 0x71, 0x62, 0x71, 0x83, 0x79, 0xa3, 0x79, 0xa4, 0x81,
    0xa3, 0x79, 0xc4, 0x81, 0xe4, 0x81, 0xe4, 0x89, 0xe5, 0x89, 0xe4, 0x89,
    0xc4, 0x81, 0xc4, 0x81, 0xa3, 0x79, 0x83, 0x71, 0x83, 0x79, 0x22, 0x69,
    0x01, 0x59, 0xe1, 0x50, 0xc1, 0x48, 0xe1, 0x50, 0x48, 0xbb, 0x43, 0x9a,
    0xa2, 0x79, 0x42, 0x69, 0x63, 0x61, 0x60, 0x38, 0x60, 0x30, 0x81, 0x38,
    0xc1, 0x48, 0x21, 0x61, 0x22, 0x61, 0x62, 0x71, 0x82, 0x71, 0x42, 0x69,
    0x22, 0x61, 0x01, 0x51, 0xa0, 0x40, 0xa1, 0x40, 0xc1, 0x48, 0x01, 0x59,
    0x63, 0x69, 0x83, 0x71, 0xc3, 0x81, 0x25, 0x92, 0x83, 0x71, 0x42, 0x69,
    0x01, 0x59, 0xc0, 0x48, 0xa0, 0x40, 0x80, 0x38, 0x40, 0x30, 0x20, 0x20,
    0x00, 0x18, 0x00, 0x10, 0x01, 0x10, 0x00, 0x18, 0x20, 0x20, 0x40, 0x30,
    0x81, 0x38, 0xc1, 0x48, 0x01, 0x51, 0x02, 0x59, 0x22, 0x59, 0x22, 0x59,
    0x02, 0x59, 0x01, 0x59, 0x02, 0x59, 0x01, 0x51, 0xe1, 0x50, 0xc1, 0x48,
    0xa1, 0x40, 0xa0, 0x38, 0x60, 0x38, 0x80, 0x38, 0x85, 0x9a, 0x65, 0x9a,
    0xa2, 0x79, 0x01, 0x59, 0x42, 0x59, 0x40, 0x30, 0x20, 0x28, 0x40, 0x28,
    0x60, 0x30, 0x61, 0x38, 0xa1, 0x40, 0xc1, 0x40, 0xc1, 0x48, 0xe1, 0x48,
    0xe1, 0x50, 0xc1, 0x48, 0xc1, 0x48, 0xa0, 0x40, 0x80, 0x40, 0x80, 0x38,
    0x41, 0x30, 0x20, 0x30, 0x20, 0x30, 0x00, 0x28, 0x00, 0x28, 0x20, 0x20,
    0x00, 0x20, 0x20, 0x20, 0xea, 0xaa, 0xee, 0xdb, 0x2f, 0xec, 0x70, 0xec,
    0x70, 0xec, 0x91, 0xec, 0xb1, 0xec, 0xd2, 0xec, 0xf2, 0xec, 0xf3, 0xec,
    0xf2, 0xe4, 0xf2, 0xe4, 0xb1, 0xe4, 0xb1, 0xe4, 0x90, 0xe4, 0xd1, 0xec,
    0xf2, 0xec, 0xf2, 0xe4, 0x13, 0xe5, 0xf2, 0xdc, 0x50, 0xcc, 0x8d, 0xb3,
    0x88, 0x92, 0x43, 0x61, 0x0d, 0x9c, 0x31, 0xcd, 0x4e, 0xbc, 0xd1, 0xd4,
    0x75, 0xed, 0x13, 0xed, 0x91, 0xdc, 0x50, 0xdc, 0x0f, 0xd4, 0x0f, 0xcc,
    0x2f, 0xcc, 0x2f, 0xcc, 0x30, 0xcc, 0xee, 0xc3, 0x0a, 0xa3, 0x23, 0x59,
    0x2c, 0x9b, 0xd3, 0xdc, 0xf3, 0xe4, 0x71, 0xdc, 0x71, 0xdc, 0xce, 0xcb,
    0x8d, 0xc3, 0x0b, 0xb3, 0xea, 0xaa, 0x68, 0x9a, 0xa5, 0x71, 0x61, 0x38,
    0xe4, 0x81, 0xc3, 0x79, 0x62, 0x71, 0x62, 0x71, 0x83, 0x71, 0xa4, 0x79,
    0x81, 0x10, 0x81, 0x10, 0x61, 0x10, 0x81, 0x10, 0x61, 0x10, 0x81, 0x10,
    0x81, 0x10, 0x82, 0x10, 0x82, 0x18, 0x81, 0x18, 0x81, 0x18, 0xe9, 0x9a,
    0x2c, 0xe4, 0x2c, 0xe4, 0x2d, 0xe4, 0x0c, 0xe4, 0xeb, 0xdb, 0x0c, 0xe4,
    0x0c, 0xe4, 0x4c, 0xec, 0x4d, 0xec, 0x4d, 0xec, 0x2c, 0xe4, 0xeb, 0xdb,
    0x8a, 0xd3, 0x8a, 0xcb, 0x89, 0xcb, 0x6a, 0xcb, 0x69, 0xc3, 0x49, 0xc3,
    0x29, 0xc3, 0x69, 0xc3, 0x69, 0xc3, 0x49, 0xc3, 0x49, 0xc3, 0x08, 0xbb,
    0xc7, 0xaa, 0x86, 0xa2, 0x87, 0xa2, 0x86, 0xa2, 0x86, 0xa2, 0x86, 0xa2,
    0xc7, 0xaa, 0xa7, 0xa2, 0xc7, 0xaa, 0xc7, 0xaa, 0xc7, 0xaa, 0xa7, 0xa2,
    0x66, 0x9a, 0x66, 0x9a, 0x25, 0x92, 0x46, 0x92, 0x25, 0x8a, 0xc4, 0x81,
    0xa3, 0x79, 0x83, 0x79, 0x62, 0x71, 0x62, 0x71, 0x42, 0x69, 0x42, 0x69,
    0x21, 0x69, 0x42, 0x69, 0xa1, 0x40, 0x00, 0x08, 0x00, 0x10, 0x20, 0x28,
    0xa1, 0x40, 0xe1, 0x50, 0x02, 0x59, 0xc1, 0x48, 0x40, 0x30, 0x20, 0x28,
    0x60, 0x30, 0xa1, 0x40, 0xe1, 0x50, 0x22, 0x61, 0x42, 0x69, 0x42, 0x69,
    0x63, 0x71, 0x83, 0x71, 0x63, 0x71, 0x83, 0x71, 0x83, 0x79, 0xa3, 0x79,
    0xa3, 0x79, 0xa3, 0x79, 0x83, 0x79, 0xa4, 0x79, 0xc4, 0x81, 0xc3, 0x81,
    0xa3, 0x79, 0xa4, 0x79, 0x83, 0x79, 0x83, 0x71, 0x63, 0x71, 0x63, 0x69,
    0xe1, 0x50, 0xe1, 0x50, 0xc1, 0x48, 0xa0, 0x48, 0x07, 0xb3, 0x06, 0xb3,
    0xc2, 0x81, 0x03, 0x8a, 0x01, 0x59, 0x60, 0x38, 0x81, 0x38, 0x60, 0x30,
    0xa0, 0x40, 0x01, 0x59, 0x22, 0x61, 0x63, 0x71, 0x83, 0x71, 0x62, 0x69,
    0x22, 0x61, 0xe1, 0x50, 0xa1, 0x40, 0x80, 0x40, 0xa1, 0x40, 0x01, 0x51,
    0x42, 0x69, 0x62, 0x71, 0x82, 0x71, 0x04, 0x8a, 0x82, 0x71, 0x42, 0x69,
    0x01, 0x59, 0xe1, 0x50, 0xa1, 0x40, 0x80, 0x38, 0x60, 0x30, 0x20, 0x20,
    0x00, 0x18, 0x00, 0x10, 0x00, 0x10, 0x00, 0x18, 0x20, 0x28, 0x60, 0x28,
    0xa1, 0x38, 0xc1, 0x48, 0x01, 0x51, 0x01, 0x51, 0x01, 0x59, 0x22, 0x59,
    0x22, 0x59, 0x01, 0x51, 0x01, 0x51, 0xe1, 0x50, 0xe1, 0x48, 0xc1, 0x48,
    0x81, 0x38, 0xa1, 0x38, 0x60, 0x30, 0x60, 0x38, 0xe3, 0x79, 0xa2, 0x79,
    0x41, 0x69, 0xe3, 0x81, 0x83, 0x69, 0x40, 0x28, 0x20, 0x28, 0x20, 0x28,
    0x20, 0x28, 0x60, 0x30, 0x81, 0x38, 0xa1, 0x40, 0xc1, 0x48, 0xc1, 0x48,
    0xc1, 0x40, 0xa1, 0x40, 0xa1, 0x48, 0xa1, 0x40, 0x80, 0x38, 0x40, 0x38,
    0x20, 0x30, 0x00, 0x28, 0x00, 0x28, 0x01, 0x28, 0x20, 0x20, 0x20, 0x20,
    0x20, 0x20, 0x65, 0x59, 0xce, 0xd3, 0x30, 0xe4, 0x70, 0xec, 0x91, 0xec,
    0xb2, 0xec, 0xd2, 0xec, 0xd2, 0xec, 0xb1, 0xe4, 0xb1, 0xe4, 0xb1, 0xe4,
    0x91, 0xe4, 0x70, 0xe4, 0x6f, 0xe4, 0x4f, 0xe4, 0x70, 0xe4, 0xd2, 0xec,
    0xd2, 0xe4, 0xd2, 0xe4, 0xf2, 0xe4, 0x91, 0xd4, 0xee, 0xbb, 0xea, 0x9a,
    0x84, 0x69, 0xe2, 0x40, 0x50, 0xb4, 0xf0, 0xcc, 0x31, 0xcd, 0x95, 0xd5,
    0x50, 0xc4, 0xf2, 0xe4, 0x91, 0xdc, 0x30, 0xd4, 0xce, 0xc3, 0xef, 0xcb,
    0x0f, 0xcc, 0x0f, 0xc4, 0xef, 0xc3, 0x0b, 0xa3, 0x23, 0x59, 0x2c, 0x9b,
    0x34, 0xe5, 0x34, 0xe5, 0xf3, 0xe4, 0x71, 0xd4, 0xef, 0xcb, 0x6d, 0xbb,
    0xca, 0xa2, 0x88, 0x9a, 0x47, 0x92, 0xa5, 0x71, 0xa1, 0x40, 0x43, 0x69,
    0x83, 0x71, 0x82, 0x79, 0xc3, 0x79, 0xa3, 0x79, 0xc4, 0x81, 0xc4, 0x81,
    0x81, 0x10, 0x61, 0x10, 0x81, 0x10, 0x81, 0x10, 0x61, 0x10, 0x61, 0x10,
    0x81, 0x10, 0x82, 0x10, 0x81, 0x18, 0x81, 0x10, 0x82, 0x18, 0x09, 0xa3,
    0x2c, 0xe4, 0x2d, 0xe4, 0x2c, 0xe4, 0x0c, 0xe4, 0xeb, 0xdb, 0xeb, 0xdb,
    0x2c, 0xe4, 0x2c, 0xe4, 0x6d, 0xec, 0xae, 0xf4, 0x4d, 0xec, 0xeb, 0xdb,
    0xcb, 0xdb, 0x8a, 0xcb, 0x69, 0xcb, 0x28, 0xbb, 0x49, 0xcb, 0x69, 0xcb,
    0x49, 0xc3, 0x69, 0xcb, 0x69, 0xc3, 0x29, 0xc3, 0x29, 0xbb, 0x28, 0xbb,
    0x28, 0xbb, 0xc7, 0xb2, 0x66, 0x9a, 0x66, 0x9a, 0x66, 0x9a, 0x66, 0x9a,
    0xa7, 0xa2, 0x86, 0xa2, 0x87, 0xa2, 0x87, 0xa2, 0xa7, 0xaa, 0xa7, 0xa2,
    0x66, 0xa2, 0x86, 0x9a, 0x25, 0x92, 0x05, 0x8a, 0x25, 0x92, 0x05, 0x8a,
    0xa3, 0x79, 0x63, 0x71, 0x42, 0x69, 0x42, 0x69, 0x63, 0x71, 0x62, 0x71,
    0x62, 0x71, 0x42, 0x69, 0xe1, 0x58, 0x20, 0x10, 0x00, 0x08, 0x20, 0x20,
    0xa1, 0x40, 0xe1, 0x50, 0x01, 0x59, 0x80, 0x40, 0x20, 0x28, 0x20, 0x28,
    0x60, 0x30, 0x81, 0x38, 0xc1, 0x48, 0x22, 0x59, 0x42, 0x61, 0x42, 0x69,
    0x62, 0x69, 0x63, 0x71, 0x83, 0x71, 0x83, 0x71, 0x62, 0x71, 0x83, 0x71,
    0x63, 0x71, 0x63, 0x71, 0x62, 0x71, 0xa3, 0x79, 0xa3, 0x79, 0x83, 0x79,
    0xa3, 0x79, 0xa3, 0x79, 0x83, 0x79, 0x83, 0x71, 0x63, 0x71, 0x42, 0x61,
    0xc1, 0x50, 0xc1, 0x48, 0xc1, 0x48, 0xc1, 0x48, 0x27, 0xb3, 0x63, 0xa2,
    0x02, 0x8a, 0x03, 0x8a, 0xc3, 0x71, 0x80, 0x38, 0x81, 0x38, 0x40, 0x30,
    0x80, 0x38, 0xe1, 0x50, 0x21, 0x59, 0x42, 0x69, 0x63, 0x71, 0x62, 0x69,
    0x01, 0x59, 0xe1, 0x50, 0xa1, 0x40, 0x80, 0x40, 0xa1, 0x40, 0xe1, 0x48,
    0x42, 0x61, 0x83, 0x71, 0x62, 0x71, 0xe4, 0x89, 0x82, 0x71, 0x22, 0x61,
    0xe1, 0x58, 0xc1, 0x50, 0xa0, 0x40, 0x60, 0x38, 0x41, 0x30, 0x20, 0x20,
    0x00, 0x18, 0x00, 0x08, 0x00, 0x08, 0x20, 0x18, 0x20, 0x28, 0x40, 0x30,
    0x81, 0x38, 0xc1, 0x48, 0xe1, 0x48, 0x02, 0x51, 0xe1, 0x50, 0x01, 0x51,
    0xe1, 0x50, 0x02, 0x51, 0xe1, 0x50, 0xe1, 0x48, 0xe1, 0x48, 0xa1, 0x40,
    0x80, 0x38, 0x60, 0x30, 0x40, 0x30, 0x61, 0x30, 0x45, 0x8a, 0xc3, 0x79,
    0xa2, 0x79, 0x82, 0x69, 0x80, 0x38, 0x20, 0x28, 0x20, 0x28, 0x21, 0x28,
    0x20, 0x20, 0x40, 0x28, 0x60, 0x30, 0x80, 0x38, 0xa1, 0x40, 0xc1, 0x48,
    0xa1, 0x40, 0xa1, 0x40, 0xa0, 0x40, 0x80, 0x38, 0x61, 0x38, 0x40, 0x30,
    0x20, 0x28, 0x00, 0x28, 0x00, 0x28, 0x20, 0x28, 0x20, 0x20, 0x20, 0x20,
    0x21, 0x28, 0x2b, 0xab, 0xee, 0xdb, 0x50, 0xec, 0x91, 0xf4, 0xb2, 0xf4,
    0xd2, 0xec, 0xd2, 0xec, 0xd2, 0xec, 0xb1, 0xe4, 0xb1, 0xe4, 0x70, 0xe4,
    0x4f, 0xe4, 0x2e, 0xe4, 0x0e, 0xe4, 0x70, 0xe4, 0x91, 0xe4, 0xb1, 0xe4,
    0x91, 0xe4, 0x91, 0xdc, 0x90, 0xd4, 0x2f, 0xcc, 0x6d, 0xab, 0x27, 0x82,
    0x23, 0x51, 0xee, 0xb3, 0x12, 0xdd, 0xd5, 0xed, 0x77, 0xe6, 0x30, 0xd5,
    0xcb, 0xa3, 0x2b, 0xa3, 0x70, 0xd4, 0x0f, 0xcc, 0x0f, 0xcc, 0xee, 0xc3,
    0xef, 0xc3, 0xcd, 0xbb, 0xea, 0xa2, 0x23, 0x59, 0xae, 0xab, 0x14, 0xe5,
    0x54, 0xe5, 0x54, 0xe5, 0xd3, 0xdc, 0x31, 0xd4, 0x8e, 0xbb, 0xeb, 0xa2,
    0x48, 0x92, 0xa5, 0x79, 0x43, 0x61, 0xe2, 0x50, 0x83, 0x71, 0xa3, 0x79,
    0xa3, 0x79, 0xc3, 0x81, 0xc4, 0x81, 0xa4, 0x81, 0xc4, 0x81, 0xc4, 0x81,
    0x61, 0x10, 0x61, 0x10, 0x81, 0x10, 0x61, 0x10, 0x81, 0x10, 0x61, 0x10,
    0x81, 0x10, 0x81, 0x10, 0x81, 0x10, 0x81, 0x18, 0x81, 0x18, 0x09, 0xa3,
    0x2c, 0xe4, 0x2c, 0xe4, 0x2d, 0xe4, 0x0c, 0xe4, 0xeb, 0xdb, 0x0c, 0xe4,
    0x0c, 0xe4, 0x2c, 0xec, 0x8e, 0xf4, 0x8e, 0xf4, 0x4c, 0xec, 0xeb, 0xdb,
    0xab, 0xd3, 0x69, 0xcb, 0x49, 0xc3, 0x29, 0xc3, 0x29, 0xc3, 0x29, 0xc3,
    0x6a, 0xcb, 0x8a, 0xcb, 0x49, 0xc3, 0x29, 0xc3, 0x49, 0xc3, 0x49, 0xbb,
    0x29, 0xbb, 0xe7, 0xb2, 0xa7, 0xaa, 0x66, 0x9a, 0x45, 0x9a, 0x45, 0x92,
    0x46, 0x9a, 0x66, 0x9a, 0xa6, 0xa2, 0x87, 0xa2, 0x86, 0x9a, 0x66, 0x9a,
    0x86, 0x9a, 0x46, 0x9a, 0x25, 0x92, 0xe4, 0x81, 0xe4, 0x81, 0xc4, 0x79,
    0xa3, 0x71, 0x83, 0x71, 0x63, 0x69, 0x42, 0x69, 0x62, 0x69, 0x62, 0x71,
    0x83, 0x71, 0x83, 0x79, 0x62, 0x71, 0xe1, 0x48, 0x00, 0x08, 0x20, 0x18,
    0x80, 0x38, 0xc1, 0x48, 0xe1, 0x50, 0x80, 0x38, 0x20, 0x28, 0x20, 0x28,
    0x40, 0x30, 0x80, 0x38, 0xc1, 0x48, 0x21, 0x59, 0x43, 0x69, 0x63, 0x71,
    0x83, 0x71, 0x83, 0x79, 0x62, 0x69, 0x42, 0x69, 0x43, 0x69, 0x62, 0x69,
    0x42, 0x69, 0x42, 0x69, 0x63, 0x69, 0x62, 0x71, 0x63, 0x71, 0x83, 0x79,
    0x83, 0x79, 0x62, 0x71, 0x62, 0x71, 0x42, 0x69, 0x22, 0x61, 0x22, 0x61,
    0xe1, 0x50, 0xa0, 0x48, 0xc1, 0x40, 0xa1, 0x40, 0x27, 0xb3, 0x64, 0x9a,
    0xc2, 0x81, 0x82, 0x71, 0x21, 0x59, 0x80, 0x38, 0x81, 0x38, 0x80, 0x38,
    0x80, 0x38, 0xc1, 0x48, 0x22, 0x59, 0x42, 0x69, 0x42, 0x69, 0x42, 0x69,
    0x01, 0x59, 0xe1, 0x50, 0x80, 0x38, 0x80, 0x38, 0x81, 0x38, 0xc1, 0x48,
    0x02, 0x59, 0x63, 0x69, 0x62, 0x69, 0xe4, 0x89, 0x83, 0x79, 0x22, 0x61,
    0x01, 0x59, 0x01, 0x51, 0xa1, 0x40, 0x80, 0x30, 0x40, 0x28, 0x20, 0x20,
    0x00, 0x18, 0x01, 0x08, 0x00, 0x10, 0x00, 0x18, 0x20, 0x28, 0x61, 0x30,
    0xa1, 0x38, 0xc1, 0x40, 0xc1, 0x48, 0xe1, 0x48, 0xe1, 0x48, 0xe1, 0x50,
    0xe1, 0x48, 0xe1, 0x50, 0xe1, 0x48, 0xe1, 0x50, 0xc1, 0x40, 0xa0, 0x40,
    0x60, 0x30, 0x40, 0x28, 0x40, 0x28, 0x40, 0x30, 0x65, 0x92, 0x24, 0x8a,
    0xc3, 0x79, 0x42, 0x61, 0x62, 0x61, 0x20, 0x28, 0x20, 0x28, 0x00, 0x20,
    0x00, 0x20, 0x20, 0x28, 0x40, 0x28, 0x61, 0x30, 0xa1, 0x38, 0xa1, 0x40,
    0x80, 0x38, 0x81, 0x40, 0x80, 0x38, 0x61, 0x38, 0x40, 0x30, 0x40, 0x28,
    0x00, 0x20, 0x00, 0x28, 0x00, 0x28, 0x20, 0x20, 0x00, 0x20, 0x21, 0x28,
    0x07, 0x72, 0xce, 0xcb, 0x2f, 0xe4, 0x91, 0xec, 0xb1, 0xec, 0xf2, 0xf4,
    0x13, 0xf5, 0xf2, 0xec, 0xb1, 0xe4, 0xd2, 0xec, 0x91, 0xe4, 0x70, 0xe4,
    0x4f, 0xe4, 0xee, 0xdb, 0x2f, 0xe4, 0x70, 0xec, 0x91, 0xe4, 0x91, 0xe4,
    0x90, 0xdc, 0x70, 0xd4, 0x70, 0xd4, 0x0e, 0xc4, 0xea, 0x9a, 0x44, 0x61,
    0xee, 0xb3, 0xf2, 0xdc, 0xf2, 0xe4, 0x91, 0xe4, 0x94, 0xe5, 0x11, 0xc5,
    0x8b, 0x93, 0x4b, 0x8b, 0xc9, 0x92, 0xcd, 0xbb, 0xce, 0xc3, 0xce, 0xbb,
    0x8d, 0xbb, 0x89, 0x9a, 0xa6, 0x71, 0x30, 0xc4, 0xf3, 0xe4, 0x14, 0xe5,
    0x14, 0xe5, 0xf3, 0xe4, 0x51, 0xd4, 0xef, 0xc3, 0x8d, 0xbb, 0xaa, 0x9a,
    0x85, 0x71, 0xa1, 0x48, 0xe1, 0x50, 0xa3, 0x79, 0xc3, 0x81, 0xa3, 0x79,
    0xa3, 0x79, 0xe4, 0x81, 0xc4, 0x81, 0xc3, 0x79, 0xa3, 0x79, 0x83, 0x71,
    0x61, 0x10, 0x81, 0x10, 0x62, 0x10, 0x81, 0x10, 0x81, 0x10, 0x62, 0x10,
    0x61, 0x10, 0x81, 0x10, 0xa2, 0x18, 0x81, 0x18, 0x82, 0x18, 0x2a, 0xa3,
    0x2d, 0xe4, 0x2c, 0xe4, 0x2d, 0xe4, 0xeb, 0xdb, 0xeb, 0xdb, 0x0c, 0xe4,
    0x0c, 0xe4, 0x4d, 0xec, 0x8d, 0xec, 0x4d, 0xec, 0x2c, 0xec, 0xeb, 0xdb,
    0xcb, 0xd3, 0xaa, 0xd3, 0x8a, 0xcb, 0x69, 0xcb, 0x49, 0xc3, 0x49, 0xc3,
    0x69, 0xcb, 0x69, 0xc3, 0x69, 0xc3, 0x69, 0xc3, 0x49, 0xc3, 0x49, 0xc3,
    0x49, 0xc3, 0x29, 0xbb, 0xc7, 0xaa, 0x86, 0xa2, 0x45, 0x92, 0xe4, 0x89,
    0x25, 0x92, 0x45, 0x92, 0x66, 0x9a, 0x66, 0x9a, 0x66, 0x9a, 0x86, 0xa2,
    0x66, 0x9a, 0x66, 0x9a, 0x05, 0x8a, 0xe4, 0x81, 0xc4, 0x79, 0xa4, 0x79,
    0xa3, 0x79, 0x83, 0x71, 0x83, 0x71, 0x63, 0x69, 0x63, 0x69, 0x42, 0x69,
    0x63, 0x71, 0x62, 0x71, 0x82, 0x71, 0x42, 0x69, 0x40, 0x28, 0x00, 0x10,
    0x80, 0x38, 0xe1, 0x50, 0xe2, 0x50, 0x60, 0x30, 0x00, 0x20, 0x20, 0x20,
    0x40, 0x30, 0x81, 0x38, 0xc1, 0x48, 0xe1, 0x50, 0x42, 0x69, 0x63, 0x71,
    0x83, 0x71, 0x83, 0x71, 0x83, 0x71, 0x42, 0x69, 0x22, 0x69, 0x22, 0x61,
    0x22, 0x61, 0x22, 0x61, 0x02, 0x59, 0x22, 0x61, 0x62, 0x71, 0x42, 0x69,
    0x83, 0x71, 0x42, 0x69, 0x42, 0x69, 0x21, 0x61, 0x01, 0x61, 0x22, 0x59,
    0xe1, 0x50, 0xa1, 0x40, 0x80, 0x38, 0x80, 0x40, 0x85, 0x9a, 0x23, 0x92,
    0x81, 0x79, 0xa2, 0x79, 0xc3, 0x79, 0x80, 0x38, 0x80, 0x40, 0x81, 0x38,
    0x60, 0x38, 0xa1, 0x48, 0x01, 0x51, 0x21, 0x61, 0x42, 0x61, 0x42, 0x69,
    0x42, 0x61, 0x01, 0x51, 0x81, 0x38, 0x60, 0x38, 0x80, 0x38, 0xc1, 0x48,
    0xe1, 0x50, 0x42, 0x69, 0x42, 0x69, 0xe4, 0x81, 0xa3, 0x71, 0x22, 0x61,
    0xe1, 0x50, 0xa0, 0x40, 0x80, 0x38, 0x61, 0x30, 0x40, 0x30, 0x20, 0x20,
    0x00, 0x18, 0x00, 0x10, 0x20, 0x10, 0x20, 0x20, 0x20, 0x20, 0x40, 0x30,
    0x81, 0x38, 0xc1, 0x40, 0xc1, 0x48, 0xc1, 0x48, 0xc1, 0x48, 0xe1, 0x48,
    0xc1, 0x48, 0xe1, 0x48, 0xe1, 0x50, 0xe1, 0x48, 0xc1, 0x40, 0x80, 0x38,
    0x40, 0x30, 0x41, 0x28, 0x20, 0x28, 0x40, 0x30, 0x82, 0x69, 0x41, 0x61,
    0x42, 0x69, 0xa2, 0x71, 0xc1, 0x40, 0x20, 0x20, 0x20, 0x20, 0x00, 0x20,
    0x00, 0x20, 0x20, 0x20, 0x40, 0x28, 0x60, 0x30, 0x60, 0x38, 0xa1, 0x38,
    0x80, 0x38, 0x80, 0x38, 0x81, 0x38, 0x40, 0x30, 0x20, 0x28, 0x00, 0x28,
    0x00, 0x28, 0x01, 0x28, 0x20, 0x28, 0x20, 0x20, 0x00, 0x20, 0x61, 0x28,
    0x8c, 0xb3, 0xef, 0xd3, 0x50, 0xe4, 0x91, 0xec, 0xf3, 0xec, 0x33, 0xf5,
    0x33, 0xed, 0x13, 0xed, 0xd2, 0xe4, 0xb1, 0xe4, 0xb1, 0xec, 0x2f, 0xe4,
    0x2f, 0xe4, 0x50, 0xec, 0x4f, 0xe4, 0x70, 0xec, 0x70, 0xe4, 0x90, 0xe4,
    0x90, 0xdc, 0x50, 0xd4, 0x2f, 0xcc, 0xce, 0xbb, 0x69, 0x8a, 0xad, 0xab,
    0xd2, 0xdc, 0xd2, 0xe4, 0xb1, 0xdc, 0x70, 0xdc, 0x91, 0xdc, 0x2e, 0xc4,
    0xcd, 0xa3, 0x4f, 0xa4, 0x6a, 0x93, 0x0a, 0x93, 0x4b, 0xab, 0x0b, 0xa3,
    0x07, 0x8a, 0x48, 0x8a, 0xb2, 0xdc, 0xf3, 0xe4, 0xd3, 0xdc, 0xb2, 0xdc,
    0xb2, 0xdc, 0x92, 0xdc, 0x30, 0xcc, 0x8e, 0xbb, 0x0b, 0xa3, 0xc6, 0x79,
    0xa1, 0x48, 0x02, 0x51, 0xe4, 0x81, 0xe4, 0x81, 0xa3, 0x81, 0xc4, 0x81,
    0xc4, 0x81, 0xa3, 0x79, 0xa3, 0x79, 0xa4, 0x79, 0x83, 0x71, 0x82, 0x71,
    0x61, 0x10, 0x61, 0x10, 0x81, 0x10, 0x61, 0x10, 0x81, 0x10, 0x82, 0x10,
    0x81, 0x10, 0x81, 0x10, 0x82, 0x10, 0x82, 0x18, 0x81, 0x18, 0x4a, 0xa3,
    0x2c, 0xe4, 0x2c, 0xe4, 0x2c, 0xe4, 0x0c, 0xe4, 0x0c, 0xe4, 0x0b, 0xe4,
    0x0c, 0xe4, 0x4d, 0xec, 0x8d, 0xf4, 0x6d, 0xec, 0x2c, 0xe4, 0xeb, 0xdb,
    0xaa, 0xd3, 0x6a, 0xcb, 0x69, 0xcb, 0x69, 0xcb, 0x49, 0xc3, 0x49, 0xc3,
    0x49, 0xc3, 0x49, 0xc3, 0x69, 0xcb, 0x49, 0xc3, 0x69, 0xc3, 0x8a, 0xcb,
    0x69, 0xc3, 0x49, 0xc3, 0xe7, 0xb2, 0xc7, 0xaa, 0x87, 0xa2, 0x05, 0x8a,
    0xe4, 0x89, 0x05, 0x8a, 0x04, 0x8a, 0x25, 0x92, 0x45, 0x92, 0x46, 0x9a,
    0x46, 0x92, 0x46, 0x92, 0x05, 0x8a, 0xc4, 0x81, 0xa4, 0x79, 0xc4, 0x81,
    0xa4, 0x79, 0x63, 0x71, 0x62, 0x69, 0x63, 0x71, 0x42, 0x69, 0x42, 0x69,
    0x42, 0x69, 0x42, 0x69, 0x42, 0x69, 0x62, 0x71, 0xc1, 0x48, 0x00, 0x10,
    0x61, 0x38, 0xa1, 0x40, 0xc1, 0x48, 0x40, 0x30, 0x00, 0x18, 0x20, 0x20,
    0x61, 0x30, 0x81, 0x38, 0xa0, 0x40, 0xc1, 0x48, 0x22, 0x61, 0x62, 0x69,
    0x63, 0x69, 0x63, 0x71, 0x83, 0x71, 0x83, 0x71, 0x42, 0x61, 0x01, 0x59,
    0xe1, 0x50, 0xc1, 0x50, 0xc1, 0x50, 0xe1, 0x50, 0x21, 0x61, 0x42, 0x69,
    0x22, 0x61, 0x42, 0x69, 0x22, 0x61, 0x01, 0x59, 0xe1, 0x58, 0xe1, 0x50,
    0xc1, 0x48, 0x80, 0x40, 0x60, 0x38, 0x60, 0x38, 0x65, 0x92, 0xa1, 0x79,
    0x61, 0x71, 0xe0, 0x58, 0x21, 0x61, 0x60, 0x30, 0xa1, 0x40, 0xa1, 0x40,
    0x60, 0x38, 0xa0, 0x40, 0xe1, 0x50, 0x21, 0x59, 0x22, 0x61, 0x01, 0x59,
    0x01, 0x51, 0xc1, 0x48, 0x80, 0x38, 0x60, 0x30, 0x60, 0x30, 0xa1, 0x40,
    0xe1, 0x50, 0x22, 0x59, 0x42, 0x61, 0xa3, 0x79, 0x83, 0x71, 0x21, 0x61,
    0xe1, 0x50, 0xc1, 0x48, 0x80, 0x38, 0x60, 0x30, 0x41, 0x30, 0x00, 0x20,
    0x00, 0x18, 0x20, 0x20, 0x23, 0x51, 0x64, 0x59, 0x64, 0x59, 0x02, 0x51,
    0xc1, 0x40, 0xc1, 0x40, 0xc1, 0x48, 0xc1, 0x48, 0xc1, 0x40, 0xa0, 0x40,
    0xc1, 0x48, 0xc1, 0x48, 0xc1, 0x48, 0xa0, 0x40, 0xa0, 0x38, 0x81, 0x38,
    0x40, 0x28, 0x20, 0x28, 0x20, 0x28, 0x40, 0x28, 0x04, 0x82, 0x04, 0x8a,
    0xa2, 0x71, 0x21, 0x59, 0x80, 0x38, 0x20, 0x20, 0x21, 0x20, 0x00, 0x20,
    0x00, 0x18, 0x01, 0x18, 0x20, 0x28, 0x40, 0x30, 0x60, 0x30, 0x81, 0x38,
    0x60, 0x30, 0x40, 0x30, 0x40, 0x28, 0x20, 0x28, 0x20, 0x28, 0x00, 0x28,
    0x00, 0x28, 0x20, 0x28, 0x20, 0x28, 0x00, 0x20, 0x20, 0x20, 0x68, 0x82,
    0xce, 0xcb, 0x0f, 0xdc, 0x50, 0xe4, 0xd2, 0xec, 0x13, 0xed, 0x13, 0xed,
    0x13, 0xed, 0x13, 0xed, 0xb1, 0xe4, 0xb1, 0xec, 0xb1, 0xec, 0x50, 0xe4,
    0x50, 0xe4, 0x90, 0xec, 0x4f, 0xe4, 0x70, 0xe4, 0x50, 0xdc, 0x2f, 0xdc,
    0x50, 0xdc, 0x4f, 0xd4, 0x0f, 0xcc, 0x8d, 0xb3, 0x4c, 0xab, 0xd2, 0xdc,
    0xb2, 0xdc, 0xb1, 0xdc, 0x71, 0xdc, 0x91, 0xdc, 0xb1, 0xe4, 0x50, 0xd4,
    0x4b, 0xa3, 0x4a, 0x93, 0x45, 0x72, 0xe9, 0x8a, 0x6b, 0x9b, 0x64, 0x61,
    0xea, 0x92, 0xb2, 0xdc, 0xd2, 0xdc, 0x91, 0xdc, 0x71, 0xdc, 0x31, 0xcc,
    0x30, 0xcc, 0xf0, 0xc3, 0xae, 0xbb, 0x2b, 0xab, 0x07, 0x82, 0xe2, 0x50,
    0xe1, 0x50, 0x04, 0x8a, 0x05, 0x8a, 0xe4, 0x89, 0xa3, 0x79, 0xa3, 0x79,
    0x83, 0x71, 0x83, 0x71, 0x83, 0x71, 0xa3, 0x79, 0x83, 0x71, 0x83, 0x71,
    0x61, 0x10, 0x61, 0x10, 0x81, 0x10, 0x61, 0x10, 0x61, 0x10, 0x81, 0x10,
    0x61, 0x10, 0x81, 0x18, 0x81, 0x10, 0x81, 0x18, 0x81, 0x18, 0x29, 0xa3,
    0x0c, 0xe4, 0x0c, 0xdc, 0x2d, 0xe4, 0x0c, 0xe4, 0x0c, 0xe4, 0xcb, 0xdb,
    0x0b, 0xe4, 0x2c, 0xe4, 0x6d, 0xec, 0x6d, 0xec, 0x2c, 0xe4, 0xcb, 0xdb,
    0xcb, 0xdb, 0x6a, 0xcb, 0x6a, 0xcb, 0x69, 0xc3, 0x29, 0xbb, 0x49, 0xbb,
    0x28, 0xbb, 0x49, 0xc3, 0x49, 0xc3, 0x29, 0xc3, 0x49, 0xc3, 0x69, 0xcb,
    0x49, 0xc3, 0x49, 0xc3, 0x28, 0xbb, 0x08, 0xb3, 0xe8, 0xb2, 0x45, 0x9a,
    0x25, 0x92, 0x04, 0x8a, 0xc4, 0x81, 0xe4, 0x81, 0x04, 0x8a, 0x05, 0x8a,
    0x25, 0x92, 0x25, 0x92, 0x04, 0x8a, 0x04, 0x8a, 0xc4, 0x81, 0xa3, 0x79,
    0xc4, 0x79, 0xa4, 0x79, 0x83, 0x71, 0x83, 0x71, 0x42, 0x69, 0x42, 0x69,
    0x21, 0x61, 0x21, 0x69, 0x62, 0x71, 0x83, 0x79, 0x62, 0x69, 0x00, 0x18,
    0x40, 0x28, 0xa1, 0x40, 0x80, 0x38, 0x20, 0x28, 0x00, 0x18, 0x20, 0x20,
    0x40, 0x30, 0x80, 0x38, 0xa0, 0x40, 0xa1, 0x40, 0xc1, 0x48, 0x01, 0x59,
    0x42, 0x69, 0x42, 0x69, 0x63, 0x71, 0x63, 0x71, 0x42, 0x69, 0x01, 0x59,
    0xe1, 0x50, 0xc1, 0x48, 0xc1, 0x48, 0xe1, 0x50, 0x01, 0x59, 0xe1, 0x50,
    0x01, 0x59, 0x02, 0x59, 0x01, 0x59, 0x01, 0x51, 0xc1, 0x50, 0xe1, 0x50,
    0xc1, 0x48, 0x80, 0x38, 0x60, 0x30, 0x40, 0x30, 0xe4, 0x79, 0x24, 0x8a,
    0x81, 0x71, 0x62, 0x69, 0x42, 0x61, 0x40, 0x30, 0x80, 0x38, 0xc1, 0x40,
    0x80, 0x38, 0x60, 0x38, 0xc1, 0x48, 0xe1, 0x50, 0x01, 0x51, 0x01, 0x59,
    0x01, 0x51, 0xc1, 0x48, 0x81, 0x38, 0x20, 0x28, 0x40, 0x30, 0x81, 0x38,
    0xc1, 0x48, 0x22, 0x59, 0x42, 0x61, 0x83, 0x71, 0x83, 0x71, 0x01, 0x59,
    0xe1, 0x50, 0xa1, 0x40, 0x80, 0x38, 0x60, 0x38, 0x40, 0x28, 0x20, 0x28,
    0x64, 0x51, 0x2a, 0xb3, 0x09, 0xb3, 0x08, 0xab, 0xa7, 0xa2, 0xa7, 0xa2,
    0x66, 0x9a, 0x25, 0x8a, 0x25, 0x8a, 0x05, 0x8a, 0xe4, 0x81, 0xe4, 0x79,
    0xa4, 0x71, 0x43, 0x61, 0x01, 0x51, 0xc1, 0x48, 0xa1, 0x40, 0x60, 0x30,
    0x20, 0x28, 0x20, 0x20, 0x20, 0x20, 0x20, 0x28, 0xa3, 0x71, 0x41, 0x61,
    0xe0, 0x50, 0xa2, 0x71, 0x40, 0x30, 0x00, 0x20, 0x00, 0x20, 0x00, 0x18,
    0x00, 0x18, 0x00, 0x18, 0x20, 0x20, 0x20, 0x28, 0x41, 0x30, 0x40, 0x30,
    0x60, 0x30, 0x40, 0x30, 0x20, 0x28, 0x00, 0x28, 0x00, 0x28, 0x20, 0x28,
    0x20, 0x28, 0x00, 0x28, 0x01, 0x20, 0x20, 0x20, 0x44, 0x49, 0x8d, 0xbb,
    0x2f, 0xdc, 0x2f, 0xdc, 0x70, 0xe4, 0xb2, 0xe4, 0xd2, 0xec, 0xf2, 0xec,
    0x13, 0xed, 0xf3, 0xec, 0xd2, 0xec, 0x71, 0xe4, 0x70, 0xe4, 0x91, 0xec,
    0x91, 0xec, 0x91, 0xec, 0x50, 0xec, 0x50, 0xe4, 0x2f, 0xdc, 0x0f, 0xd4,
    0x2f, 0xd4, 0x0f, 0xcc, 0xee, 0xc3, 0xee, 0xcb, 0x4f, 0xcc, 0x50, 0xd4,
    0x91, 0xdc, 0x50, 0xd4, 0x70, 0xd4, 0x70, 0xdc, 0x70, 0xd4, 0x70, 0xd4,
    0xee, 0xbb, 0x88, 0x8a, 0x66, 0x82, 0xa6, 0x92, 0x27, 0xab, 0xca, 0x8a,
    0xd2, 0xdc, 0xf2, 0xe4, 0x71, 0xdc, 0xef, 0xcb, 0x30, 0xd4, 0xcf, 0xc3,
    0xce, 0xc3, 0x8d, 0xbb, 0x0a, 0xab, 0x67, 0x9a, 0x46, 0x92, 0x46, 0x92,
    0x25, 0x8a, 0x66, 0x9a, 0x66, 0x9a, 0x66, 0x92, 0x46, 0x92, 0x66, 0x92,
    0x25, 0x8a, 0x62, 0x69, 0x62, 0x69, 0x43, 0x69, 0x63, 0x69, 0x83, 0x71,
    0x61, 0x10, 0x61, 0x10, 0x61, 0x10, 0x61, 0x10, 0x61, 0x10, 0x81, 0x10,
    0x82, 0x10, 0x81, 0x10, 0x81, 0x10, 0x81, 0x18, 0x82, 0x18, 0x09, 0xa3,
    0x0c, 0xe4, 0x0c, 0xe4, 0x2c, 0xe4, 0x2d, 0xe4, 0x0c, 0xe4, 0x0c, 0xdc,
    0xeb, 0xdb, 0x2c, 0xe4, 0x6e, 0xec, 0x6d, 0xec, 0x2d, 0xec, 0xcb, 0xdb,
    0xcb, 0xd3, 0xaa, 0xd3, 0x8a, 0xcb, 0x49, 0xc3, 0x49, 0xc3, 0x08, 0xbb,
    0x08, 0xbb, 0x08, 0xbb, 0x08, 0xbb, 0x28, 0xbb, 0x29, 0xc3, 0x49, 0xc3,
    0x28, 0xbb, 0x48, 0xbb, 0x49, 0xc3, 0x29, 0xbb, 0xe8, 0xb2, 0xc7, 0xaa,
    0x45, 0x92, 0x25, 0x92, 0xe4, 0x89, 0xc4, 0x81, 0xc4, 0x81, 0xc4, 0x81,
    0x05, 0x8a, 0x04, 0x8a, 0x25, 0x92, 0x25, 0x92, 0xe5, 0x89, 0x25, 0x92,
    0x25, 0x92, 0x05, 0x8a, 0xe4, 0x81, 0xc4, 0x79, 0x83, 0x71, 0x43, 0x69,
    0x22, 0x69, 0x42, 0x69, 0x62, 0x71, 0xc4, 0x81, 0xa3, 0x79, 0x00, 0x18,
    0x20, 0x20, 0xa1, 0x38, 0x81, 0x38, 0x20, 0x20, 0x00, 0x10, 0x20, 0x18,
    0x20, 0x28, 0x60, 0x38, 0x80, 0x38, 0x80, 0x38, 0x80, 0x40, 0xc1, 0x48,
    0xe1, 0x50, 0x22, 0x61, 0x42, 0x61, 0x42, 0x69, 0x43, 0x61, 0x02, 0x59,
    0xe1, 0x50, 0xc1, 0x48, 0xa1, 0x48, 0xa0, 0x40, 0xc1, 0x48, 0xc1, 0x50,
    0xc1, 0x50, 0xe1, 0x50, 0xc1, 0x50, 0xc1, 0x48, 0xc1, 0x48, 0xa1, 0x40,
    0xa1, 0x40, 0x81, 0x40, 0x60, 0x30, 0x20, 0x30, 0x83, 0x69, 0xe4, 0x81,
    0x61, 0x69, 0x21, 0x61, 0xa3, 0x71, 0x20, 0x28, 0x60, 0x38, 0xa1, 0x40,
    0x80, 0x38, 0x60, 0x38, 0xa1, 0x40, 0xc1, 0x48, 0xc1, 0x50, 0x01, 0x51,
    0xe1, 0x50, 0xc1, 0x48, 0x60, 0x30, 0x20, 0x28, 0x20, 0x28, 0x60, 0x30,
    0xa1, 0x40, 0xe1, 0x50, 0x22, 0x61, 0x42, 0x61, 0xa3, 0x71, 0x01, 0x59,
    0xc1, 0x48, 0x80, 0x38, 0x81, 0x38, 0x60, 0x30, 0x60, 0x30, 0x20, 0x28,
    0x6a, 0xb3, 0x8a, 0xc3, 0x09, 0xb3, 0xe8, 0xb2, 0x86, 0x9a, 0x26, 0x92,
    0x45, 0x92, 0x25, 0x8a, 0x25, 0x8a, 0x25, 0x92, 0x25, 0x92, 0x45, 0x92,
    0x25, 0x92, 0x46, 0x92, 0x45, 0x92, 0xe4, 0x81, 0x63, 0x61, 0xc1, 0x40,
    0x20, 0x20, 0x20, 0x20, 0x00, 0x20, 0x20, 0x28, 0xc3, 0x71, 0xe4, 0x79,
    0x01, 0x59, 0xa0, 0x38, 0x40, 0x30, 0x00, 0x20, 0x00, 0x18, 0x00, 0x18,
    0x00, 0x10, 0x00, 0x18, 0x20, 0x20, 0x20, 0x28, 0x40, 0x28, 0x40, 0x28,
    0x20, 0x28, 0x20, 0x28, 0x00, 0x20, 0x20, 0x28, 0x01, 0x20, 0x20, 0x28,
    0x00, 0x28, 0x00, 0x28, 0x20, 0x20, 0x21, 0x20, 0xea, 0x9a, 0xee, 0xd3,
    0x2f, 0xd4, 0x50, 0xdc, 0xb1, 0xe4, 0xf2, 0xec, 0xf3, 0xec, 0xf3, 0xec,
    0xd2, 0xe4, 0xf2, 0xec, 0x91, 0xe4, 0xb2, 0xe4, 0x91, 0xec, 0xd2, 0xec,
    0xb1, 0xec, 0x70, 0xec, 0x2f, 0xe4, 0x0f, 0xdc, 0x0e, 0xdc, 0xee, 0xd3,
    0xee, 0xcb, 0xee, 0xcb, 0xce, 0xc3, 0xee, 0xcb, 0xee, 0xcb, 0x0f, 0xcc,
    0x0f, 0xcc, 0x2f, 0xcc, 0x50, 0xd4, 0x70, 0xd4, 0x70, 0xd4, 0x0f, 0xcc,
    0xad, 0xbb, 0xea, 0xa2, 0x84, 0x69, 0x66, 0x8a, 0x88, 0x8a, 0xf2, 0xdc,
    0xb1, 0xdc, 0x71, 0xdc, 0xae, 0xc3, 0x4c, 0xbb, 0x6c, 0xbb, 0x2b, 0xb3,
    0xea, 0xaa, 0xc9, 0xa2, 0x87, 0x9a, 0x26, 0x92, 0x46, 0x92, 0x25, 0x8a,
    0x05, 0x8a, 0x05, 0x8a, 0x25, 0x92, 0x25, 0x8a, 0x05, 0x8a, 0x05, 0x8a,
    0x46, 0x92, 0x86, 0x9a, 0xc4, 0x79, 0xa1, 0x48, 0xe1, 0x50, 0x02, 0x59,
    0x61, 0x10, 0x61, 0x10, 0x81, 0x10, 0x61, 0x10, 0x81, 0x10, 0x81, 0x10,
    0x81, 0x10, 0x82, 0x10, 0x82, 0x10, 0x82, 0x18, 0x81, 0x18, 0x09, 0x9b,
    0x0c, 0xe4, 0x2d, 0xe4, 0x2d, 0xe4, 0x2c, 0xe4, 0x2c, 0xe4, 0x0c, 0xe4,
    0xeb, 0xdb, 0x0c, 0xe4, 0x6e, 0xf4, 0x6d, 0xec, 0x2c, 0xec, 0x0c, 0xe4,
    0xcb, 0xd3, 0xaa, 0xd3, 0x8a, 0xcb, 0x69, 0xc3, 0x29, 0xbb, 0xe8, 0xb2,
    0xe7, 0xb2, 0x08, 0xb3, 0x08, 0xb3, 0x49, 0xc3, 0x49, 0xc3, 0x69, 0xc3,
    0x29, 0xc3, 0x28, 0xbb, 0x49, 0xc3, 0x69, 0xc3, 0x28, 0xbb, 0xe8, 0xb2,
    0xa7, 0xa2, 0x45, 0x92, 0x05, 0x8a, 0xe4, 0x89, 0xc4, 0x81, 0xa3, 0x79,
    0xe4, 0x89, 0x05, 0x8a, 0x25, 0x8a, 0x45, 0x92, 0x25, 0x92, 0x25, 0x92,
    0x46, 0x92, 0x05, 0x92, 0xe4, 0x89, 0xa4, 0x79, 0x63, 0x71, 0x42, 0x69,
    0x42, 0x69, 0x62, 0x71, 0xc4, 0x81, 0xc4, 0x81, 0x83, 0x71, 0x00, 0x10,
    0x20, 0x18, 0x60, 0x30, 0x40, 0x28, 0x00, 0x18, 0x00, 0x10, 0x00, 0x10,
    0x20, 0x18, 0x21, 0x28, 0x20, 0x28, 0x40, 0x30, 0x60, 0x38, 0x60, 0x38,
    0xa1, 0x40, 0x43, 0x59, 0xc5, 0x71, 0xe6, 0x79, 0xa4, 0x71, 0x43, 0x61,
    0x22, 0x59, 0x02, 0x51, 0x23, 0x51, 0x64, 0x59, 0xe6, 0x69, 0x27, 0x72,
    0x69, 0x82, 0x68, 0x7a, 0x68, 0x82, 0x68, 0x82, 0x07, 0x72, 0xc6, 0x69,
    0x64, 0x59, 0xc1, 0x40, 0x61, 0x30, 0x40, 0x30, 0x83, 0x69, 0x62, 0x69,
    0x01, 0x59, 0xe1, 0x50, 0xe1, 0x50, 0xe2, 0x48, 0x83, 0x69, 0x22, 0x59,
    0xe1, 0x48, 0x80, 0x38, 0xa1, 0x40, 0xa0, 0x48, 0xe1, 0x50, 0xe1, 0x50,
    0xc1, 0x50, 0xc1, 0x40, 0x80, 0x38, 0x20, 0x28, 0x40, 0x28, 0x60, 0x30,
    0xa0, 0x38, 0xc1, 0x48, 0x01, 0x59, 0x42, 0x61, 0x83, 0x71, 0xe1, 0x50,
    0xa1, 0x40, 0xa1, 0x40, 0x60, 0x30, 0x60, 0x30, 0x61, 0x30, 0x40, 0x30,
    0xaa, 0xc3, 0x49, 0xbb, 0xe8, 0xb2, 0xa7, 0xa2, 0x66, 0x9a, 0x25, 0x92,
    0x25, 0x8a, 0x25, 0x92, 0x05, 0x8a, 0x04, 0x8a, 0x45, 0x92, 0x25, 0x92,
    0x25, 0x92, 0x25, 0x92, 0x25, 0x92, 0x25, 0x92, 0x25, 0x92, 0xe4, 0x89,
    0xe4, 0x81, 0x84, 0x71, 0x22, 0x59, 0xc1, 0x40, 0x04, 0x82, 0x83, 0x71,
    0x01, 0x51, 0x42, 0x59, 0x61, 0x30, 0x00, 0x18, 0x00, 0x18, 0x01, 0x10,
    0x00, 0x10, 0x00, 0x10, 0x01, 0x18, 0x20, 0x20, 0x20, 0x28, 0x20, 0x28,
    0x21, 0x28, 0x00, 0x20, 0x20, 0x20, 0x00, 0x20, 0x00, 0x20, 0x00, 0x20,
    0x00, 0x28, 0x00, 0x20, 0x00, 0x18, 0x07, 0x72, 0x8d, 0xbb, 0x2f, 0xd4,
    0x70, 0xdc, 0x91, 0xe4, 0x91, 0xe4, 0xf2, 0xe4, 0x13, 0xed, 0xf3, 0xec,
    0xb2, 0xe4, 0x91, 0xe4, 0xb2, 0xec, 0xb1, 0xec, 0xb2, 0xec, 0xd2, 0xec,
    0xd2, 0xf4, 0x70, 0xec, 0x2f, 0xdc, 0x0e, 0xdc, 0xee, 0xd3, 0xce, 0xcb,
    0xcd, 0xcb, 0xcd, 0xcb, 0x0e, 0xcc, 0x8d, 0xbb, 0x8d, 0xbb, 0xad, 0xc3,
    0xcd, 0xc3, 0x0e, 0xcc, 0x70, 0xd4, 0x50, 0xd4, 0x0e, 0xc4, 0x8c, 0xbb,
    0x2b, 0xab, 0xc8, 0xa2, 0x67, 0x92, 0x46, 0x8a, 0x4a, 0xab, 0xe9, 0xaa,
    0x67, 0x9a, 0x66, 0x9a, 0x66, 0x92, 0x25, 0x8a, 0x46, 0x92, 0x46, 0x92,
    0x45, 0x92, 0x25, 0x92, 0x45, 0x92, 0x46, 0x92, 0x25, 0x8a, 0x45, 0x92,
    0x25, 0x92, 0x25, 0x8a, 0x25, 0x8a, 0x25, 0x8a, 0x25, 0x8a, 0xe4, 0x81,
    0x05, 0x8a, 0x04, 0x82, 0x46, 0x92, 0x46, 0x8a, 0xc1, 0x38, 0x20, 0x28,
    0x61, 0x08, 0x61, 0x08, 0x61, 0x10, 0x61, 0x10, 0x61, 0x10, 0x61, 0x10,
    0x81, 0x10, 0x81, 0x10, 0x82, 0x10, 0x81, 0x18, 0x81, 0x18, 0xc8, 0x92,
    0x0c, 0xdc, 0x0c, 0xdc, 0x0c, 0xe4, 0x2c, 0xe4, 0x0c, 0xe4, 0xeb, 0xdb,
    0x0c, 0xe4, 0x2c, 0xe4, 0x8e, 0xec, 0x6e, 0xec, 0x6d, 0xec, 0x2c, 0xe4,
    0xcb, 0xd3, 0xab, 0xd3, 0x69, 0xcb, 0x48, 0xbb, 0xe8, 0xb2, 0xe8, 0xb2,
    0xe7, 0xb2, 0xe8, 0xb2, 0xe8, 0xb2, 0x28, 0xbb, 0x49, 0xc3, 0x49, 0xc3,
    0x08, 0xbb, 0x29, 0xc3, 0x49, 0xc3, 0x08, 0xbb, 0x08, 0xbb, 0xe7, 0xb2,
    0xe7, 0xaa, 0x87, 0xa2, 0x66, 0x9a, 0x45, 0x92, 0xe4, 0x81, 0xc3, 0x81,
    0xc4, 0x81, 0x04, 0x8a, 0x25, 0x92, 0x25, 0x92, 0x25, 0x92, 0x25, 0x92,
    0x25, 0x8a, 0xe4, 0x89, 0xc4, 0x79, 0x83, 0x71, 0x42, 0x69, 0x42, 0x69,
    0x62, 0x71, 0x83, 0x79, 0xc4, 0x89, 0xc3, 0x81, 0x01, 0x59, 0x00, 0x08,
    0x00, 0x10, 0x20, 0x18, 0x20, 0x18, 0x00, 0x08, 0x00, 0x08, 0x00, 0x10,
    0x21, 0x18, 0x20, 0x18, 0x41, 0x28, 0xa6, 0x59, 0xaa, 0x92, 0x6c, 0xb3,
    0xce, 0xc3, 0xee, 0xcb, 0xee, 0xcb, 0x0f, 0xcc, 0xee, 0xc3, 0xee, 0xc3,
    0x0f, 0xcc, 0x0f, 0xcc, 0x50, 0xcc, 0x50, 0xcc, 0x2f, 0xcc, 0x50, 0xcc,
    0x70, 0xd4, 0x91, 0xd4, 0x70, 0xd4, 0x2f, 0xcc, 0x2f, 0xcc, 0x2f, 0xcc,
    0x0f, 0xc4, 0xce, 0xbb, 0x8d, 0xab, 0xea, 0x9a, 0x89, 0x8a, 0xe6, 0x71,
    0x02, 0x59, 0x01, 0x51, 0x28, 0xab, 0x88, 0xc3, 0xe6, 0xaa, 0xa5, 0xa2,
    0xc6, 0xa2, 0xc6, 0xa2, 0xe7, 0xaa, 0xc6, 0xa2, 0xe7, 0xa2, 0xc6, 0xa2,
    0xa6, 0x9a, 0xa6, 0x9a, 0xc7, 0xa2, 0xc7, 0xa2, 0xa7, 0x9a, 0xa6, 0x9a,
    0xa6, 0x9a, 0xe7, 0xa2, 0xc6, 0xa2, 0xa6, 0x9a, 0x86, 0x9a, 0x65, 0x92,
    0x45, 0x8a, 0x25, 0x82, 0x25, 0x82, 0xe4, 0x79, 0x46, 0x8a, 0x29, 0xb3,
    0xeb, 0xd3, 0x29, 0xbb, 0xc8, 0xaa, 0x86, 0x9a, 0x46, 0x92, 0x05, 0x8a,
    0x25, 0x92, 0x25, 0x92, 0x25, 0x92, 0x25, 0x92, 0x25, 0x92, 0x04, 0x8a,
    0xe4, 0x89, 0xe4, 0x89, 0x04, 0x8a, 0x25, 0x92, 0x05, 0x8a, 0xe4, 0x81,
    0xc4, 0x81, 0xc4, 0x81, 0x05, 0x82, 0xc4, 0x81, 0xe4, 0x81, 0xc4, 0x79,
    0x62, 0x69, 0xa1, 0x40, 0x20, 0x20, 0x00, 0x18, 0x00, 0x18, 0x00, 0x10,
    0x00, 0x08, 0x20, 0x10, 0x00, 0x20, 0x20, 0x20, 0x20, 0x28, 0x20, 0x28,
    0x20, 0x28, 0x00, 0x20, 0x20, 0x28, 0x21, 0x28, 0x00, 0x28, 0x20, 0x28,
    0x21, 0x28, 0x20, 0x20, 0xe2, 0x38, 0x4b, 0xab, 0x0e, 0xcc, 0x2f, 0xd4,
    0x50, 0xdc, 0x90, 0xdc, 0xd2, 0xe4, 0xf3, 0xe4, 0x13, 0xed, 0xd2, 0xe4,
    0xb1, 0xe4, 0x91, 0xe4, 0x91, 0xe4, 0xd2, 0xec, 0xd2, 0xec, 0xd2, 0xec,
    0xb1, 0xec, 0x2f, 0xe4, 0xad, 0xd3, 0x2a, 0xbb, 0xc8, 0xaa, 0xc8, 0xaa,
    0x09, 0xb3, 0x2b, 0xb3, 0x6c, 0xbb, 0x2b, 0xb3, 0xea, 0xaa, 0x6c, 0xbb,
    0xce, 0xc3, 0xcd, 0xc3, 0x8c, 0xbb, 0x0a, 0xab, 0xc8, 0xa2, 0x87, 0x9a,
    0x67, 0x9a, 0x46, 0x92, 0x25, 0x8a, 0x25, 0x8a, 0x05, 0x8a, 0x25, 0x92,
    0x26, 0x92, 0x05, 0x8a, 0x05, 0x8a, 0x25, 0x8a, 0x25, 0x8a, 0x05, 0x8a,
    0x05, 0x8a, 0x25, 0x8a, 0x25, 0x8a, 0x25, 0x92, 0x25, 0x8a, 0x45, 0x92,
    0x46, 0x92, 0x45, 0x8a, 0x46, 0x92, 0x05, 0x8a, 0x25, 0x8a, 0x25, 0x8a,
    0x04, 0x8a, 0xe4, 0x81, 0xe5, 0x81, 0x25, 0x8a, 0xa7, 0x9a, 0x64, 0x51,
    0x61, 0x10, 0x61, 0x10, 0x61, 0x08, 0x61, 0x10, 0x81, 0x10, 0x81, 0x10,
    0x81, 0x10, 0x81, 0x10, 0x81, 0x10, 0x82, 0x18, 0x81, 0x18, 0xc8, 0x92,
    0x0c, 0xe4, 0x0c, 0xe4, 0x2d, 0xe4, 0x2c, 0xe4, 0x0c, 0xe4, 0x0c, 0xe4,
    0x2c, 0xe4, 0x2c, 0xe4, 0x8e, 0xf4, 0x8e, 0xf4, 0x4d, 0xec, 0x2c, 0xe4,
    0xec, 0xe3, 0x8a, 0xcb, 0x8a, 0xcb, 0x29, 0xc3, 0x08, 0xbb, 0x08, 0xb3,
    0xe8, 0xb2, 0xe7, 0xb2, 0x08, 0xb3, 0x08, 0xbb, 0x29, 0xbb, 0x69, 0xc3,
    0x29, 0xbb, 0x49, 0xc3, 0x28, 0xbb, 0x69, 0xc3, 0x08, 0xbb, 0x28, 0xbb,
    0xe8, 0xaa, 0xa7, 0xa2, 0x86, 0x9a, 0x46, 0x92, 0x25, 0x92, 0x05, 0x8a,
    0x05, 0x8a, 0xe4, 0x89, 0x25, 0x8a, 0x25, 0x92, 0x25, 0x92, 0x05, 0x8a,
    0xc4, 0x81, 0xc4, 0x79, 0x83, 0x71, 0x42, 0x69, 0x22, 0x69, 0x62, 0x71,
    0x83, 0x79, 0xa3, 0x81, 0xc4, 0x81, 0x62, 0x69, 0x60, 0x38, 0x00, 0x08,
    0x00, 0x00, 0x00, 0x08, 0x01, 0x08, 0x00, 0x08, 0x20, 0x08, 0x00, 0x08,
    0x81, 0x28, 0xe7, 0x69, 0x6d, 0xb3, 0x30, 0xd4, 0x70, 0xdc, 0x50, 0xd4,
    0x30, 0xd4, 0x50, 0xd4, 0x50, 0xdc, 0x90, 0xdc, 0x71, 0xdc, 0x90, 0xdc,
    0x91, 0xdc, 0x90, 0xdc, 0x91, 0xdc, 0xd2, 0xe4, 0xf2, 0xe4, 0x13, 0xed,
    0xf2, 0xe4, 0xd2, 0xe4, 0xd2, 0xe4, 0x13, 0xe5, 0xf2, 0xe4, 0x91, 0xdc,
    0x70, 0xd4, 0x50, 0xcc, 0x2f, 0xcc, 0x0f, 0xc4, 0xee, 0xbb, 0x8c, 0xb3,
    0x2a, 0xa3, 0x8a, 0xbb, 0x89, 0xc3, 0xe6, 0xb2, 0x07, 0xb3, 0x28, 0xbb,
    0x48, 0xbb, 0x68, 0xc3, 0x68, 0xc3, 0x68, 0xbb, 0x88, 0xc3, 0x48, 0xbb,
    0x48, 0xbb, 0x89, 0xc3, 0x48, 0xbb, 0x48, 0xbb, 0x48, 0xbb, 0x28, 0xb3,
    0x28, 0xb3, 0x08, 0xb3, 0x07, 0xb3, 0x07, 0xb3, 0xe7, 0xaa, 0xe7, 0xaa,
    0xc6, 0xaa, 0xc7, 0xaa, 0x07, 0xb3, 0x89, 0xc3, 0x0b, 0xdc, 0x2c, 0xe4,
    0x0b, 0xdc, 0x29, 0xbb, 0x87, 0xa2, 0x46, 0x92, 0x25, 0x92, 0x25, 0x92,
    0x46, 0x92, 0x45, 0x92, 0x25, 0x92, 0x05, 0x8a, 0x25, 0x92, 0x04, 0x8a,
    0x04, 0x8a, 0xe4, 0x81, 0xe4, 0x89, 0x04, 0x8a, 0xc4, 0x81, 0xa3, 0x79,
    0x83, 0x71, 0xa3, 0x79, 0xa3, 0x79, 0xa3, 0x71, 0x83, 0x71, 0xa3, 0x79,
    0xa4, 0x79, 0xc4, 0x79, 0x02, 0x51, 0x20, 0x20, 0x20, 0x18, 0x00, 0x10,
    0x20, 0x18, 0x41, 0x20, 0x23, 0x51, 0x84, 0x61, 0xa4, 0x69, 0xe5, 0x79,
    0x05, 0x82, 0x26, 0x8a, 0x26, 0x8a, 0x26, 0x8a, 0x26, 0x8a, 0x05, 0x82,
    0x26, 0x8a, 0x05, 0x8a, 0x46, 0x8a, 0xa8, 0xa2, 0x0a, 0xab, 0x4b, 0xb3,
    0xee, 0xcb, 0x90, 0xdc, 0xf2, 0xe4, 0xf3, 0xe4, 0xf3, 0xe4, 0xf2, 0xec,
    0xb1, 0xe4, 0x91, 0xe4, 0x70, 0xe4, 0x91, 0xe4, 0x91, 0xe4, 0x2f, 0xd4,
    0xad, 0xc3, 0xc9, 0xaa, 0x66, 0x9a, 0x66, 0x9a, 0x66, 0x9a, 0x66, 0x9a,
    0x66, 0xa2, 0x66, 0x9a, 0x87, 0xa2, 0x87, 0x9a, 0x05, 0x82, 0xc5, 0x79,
    0xe4, 0x81, 0xe5, 0x81, 0x05, 0x8a, 0x05, 0x8a, 0x25, 0x8a, 0x05, 0x8a,
    0x25, 0x8a, 0x05, 0x8a, 0x05, 0x8a, 0xe4, 0x81, 0x05, 0x8a, 0x04, 0x82,
    0x05, 0x82, 0x04, 0x82, 0x05, 0x8a, 0x05, 0x82, 0x05, 0x8a, 0x25, 0x8a,
    0x05, 0x8a, 0x05, 0x8a, 0x05, 0x82, 0x25, 0x8a, 0x46, 0x92, 0x25, 0x8a,
    0x25, 0x92, 0x25, 0x8a, 0x25, 0x8a, 0x45, 0x92, 0x25, 0x8a, 0x05, 0x8a,
    0x05, 0x8a, 0x04, 0x82, 0xe4, 0x81, 0x05, 0x8a, 0x05, 0x82, 0x87, 0x9a,
    0x61, 0x08, 0x61, 0x10, 0x61, 0x10, 0x61, 0x08, 0x61, 0x10, 0x81, 0x10,
    0x81, 0x10, 0x81, 0x10, 0x81, 0x10, 0x82, 0x18, 0x81, 0x18, 0xa8, 0x8a,
    0x0c, 0xdc, 0x0c, 0xe4, 0x4d, 0xe4, 0x2c, 0xe4, 0x0c, 0xdc, 0x0c, 0xe4,
    0xeb, 0xe3, 0x0b, 0xdc, 0x6e, 0xec, 0x8e, 0xf4, 0x6d, 0xec, 0x2c, 0xe4,
    0xeb, 0xdb, 0x0c, 0xdc, 0x8a, 0xcb, 0x49, 0xc3, 0x08, 0xb3, 0x08, 0xb3,
    0xc7, 0xaa, 0xc7, 0xaa, 0xe7, 0xb2, 0xc8, 0xaa, 0x49, 0xbb, 0x29, 0xbb,
    0x29, 0xbb, 0x08, 0xbb, 0x08, 0xbb, 0x49, 0xc3, 0x29, 0xbb, 0x49, 0xbb,
    0x28, 0xbb, 0xe8, 0xb2, 0xc7, 0xaa, 0xc8, 0xaa, 0x66, 0x9a, 0x46, 0x92,
    0x45, 0x92, 0x05, 0x8a, 0x05, 0x8a, 0x04, 0x8a, 0x26, 0x92, 0xe5, 0x89,
    0xc4, 0x79, 0x83, 0x71, 0x62, 0x69, 0x42, 0x69, 0x42, 0x69, 0x62, 0x71,
    0xa3, 0x79, 0xa3, 0x81, 0x62, 0x71, 0xa0, 0x40, 0x80, 0x40, 0x81, 0x40,
    0x40, 0x20, 0x00, 0x00, 0x00, 0x00, 0x00, 0x00, 0x00, 0x08, 0xa2, 0x30,
    0xca, 0x92, 0x50, 0xd4, 0xf3, 0xec, 0xf3, 0xec, 0xd2, 0xe4, 0x91, 0xe4,
    0x71, 0xe4, 0x70, 0xdc, 0x70, 0xdc, 0x71, 0xdc, 0x91, 0xdc, 0x91, 0xdc,
    0x91, 0xdc, 0xb1, 0xdc, 0xd1, 0xe4, 0xf2, 0xec, 0x13, 0xed, 0x54, 0xf5,
    0x33, 0xed, 0x33, 0xed, 0x13, 0xed, 0x33, 0xed, 0x13, 0xe5, 0xd2, 0xdc,
    0x70, 0xd4, 0x50, 0xcc, 0x70, 0xd4, 0x70, 0xd4, 0x2f, 0xcc, 0x0e, 0xc4,
    0x2e, 0xcc, 0x4c, 0xdc, 0x48, 0xc3, 0xe6, 0xaa, 0x07, 0xb3, 0x48, 0xbb,
    0x88, 0xc3, 0x89, 0xcb, 0x88, 0xcb, 0x88, 0xcb, 0x69, 0xc3, 0x48, 0xc3,
    0x48, 0xbb, 0x48, 0xbb, 0x27, 0xbb, 0x48, 0xbb, 0x48, 0xbb, 0x68, 0xc3,
    0x48, 0xbb, 0x07, 0xb3, 0x07, 0xb3, 0xe7, 0xaa, 0x07, 0xb3, 0x07, 0xb3,
    0x07, 0xb3, 0x28, 0xb3, 0xa9, 0xcb, 0x2c, 0xdc, 0x0b, 0xdc, 0x2c, 0xe4,
    0x0c, 0xe4, 0x08, 0xb3, 0x66, 0x9a, 0x25, 0x92, 0x25, 0x92, 0x25, 0x92,
    0x66, 0x9a, 0x25, 0x92, 0xe4, 0x81, 0x25, 0x92, 0xe4, 0x89, 0xe4, 0x81,
    0xc4, 0x81, 0xe4, 0x81, 0xa4, 0x81, 0xc3, 0x79, 0xa3, 0x79, 0x83, 0x71,
    0x83, 0x71, 0x83, 0x71, 0x83, 0x71, 0x83, 0x71, 0x63, 0x71, 0x83, 0x71,
    0x62, 0x71, 0xc4, 0x79, 0xe4, 0x81, 0x26, 0x82, 0x05, 0x7a, 0x05, 0x7a,
    0x05, 0x82, 0x66, 0x92, 0x46, 0x8a, 0x26, 0x92, 0x26, 0x8a, 0x26, 0x8a,
    0x25, 0x8a, 0x25, 0x8a, 0x25, 0x8a, 0x45, 0x92, 0x25, 0x92, 0x45, 0x8a,
    0x05, 0x8a, 0x05, 0x8a, 0x04, 0x82, 0x05, 0x8a, 0x05, 0x8a, 0xe5, 0x81,
    0x05, 0x8a, 0xe4, 0x81, 0x26, 0x8a, 0xe9, 0xa2, 0x4b, 0xb3, 0x2b, 0xb3,
    0x0a, 0xab, 0xc8, 0xaa, 0x87, 0x9a, 0x46, 0x92, 0x25, 0x92, 0xe5, 0x89,
    0x25, 0x8a, 0x25, 0x8a, 0x05, 0x8a, 0x25, 0x92, 0x45, 0x92, 0x26, 0x92,
    0x46, 0x92, 0x25, 0x92, 0x46, 0x9a, 0x66, 0x9a, 0x86, 0x9a, 0xc4, 0x79,
    0x02, 0x59, 0x42, 0x61, 0x83, 0x71, 0xa4, 0x79, 0xa4, 0x79, 0xe4, 0x81,
    0xe4, 0x81, 0xe4, 0x81, 0xe4, 0x81, 0xe4, 0x81, 0xe5, 0x81, 0xc4, 0x81,
    0xe4, 0x81, 0x04, 0x82, 0xe4, 0x81, 0xe4, 0x81, 0x05, 0x82, 0x04, 0x82,
    0x05, 0x8a, 0x05, 0x82, 0x05, 0x8a, 0x25, 0x8a, 0x04, 0x8a, 0x46, 0x92,
    0x46, 0x92, 0x45, 0x92, 0x25, 0x8a, 0x25, 0x92, 0x45, 0x92, 0x25, 0x8a,
    0x45, 0x92, 0x05, 0x8a, 0x05, 0x82, 0x05, 0x82, 0x04, 0x8a, 0x25, 0x8a,
    0x61, 0x10, 0x61, 0x10, 0x61, 0x10, 0x61, 0x08, 0x81, 0x10, 0x61, 0x10,
    0x61, 0x10, 0x81, 0x10, 0x82, 0x18, 0x81, 0x18, 0x81, 0x18, 0x87, 0x82,
    0x0c, 0xdc, 0x0c, 0xdc, 0x2d, 0xe4, 0x0c, 0xe4, 0xec, 0xdb, 0x0c, 0xe4,
    0xeb, 0xdb, 0x0c, 0xe4, 0x6d, 0xec, 0xae, 0xf4, 0x6d, 0xec, 0x2d, 0xe4,
    0xeb, 0xdb, 0xab, 0xd3, 0x69, 0xc3, 0x28, 0xbb, 0x08, 0xb3, 0xe8, 0xb2,
    0xe7, 0xaa, 0xe8, 0xb2, 0xe8, 0xaa, 0x08, 0xb3, 0x08, 0xb3, 0x08, 0xbb,
    0x49, 0xc3, 0x49, 0xc3, 0x49, 0xc3, 0x28, 0xbb, 0x49, 0xc3, 0x49, 0xc3,
    0x29, 0xbb, 0x28, 0xbb, 0xe8, 0xb2, 0xc7, 0xaa, 0xa7, 0xa2, 0x86, 0xa2,
    0x66, 0x9a, 0x66, 0x9a, 0x05, 0x8a, 0xe4, 0x81, 0xe4, 0x81, 0xc4, 0x81,
    0xa3, 0x79, 0x63, 0x71, 0x42, 0x69, 0x43, 0x69, 0x63, 0x71, 0x83, 0x71,
    0x83, 0x79, 0x62, 0x71, 0xc1, 0x50, 0x80, 0x40, 0x80, 0x40, 0x81, 0x40,
    0x60, 0x38, 0x00, 0x08, 0x00, 0x00, 0x21, 0x18, 0x81, 0x30, 0x89, 0x8a,
    0x30, 0xd4, 0xf3, 0xec, 0x54, 0xf5, 0x34, 0xed, 0xd3, 0xec, 0xd2, 0xec,
    0xb2, 0xe4, 0xb2, 0xe4, 0xd2, 0xe4, 0x13, 0xe5, 0x33, 0xe5, 0x12, 0xed,
    0xf2, 0xe4, 0xd2, 0xe4, 0xf2, 0xec, 0x12, 0xed, 0x13, 0xed, 0x12, 0xed,
    0x33, 0xed, 0x33, 0xed, 0x33, 0xed, 0x53, 0xed, 0x13, 0xe5, 0xd1, 0xdc,
    0xf2, 0xdc, 0xf2, 0xdc, 0xf2, 0xdc, 0x91, 0xd4, 0x90, 0xd4, 0x4f, 0xd4,
    0x90, 0xdc, 0xeb, 0xd3, 0x27, 0xb3, 0x07, 0xb3, 0x27, 0xbb, 0x88, 0xc3,
    0x68, 0xcb, 0x89, 0xcb, 0xa9, 0xcb, 0x88, 0xcb, 0x89, 0xcb, 0x68, 0xc3,
    0x68, 0xc3, 0x68, 0xc3, 0x48, 0xbb, 0x28, 0xbb, 0x68, 0xc3, 0x48, 0xc3,
    0x48, 0xbb, 0x48, 0xbb, 0x07, 0xb3, 0xe7, 0xaa, 0x07, 0xab, 0x48, 0xbb,
    0x48, 0xbb, 0xaa, 0xcb, 0xca, 0xd3, 0xeb, 0xdb, 0xeb, 0xdb, 0xeb, 0xdb,
    0xeb, 0xdb, 0x29, 0xbb, 0x25, 0x92, 0x45, 0x92, 0x05, 0x8a, 0x25, 0x8a,
    0x25, 0x92, 0x04, 0x8a, 0xc4, 0x81, 0xe4, 0x89, 0xe4, 0x81, 0xe4, 0x81,
    0xe4, 0x89, 0xe4, 0x89, 0x05, 0x8a, 0x05, 0x8a, 0x46, 0x92, 0x66, 0x92,
    0x87, 0x9a, 0xa8, 0xa2, 0xa7, 0xa2, 0x87, 0x9a, 0xa7, 0xa2, 0x66, 0x9a,
    0x87, 0x9a, 0x87, 0x9a, 0x66, 0x92, 0x46, 0x8a, 0x25, 0x8a, 0x25, 0x8a,
    0x05, 0x8a, 0x05, 0x8a, 0x05, 0x8a, 0x25, 0x8a, 0x46, 0x92, 0x05, 0x8a,
    0x25, 0x8a, 0x25, 0x92, 0x25, 0x8a, 0x25, 0x8a, 0x46, 0x92, 0x25, 0x92,
    0x25, 0x8a, 0x05, 0x8a, 0x05, 0x8a, 0x05, 0x8a, 0x05, 0x8a, 0xe5, 0x89,
    0xe4, 0x81, 0xe5, 0x81, 0xc4, 0x81, 0xc4, 0x81, 0x25, 0x8a, 0x46, 0x9a,
    0x66, 0x9a, 0x66, 0x9a, 0x45, 0x92, 0x25, 0x8a, 0x05, 0x8a, 0xe4, 0x81,
    0x05, 0x8a, 0x05, 0x8a, 0x05, 0x8a, 0x05, 0x8a, 0xe4, 0x81, 0x04, 0x8a,
    0x25, 0x92, 0x05, 0x8a, 0x46, 0x92, 0x66, 0x9a, 0x45, 0x92, 0x66, 0x9a,
    0x05, 0x82, 0xe1, 0x48, 0x02, 0x51, 0x42, 0x61, 0x83, 0x71, 0xa4, 0x71,
    0xa4, 0x79, 0xe4, 0x81, 0xe4, 0x81, 0xe4, 0x81, 0xe4, 0x81, 0x05, 0x82,
    0xe4, 0x81, 0xe4, 0x81, 0xe4, 0x81, 0xe4, 0x81, 0x05, 0x8a, 0x05, 0x8a,
    0xe4, 0x81, 0x25, 0x8a, 0x25, 0x8a, 0x25, 0x8a, 0x46, 0x92, 0x25, 0x8a,
    0x46, 0x92, 0x46, 0x92, 0x25, 0x92, 0x25, 0x8a, 0x46, 0x92, 0x45, 0x92,
    0x25, 0x8a, 0x46, 0x92, 0x05, 0x8a, 0xe4, 0x81, 0x05, 0x82, 0x04, 0x8a,
    0x61, 0x08, 0x61, 0x10, 0x61, 0x10, 0x61, 0x10, 0x81, 0x10, 0x81, 0x10,
    0x61, 0x10, 0x81, 0x10, 0x81, 0x10, 0x81, 0x10, 0xa1, 0x18, 0x26, 0x72,
    0x2c, 0xe4, 0x2c, 0xe4, 0x2c, 0xe4, 0x0c, 0xe4, 0x0b, 0xdc, 0x0b, 0xdc,
    0x0c, 0xe4, 0x0c, 0xe4, 0x6d, 0xec, 0xaf, 0xf4, 0x8e, 0xf4, 0x0c, 0xe4,
    0xcb, 0xdb, 0x8a, 0xcb, 0x49, 0xc3, 0x28, 0xbb, 0x08, 0xb3, 0xc7, 0xaa,
    0xc7, 0xaa, 0xc7, 0xaa, 0xa7, 0xaa, 0xa7, 0xaa, 0x08, 0xb3, 0x08, 0xbb,
    0x08, 0xbb, 0x28, 0xbb, 0x49, 0xbb, 0x49, 0xc3, 0x28, 0xc3, 0x49, 0xc3,
    0x28, 0xbb, 0xe8, 0xb2, 0xe8, 0xb2, 0xc7, 0xa2, 0xa7, 0xa2, 0xa7, 0xa2,
    0x86, 0xa2, 0x46, 0x92, 0x05, 0x8a, 0xe4, 0x81, 0xa3, 0x79, 0x83, 0x71,
    0x83, 0x71, 0x42, 0x69, 0x42, 0x61, 0x42, 0x69, 0x42, 0x69, 0x63, 0x71,
    0x42, 0x71, 0x01, 0x59, 0x80, 0x40, 0x60, 0x38, 0x80, 0x40, 0xa1, 0x40,
    0x40, 0x38, 0x00, 0x10, 0x20, 0x18, 0x61, 0x28, 0xa5, 0x69, 0x6d, 0xbb,
    0xb2, 0xe4, 0x55, 0xed, 0x75, 0xf5, 0x55, 0xf5, 0x55, 0xf5, 0x34, 0xed,
    0xf3, 0xec, 0x34, 0xed, 0x74, 0xed, 0xb5, 0xf5, 0x74, 0xed, 0x53, 0xed,
    0x33, 0xed, 0x53, 0xed, 0x33, 0xed, 0x33, 0xf5, 0x53, 0xed, 0x54, 0xf5,
    0x54, 0xf5, 0x95, 0xf5, 0x74, 0xed, 0x74, 0xf5, 0x74, 0xed, 0x74, 0xed,
    0x54, 0xed, 0x33, 0xed, 0xf2, 0xe4, 0xd2, 0xdc, 0xd1, 0xdc, 0xf2, 0xe4,
    0xaf, 0xe4, 0xa9, 0xcb, 0x07, 0xb3, 0x28, 0xbb, 0x27, 0xbb, 0x68, 0xc3,
    0x89, 0xcb, 0x88, 0xcb, 0xa9, 0xcb, 0x89, 0xcb, 0x88, 0xc3, 0x68, 0xc3,
    0x68, 0xc3, 0x68, 0xc3, 0x68, 0xc3, 0x48, 0xbb, 0x48, 0xbb, 0x48, 0xc3,
    0x48, 0xbb, 0x48, 0xbb, 0x48, 0xbb, 0x07, 0xb3, 0x28, 0xb3, 0x28, 0xbb,
    0x69, 0xc3, 0xaa, 0xcb, 0xca, 0xd3, 0x89, 0xcb, 0xca, 0xd3, 0xaa, 0xd3,
    0xeb, 0xdb, 0x49, 0xc3, 0x66, 0x92, 0x25, 0x92, 0x05, 0x8a, 0x25, 0x92,
    0x05, 0x8a, 0x04, 0x8a, 0x04, 0x8a, 0x04, 0x8a, 0x25, 0x92, 0x25, 0x92,
    0x66, 0x9a, 0x86, 0x9a, 0x66, 0x9a, 0xa7, 0xa2, 0x87, 0xa2, 0x87, 0x9a,
    0x66, 0x9a, 0x46, 0x9a, 0x46, 0x92, 0x46, 0x92, 0x46, 0x92, 0x45, 0x92,
    0x25, 0x8a, 0x45, 0x92, 0x25, 0x8a, 0x05, 0x8a, 0x05, 0x8a, 0x05, 0x8a,
    0x05, 0x82, 0x04, 0x8a, 0xe4, 0x81, 0x05, 0x8a, 0x25, 0x92, 0x25, 0x8a,
    0x25, 0x8a, 0x25, 0x92, 0x25, 0x8a, 0x46, 0x92, 0x46, 0x92, 0x45, 0x92,
    0x46, 0x92, 0xe4, 0x81, 0xe4, 0x89, 0xe4, 0x81, 0x05, 0x8a, 0x05, 0x8a,
    0xe4, 0x81, 0xe4, 0x81, 0xe5, 0x81, 0x05, 0x8a, 0x25, 0x92, 0x45, 0x92,
    0x46, 0x92, 0x25, 0x92, 0x25, 0x92, 0x26, 0x92, 0x05, 0x82, 0xe4, 0x81,
    0x25, 0x8a, 0x25, 0x8a, 0x04, 0x8a, 0xe4, 0x81, 0xe4, 0x81, 0xe5, 0x81,
    0xe5, 0x81, 0x04, 0x82, 0xe4, 0x81, 0x25, 0x92, 0x46, 0x92, 0x66, 0x9a,
    0x46, 0x92, 0x46, 0x92, 0x01, 0x51, 0x01, 0x51, 0x42, 0x61, 0x83, 0x71,
    0x83, 0x71, 0xa4, 0x79, 0xc4, 0x79, 0xe4, 0x81, 0xc4, 0x81, 0xe4, 0x81,
    0xe4, 0x81, 0xe5, 0x81, 0xc4, 0x79, 0xe4, 0x81, 0xe4, 0x81, 0xe5, 0x81,
    0x05, 0x8a, 0x05, 0x8a, 0x05, 0x8a, 0x25, 0x8a, 0x25, 0x8a, 0x45, 0x92,
    0x45, 0x92, 0x25, 0x8a, 0x26, 0x92, 0x26, 0x92, 0x46, 0x92, 0x25, 0x8a,
    0x45, 0x92, 0x25, 0x92, 0x25, 0x8a, 0x05, 0x82, 0xe4, 0x81, 0xe4, 0x81,
    0x61, 0x10, 0x61, 0x10, 0x61, 0x08, 0x61, 0x10, 0x61, 0x10, 0x81, 0x10,
    0x81, 0x10, 0x81, 0x10, 0x81, 0x10, 0x81, 0x18, 0x82, 0x18, 0x06, 0x6a,
    0x0c, 0xdc, 0x0c, 0xe4, 0x0c, 0xe4, 0x0c, 0xe4, 0xeb, 0xdb, 0xeb, 0xdb,
    0x0c, 0xe4, 0x0c, 0xe4, 0x4d, 0xec, 0xae, 0xf4, 0x8e, 0xec, 0x4d, 0xec,
    0xcb, 0xdb, 0x8a, 0xcb, 0x49, 0xc3, 0x29, 0xbb, 0x08, 0xbb, 0xe8, 0xb2,
    0xc7, 0xaa, 0xa7, 0xa2, 0x87, 0xa2, 0xc7, 0xaa, 0x08, 0xb3, 0x08, 0xb3,
    0x08, 0xbb, 0x49, 0xc3, 0x49, 0xc3, 0x69, 0xc3, 0x49, 0xc3, 0x28, 0xbb,
    0x08, 0xb3, 0x28, 0xbb, 0x08, 0xb3, 0xc7, 0xaa, 0xc7, 0xaa, 0xc7, 0xaa,
    0x66, 0x9a, 0x46, 0x92, 0xe4, 0x81, 0xc4, 0x81, 0x83, 0x71, 0x63, 0x69,
    0x42, 0x69, 0x22, 0x61, 0x22, 0x61, 0x22, 0x61, 0x42, 0x69, 0x22, 0x61,
    0xe1, 0x58, 0xa0, 0x40, 0x60, 0x38, 0x60, 0x38, 0x80, 0x40, 0x80, 0x40,
    0x60, 0x38, 0x00, 0x18, 0x20, 0x18, 0xa1, 0x38, 0x68, 0x8a, 0xce, 0xc3,
    0xf3, 0xe4, 0x75, 0xf5, 0xd7, 0xfd, 0x95, 0xf5, 0x75, 0xf5, 0x54, 0xed,
    0x75, 0xf5, 0x75, 0xed, 0xf6, 0xf5, 0xb5, 0xf5, 0x95, 0xed, 0x74, 0xed,
    0x74, 0xf5, 0x74, 0xf5, 0x54, 0xed, 0x54, 0xf5, 0x74, 0xf5, 0x94, 0xf5,
    0x74, 0xf5, 0x95, 0xf5, 0xb5, 0xf5, 0x95, 0xf5, 0xb5, 0xf5, 0x54, 0xed,
    0x74, 0xed, 0x74, 0xed, 0x54, 0xed, 0xd2, 0xe4, 0x33, 0xed, 0x33, 0xed,
    0x2c, 0xdc, 0x27, 0xbb, 0x27, 0xbb, 0x27, 0xbb, 0x48, 0xbb, 0x68, 0xc3,
    0x68, 0xc3, 0x68, 0xc3, 0x89, 0xcb, 0x89, 0xcb, 0xa9, 0xcb, 0x89, 0xcb,
    0x48, 0xc3, 0x69, 0xc3, 0x48, 0xc3, 0x28, 0xbb, 0x48, 0xbb, 0x69, 0xc3,
    0x48, 0xbb, 0x69, 0xbb, 0x28, 0xbb, 0x27, 0xbb, 0x48, 0xbb, 0x48, 0xbb,
    0x69, 0xc3, 0x89, 0xcb, 0xca, 0xcb, 0xaa, 0xcb, 0x89, 0xcb, 0x89, 0xcb,
    0xcb, 0xd3, 0x49, 0xc3, 0x86, 0x9a, 0x45, 0x92, 0x25, 0x92, 0x45, 0x92,
    0x45, 0x92, 0x66, 0x92, 0x66, 0x9a, 0x66, 0x9a, 0x66, 0x9a, 0x66, 0x9a,
    0x46, 0x92, 0x46, 0x92, 0x45, 0x92, 0x46, 0x92, 0x46, 0x92, 0x46, 0x92,
    0x25, 0x92, 0x25, 0x92, 0x04, 0x8a, 0x25, 0x8a, 0x05, 0x8a, 0x05, 0x8a,
    0x05, 0x8a, 0x05, 0x8a, 0x04, 0x8a, 0xe4, 0x81, 0xe4, 0x81, 0x05, 0x8a,
    0x05, 0x8a, 0xe4, 0x81, 0xe4, 0x81, 0xe4, 0x89, 0x05, 0x8a, 0x05, 0x8a,
    0x25, 0x92, 0x25, 0x8a, 0x05, 0x8a, 0x46, 0x92, 0x46, 0x92, 0x46, 0x9a,
    0x46, 0x92, 0x05, 0x8a, 0xe4, 0x81, 0xe4, 0x81, 0xe4, 0x81, 0xe5, 0x81,
    0xe4, 0x81, 0xc4, 0x81, 0xe5, 0x81, 0x05, 0x8a, 0x25, 0x92, 0x45, 0x92,
    0x46, 0x92, 0x25, 0x8a, 0x25, 0x8a, 0x05, 0x8a, 0x05, 0x8a, 0x05, 0x8a,
    0x25, 0x8a, 0x25, 0x8a, 0xe4, 0x81, 0xe4, 0x81, 0x05, 0x8a, 0xe5, 0x81,
    0x83, 0x71, 0xa3, 0x79, 0xa3, 0x71, 0xe5, 0x89, 0x66, 0x9a, 0x66, 0x9a,
    0x46, 0x9a, 0x46, 0x92, 0x66, 0x9a, 0x43, 0x61, 0x02, 0x51, 0x42, 0x61,
    0x42, 0x61, 0x83, 0x71, 0xa4, 0x71, 0xc4, 0x79, 0xe4, 0x79, 0xc4, 0x81,
    0xe5, 0x81, 0xe4, 0x81, 0xc4, 0x79, 0xe4, 0x81, 0xe4, 0x81, 0xe5, 0x81,
    0xe4, 0x81, 0x05, 0x8a, 0xe5, 0x81, 0x25, 0x8a, 0x25, 0x8a, 0x25, 0x92,
    0x46, 0x92, 0x46, 0x92, 0x46, 0x92, 0x46, 0x92, 0x45, 0x92, 0x25, 0x8a,
    0x46, 0x92, 0x46, 0x92, 0x25, 0x92, 0x45, 0x92, 0x05, 0x8a, 0xe5, 0x81,
    0x61, 0x10, 0x61, 0x08, 0x61, 0x10, 0x61, 0x10, 0x81, 0x10, 0x61, 0x10,
    0x81, 0x10, 0x81, 0x10, 0x81, 0x10, 0x81, 0x10, 0x82, 0x18, 0xc5, 0x59,
    0xec, 0xdb, 0x0c, 0xdc, 0x0c, 0xdc, 0x0c, 0xdc, 0x0c, 0xe4, 0x0c, 0xe4,
    0x0c, 0xe4, 0xcb, 0xdb, 0x6d, 0xec, 0xae, 0xf4, 0x8e, 0xf4, 0x4d, 0xec,
    0xaa, 0xd3, 0x8a, 0xd3, 0x49, 0xc3, 0x08, 0xb3, 0xe8, 0xb2, 0xa7, 0xaa,
    0xc7, 0xaa, 0xa6, 0xa2, 0xe8, 0xaa, 0xc7, 0xaa, 0xc7, 0xaa, 0xe8, 0xb2,
    0xe8, 0xb2, 0x29, 0xbb, 0x28, 0xbb, 0x49, 0xc3, 0x69, 0xc3, 0x69, 0xc3,
    0x49, 0xc3, 0x29, 0xbb, 0x08, 0xbb, 0xc7, 0xaa, 0xc7, 0xaa, 0xa7, 0xa2,
    0x66, 0x9a, 0x45, 0x92, 0x05, 0x8a, 0xe4, 0x81, 0xa4, 0x79, 0x63, 0x69,
    0x42, 0x61, 0x02, 0x61, 0x01, 0x59, 0x02, 0x59, 0x01, 0x59, 0xe1, 0x50,
    0xa0, 0x48, 0x60, 0x40, 0x81, 0x40, 0x81, 0x40, 0xa1, 0x40, 0xa1, 0x48,
    0x80, 0x40, 0x00, 0x18, 0x21, 0x20, 0x03, 0x49, 0xca, 0x9a, 0x0f, 0xcc,
    0x14, 0xed, 0x96, 0xf5, 0xd6, 0xf5, 0x96, 0xf5, 0xb6, 0xf5, 0xb6, 0xf5,
    0x95, 0xf5, 0xb6, 0xf5, 0xf6, 0xf5, 0xb6, 0xf5, 0xb5, 0xf5, 0x95, 0xf5,
    0x95, 0xf5, 0x95, 0xf5, 0x74, 0xed, 0x74, 0xf5, 0x74, 0xf5, 0x95, 0xf5,
    0x95, 0xf5, 0x95, 0xf5, 0x95, 0xf5, 0x94, 0xf5, 0x74, 0xf5, 0x74, 0xf5,
    0x95, 0xf5, 0xb5, 0xf5, 0x54, 0xed, 0x74, 0xed, 0x94, 0xf5, 0xd0, 0xe4,
    0x89, 0xcb, 0x07, 0xb3, 0x28, 0xbb, 0x27, 0xb3, 0x68, 0xc3, 0x68, 0xc3,
    0x68, 0xc3, 0x89, 0xc3, 0x89, 0xcb, 0x89, 0xc3, 0x89, 0xcb, 0xaa, 0xcb,
    0x69, 0xc3, 0x48, 0xc3, 0x69, 0xc3, 0x48, 0xbb, 0x69, 0xc3, 0x69, 0xc3,
    0x48, 0xbb, 0x69, 0xc3, 0x28, 0xbb, 0x48, 0xbb, 0x28, 0xbb, 0x28, 0xbb,
    0x48, 0xbb, 0x69, 0xc3, 0xa9, 0xcb, 0x69, 0xc3, 0x89, 0xcb, 0x89, 0xcb,
    0xcb, 0xd3, 0x49, 0xc3, 0xa7, 0xa2, 0x66, 0x9a, 0x46, 0x9a, 0x46, 0x92,
    0x66, 0x92, 0x66, 0x9a, 0x66, 0x9a, 0x86, 0x9a, 0x25, 0x92, 0x46, 0x92,
    0x05, 0x8a, 0x05, 0x8a, 0x25, 0x92, 0x05, 0x8a, 0x05, 0x8a, 0x04, 0x8a,
    0x05, 0x82, 0xe5, 0x81, 0xe4, 0x81, 0x05, 0x8a, 0x05, 0x8a, 0x04, 0x82,
    0x25, 0x8a, 0x05, 0x8a, 0x05, 0x8a, 0xc4, 0x81, 0x05, 0x8a, 0x05, 0x8a,
    0xe4, 0x81, 0x05, 0x8a, 0x05, 0x82, 0x05, 0x8a, 0x25, 0x8a, 0x05, 0x8a,
    0x25, 0x92, 0x05, 0x8a, 0x04, 0x8a, 0x25, 0x92, 0x46, 0x92, 0x66, 0x9a,
    0x86, 0x9a, 0x46, 0x92, 0xc4, 0x81, 0xc4, 0x81, 0xe4, 0x81, 0xe5, 0x81,
    0xe4, 0x81, 0xe5, 0x81, 0xe4, 0x81, 0xe5, 0x89, 0x25, 0x92, 0x25, 0x8a,
    0x25, 0x92, 0x25, 0x92, 0x25, 0x92, 0x25, 0x8a, 0xe4, 0x81, 0xe4, 0x81,
    0x25, 0x92, 0x05, 0x8a, 0x05, 0x8a, 0x05, 0x8a, 0x05, 0x82, 0x04, 0x82,
    0xa4, 0x79, 0xa4, 0x71, 0x83, 0x71, 0x83, 0x71, 0x05, 0x8a, 0x46, 0x9a,
    0x66, 0x9a, 0x66, 0x9a, 0x66, 0x9a, 0x46, 0x92, 0x84, 0x69, 0x02, 0x51,
    0x22, 0x61, 0x63, 0x69, 0x63, 0x69, 0xa4, 0x79, 0xc4, 0x79, 0xc4, 0x79,
    0xc4, 0x81, 0xe4, 0x81, 0xc4, 0x79, 0xc4, 0x81, 0xc4, 0x81, 0xe4, 0x81,
    0xe5, 0x81, 0x25, 0x8a, 0x04, 0x82, 0xe4, 0x81, 0x05, 0x8a, 0x25, 0x8a,
    0x45, 0x92, 0x45, 0x92, 0x25, 0x8a, 0x45, 0x92, 0x66, 0x92, 0x45, 0x92,
    0x45, 0x92, 0x66, 0x9a, 0x46, 0x92, 0x25, 0x8a, 0x25, 0x8a, 0xe4, 0x81,
    0x61, 0x08, 0x61, 0x10, 0x61, 0x10, 0x61, 0x08, 0x61, 0x10, 0x81, 0x10,
    0x81, 0x10, 0x61, 0x10, 0x82, 0x10, 0x82, 0x18, 0xa1, 0x18, 0x84, 0x49,
    0x0c, 0xdc, 0x0c, 0xdc, 0x2c, 0xe4, 0x0b, 0xdc, 0x0c, 0xe4, 0xeb, 0xe3,
    0xeb, 0xdb, 0x0c, 0xe4, 0x4d, 0xec, 0xae, 0xf4, 0x6e, 0xec, 0x6d, 0xec,
    0xcb, 0xdb, 0xaa, 0xcb, 0x49, 0xc3, 0x08, 0xb3, 0xe7, 0xaa, 0xa7, 0xa2,
    0xa7, 0xa2, 0x86, 0xa2, 0xc7, 0xaa, 0xa7, 0xa2, 0xc7, 0xaa, 0xe7, 0xaa,
    0x09, 0xb3, 0x08, 0xbb, 0x29, 0xbb, 0x49, 0xc3, 0x49, 0xc3, 0x28, 0xbb,
    0x29, 0xbb, 0x28, 0xbb, 0x29, 0xbb, 0x08, 0xb3, 0xa7, 0xaa, 0x87, 0xa2,
    0x86, 0x9a, 0x66, 0x9a, 0xe4, 0x81, 0xe4, 0x81, 0xa4, 0x79, 0x63, 0x71,
    0x63, 0x69, 0x22, 0x61, 0x01, 0x59, 0x01, 0x59, 0xe1, 0x58, 0xc1, 0x50,
    0xa0, 0x48, 0xa0, 0x48, 0xc1, 0x48, 0xc1, 0x48, 0xc0, 0x48, 0xc1, 0x50,
    0x80, 0x40, 0x00, 0x18, 0x00, 0x18, 0x23, 0x51, 0x0b, 0xa3, 0x30, 0xd4,
    0x14, 0xed, 0xb6, 0xf5, 0xf7, 0xf5, 0xf7, 0xfd, 0xf7, 0xfd, 0xd6, 0xf5,
    0xd6, 0xf5, 0xf7, 0xfd, 0xf6, 0xf5, 0xf7, 0xfd, 0xd6, 0xf5, 0xd6, 0xf5,
    0xd6, 0xf5, 0xb6, 0xf5, 0x95, 0xf5, 0xb5, 0xf5, 0x75, 0xf5, 0x74, 0xf5,
    0x74, 0xf5, 0x74, 0xf5, 0x74, 0xf5, 0x74, 0xf5, 0x95, 0xf5, 0x95, 0xf5,
    0xb5, 0xf5, 0xb6, 0xf5, 0xb5, 0xf5, 0x95, 0xf5, 0x53, 0xed, 0xf1, 0xec,
    0x28, 0xbb, 0x27, 0xb3, 0x28, 0xb3, 0x07, 0xb3, 0x48, 0xbb, 0x48, 0xbb,
    0x68, 0xc3, 0x89, 0xcb, 0x68, 0xc3, 0xa9, 0xcb, 0x89, 0xcb, 0x89, 0xcb,
    0x69, 0xc3, 0x69, 0xc3, 0x69, 0xc3, 0x89, 0xc3, 0x48, 0xbb, 0x49, 0xc3,
    0x48, 0xbb, 0x89, 0xc3, 0x48, 0xbb, 0x28, 0xb3, 0x28, 0xb3, 0x07, 0xb3,
    0x28, 0xbb, 0x48, 0xbb, 0x69, 0xc3, 0x69, 0xc3, 0x68, 0xc3, 0x8a, 0xcb,
    0xeb, 0xdb, 0x49, 0xc3, 0xc8, 0xaa, 0x86, 0x9a, 0x46, 0x92, 0x45, 0x92,
    0x46, 0x92, 0x45, 0x92, 0x25, 0x92, 0x25, 0x92, 0x05, 0x8a, 0xe4, 0x81,
    0xe4, 0x81, 0xc4, 0x81, 0x05, 0x8a, 0x05, 0x8a, 0xe4, 0x81, 0xe4, 0x81,
    0xe4, 0x81, 0x05, 0x8a, 0xe4, 0x81, 0x05, 0x8a, 0xe5, 0x81, 0xe4, 0x81,
    0xe4, 0x81, 0xe4, 0x81, 0xe4, 0x81, 0x05, 0x8a, 0xe5, 0x81, 0x04, 0x82,
    0x05, 0x8a, 0xe4, 0x81, 0x05, 0x8a, 0x05, 0x8a, 0x05, 0x8a, 0x05, 0x8a,
    0x25, 0x8a, 0x05, 0x8a, 0x05, 0x8a, 0x25, 0x8a, 0x25, 0x8a, 0x45, 0x92,
    0x46, 0x9a, 0x66, 0x9a, 0x05, 0x82, 0xc4, 0x81, 0xe4, 0x81, 0xe4, 0x81,
    0xe5, 0x81, 0xc4, 0x81, 0xe4, 0x81, 0x04, 0x82, 0x05, 0x82, 0x25, 0x92,
    0x46, 0x92, 0x25, 0x92, 0x26, 0x92, 0x25, 0x8a, 0xe5, 0x81, 0xe4, 0x81,
    0x05, 0x8a, 0x25, 0x8a, 0x05, 0x8a, 0x05, 0x8a, 0x04, 0x82, 0xc4, 0x81,
    0xc4, 0x79, 0xa4, 0x71, 0x83, 0x71, 0x42, 0x69, 0xc4, 0x79, 0x05, 0x82,
    0x66, 0x9a, 0x86, 0xa2, 0x86, 0xa2, 0x45, 0x92, 0x66, 0x9a, 0xc4, 0x71,
    0xe1, 0x48, 0x22, 0x59, 0x42, 0x61, 0x83, 0x71, 0xa3, 0x71, 0xa4, 0x79,
    0xc4, 0x81, 0xe4, 0x81, 0xe5, 0x81, 0xe5, 0x81, 0xe5, 0x81, 0xe4, 0x81,
    0xe4, 0x81, 0x05, 0x82, 0x05, 0x8a, 0xe4, 0x81, 0x05, 0x82, 0x05, 0x8a,
    0x25, 0x8a, 0x25, 0x8a, 0x25, 0x92, 0x46, 0x92, 0x46, 0x92, 0x45, 0x92,
    0x46, 0x92, 0x46, 0x92, 0x66, 0x92, 0x46, 0x92, 0x25, 0x8a, 0xe4, 0x81,
    0x61, 0x10, 0x61, 0x08, 0x61, 0x10, 0x61, 0x10, 0x61, 0x10, 0x61, 0x10,
    0x81, 0x10, 0x61, 0x10, 0x81, 0x10, 0x81, 0x10, 0x81, 0x18, 0x23, 0x39,
    0x0c, 0xdc, 0x2c, 0xe4, 0x0c, 0xe4, 0x0c, 0xe4, 0x0b, 0xe4, 0xec, 0xdb,
    0x0b, 0xdc, 0xeb, 0xdb, 0x4d, 0xec, 0x8e, 0xf4, 0x8e, 0xf4, 0x4d, 0xe4,
    0xeb, 0xdb, 0x8a, 0xcb, 0x49, 0xc3, 0x28, 0xbb, 0xe8, 0xb2, 0xa7, 0xa2,
    0x86, 0xa2, 0x87, 0xa2, 0x87, 0xa2, 0xc7, 0xaa, 0xa7, 0xa2, 0xc7, 0xaa,
    0x29, 0xbb, 0x28, 0xbb, 0x49, 0xc3, 0x49, 0xc3, 0x49, 0xc3, 0x49, 0xc3,
    0x29, 0xbb, 0xe8, 0xb2, 0x08, 0xb3, 0x08, 0xb3, 0xe8, 0xb2, 0x87, 0xa2,
    0x66, 0x9a, 0x66, 0x9a, 0x05, 0x8a, 0xc4, 0x81, 0xc4, 0x79, 0x83, 0x71,
    0x22, 0x61, 0x21, 0x59, 0x01, 0x59, 0x01, 0x59, 0xe1, 0x50, 0xe1, 0x50,
    0x01, 0x59, 0x01, 0x59, 0x01, 0x51, 0xe1, 0x50, 0xc0, 0x50, 0xc1, 0x50,
    0x80, 0x40, 0x00, 0x18, 0x20, 0x10, 0x64, 0x59, 0x4c, 0xab, 0x71, 0xd4,
    0x34, 0xed, 0xb6, 0xf5, 0xd6, 0xf5, 0xf7, 0xfd, 0xf7, 0xfd, 0xd7, 0xf5,
    0xd6, 0xf5, 0x17, 0xfe, 0x17, 0xfe, 0x17, 0xfe, 0xf7, 0xf5, 0xf7, 0xfd,
    0xf6, 0xf5, 0xd6, 0xf5, 0xf6, 0xf5, 0xd6, 0xf5, 0xd6, 0xf5, 0xb6, 0xf5,
    0x74, 0xed, 0xb5, 0xf5, 0x95, 0xf5, 0xd6, 0xf5, 0xb6, 0xf5, 0x95, 0xed,
    0xb6, 0xf5, 0xb6, 0xf5, 0xd6, 0xf5, 0x74, 0xed, 0x95, 0xf5, 0x8f, 0xe4,
    0x69, 0xbb, 0xe7, 0xaa, 0x27, 0xb3, 0x48, 0xbb, 0x48, 0xbb, 0x68, 0xc3,
    0x68, 0xc3, 0x48, 0xc3, 0x69, 0xc3, 0xaa, 0xd3, 0x89, 0xcb, 0xa9, 0xcb,
    0x69, 0xc3, 0x89, 0xcb, 0x89, 0xc3, 0x69, 0xc3, 0x48, 0xbb, 0x28, 0xbb,
    0x48, 0xbb, 0x28, 0xbb, 0x28, 0xbb, 0xe7, 0xb2, 0x07, 0xb3, 0x28, 0xb3,
    0x28, 0xbb, 0x27, 0xbb, 0x48, 0xbb, 0x69, 0xc3, 0x48, 0xc3, 0x48, 0xc3,
    0xeb, 0xdb, 0x49, 0xc3, 0xc7, 0xaa, 0x66, 0x9a, 0x46, 0x92, 0x46, 0x92,
    0x25, 0x92, 0x04, 0x8a, 0x04, 0x8a, 0x05, 0x8a, 0xe4, 0x81, 0xe4, 0x81,
    0xc4, 0x81, 0xc4, 0x81, 0xc4, 0x81, 0xe4, 0x81, 0xc4, 0x79, 0xe4, 0x81,
    0xe5, 0x89, 0xe4, 0x81, 0xc4, 0x79, 0xe4, 0x81, 0x04, 0x82, 0xc4, 0x81,
    0xc4, 0x79, 0xe4, 0x81, 0xe5, 0x81, 0x05, 0x8a, 0xe4, 0x81, 0xe4, 0x81,
    0x05, 0x8a, 0xe4, 0x81, 0x05, 0x8a, 0x25, 0x8a, 0x05, 0x8a, 0x04, 0x8a,
    0x25, 0x92, 0x05, 0x8a, 0xe4, 0x81, 0xe4, 0x81, 0x05, 0x8a, 0x25, 0x92,
    0x86, 0x9a, 0x46, 0x92, 0x25, 0x8a, 0xe4, 0x81, 0xe4, 0x81, 0xe4, 0x81,
    0xe4, 0x81, 0xe4, 0x81, 0xc4, 0x81, 0xe5, 0x81, 0xe4, 0x81, 0x25, 0x92,
    0x05, 0x8a, 0x25, 0x8a, 0x66, 0x92, 0x26, 0x92, 0x05, 0x8a, 0xc4, 0x81,
    0xe4, 0x81, 0xc4, 0x81, 0x05, 0x8a, 0x05, 0x8a, 0xe5, 0x81, 0xe5, 0x81,
    0xc4, 0x81, 0xc4, 0x79, 0x83, 0x71, 0x43, 0x69, 0x63, 0x69, 0xc4, 0x79,
    0xe4, 0x81, 0x66, 0x9a, 0xa7, 0xa2, 0x66, 0x9a, 0x46, 0x92, 0x66, 0x9a,
    0x05, 0x7a, 0xc1, 0x48, 0x22, 0x59, 0x22, 0x61, 0x63, 0x69, 0xa3, 0x71,
    0xc4, 0x79, 0xc4, 0x79, 0xe4, 0x81, 0xe4, 0x81, 0xe5, 0x81, 0xe5, 0x81,
    0xe5, 0x81, 0x05, 0x82, 0x04, 0x82, 0x05, 0x82, 0x04, 0x82, 0x25, 0x8a,
    0x25, 0x8a, 0x25, 0x8a, 0x45, 0x92, 0x45, 0x92, 0x46, 0x92, 0x05, 0x8a,
    0x66, 0x92, 0x46, 0x92, 0x45, 0x92, 0x86, 0x9a, 0x25, 0x8a, 0x26, 0x8a,
    0x61, 0x10, 0x60, 0x08, 0x61, 0x08, 0x61, 0x10, 0x61, 0x10, 0x81, 0x10,
    0x81, 0x10, 0x81, 0x10, 0x81, 0x10, 0x82, 0x18, 0x82, 0x18, 0xe3, 0x28,
    0xec, 0xd3, 0x0c, 0xe4, 0x0c, 0xe4, 0x2c, 0xe4, 0x0c, 0xe4, 0xeb, 0xdb,
    0x0c, 0xe4, 0xeb, 0xdb, 0x2c, 0xe4, 0xae, 0xf4, 0xae, 0xf4, 0x2c, 0xec,
    0xeb, 0xdb, 0xaa, 0xd3, 0x6a, 0xcb, 0x08, 0xb3, 0xa7, 0xaa, 0xa7, 0xa2,
    0x66, 0x9a, 0x45, 0x92, 0x65, 0x92, 0xa7, 0xa2, 0xa7, 0xaa, 0xc7, 0xaa,
    0xe7, 0xb2, 0x28, 0xbb, 0x48, 0xbb, 0x28, 0xc3, 0x49, 0xc3, 0x28, 0xbb,
    0x28, 0xbb, 0x29, 0xc3, 0x28, 0xbb, 0x29, 0xbb, 0xe7, 0xaa, 0x86, 0xa2,
    0x87, 0xa2, 0x45, 0x92, 0x25, 0x8a, 0xe4, 0x81, 0xc4, 0x79, 0x83, 0x69,
    0x42, 0x69, 0x43, 0x69, 0x22, 0x61, 0x22, 0x61, 0x22, 0x61, 0x42, 0x61,
    0x22, 0x61, 0x02, 0x59, 0x02, 0x59, 0xe1, 0x50, 0xc1, 0x50, 0xc1, 0x50,
    0x60, 0x40, 0x20, 0x18, 0x00, 0x18, 0xa5, 0x61, 0x6d, 0xab, 0x92, 0xdc,
    0x75, 0xf5, 0xb6, 0xf5, 0xd6, 0xf5, 0xf7, 0xfd, 0xf7, 0xfd, 0xf7, 0xfd,
    0xf7, 0xfd, 0x58, 0xfe, 0x59, 0xfe, 0x38, 0xfe, 0x58, 0xfe, 0x58, 0xfe,
    0x17, 0xfe, 0xf6, 0xf5, 0x17, 0xf6, 0xf7, 0xf5, 0x17, 0xf6, 0xf6, 0xf5,
    0xd6, 0xf5, 0xd6, 0xf5, 0xd6, 0xf5, 0xf6, 0xf5, 0x75, 0xed, 0xb5, 0xf5,
    0xd6, 0xf5, 0xb6, 0xf5, 0xb6, 0xf5, 0x74, 0xed, 0x94, 0xf5, 0x0c, 0xd4,
    0x28, 0xb3, 0xc7, 0xaa, 0x28, 0xb3, 0x28, 0xbb, 0x48, 0xbb, 0x48, 0xbb,
    0x69, 0xc3, 0x68, 0xc3, 0x68, 0xc3, 0x89, 0xcb, 0xa9, 0xcb, 0x89, 0xcb,
    0x69, 0xc3, 0xaa, 0xcb, 0x89, 0xcb, 0x89, 0xcb, 0x48, 0xc3, 0x48, 0xbb,
    0x48, 0xbb, 0x07, 0xb3, 0x08, 0xb3, 0xc7, 0xaa, 0x07, 0xb3, 0x28, 0xb3,
    0x07, 0xb3, 0x27, 0xb3, 0x69, 0xc3, 0x48, 0xbb, 0x69, 0xc3, 0x69, 0xc3,
    0xeb, 0xdb, 0x49, 0xc3, 0x66, 0x9a, 0x46, 0x9a, 0x25, 0x92, 0x25, 0x92,
    0x05, 0x8a, 0x05, 0x8a, 0x05, 0x8a, 0x05, 0x8a, 0xe4, 0x81, 0xc4, 0x81,
    0xe4, 0x81, 0xc4, 0x79, 0xc3, 0x79, 0xe4, 0x81, 0xc4, 0x81, 0xc4, 0x81,
    0xc4, 0x81, 0x05, 0x8a, 0xc4, 0x81, 0xc4, 0x81, 0xc4, 0x81, 0xe4, 0x81,
    0xc4, 0x81, 0xe4, 0x81, 0xe4, 0x81, 0xe5, 0x89, 0x05, 0x8a, 0xc4, 0x81,
    0x04, 0x8a, 0xe4, 0x81, 0x05, 0x8a, 0x05, 0x8a, 0x05, 0x8a, 0xe4, 0x89,
    0x25, 0x92, 0x25, 0x8a, 0x04, 0x8a, 0xe5, 0x81, 0xe4, 0x81, 0x05, 0x8a,
    0x25, 0x92, 0x66, 0x9a, 0x46, 0x92, 0xe4, 0x81, 0xc4, 0x81, 0xe5, 0x81,
    0xe5, 0x81, 0xe4, 0x81, 0xe4, 0x81, 0xc4, 0x79, 0xe5, 0x81, 0x25, 0x8a,
    0xe5, 0x89, 0x05, 0x8a, 0x25, 0x92, 0x66, 0x9a, 0x46, 0x92, 0xc4, 0x81,
    0xe4, 0x81, 0x05, 0x8a, 0xe5, 0x81, 0xe5, 0x81, 0xe4, 0x81, 0xe5, 0x81,
    0xa4, 0x79, 0xc4, 0x79, 0xa4, 0x71, 0xa4, 0x71, 0x62, 0x69, 0x63, 0x69,
    0x63, 0x71, 0xe5, 0x81, 0x66, 0x9a, 0x87, 0xa2, 0x66, 0x9a, 0x05, 0x8a,
    0x86, 0x9a, 0x05, 0x7a, 0xc1, 0x48, 0x22, 0x59, 0x42, 0x61, 0x63, 0x69,
    0x83, 0x71, 0xa4, 0x79, 0xe5, 0x81, 0x04, 0x82, 0x05, 0x82, 0xe4, 0x81,
    0xe4, 0x81, 0x05, 0x82, 0xe4, 0x81, 0xe4, 0x81, 0x05, 0x8a, 0x05, 0x8a,
    0x05, 0x8a, 0x05, 0x8a, 0x25, 0x8a, 0x25, 0x92, 0x46, 0x92, 0x66, 0x92,
    0x25, 0x92, 0x46, 0x92, 0x45, 0x92, 0x86, 0x9a, 0x66, 0x9a, 0x45, 0x92,
    0x60, 0x08, 0x61, 0x10, 0x61, 0x10, 0x60, 0x08, 0x61, 0x10, 0x61, 0x10,
    0x81, 0x10, 0x81, 0x10, 0x82, 0x10, 0x81, 0x10, 0x81, 0x18, 0xa1, 0x20,
    0xeb, 0xd3, 0x0c, 0xdc, 0x0c, 0xdc, 0x2c, 0xe4, 0xeb, 0xdb, 0x0c, 0xe4,
    0x0b, 0xe4, 0xeb, 0xdb, 0x2c, 0xe4, 0x6d, 0xec, 0x8e, 0xf4, 0x6d, 0xec,
    0x0c, 0xe4, 0x8a, 0xcb, 0x49, 0xc3, 0x28, 0xbb, 0xc7, 0xaa, 0x66, 0x9a,
    0x25, 0x92, 0x46, 0x92, 0x66, 0x9a, 0x86, 0x9a, 0xa7, 0xa2, 0xe8, 0xaa,
    0x28, 0xbb, 0x08, 0xbb, 0x29, 0xbb, 0x49, 0xbb, 0x29, 0xc3, 0x28, 0xbb,
    0x28, 0xbb, 0x28, 0xbb, 0x28, 0xbb, 0xc7, 0xaa, 0xe8, 0xaa, 0x86, 0xa2,
    0x86, 0xa2, 0x86, 0x9a, 0x25, 0x92, 0x04, 0x8a, 0xe4, 0x81, 0xc4, 0x79,
    0x83, 0x71, 0x83, 0x71, 0x63, 0x71, 0x63, 0x69, 0x63, 0x71, 0x42, 0x69,
    0x22, 0x61, 0x22, 0x59, 0x01, 0x59, 0xe1, 0x50, 0xe1, 0x50, 0xc1, 0x50,
    0x60, 0x40, 0x00, 0x10, 0x21, 0x20, 0xc6, 0x69, 0x8d, 0xb3, 0xd3, 0xe4,
    0x55, 0xf5, 0x95, 0xf5, 0xb6, 0xf5, 0xd7, 0xfd, 0xf7, 0xfd, 0xf7, 0xf5,
    0x38, 0xfe, 0x58, 0xfe, 0x59, 0xfe, 0x58, 0xf6, 0x58, 0xfe, 0x38, 0xfe,
    0x18, 0xfe, 0xf7, 0xf5, 0x38, 0xfe, 0x38, 0xfe, 0x17, 0xf6, 0x17, 0xfe,
    0x17, 0xf6, 0xf7, 0xf5, 0x17, 0xf6, 0xd6, 0xf5, 0xd6, 0xf5, 0xd6, 0xf5,
    0xd6, 0xf5, 0xb5, 0xed, 0xd6, 0xf5, 0xb6, 0xf5, 0xb5, 0xf5, 0xaa, 0xcb,
    0xc6, 0xaa, 0x07, 0xab, 0x28, 0xb3, 0x28, 0xbb, 0x68, 0xc3, 0x48, 0xbb,
    0x68, 0xc3, 0x89, 0xcb, 0xa9, 0xcb, 0xa9, 0xcb, 0x89, 0xcb, 0x89, 0xcb,
    0x69, 0xc3, 0x89, 0xc3, 0x89, 0xcb, 0x68, 0xc3, 0x28, 0xbb, 0x28, 0xbb,
    0x28, 0xbb, 0x47, 0xbb, 0x07, 0xab, 0xe7, 0xaa, 0xe7, 0xaa, 0xe7, 0xaa,
    0x07, 0xb3, 0x08, 0xb3, 0x28, 0xbb, 0x48, 0xc3, 0x89, 0xc3, 0x48, 0xc3,
    0x2c, 0xe4, 0x29, 0xbb, 0x46, 0x92, 0x45, 0x92, 0x45, 0x92, 0x05, 0x8a,
    0xe4, 0x81, 0xe4, 0x81, 0xc4, 0x81, 0xe4, 0x81, 0xc4, 0x79, 0xa4, 0x79,
    0xc4, 0x81, 0xe4, 0x81, 0xc4, 0x81, 0xc4, 0x81, 0xc4, 0x79, 0xe4, 0x81,
    0xe4, 0x81, 0x05, 0x8a, 0xe4, 0x79, 0xa4, 0x79, 0xc4, 0x79, 0xc4, 0x79,
    0xc4, 0x79, 0xe4, 0x81, 0xe4, 0x81, 0xe4, 0x81, 0xe4, 0x81, 0xe4, 0x81,
    0xe4, 0x81, 0xe4, 0x81, 0x05, 0x8a, 0x25, 0x8a, 0x05, 0x8a, 0x05, 0x8a,
    0x25, 0x8a, 0x25, 0x92, 0x05, 0x8a, 0x05, 0x8a, 0xc4, 0x81, 0x05, 0x8a,
    0x45, 0x92, 0x46, 0x9a, 0x66, 0x9a, 0x25, 0x92, 0xe4, 0x81, 0xe4, 0x81,
    0xe4, 0x81, 0xc4, 0x81, 0xe4, 0x81, 0xe4, 0x81, 0xe5, 0x81, 0x05, 0x8a,
    0x25, 0x92, 0x05, 0x8a, 0x05, 0x8a, 0x66, 0x9a, 0x46, 0x92, 0xe4, 0x81,
    0xc4, 0x79, 0xe4, 0x81, 0xe4, 0x81, 0x05, 0x82, 0xe4, 0x81, 0xe4, 0x81,
    0xe4, 0x81, 0xc4, 0x79, 0xc4, 0x79, 0xc4, 0x79, 0xa3, 0x71, 0x42, 0x69,
    0x22, 0x61, 0x42, 0x61, 0x05, 0x8a, 0x66, 0x9a, 0x86, 0xa2, 0x66, 0x9a,
    0x04, 0x8a, 0x66, 0x92, 0x05, 0x82, 0xe1, 0x48, 0x22, 0x59, 0x22, 0x59,
    0x62, 0x69, 0x42, 0x69, 0xc4, 0x79, 0x05, 0x82, 0x05, 0x82, 0x25, 0x8a,
    0xe4, 0x81, 0x05, 0x8a, 0xe4, 0x81, 0xe4, 0x81, 0x05, 0x8a, 0x25, 0x8a,
    0x25, 0x8a, 0x05, 0x8a, 0x46, 0x8a, 0x25, 0x8a, 0x46, 0x92, 0x46, 0x92,
    0x25, 0x92, 0x45, 0x92, 0x86, 0x9a, 0x45, 0x92, 0x87, 0x9a, 0x66, 0x9a,
    0x61, 0x10, 0x61, 0x10, 0x61, 0x10, 0x61, 0x10, 0x81, 0x10, 0x61, 0x10,
    0x81, 0x10, 0x81, 0x10, 0x81, 0x10, 0x81, 0x10, 0x81, 0x18, 0xa1, 0x18,
    0xcb, 0xcb, 0x0c, 0xdc, 0x0c, 0xe4, 0x0c, 0xe4, 0x0c, 0xdc, 0x2c, 0xe4,
    0xeb, 0xdb, 0xcb, 0xdb, 0x2d, 0xec, 0x6d, 0xec, 0x8e, 0xf4, 0x6d, 0xec,
    0x0c, 0xdc, 0xaa, 0xd3, 0x8a, 0xcb, 0x29, 0xbb, 0xa7, 0xaa, 0x66, 0x9a,
    0x46, 0x92, 0x45, 0x92, 0x45, 0x92, 0x86, 0x9a, 0xa7, 0xa2, 0xe8, 0xb2,
    0xe8, 0xb2, 0xe7, 0xb2, 0x29, 0xbb, 0x49, 0xc3, 0x28, 0xbb, 0x28, 0xbb,
    0x28, 0xbb, 0xe8, 0xb2, 0xc8, 0xaa, 0xe8, 0xb2, 0xc7, 0xaa, 0xa7, 0xa2,
    0xa7, 0xa2, 0x87, 0xa2, 0x66, 0x9a, 0x25, 0x92, 0x05, 0x8a, 0xe4, 0x81,
    0xc3, 0x79, 0xc4, 0x81, 0x83, 0x71, 0x83, 0x71, 0x63, 0x69, 0x22, 0x61,
    0x22, 0x59, 0x01, 0x59, 0xe1, 0x58, 0xc1, 0x50, 0xe1, 0x50, 0xc0, 0x50,
    0x40, 0x38, 0x00, 0x08, 0x41, 0x20, 0x07, 0x72, 0x2f, 0xd4, 0x34, 0xf5,
    0x55, 0xf5, 0x75, 0xf5, 0xb6, 0xfd, 0xd7, 0xfd, 0xf7, 0xfd, 0x38, 0xfe,
    0x38, 0xfe, 0x59, 0xfe, 0x59, 0xf6, 0x59, 0xfe, 0x38, 0xf6, 0x38, 0xf6,
    0x17, 0xf6, 0x18, 0xfe, 0x38, 0xfe, 0x58, 0xfe, 0x37, 0xfe, 0x37, 0xfe,
    0x38, 0xfe, 0xf7, 0xf5, 0x17, 0xf6, 0xd7, 0xf5, 0x17, 0xf6, 0xf7, 0xf5,
    0x17, 0xf6, 0xf7, 0xf5, 0x17, 0xfe, 0x37, 0xfe, 0x32, 0xed, 0x49, 0xbb,
    0xc6, 0xa2, 0x07, 0xb3, 0x07, 0xb3, 0x48, 0xbb, 0x69, 0xc3, 0x48, 0xbb,
    0x48, 0xc3, 0x89, 0xcb, 0xa9, 0xcb, 0xa9, 0xcb, 0x89, 0xcb, 0xa9, 0xcb,
    0x89, 0xc3, 0x89, 0xc3, 0x89, 0xc3, 0x68, 0xbb, 0x28, 0xb3, 0x28, 0xb3,
    0x27, 0xb3, 0x07, 0xb3, 0x28, 0xbb, 0xc7, 0xaa, 0x07, 0xab, 0x07, 0xab,
    0x28, 0xb3, 0x07, 0xb3, 0x27, 0xb3, 0x48, 0xc3, 0x89, 0xc3, 0x69, 0xc3,
    0x0c, 0xdc, 0x29, 0xbb, 0x46, 0x92, 0x26, 0x92, 0x05, 0x8a, 0x05, 0x8a,
    0xe4, 0x81, 0xe4, 0x81, 0xa4, 0x79, 0xa4, 0x79, 0xc4, 0x79, 0xc4, 0x79,
    0xc4, 0x79, 0xc4, 0x79, 0xe4, 0x81, 0xc4, 0x81, 0xc4, 0x79, 0xc4, 0x81,
    0x05, 0x82, 0xe4, 0x81, 0xe4, 0x81, 0x83, 0x71, 0xc4, 0x79, 0xa3, 0x71,
    0xc4, 0x79, 0xc4, 0x79, 0xc4, 0x79, 0xe4, 0x81, 0xe4, 0x81, 0xe4, 0x81,
    0xc4, 0x81, 0xe5, 0x81, 0xe4, 0x89, 0x05, 0x8a, 0x05, 0x8a, 0x05, 0x8a,
    0x04, 0x8a, 0x05, 0x8a, 0xe4, 0x89, 0xe4, 0x81, 0xe4, 0x81, 0x05, 0x8a,
    0x25, 0x92, 0x45, 0x92, 0x46, 0x92, 0x46, 0x92, 0x25, 0x92, 0x05, 0x8a,
    0x05, 0x8a, 0x05, 0x8a, 0xc4, 0x79, 0xc4, 0x79, 0x05, 0x8a, 0xe5, 0x81,
    0x25, 0x8a, 0x25, 0x8a, 0x25, 0x8a, 0x25, 0x8a, 0x66, 0x9a, 0x05, 0x8a,
    0xa4, 0x79, 0xc4, 0x79, 0xe4, 0x81, 0xe5, 0x89, 0x05, 0x8a, 0xc4, 0x81,
    0xe4, 0x81, 0xe4, 0x81, 0xa4, 0x79, 0xc4, 0x79, 0xa4, 0x79, 0x84, 0x71,
    0x22, 0x59, 0x02, 0x51, 0x63, 0x69, 0xe4, 0x89, 0x66, 0x9a, 0xe7, 0xaa,
    0x66, 0x9a, 0xe4, 0x89, 0x66, 0x9a, 0x26, 0x82, 0xe1, 0x48, 0x02, 0x59,
    0x42, 0x61, 0x83, 0x69, 0x83, 0x69, 0xc4, 0x79, 0xe4, 0x81, 0x05, 0x8a,
    0xe4, 0x81, 0xe4, 0x81, 0x05, 0x82, 0x05, 0x82, 0x05, 0x82, 0x04, 0x82,
    0x46, 0x92, 0x25, 0x8a, 0x25, 0x8a, 0x45, 0x92, 0x46, 0x92, 0x66, 0x9a,
    0x45, 0x8a, 0x45, 0x92, 0x66, 0x92, 0x66, 0x9a, 0x66, 0x9a, 0x86, 0x9a,
    0x61, 0x10, 0x60, 0x10, 0x61, 0x08, 0x81, 0x10, 0x61, 0x10, 0x61, 0x10,
    0x81, 0x10, 0x82, 0x10, 0x81, 0x10, 0x81, 0x18, 0xa2, 0x18, 0x81, 0x18,
    0xab, 0xc3, 0x2d, 0xe4, 0x0c, 0xe4, 0xeb, 0xdb, 0x0c, 0xdc, 0x2d, 0xe4,
    0xeb, 0xe3, 0x0c, 0xe4, 0xeb, 0xdb, 0x6e, 0xec, 0x8e, 0xf4, 0x6d, 0xec,
    0x0c, 0xe4, 0xaa, 0xd3, 0x69, 0xc3, 0x28, 0xbb, 0x86, 0xa2, 0x46, 0x92,
    0x04, 0x8a, 0x05, 0x8a, 0x05, 0x92, 0x46, 0x9a, 0x86, 0xa2, 0xe7, 0xb2,
    0xe8, 0xb2, 0x08, 0xb3, 0x28, 0xb3, 0x49, 0xc3, 0x49, 0xbb, 0x28, 0xbb,
    0x29, 0xbb, 0xe8, 0xb2, 0xe8, 0xb2, 0x08, 0xb3, 0xc7, 0xaa, 0xa7, 0xaa,
    0xc7, 0xaa, 0x86, 0xa2, 0x66, 0x9a, 0x25, 0x92, 0x45, 0x92, 0x25, 0x8a,
    0xe4, 0x81, 0xc4, 0x81, 0xa3, 0x71, 0x83, 0x71, 0x42, 0x69, 0x22, 0x61,
    0x01, 0x59, 0x01, 0x59, 0xe1, 0x50, 0xc0, 0x50, 0xc1, 0x50, 0xa0, 0x48,
    0x40, 0x38, 0x00, 0x10, 0x61, 0x30, 0x2b, 0xab, 0x13, 0xed, 0xb6, 0xf5,
    0x95, 0xf5, 0x96, 0xfd, 0xb6, 0xf5, 0xf7, 0xfd, 0x18, 0xfe, 0x18, 0xfe,
    0x58, 0xfe, 0x59, 0xf6, 0x58, 0xf6, 0x58, 0xf6, 0x38, 0xf6, 0x38, 0xfe,
    0x38, 0xfe, 0x38, 0xfe, 0x17, 0xf6, 0x58, 0xfe, 0xf7, 0xf5, 0x17, 0xfe,
    0x38, 0xfe, 0xf7, 0xf5, 0x17, 0xf6, 0xf7, 0xf5, 0x18, 0xf6, 0xf7, 0xf5,
    0x38, 0xfe, 0x17, 0xf6, 0x38, 0xfe, 0xf7, 0xf5, 0x53, 0xed, 0x28, 0xbb,
    0xe7, 0xaa, 0x07, 0xb3, 0x28, 0xbb, 0x28, 0xbb, 0x48, 0xbb, 0x48, 0xbb,
    0x48, 0xc3, 0x88, 0xc3, 0x89, 0xcb, 0x89, 0xcb, 0x89, 0xcb, 0x69, 0xc3,
    0x89, 0xcb, 0x88, 0xc3, 0x89, 0xc3, 0x48, 0xbb, 0x28, 0xb3, 0x27, 0xb3,
    0x27, 0xb3, 0x27, 0xb3, 0x08, 0xb3, 0xe7, 0xaa, 0x07, 0xab, 0xe7, 0xaa,
    0xe6, 0xaa, 0xe6, 0xaa, 0xe6, 0xaa, 0x68, 0xbb, 0x69, 0xc3, 0x69, 0xc3,
    0xeb, 0xdb, 0x08, 0xb3, 0x25, 0x92, 0x05, 0x8a, 0x25, 0x8a, 0xe4, 0x81,
    0x05, 0x8a, 0xe4, 0x81, 0xc4, 0x79, 0xc4, 0x79, 0xa4, 0x79, 0xa4, 0x79,
    0xc4, 0x79, 0xc4, 0x81, 0xc4, 0x81, 0xc4, 0x79, 0xc4, 0x79, 0xe4, 0x81,
    0xc4, 0x81, 0xe4, 0x81, 0xe4, 0x81, 0xa4, 0x79, 0xa3, 0x71, 0xa4, 0x79,
    0xa3, 0x79, 0xa3, 0x79, 0xc4, 0x79, 0xc4, 0x81, 0xc4, 0x81, 0xc4, 0x81,
    0xe4, 0x81, 0xe5, 0x89, 0x05, 0x8a, 0x05, 0x8a, 0x04, 0x8a, 0x04, 0x8a,
    0x05, 0x8a, 0x05, 0x8a, 0x04, 0x8a, 0x05, 0x8a, 0xe4, 0x81, 0xe4, 0x81,
    0x05, 0x8a, 0x05, 0x8a, 0x25, 0x8a, 0x25, 0x92, 0x46, 0x92, 0x45, 0x92,
    0x25, 0x8a, 0x05, 0x8a, 0xe4, 0x81, 0xe4, 0x81, 0xe4, 0x81, 0xe5, 0x89,
    0x25, 0x8a, 0x05, 0x8a, 0x05, 0x8a, 0x05, 0x8a, 0x45, 0x92, 0x46, 0x92,
    0xc4, 0x79, 0x83, 0x79, 0xc4, 0x79, 0xe4, 0x81, 0xe4, 0x81, 0x05, 0x82,
    0xe4, 0x81, 0xe4, 0x81, 0xe4, 0x81, 0xa4, 0x79, 0xc4, 0x79, 0xa3, 0x71,
    0x83, 0x69, 0x22, 0x59, 0x01, 0x51, 0x84, 0x71, 0x25, 0x8a, 0x87, 0xa2,
    0xa7, 0xa2, 0x04, 0x8a, 0xe4, 0x89, 0x66, 0x92, 0x26, 0x82, 0xe1, 0x48,
    0x02, 0x59, 0x63, 0x61, 0x63, 0x69, 0x83, 0x71, 0xe4, 0x81, 0xe4, 0x81,
    0x05, 0x82, 0x25, 0x8a, 0x04, 0x82, 0xe5, 0x81, 0x05, 0x8a, 0x25, 0x8a,
    0x25, 0x8a, 0x46, 0x92, 0x46, 0x92, 0x25, 0x8a, 0x66, 0x92, 0x66, 0x9a,
    0x46, 0x92, 0x46, 0x92, 0x46, 0x92, 0x46, 0x92, 0x66, 0x9a, 0x86, 0x9a,
    0x61, 0x08, 0x61, 0x10, 0x60, 0x10, 0x61, 0x08, 0x81, 0x10, 0x81, 0x10,
    0x61, 0x10, 0x81, 0x10, 0x81, 0x10, 0x82, 0x18, 0x81, 0x18, 0xa2, 0x20,
    0x6a, 0xbb, 0x0c, 0xdc, 0x0c, 0xdc, 0x2c, 0xe4, 0x0c, 0xe4, 0x0b, 0xe4,
    0x0b, 0xdc, 0xeb, 0xdb, 0x0c, 0xe4, 0x2c, 0xe4, 0x8e, 0xf4, 0x8e, 0xec,
    0x0c, 0xe4, 0xaa, 0xd3, 0x49, 0xc3, 0x08, 0xb3, 0x86, 0xa2, 0x25, 0x92,
    0x25, 0x8a, 0x05, 0x8a, 0x25, 0x8a, 0x45, 0x92, 0x86, 0x9a, 0xa7, 0xaa,
    0xe7, 0xb2, 0xe8, 0xaa, 0x08, 0xb3, 0x28, 0xbb, 0xe8, 0xb2, 0xe7, 0xb2,
    0x08, 0xb3, 0xc7, 0xaa, 0xe7, 0xb2, 0xe8, 0xb2, 0xc7, 0xaa, 0xa7, 0xaa,
    0xc7, 0xaa, 0xa7, 0xa2, 0x87, 0xa2, 0x66, 0x9a, 0x67, 0x9a, 0x46, 0x92,
    0xe5, 0x89, 0xc4, 0x79, 0xa4, 0x79, 0x83, 0x71, 0x42, 0x61, 0x22, 0x61,
    0x01, 0x59, 0xe1, 0x50, 0xe1, 0x50, 0xe1, 0x50, 0xc1, 0x50, 0xc1, 0x48,
    0x20, 0x28, 0x00, 0x10, 0x23, 0x59, 0x50, 0xd4, 0x96, 0xf5, 0x38, 0xfe,
    0x17, 0xfe, 0xf7, 0xfd, 0xf7, 0xf5, 0xf7, 0xf5, 0xf7, 0xf5, 0x18, 0xf6,
    0x59, 0xfe, 0x59, 0xfe, 0x79, 0xfe, 0x58, 0xf6, 0x58, 0xfe, 0x18, 0xf6,
    0x18, 0xf6, 0x38, 0xfe, 0x17, 0xf6, 0xf7, 0xf5, 0xd6, 0xf5, 0xf6, 0xf5,
    0x17, 0xf6, 0xd6, 0xf5, 0xf7, 0xf5, 0x17, 0xf6, 0xb6, 0xed, 0x17, 0xf6,
    0x38, 0xf6, 0x38, 0xf6, 0x17, 0xf6, 0x38, 0xfe, 0xf1, 0xec, 0x29, 0xbb,
    0xc7, 0xa2, 0xe7, 0xaa, 0x07, 0xb3, 0x28, 0xb3, 0x28, 0xbb, 0x28, 0xbb,
    0x68, 0xc3, 0x89, 0xcb, 0xa9, 0xcb, 0x69, 0xc3, 0x69, 0xc3, 0x89, 0xcb,
    0x88, 0xc3, 0x89, 0xc3, 0x69, 0xc3, 0x48, 0xbb, 0x27, 0xb3, 0x28, 0xb3,
    0x07, 0xb3, 0x07, 0xb3, 0xe7, 0xaa, 0xe7, 0xaa, 0xc7, 0xa2, 0xe7, 0xaa,
    0xe7, 0xaa, 0x07, 0xb3, 0x07, 0xb3, 0x28, 0xbb, 0x48, 0xc3, 0x69, 0xc3,
    0xcb, 0xdb, 0xe8, 0xb2, 0x46, 0x9a, 0x05, 0x8a, 0x25, 0x8a, 0xe4, 0x81,
    0xe4, 0x81, 0xc4, 0x81, 0xc4, 0x79, 0xc4, 0x81, 0xc4, 0x81, 0xc4, 0x81,
    0xe4, 0x81, 0xe4, 0x81, 0xe4, 0x81, 0xc4, 0x79, 0xc4, 0x79, 0xe4, 0x81,
    0xe4, 0x81, 0xe5, 0x81, 0x05, 0x8a, 0xc4, 0x79, 0x83, 0x71, 0x83, 0x71,
    0x83, 0x71, 0xa4, 0x79, 0xc4, 0x79, 0xc4, 0x79, 0xc4, 0x81, 0xc4, 0x79,
    0xe4, 0x81, 0xe4, 0x81, 0xe4, 0x81, 0xe4, 0x81, 0xe4, 0x81, 0xe4, 0x89,
    0x05, 0x8a, 0xe4, 0x89, 0x25, 0x8a, 0x05, 0x8a, 0xc4, 0x81, 0xe4, 0x81,
    0xe5, 0x89, 0x05, 0x8a, 0x04, 0x8a, 0x25, 0x8a, 0x25, 0x92, 0x46, 0x92,
    0x45, 0x92, 0x25, 0x92, 0x05, 0x8a, 0xe4, 0x81, 0xc4, 0x79, 0x05, 0x82,
    0x25, 0x8a, 0x05, 0x8a, 0x05, 0x8a, 0x05, 0x8a, 0x45, 0x92, 0x46, 0x92,
    0xe4, 0x81, 0xa4, 0x79, 0xc4, 0x79, 0xe4, 0x81, 0xc4, 0x81, 0xe4, 0x81,
    0xe5, 0x81, 0xe5, 0x81, 0xe5, 0x81, 0xc4, 0x79, 0xc4, 0x79, 0xc4, 0x79,
    0xa3, 0x79, 0x63, 0x69, 0x22, 0x59, 0x02, 0x59, 0xa3, 0x71, 0x45, 0x92,
    0x86, 0xa2, 0x45, 0x92, 0x05, 0x8a, 0xe4, 0x89, 0x66, 0x92, 0x26, 0x8a,
    0xe1, 0x48, 0x22, 0x59, 0x42, 0x61, 0x83, 0x69, 0xa4, 0x79, 0xe4, 0x81,
    0xe5, 0x81, 0x05, 0x82, 0x05, 0x82, 0x04, 0x82, 0xe4, 0x81, 0x05, 0x82,
    0x05, 0x82, 0x25, 0x8a, 0x05, 0x8a, 0x45, 0x92, 0x25, 0x8a, 0x66, 0x92,
    0x66, 0x9a, 0x66, 0x92, 0x45, 0x92, 0x45, 0x92, 0x66, 0x9a, 0x66, 0x92,
    0x61, 0x10, 0x61, 0x10, 0x61, 0x08, 0x61, 0x10, 0x61, 0x10, 0x81, 0x10,
    0x81, 0x10, 0x61, 0x10, 0x81, 0x10, 0x81, 0x18, 0x81, 0x18, 0xa1, 0x18,
    0x4a, 0xab, 0x0c, 0xe4, 0x0b, 0xdc, 0x0c, 0xdc, 0x0c, 0xe4, 0x0c, 0xe4,
    0xeb, 0xdb, 0xeb, 0xdb, 0x0c, 0xe4, 0x4d, 0xec, 0x8d, 0xec, 0x8e, 0xec,
    0x2c, 0xe4, 0xcb, 0xd3, 0x6a, 0xc3, 0x09, 0xbb, 0xa7, 0xa2, 0x46, 0x92,
    0xe4, 0x89, 0x04, 0x8a, 0xe4, 0x81, 0x25, 0x8a, 0x66, 0x9a, 0xa7, 0xa2,
    0xc7, 0xaa, 0xc7, 0xaa, 0xe8, 0xb2, 0xe7, 0xb2, 0x08, 0xb3, 0xc7, 0xb2,
    0xe8, 0xb2, 0xe7, 0xb2, 0x08, 0xb3, 0x08, 0xbb, 0x08, 0xb3, 0xc8, 0xaa,
    0xc7, 0xaa, 0xa7, 0xa2, 0xa7, 0xaa, 0x66, 0x9a, 0x66, 0x9a, 0x25, 0x92,
    0x05, 0x8a, 0xc4, 0x81, 0x83, 0x71, 0x83, 0x71, 0x42, 0x61, 0x22, 0x61,
    0x02, 0x59, 0x02, 0x59, 0x02, 0x51, 0xc1, 0x50, 0xc0, 0x48, 0xa1, 0x48,
    0x20, 0x28, 0x20, 0x18, 0xa5, 0x69, 0x2f, 0xd4, 0xb5, 0xf5, 0x99, 0xfe,
    0x59, 0xfe, 0x58, 0xfe, 0x38, 0xfe, 0xf7, 0xf5, 0xf7, 0xf5, 0x59, 0xfe,
    0x59, 0xfe, 0x79, 0xf6, 0x79, 0xf6, 0x59, 0xf6, 0x38, 0xf6, 0x38, 0xf6,
    0x37, 0xf6, 0x38, 0xfe, 0x17, 0xf6, 0xf6, 0xf5, 0xb6, 0xf5, 0xf7, 0xf5,
    0xf7, 0xf5, 0xd6, 0xf5, 0x38, 0xf6, 0xf7, 0xf5, 0xf7, 0xf5, 0x38, 0xf6,
    0x58, 0xf6, 0x38, 0xf6, 0x38, 0xf6, 0x78, 0xfe, 0xaf, 0xe4, 0x49, 0xbb,
    0xe7, 0xaa, 0xe7, 0xaa, 0x07, 0xb3, 0x28, 0xbb, 0x28, 0xb3, 0x48, 0xbb,
    0x69, 0xc3, 0x8a, 0xcb, 0xaa, 0xcb, 0x89, 0xcb, 0x89, 0xc3, 0x88, 0xc3,
    0x89, 0xc3, 0x88, 0xc3, 0x68, 0xbb, 0x89, 0xc3, 0x27, 0xb3, 0x27, 0xb3,
    0x07, 0xb3, 0xe7, 0xaa, 0xc7, 0xaa, 0x08, 0xab, 0xc7, 0xaa, 0xe7, 0xaa,
    0x07, 0xb3, 0xe7, 0xaa, 0xe7, 0xb2, 0x08, 0xb3, 0x48, 0xbb, 0x48, 0xc3,
    0x0b, 0xdc, 0xe8, 0xb2, 0x25, 0x92, 0x04, 0x8a, 0x05, 0x8a, 0xe4, 0x81,
    0xe5, 0x81, 0xc4, 0x81, 0xc4, 0x81, 0xc3, 0x79, 0xc4, 0x81, 0xc4, 0x81,
    0xe4, 0x81, 0xe4, 0x81, 0xe4, 0x81, 0xc4, 0x81, 0xe4, 0x81, 0xc4, 0x81,
    0xe4, 0x81, 0xe5, 0x81, 0x05, 0x8a, 0x05, 0x82, 0x83, 0x71, 0x83, 0x71,
    0x83, 0x71, 0xa3, 0x79, 0xa3, 0x79, 0xa4, 0x79, 0xc4, 0x79, 0xe4, 0x81,
    0xe5, 0x81, 0xe4, 0x81, 0xc4, 0x81, 0xe4, 0x81, 0x05, 0x8a, 0x05, 0x8a,
    0x05, 0x8a, 0x05, 0x8a, 0x25, 0x8a, 0x05, 0x8a, 0xe4, 0x81, 0xa4, 0x79,
    0xe5, 0x89, 0x05, 0x8a, 0xe4, 0x89, 0x25, 0x8a, 0x04, 0x8a, 0x05, 0x8a,
    0x66, 0x9a, 0x46, 0x92, 0x25, 0x8a, 0x05, 0x82, 0xe4, 0x81, 0xc4, 0x81,
    0xe4, 0x81, 0xe5, 0x89, 0x25, 0x8a, 0x04, 0x8a, 0x25, 0x92, 0x86, 0x9a,
    0x25, 0x8a, 0xa3, 0x79, 0xe4, 0x81, 0xc4, 0x81, 0xe4, 0x81, 0xe4, 0x81,
    0xc4, 0x81, 0xe5, 0x81, 0xe4, 0x81, 0xc4, 0x81, 0xc4, 0x79, 0xc4, 0x79,
    0xa4, 0x79, 0xa4, 0x71, 0x63, 0x69, 0x01, 0x51, 0x22, 0x61, 0xa3, 0x71,
    0x46, 0x92, 0x45, 0x92, 0x46, 0x9a, 0x05, 0x8a, 0xe4, 0x81, 0x66, 0x9a,
    0x46, 0x8a, 0xe1, 0x50, 0x22, 0x59, 0x43, 0x61, 0x83, 0x71, 0xc4, 0x79,
    0xe4, 0x81, 0x05, 0x8a, 0xe4, 0x81, 0x05, 0x82, 0x25, 0x8a, 0x25, 0x8a,
    0x05, 0x8a, 0x45, 0x8a, 0x05, 0x8a, 0x25, 0x8a, 0x46, 0x92, 0x46, 0x92,
    0x66, 0x92, 0x86, 0x9a, 0x66, 0x9a, 0x66, 0x92, 0xa7, 0x9a, 0x66, 0x9a,
    0x61, 0x10, 0x61, 0x10, 0x61, 0x10, 0x61, 0x10, 0x61, 0x10, 0x61, 0x10,
    0x81, 0x10, 0x81, 0x10, 0x81, 0x10, 0x81, 0x10, 0xa1, 0x18, 0xa1, 0x18,
    0x09, 0xa3, 0xeb, 0xdb, 0xeb, 0xdb, 0xeb, 0xdb, 0x0c, 0xe4, 0x0c, 0xe4,
    0xeb, 0xdb, 0xeb, 0xdb, 0x0b, 0xe4, 0x4d, 0xe4, 0x8e, 0xf4, 0x8e, 0xf4,
    0x2c, 0xe4, 0xcb, 0xd3, 0x8a, 0xcb, 0x49, 0xc3, 0xa7, 0xaa, 0x25, 0x8a,
    0xc4, 0x81, 0xc4, 0x79, 0xe4, 0x81, 0x05, 0x92, 0x25, 0x92, 0xa6, 0xa2,
    0xa7, 0xa2, 0xa7, 0xaa, 0xc7, 0xaa, 0xe7, 0xaa, 0xe8, 0xb2, 0xe7, 0xb2,
    0xe8, 0xb2, 0x08, 0xbb, 0x29, 0xbb, 0xe8, 0xb2, 0xe8, 0xb2, 0xe7, 0xaa,
    0xc7, 0xaa, 0xa7, 0xa2, 0xa7, 0xa2, 0x66, 0x9a, 0x25, 0x92, 0x25, 0x8a,
    0xe4, 0x81, 0xc4, 0x79, 0xa3, 0x71, 0x63, 0x69, 0x43, 0x69, 0x42, 0x61,
    0x22, 0x61, 0x02, 0x59, 0xe1, 0x50, 0xc1, 0x50, 0xc1, 0x48, 0xa0, 0x48,
    0x00, 0x20, 0x00, 0x10, 0x03, 0x51, 0xcd, 0xc3, 0x54, 0xed, 0x38, 0xfe,
    0x58, 0xfe, 0x38, 0xf6, 0x38, 0xf6, 0xd7, 0xf5, 0x17, 0xf6, 0x38, 0xf6,
    0x99, 0xfe, 0x99, 0xfe, 0x79, 0xfe, 0x79, 0xfe, 0x59, 0xf6, 0x79, 0xfe,
    0x38, 0xf6, 0x38, 0xf6, 0x58, 0xfe, 0xf7, 0xf5, 0xf7, 0xf5, 0x58, 0xfe,
    0x17, 0xf6, 0x17, 0xf6, 0x38, 0xf6, 0x38, 0xf6, 0x18, 0xf6, 0x58, 0xf6,
    0x79, 0xfe, 0x38, 0xf6, 0x58, 0xf6, 0x17, 0xf6, 0x2d, 0xdc, 0x49, 0xbb,
    0xe7, 0xaa, 0x07, 0xab, 0x28, 0xb3, 0x48, 0xbb, 0x48, 0xbb, 0x49, 0xbb,
    0x69, 0xc3, 0x8a, 0xcb, 0x69, 0xc3, 0x8a, 0xcb, 0x69, 0xc3, 0x89, 0xc3,
    0x89, 0xc3, 0x68, 0xc3, 0x47, 0xbb, 0x27, 0xb3, 0x27, 0xb3, 0x07, 0xb3,
    0x08, 0xab, 0x08, 0xb3, 0x07, 0xab, 0xe7, 0xa2, 0xe7, 0xaa, 0xe7, 0xaa,
    0xe7, 0xaa, 0xc7, 0xaa, 0x07, 0xab, 0x28, 0xb3, 0x28, 0xbb, 0x48, 0xc3,
    0xcb, 0xd3, 0xc7, 0xaa, 0x04, 0x8a, 0xc4, 0x81, 0xe4, 0x81, 0xc4, 0x81,
    0xe4, 0x81, 0xc4, 0x81, 0xc4, 0x81, 0xc4, 0x79, 0xc4, 0x79, 0xc4, 0x79,
    0xc4, 0x79, 0xc4, 0x81, 0xc4, 0x81, 0xe4, 0x81, 0xe4, 0x81, 0xc4, 0x81,
    0xe4, 0x81, 0x04, 0x82, 0x05, 0x8a, 0x46, 0x92, 0x83, 0x79, 0xa3, 0x79,
    0x83, 0x71, 0xa3, 0x71, 0x83, 0x79, 0xa3, 0x79, 0xa3, 0x79, 0xc4, 0x81,
    0xc4, 0x79, 0xe5, 0x81, 0xc4, 0x81, 0xe4, 0x81, 0xe4, 0x81, 0x05, 0x8a,
    0xe4, 0x81, 0x05, 0x8a, 0xe4, 0x89, 0xe4, 0x81, 0x05, 0x8a, 0xe4, 0x81,
    0xe4, 0x81, 0xe4, 0x81, 0xe5, 0x89, 0xe5, 0x89, 0x04, 0x8a, 0x05, 0x8a,
    0x25, 0x92, 0x66, 0x92, 0x46, 0x92, 0x25, 0x8a, 0xe4, 0x81, 0xc4, 0x81,
    0xe4, 0x81, 0xe5, 0x81, 0xe4, 0x81, 0x05, 0x8a, 0x25, 0x92, 0x46, 0x92,
    0x66, 0x9a, 0xe4, 0x81, 0xa4, 0x79, 0xc4, 0x81, 0xe5, 0x81, 0xe4, 0x81,
    0xe4, 0x81, 0xe4, 0x81, 0xe4, 0x81, 0xe4, 0x81, 0xe4, 0x81, 0xc4, 0x79,
    0xc4, 0x79, 0xc4, 0x79, 0xa3, 0x71, 0x42, 0x61, 0x22, 0x59, 0x22, 0x61,
    0xa3, 0x71, 0xe5, 0x89, 0x46, 0x92, 0x45, 0x92, 0xe4, 0x81, 0xe4, 0x81,
    0x87, 0x9a, 0x66, 0x92, 0x02, 0x59, 0x22, 0x59, 0x63, 0x69, 0xc4, 0x79,
    0xe4, 0x79, 0x05, 0x82, 0x25, 0x8a, 0x04, 0x82, 0x25, 0x8a, 0x45, 0x92,
    0x45, 0x92, 0x45, 0x8a, 0x45, 0x8a, 0x25, 0x8a, 0x25, 0x8a, 0x25, 0x8a,
    0x66, 0x92, 0x66, 0x9a, 0x87, 0x9a, 0x46, 0x92, 0x46, 0x92, 0x66, 0x92,
    0x61, 0x08, 0x61, 0x10, 0x61, 0x10, 0x61, 0x08, 0x61, 0x10, 0x81, 0x10,
    0x61, 0x10, 0x81, 0x10, 0x81, 0x10, 0x81, 0x10, 0x82, 0x18, 0xa2, 0x20,
    0xc8, 0x92, 0xec, 0xdb, 0x0c, 0xe4, 0xec, 0xdb, 0x0b, 0xe4, 0x2c, 0xe4,
    0xeb, 0xdb, 0xeb, 0xdb, 0x0c, 0xe4, 0x2c, 0xe4, 0x6d, 0xec, 0xae, 0xf4,
    0x4d, 0xec, 0xeb, 0xdb, 0x8a, 0xd3, 0x49, 0xc3, 0xc7, 0xaa, 0x25, 0x92,
    0xe4, 0x81, 0xc4, 0x81, 0xc4, 0x81, 0xe4, 0x81, 0x25, 0x92, 0x86, 0x9a,
    0x86, 0xa2, 0x86, 0xa2, 0xc7, 0xaa, 0x86, 0xa2, 0xc7, 0xaa, 0x28, 0xbb,
    0x08, 0xb3, 0x08, 0xbb, 0xe8, 0xb2, 0xe8, 0xb2, 0xc7, 0xaa, 0xc7, 0xaa,
    0x86, 0xa2, 0x86, 0xa2, 0x66, 0x9a, 0x45, 0x92, 0x05, 0x8a, 0x05, 0x8a,
    0xc4, 0x81, 0xa3, 0x79, 0xa4, 0x71, 0x83, 0x71, 0x63, 0x69, 0x43, 0x69,
    0x42, 0x61, 0x22, 0x61, 0x01, 0x59, 0xe1, 0x50, 0xc1, 0x50, 0xa0, 0x48,
    0x20, 0x20, 0x00, 0x10, 0x81, 0x38, 0x2b, 0xab, 0xd2, 0xe4, 0x95, 0xf5,
    0xf7, 0xf5, 0x17, 0xf6, 0x18, 0xf6, 0xf7, 0xf5, 0x38, 0xfe, 0x59, 0xf6,
    0x9a, 0xfe, 0x9a, 0xfe, 0x79, 0xf6, 0x79, 0xf6, 0x99, 0xfe, 0x9a, 0xfe,
    0x79, 0xfe, 0x79, 0xfe, 0x38, 0xf6, 0xf7, 0xf5, 0x38, 0xf6, 0x58, 0xf6,
    0x38, 0xf6, 0x38, 0xf6, 0x58, 0xf6, 0x59, 0xf6, 0x59, 0xf6, 0x58, 0xfe,
    0x59, 0xf6, 0x79, 0xfe, 0x79, 0xfe, 0xf7, 0xf5, 0xcb, 0xd3, 0x28, 0xb3,
    0xe7, 0xaa, 0x07, 0xab, 0x27, 0xb3, 0x68, 0xbb, 0x69, 0xbb, 0x69, 0xc3,
    0x69, 0xc3, 0xaa, 0xcb, 0x8a, 0xc3, 0x89, 0xc3, 0x69, 0xc3, 0x89, 0xc3,
    0x89, 0xc3, 0x48, 0xc3, 0x48, 0xbb, 0x48, 0xbb, 0x07, 0xb3, 0x07, 0xab,
    0xe7, 0xaa, 0xe7, 0xaa, 0x28, 0xb3, 0x07, 0xab, 0xe7, 0xaa, 0xc7, 0xa2,
    0xa6, 0xa2, 0xe7, 0xaa, 0x07, 0xb3, 0x48, 0xbb, 0x48, 0xbb, 0x28, 0xbb,
    0xaa, 0xd3, 0xc7, 0xaa, 0x05, 0x8a, 0xe4, 0x81, 0xe4, 0x81, 0xe5, 0x89,
    0xc4, 0x81, 0xe4, 0x81, 0xc4, 0x79, 0xc4, 0x79, 0xc3, 0x79, 0xc4, 0x81,
    0xe4, 0x81, 0xc4, 0x81, 0xe4, 0x81, 0xe4, 0x81, 0xc4, 0x79, 0xe4, 0x81,
    0xc4, 0x79, 0xe5, 0x89, 0x05, 0x8a, 0x45, 0x92, 0xc4, 0x79, 0xa4, 0x79,
    0xa4, 0x79, 0x83, 0x71, 0x83, 0x71, 0xa4, 0x79, 0xa3, 0x79, 0xc4, 0x79,
    0xc4, 0x81, 0xe4, 0x81, 0xe5, 0x81, 0xc4, 0x81, 0xe4, 0x81, 0xe4, 0x81,
    0xe4, 0x81, 0xe5, 0x81, 0xe5, 0x89, 0x05, 0x8a, 0x05, 0x8a, 0xe4, 0x81,
    0xe4, 0x81, 0xe5, 0x81, 0xe5, 0x81, 0xe4, 0x81, 0x04, 0x82, 0x05, 0x8a,
    0x05, 0x8a, 0x25, 0x92, 0x45, 0x92, 0x45, 0x92, 0x05, 0x8a, 0xe4, 0x81,
    0xe5, 0x81, 0xe4, 0x81, 0xe4, 0x81, 0xe5, 0x89, 0x05, 0x8a, 0x66, 0x92,
    0x66, 0x9a, 0xe5, 0x81, 0xa3, 0x79, 0xc4, 0x79, 0xc4, 0x81, 0xe5, 0x81,
    0xe4, 0x81, 0xc4, 0x79, 0x05, 0x82, 0xc4, 0x81, 0xc4, 0x79, 0xc4, 0x81,
    0xc4, 0x81, 0xc4, 0x79, 0xa4, 0x79, 0xa4, 0x71, 0x42, 0x61, 0x22, 0x61,
    0x43, 0x69, 0x83, 0x71, 0xe4, 0x81, 0x04, 0x8a, 0x25, 0x8a, 0xe4, 0x81,
    0xe4, 0x81, 0x87, 0x9a, 0x87, 0x9a, 0x22, 0x59, 0x22, 0x59, 0x83, 0x71,
    0xc4, 0x79, 0xc4, 0x79, 0x05, 0x82, 0xe4, 0x81, 0x05, 0x8a, 0x25, 0x8a,
    0x46, 0x92, 0x45, 0x8a, 0x66, 0x9a, 0x46, 0x92, 0x25, 0x8a, 0x25, 0x8a,
    0x25, 0x8a, 0x66, 0x92, 0x66, 0x9a, 0x66, 0x92, 0x66, 0x9a, 0x87, 0x9a,
    0x61, 0x10, 0x61, 0x10, 0x61, 0x10, 0x61, 0x10, 0x61, 0x08, 0x81, 0x10,
    0x81, 0x10, 0x81, 0x10, 0x81, 0x10, 0x81, 0x10, 0xa1, 0x18, 0x81, 0x18,
    0x88, 0x82, 0xeb, 0xdb, 0xeb, 0xdb, 0x0c, 0xe4, 0x0b, 0xdc, 0x0c, 0xdc,
    0x0c, 0xe4, 0xeb, 0xdb, 0x0c, 0xe4, 0x0c, 0xe4, 0x8e, 0xec, 0x8e, 0xf4,
    0x4d, 0xec, 0x0c, 0xdc, 0x8a, 0xcb, 0x49, 0xc3, 0xa7, 0xaa, 0x45, 0x92,
    0xe4, 0x81, 0xa3, 0x79, 0xa3, 0x79, 0xa3, 0x79, 0x04, 0x8a, 0x45, 0x92,
    0x45, 0x9a, 0x46, 0x9a, 0x66, 0x9a, 0xa6, 0xa2, 0xe7, 0xb2, 0xe8, 0xb2,
    0xa7, 0xaa, 0xc7, 0xaa, 0xe7, 0xaa, 0xc7, 0xaa, 0x86, 0xa2, 0xa7, 0xa2,
    0x87, 0xa2, 0x25, 0x92, 0x04, 0x8a, 0x25, 0x92, 0xe4, 0x81, 0xc4, 0x81,
    0xc4, 0x81, 0xa4, 0x79, 0xa3, 0x79, 0x43, 0x69, 0x42, 0x61, 0x63, 0x69,
    0x83, 0x71, 0xe5, 0x79, 0x05, 0x82, 0xe5, 0x79, 0xc4, 0x79, 0xa4, 0x71,
    0x23, 0x59, 0x81, 0x30, 0x20, 0x28, 0x68, 0x82, 0x0f, 0xcc, 0xd2, 0xe4,
    0x95, 0xed, 0xf7, 0xf5, 0xf7, 0xf5, 0x17, 0xf6, 0x58, 0xf6, 0x38, 0xf6,
    0x59, 0xf6, 0x79, 0xf6, 0x9a, 0xfe, 0x9a, 0xfe, 0x7a, 0xfe, 0x9a, 0xfe,
    0x79, 0xfe, 0x9a, 0xfe, 0x79, 0xf6, 0x38, 0xf6, 0x79, 0xfe, 0x9a, 0xfe,
    0x38, 0xf6, 0x79, 0xfe, 0x79, 0xfe, 0x58, 0xf6, 0x79, 0xfe, 0x79, 0xfe,
    0x79, 0xf6, 0x79, 0xfe, 0x79, 0xf6, 0x17, 0xf6, 0xeb, 0xd3, 0x28, 0xbb,
    0x07, 0xb3, 0xe7, 0xaa, 0x27, 0xb3, 0x48, 0xbb, 0x69, 0xbb, 0x69, 0xbb,
    0x89, 0xc3, 0x89, 0xc3, 0x8a, 0xc3, 0x69, 0xc3, 0x69, 0xc3, 0x69, 0xc3,
    0x48, 0xbb, 0x48, 0xbb, 0x69, 0xc3, 0x28, 0xbb, 0x07, 0xab, 0x07, 0xab,
    0xe7, 0xaa, 0x07, 0xb3, 0xe7, 0xaa, 0xc6, 0xa2, 0xe7, 0xaa, 0xc6, 0xa2,
    0xc6, 0xa2, 0xe7, 0xaa, 0x07, 0xb3, 0x49, 0xbb, 0x07, 0xb3, 0x28, 0xb3,
    0xeb, 0xd3, 0xe8, 0xaa, 0xe5, 0x89, 0xc4, 0x81, 0xc4, 0x81, 0xc4, 0x79,
    0xc4, 0x79, 0xc4, 0x79, 0xc4, 0x81, 0xa4, 0x79, 0xa3, 0x79, 0xa3, 0x79,
    0xc4, 0x79, 0xc4, 0x79, 0xe4, 0x81, 0xe5, 0x81, 0xc4, 0x79, 0xe4, 0x81,
    0xc4, 0x79, 0xe4, 0x81, 0xe4, 0x81, 0x25, 0x8a, 0xe5, 0x89, 0xc4, 0x79,
    0xe4, 0x81, 0xa3, 0x71, 0xa3, 0x71, 0xa4, 0x79, 0xa3, 0x79, 0xc4, 0x79,
    0xa4, 0x79, 0xe4, 0x81, 0xc4, 0x79, 0xe4, 0x81, 0xc4, 0x81, 0xe4, 0x81,
    0xe4, 0x81, 0xe5, 0x89, 0xe4, 0x81, 0xe4, 0x81, 0xe4, 0x81, 0xc4, 0x81,
    0xc4, 0x81, 0xc4, 0x79, 0xe4, 0x81, 0xe4, 0x81, 0xe4, 0x81, 0xc4, 0x81,
    0x05, 0x8a, 0x05, 0x8a, 0x05, 0x8a, 0x25, 0x8a, 0x05, 0x8a, 0x05, 0x8a,
    0xe4, 0x81, 0xe4, 0x81, 0xe5, 0x89, 0xe4, 0x81, 0xe4, 0x81, 0x05, 0x8a,
    0x46, 0x92, 0x04, 0x82, 0xc4, 0x79, 0xa4, 0x79, 0xc4, 0x79, 0xc4, 0x79,
    0xe5, 0x81, 0xe4, 0x81, 0xe5, 0x81, 0xe4, 0x81, 0xe4, 0x81, 0xe4, 0x81,
    0xc4, 0x79, 0xa4, 0x79, 0xa3, 0x79, 0xc4, 0x79, 0xa4, 0x71, 0x63, 0x69,
    0x42, 0x61, 0x42, 0x61, 0x83, 0x71, 0xc3, 0x79, 0x25, 0x8a, 0x05, 0x8a,
    0xa4, 0x79, 0x04, 0x8a, 0x66, 0x9a, 0xc7, 0xa2, 0xc4, 0x71, 0x43, 0x61,
    0x83, 0x71, 0xc4, 0x79, 0x05, 0x82, 0x05, 0x82, 0x05, 0x82, 0x26, 0x8a,
    0x25, 0x8a, 0x46, 0x92, 0x66, 0x92, 0x66, 0x92, 0x46, 0x92, 0x66, 0x92,
    0x25, 0x8a, 0x45, 0x92, 0x45, 0x92, 0xa7, 0xa2, 0x87, 0x9a, 0x87, 0x9a,
    0x61, 0x08, 0x61, 0x10, 0x61, 0x10, 0x61, 0x08, 0x61, 0x10, 0x81, 0x10,
    0x61, 0x10, 0x81, 0x10, 0x82, 0x10, 0x81, 0x10, 0x81, 0x10, 0xa1, 0x18,
    0x47, 0x7a, 0xec, 0xdb, 0xeb, 0xdb, 0x0c, 0xe4, 0x0c, 0xe4, 0x0c, 0xe4,
    0x0c, 0xe4, 0x0b, 0xe4, 0xeb, 0xdb, 0x0c, 0xe4, 0x6d, 0xec, 0x8e, 0xec,
    0x8d, 0xf4, 0xeb, 0xdb, 0xaa, 0xd3, 0x69, 0xc3, 0x49, 0xc3, 0xa7, 0xa2,
    0xe4, 0x89, 0xa3, 0x79, 0x83, 0x71, 0xa3, 0x79, 0xc4, 0x81, 0xe4, 0x81,
    0x25, 0x92, 0x45, 0x92, 0x66, 0x9a, 0xa7, 0xaa, 0xc7, 0xaa, 0xa7, 0xaa,
    0xe8, 0xb2, 0xc7, 0xaa, 0xa7, 0xa2, 0xa7, 0xa2, 0x66, 0xa2, 0x86, 0x9a,
    0x45, 0x92, 0x25, 0x92, 0x05, 0x92, 0x05, 0x8a, 0xe4, 0x81, 0xc4, 0x81,
    0xa4, 0x79, 0x63, 0x71, 0x05, 0x82, 0x87, 0x9a, 0xc7, 0xaa, 0xc8, 0xaa,
    0xa7, 0x9a, 0x05, 0x8a, 0x63, 0x71, 0x22, 0x69, 0x22, 0x61, 0x21, 0x61,
    0x02, 0x59, 0x02, 0x59, 0xc1, 0x48, 0x44, 0x59, 0x2b, 0xab, 0x50, 0xd4,
    0xf2, 0xe4, 0x95, 0xf5, 0xb6, 0xf5, 0x17, 0xf6, 0x18, 0xf6, 0x38, 0xf6,
    0x58, 0xf6, 0x59, 0xf6, 0x79, 0xf6, 0x59, 0xf6, 0x79, 0xfe, 0x79, 0xf6,
    0x79, 0xfe, 0x79, 0xfe, 0x79, 0xfe, 0x59, 0xf6, 0x99, 0xfe, 0x9a, 0xfe,
    0x79, 0xf6, 0x79, 0xfe, 0x79, 0xfe, 0x38, 0xf6, 0x9a, 0xfe, 0x9a, 0xfe,
    0x79, 0xf6, 0x79, 0xf6, 0x79, 0xf6, 0xd5, 0xf5, 0xaa, 0xcb, 0x28, 0xb3,
    0xe7, 0xaa, 0xc6, 0xa2, 0x28, 0xb3, 0x28, 0xbb, 0x6a, 0xc3, 0x69, 0xbb,
    0x69, 0xc3, 0x89, 0xc3, 0x48, 0xbb, 0x48, 0xbb, 0x69, 0xc3, 0x69, 0xc3,
    0x49, 0xbb, 0x28, 0xb3, 0x48, 0xbb, 0xe7, 0xaa, 0xc7, 0xaa, 0xa6, 0xa2,
    0xc6, 0xa2, 0xe7, 0xaa, 0xe7, 0xaa, 0xe7, 0xaa, 0xe7, 0xaa, 0xc6, 0xaa,
    0xe7, 0xaa, 0xc6, 0xa2, 0xe7, 0xaa, 0x08, 0xb3, 0x28, 0xb3, 0x08, 0xb3,
    0xeb, 0xd3, 0x66, 0x9a, 0xe4, 0x81, 0xa4, 0x79, 0xa4, 0x79, 0xa4, 0x79,
    0xa4, 0x79, 0xe4, 0x79, 0xc4, 0x79, 0xa3, 0x79, 0xa4, 0x79, 0xc4, 0x79,
    0xa4, 0x79, 0xc4, 0x79, 0xc4, 0x79, 0xc4, 0x79, 0xc4, 0x81, 0xc4, 0x79,
    0xc4, 0x81, 0xe4, 0x81, 0xe4, 0x81, 0xe4, 0x81, 0xe4, 0x89, 0xc4, 0x81,
    0xe4, 0x81, 0xc4, 0x81, 0xa4, 0x79, 0xa3, 0x71, 0x83, 0x71, 0x83, 0x79,
    0x83, 0x79, 0xa4, 0x79, 0xc4, 0x79, 0xc4, 0x79, 0xe4, 0x81, 0xc4, 0x81,
    0xc4, 0x81, 0xe4, 0x81, 0xe4, 0x81, 0xe4, 0x81, 0xc4, 0x81, 0xc4, 0x79,
    0xe4, 0x81, 0xc4, 0x81, 0xe5, 0x81, 0xe4, 0x81, 0xe5, 0x81, 0xc4, 0x81,
    0xe4, 0x81, 0xc4, 0x81, 0x05, 0x8a, 0x05, 0x8a, 0xe5, 0x89, 0x04, 0x8a,
    0xe4, 0x81, 0xe5, 0x81, 0xe5, 0x81, 0xe4, 0x81, 0xe4, 0x81, 0x05, 0x8a,
    0x25, 0x8a, 0x05, 0x8a, 0xc4, 0x79, 0xa4, 0x79, 0xc4, 0x79, 0xc4, 0x81,
    0xe4, 0x81, 0xe5, 0x81, 0xe4, 0x81, 0xe4, 0x81, 0xe5, 0x81, 0x05, 0x82,
    0xc4, 0x79, 0xc4, 0x79, 0xe4, 0x81, 0xc4, 0x79, 0xc4, 0x79, 0x83, 0x71,
    0x63, 0x69, 0x63, 0x69, 0x42, 0x61, 0x22, 0x61, 0xc4, 0x79, 0xe4, 0x81,
    0xc4, 0x81, 0xc3, 0x79, 0x05, 0x8a, 0x86, 0x9a, 0x28, 0xb3, 0xe5, 0x81,
    0x63, 0x69, 0xa3, 0x71, 0xe4, 0x81, 0x05, 0x82, 0x25, 0x8a, 0x05, 0x8a,
    0x66, 0x92, 0x46, 0x92, 0x46, 0x92, 0x45, 0x92, 0x45, 0x92, 0x66, 0x9a,
    0x66, 0x92, 0x25, 0x92, 0x25, 0x8a, 0x87, 0x9a, 0x87, 0xa2, 0x86, 0x9a,
    0x61, 0x10, 0x61, 0x10, 0x61, 0x08, 0x81, 0x10, 0x61, 0x10, 0x61, 0x10,
    0x81, 0x10, 0x81, 0x10, 0x81, 0x10, 0x82, 0x10, 0x82, 0x18, 0x81, 0x18,
    0xe6, 0x61, 0xeb, 0xdb, 0xec, 0xdb, 0x0c, 0xe4, 0x0b, 0xdc, 0x0c, 0xe4,
    0xeb, 0xdb, 0x2c, 0xe4, 0xeb, 0xdb, 0xeb, 0xdb, 0x4d, 0xec, 0xae, 0xf4,
    0x8e, 0xf4, 0x2c, 0xe4, 0xab, 0xd3, 0xcb, 0xd3, 0x49, 0xc3, 0xa7, 0xaa,
    0x25, 0x92, 0xe4, 0x81, 0x83, 0x79, 0x83, 0x71, 0x83, 0x71, 0xc4, 0x79,
    0xe4, 0x89, 0x04, 0x8a, 0x25, 0x92, 0x86, 0xa2, 0x86, 0xa2, 0xa7, 0xa2,
    0xa7, 0xa2, 0x86, 0xa2, 0x66, 0xa2, 0x86, 0xa2, 0x25, 0x92, 0x45, 0x92,
    0x25, 0x92, 0x05, 0x8a, 0x05, 0x8a, 0xc4, 0x81, 0xa3, 0x79, 0x05, 0x8a,
    0xe8, 0xaa, 0x49, 0xbb, 0x69, 0xc3, 0xe8, 0xaa, 0x46, 0x92, 0xa3, 0x79,
    0x42, 0x69, 0x42, 0x69, 0x42, 0x69, 0x42, 0x61, 0x42, 0x69, 0x01, 0x59,
    0xe1, 0x58, 0xe1, 0x50, 0xe1, 0x58, 0x60, 0x38, 0xe6, 0x71, 0x4c, 0xb3,
    0x50, 0xcc, 0x13, 0xe5, 0x74, 0xed, 0xd6, 0xed, 0xd6, 0xed, 0xf7, 0xed,
    0x17, 0xf6, 0x17, 0xee, 0x58, 0xf6, 0x79, 0xfe, 0x79, 0xfe, 0x79, 0xfe,
    0x58, 0xf6, 0x59, 0xfe, 0x79, 0xfe, 0x79, 0xfe, 0x9a, 0xfe, 0xba, 0xfe,
    0x79, 0xf6, 0x79, 0xfe, 0x79, 0xf6, 0x79, 0xfe, 0x7a, 0xf6, 0x79, 0xf6,
    0x79, 0xf6, 0x79, 0xf6, 0x99, 0xfe, 0x53, 0xe5, 0xaa, 0xcb, 0x48, 0xbb,
    0xc6, 0xa2, 0xc7, 0xa2, 0x28, 0xb3, 0x69, 0xbb, 0x69, 0xbb, 0x48, 0xbb,
    0x69, 0xbb, 0x68, 0xc3, 0x69, 0xbb, 0x68, 0xbb, 0x69, 0xc3, 0x69, 0xbb,
    0x48, 0xbb, 0x28, 0xb3, 0x48, 0xbb, 0x28, 0xb3, 0xe7, 0xaa, 0xc6, 0xaa,
    0xa6, 0xa2, 0xc6, 0xa2, 0xc6, 0xa2, 0xe7, 0xaa, 0xe7, 0xaa, 0xc6, 0xaa,
    0xc7, 0xa2, 0xc6, 0xa2, 0xe7, 0xaa, 0x28, 0xb3, 0x07, 0xb3, 0x07, 0xb3,
    0xcb, 0xd3, 0x86, 0xa2, 0xc4, 0x81, 0x83, 0x71, 0x83, 0x71, 0xa3, 0x79,
    0xa4, 0x79, 0xa4, 0x79, 0xa3, 0x79, 0xa3, 0x71, 0xa4, 0x71, 0xc4, 0x79,
    0xa4, 0x79, 0xa4, 0x79, 0xc4, 0x79, 0xe4, 0x81, 0xc4, 0x81, 0xc4, 0x81,
    0xc4, 0x79, 0xc4, 0x81, 0xe5, 0x89, 0xe4, 0x81, 0x05, 0x8a, 0xc4, 0x81,
    0xe4, 0x81, 0xe4, 0x81, 0xe4, 0x81, 0xa4, 0x79, 0xa3, 0x79, 0x83, 0x71,
    0xa3, 0x79, 0xa4, 0x79, 0xc4, 0x79, 0xa3, 0x79, 0xc4, 0x81, 0xc4, 0x79,
    0xc4, 0x81, 0xe5, 0x81, 0xc4, 0x81, 0xe4, 0x81, 0xc4, 0x79, 0xc4, 0x79,
    0xe4, 0x81, 0xc4, 0x81, 0xe4, 0x81, 0xe5, 0x81, 0xe4, 0x81, 0xc4, 0x79,
    0xc4, 0x81, 0xe4, 0x81, 0xe4, 0x81, 0xe4, 0x81, 0xe4, 0x81, 0x05, 0x82,
    0xe4, 0x81, 0x05, 0x8a, 0xc4, 0x81, 0xe4, 0x81, 0x05, 0x8a, 0x25, 0x8a,
    0x25, 0x8a, 0x25, 0x8a, 0xe4, 0x81, 0xc4, 0x81, 0xc4, 0x79, 0xc4, 0x79,
    0xe4, 0x81, 0xe4, 0x81, 0xe4, 0x81, 0xe4, 0x81, 0xe4, 0x81, 0xe4, 0x81,
    0xc4, 0x79, 0xc4, 0x79, 0xe4, 0x81, 0xe4, 0x81, 0xe4, 0x81, 0xa4, 0x79,
    0x84, 0x71, 0x83, 0x69, 0x43, 0x69, 0x22, 0x61, 0x42, 0x61, 0xa3, 0x79,
    0xc4, 0x81, 0xc4, 0x79, 0xa3, 0x79, 0x04, 0x8a, 0xa7, 0xa2, 0x28, 0xbb,
    0x66, 0x92, 0xa4, 0x79, 0xc4, 0x79, 0xe4, 0x81, 0x25, 0x8a, 0x25, 0x8a,
    0x25, 0x8a, 0x66, 0x92, 0x86, 0x9a, 0x66, 0x92, 0x66, 0x92, 0x66, 0x92,
    0x66, 0x92, 0x46, 0x92, 0x45, 0x92, 0x46, 0x92, 0x66, 0x92, 0xa7, 0xa2,
    0x61, 0x10, 0x60, 0x08, 0x61, 0x10, 0x61, 0x10, 0x81, 0x10, 0x61, 0x10,
    0x61, 0x10, 0x81, 0x10, 0x61, 0x10, 0x61, 0x10, 0x81, 0x10, 0x81, 0x18,
    0x44, 0x39, 0xcb, 0xd3, 0xeb, 0xdb, 0x0c, 0xdc, 0xeb, 0xdb, 0x0c, 0xe4,
    0xeb, 0xdb, 0x0c, 0xe4, 0xeb, 0xdb, 0x0b, 0xe4, 0x4c, 0xe4, 0x6e, 0xec,
    0x6e, 0xec, 0x2c, 0xec, 0x0c, 0xe4, 0xaa, 0xd3, 0x69, 0xcb, 0x08, 0xbb,
    0xa7, 0xaa, 0x45, 0x92, 0xc4, 0x81, 0x83, 0x79, 0x62, 0x71, 0x83, 0x71,
    0xa3, 0x79, 0xc4, 0x81, 0xc4, 0x81, 0x25, 0x8a, 0x25, 0x92, 0x86, 0xa2,
    0x45, 0x9a, 0x45, 0x92, 0x46, 0x9a, 0x25, 0x92, 0x25, 0x8a, 0x05, 0x8a,
    0x05, 0x8a, 0xe5, 0x89, 0x05, 0x8a, 0xe8, 0xaa, 0x8a, 0xcb, 0x8a, 0xcb,
    0x49, 0xbb, 0xe8, 0xb2, 0xc7, 0xaa, 0x46, 0x9a, 0xc4, 0x81, 0x83, 0x71,
    0x42, 0x69, 0x42, 0x71, 0x62, 0x69, 0x22, 0x61, 0x01, 0x59, 0xc1, 0x50,
    0xa1, 0x48, 0xa0, 0x40, 0xa0, 0x48, 0x20, 0x28, 0x81, 0x38, 0x27, 0x82,
    0x8d, 0xb3, 0x50, 0xd4, 0xf2, 0xe4, 0x13, 0xe5, 0x34, 0xe5, 0xb6, 0xed,
    0xb6, 0xed, 0xd6, 0xed, 0x18, 0xf6, 0x38, 0xf6, 0x79, 0xf6, 0x79, 0xfe,
    0x17, 0xf6, 0x58, 0xf6, 0x79, 0xfe, 0x79, 0xfe, 0x9a, 0xfe, 0x99, 0xf6,
    0x59, 0xf6, 0x79, 0xfe, 0x99, 0xfe, 0x79, 0xf6, 0x79, 0xf6, 0xba, 0xfe,
    0x9a, 0xf6, 0x9a, 0xf6, 0x99, 0xf6, 0x12, 0xe5, 0x89, 0xc3, 0x28, 0xb3,
    0xa6, 0x9a, 0xe7, 0xaa, 0x28, 0xb3, 0x48, 0xbb, 0x68, 0xbb, 0x48, 0xbb,
    0x48, 0xbb, 0x68, 0xbb, 0x68, 0xc3, 0x68, 0xbb, 0x68, 0xbb, 0x69, 0xc3,
    0x48, 0xb3, 0x48, 0xb3, 0x28, 0xb3, 0x07, 0xb3, 0x07, 0xab, 0xe7, 0xaa,
    0xe7, 0xaa, 0xc6, 0xa2, 0xe7, 0xaa, 0x07, 0xab, 0xc6, 0xa2, 0x07, 0xab,
    0xc7, 0xaa, 0xe7, 0xaa, 0x07, 0xb3, 0x28, 0xb3, 0x48, 0xb3, 0x07, 0xb3,
    0xcb, 0xd3, 0x45, 0x92, 0xe4, 0x81, 0xc4, 0x79, 0x83, 0x71, 0x83, 0x71,
    0xa3, 0x79, 0xa3, 0x71, 0x83, 0x71, 0xa4, 0x79, 0xa4, 0x79, 0xa4, 0x79,
    0xa3, 0x79, 0xa4, 0x79, 0xa4, 0x79, 0xc4, 0x79, 0xc4, 0x79, 0xa4, 0x79,
    0xc4, 0x79, 0xc4, 0x79, 0xe4, 0x81, 0xe4, 0x81, 0x05, 0x8a, 0xc4, 0x81,
    0xe4, 0x81, 0xc4, 0x81, 0xe4, 0x81, 0x05, 0x82, 0xa4, 0x79, 0xa3, 0x71,
    0xa4, 0x79, 0x83, 0x71, 0xc4, 0x79, 0xa4, 0x79, 0xc4, 0x79, 0xa3, 0x79,
    0xc4, 0x79, 0xc4, 0x79, 0xc4, 0x81, 0xc4, 0x79, 0xc4, 0x79, 0xc4, 0x81,
    0xa4, 0x79, 0xc4, 0x79, 0xc4, 0x81, 0xc4, 0x79, 0xc4, 0x81, 0xc4, 0x79,
    0xc4, 0x79, 0xc4, 0x81, 0xe4, 0x81, 0xe4, 0x81, 0xe4, 0x81, 0xe4, 0x81,
    0xe5, 0x81, 0xc4, 0x81, 0x04, 0x82, 0xe4, 0x81, 0xe4, 0x81, 0x25, 0x8a,
    0x25, 0x8a, 0xe4, 0x81, 0xc4, 0x81, 0x05, 0x8a, 0xc4, 0x79, 0xc4, 0x81,
    0xe4, 0x81, 0xc4, 0x81, 0xe5, 0x81, 0xe4, 0x81, 0x05, 0x82, 0xe4, 0x81,
    0xc4, 0x81, 0xc4, 0x79, 0xc4, 0x79, 0xa4, 0x79, 0xc4, 0x79, 0xe5, 0x81,
    0xc4, 0x79, 0xa3, 0x71, 0x83, 0x71, 0x63, 0x69, 0x22, 0x59, 0x42, 0x61,
    0x83, 0x71, 0xc4, 0x79, 0xa3, 0x71, 0xa3, 0x71, 0x05, 0x8a, 0xa7, 0xa2,
    0x28, 0xbb, 0xc7, 0xaa, 0xe4, 0x81, 0xc4, 0x79, 0x05, 0x8a, 0x05, 0x8a,
    0x26, 0x8a, 0x66, 0x92, 0x45, 0x92, 0x66, 0x92, 0x46, 0x92, 0x66, 0x92,
    0x45, 0x92, 0x46, 0x92, 0x46, 0x92, 0x66, 0x9a, 0x66, 0x92, 0x66, 0x9a,
    0x60, 0x10, 0x61, 0x08, 0x61, 0x10, 0x81, 0x10, 0x81, 0x10, 0x61, 0x10,
    0x61, 0x10, 0x81, 0x10, 0x81, 0x10, 0x82, 0x10, 0x81, 0x10, 0xa1, 0x18,
    0xc2, 0x20, 0xcb, 0xcb, 0xeb, 0xdb, 0x0c, 0xdc, 0x0c, 0xe4, 0x0c, 0xdc,
    0x0b, 0xe4, 0xeb, 0xdb, 0x2c, 0xe4, 0xeb, 0xdb, 0x2c, 0xe4, 0x8e, 0xf4,
    0x4d, 0xec, 0x4d, 0xec, 0x2c, 0xe4, 0xeb, 0xdb, 0x8a, 0xcb, 0x69, 0xc3,
    0x28, 0xbb, 0x86, 0xa2, 0x25, 0x92, 0xe4, 0x89, 0xc4, 0x81, 0x83, 0x79,
    0x63, 0x71, 0x83, 0x79, 0x83, 0x71, 0xa3, 0x79, 0xc4, 0x81, 0xe4, 0x81,
    0x05, 0x8a, 0xe4, 0x89, 0x05, 0x8a, 0xe4, 0x81, 0xc4, 0x81, 0xc4, 0x81,
    0x86, 0x9a, 0x49, 0xbb, 0xaa, 0xcb, 0x49, 0xc3, 0x08, 0xb3, 0x08, 0xb3,
    0xe8, 0xb2, 0xe8, 0xb2, 0x87, 0xa2, 0x25, 0x92, 0xa3, 0x79, 0x63, 0x71,
    0x83, 0x79, 0x62, 0x71, 0x22, 0x61, 0xc1, 0x50, 0xc1, 0x48, 0x63, 0x61,
    0x22, 0x59, 0x60, 0x38, 0x60, 0x38, 0x20, 0x20, 0x20, 0x20, 0x03, 0x51,
    0x89, 0x92, 0xcd, 0xc3, 0x30, 0xcc, 0x71, 0xd4, 0xb1, 0xdc, 0x33, 0xe5,
    0xb6, 0xe5, 0xb6, 0xed, 0xd6, 0xed, 0x38, 0xf6, 0x79, 0xf6, 0x38, 0xf6,
    0x38, 0xf6, 0x59, 0xfe, 0x59, 0xf6, 0x99, 0xfe, 0x99, 0xfe, 0x79, 0xf6,
    0x99, 0xfe, 0x99, 0xf6, 0x9a, 0xfe, 0xba, 0xf6, 0x9a, 0xf6, 0x9a, 0xf6,
    0x79, 0xf6, 0x9a, 0xf6, 0x99, 0xf6, 0xb0, 0xe4, 0x49, 0xbb, 0xe7, 0xaa,
    0xc7, 0xa2, 0xe7, 0xaa, 0x28, 0xb3, 0x68, 0xbb, 0x48, 0xbb, 0x48, 0xbb,
    0x28, 0xb3, 0x69, 0xbb, 0x48, 0xbb, 0x07, 0xb3, 0x69, 0xbb, 0x69, 0xbb,
    0x28, 0xbb, 0x48, 0xbb, 0x27, 0xb3, 0xe7, 0xaa, 0x07, 0xab, 0xc7, 0xa2,
    0x07, 0xab, 0xc6, 0xa2, 0xe7, 0xaa, 0x07, 0xab, 0xe7, 0xaa, 0x28, 0xb3,
    0xe7, 0xaa, 0xe7, 0xaa, 0x07, 0xab, 0x48, 0xbb, 0x28, 0xbb, 0xe7, 0xb2,
    0x2c, 0xdc, 0x86, 0xa2, 0x05, 0x8a, 0xc4, 0x81, 0xc4, 0x81, 0xa3, 0x71,
    0xa3, 0x71, 0x83, 0x71, 0x83, 0x71, 0xa4, 0x79, 0xa3, 0x79, 0xa3, 0x79,
    0x83, 0x71, 0xa4, 0x79, 0xa4, 0x79, 0xa4, 0x79, 0xa3, 0x79, 0xc4, 0x79,
    0xc4, 0x81, 0xa3, 0x79, 0xc4, 0x81, 0xe4, 0x81, 0x05, 0x8a, 0xe4, 0x81,
    0xe4, 0x81, 0xe4, 0x81, 0xe4, 0x81, 0x25, 0x92, 0xc4, 0x81, 0xc4, 0x81,
    0xc4, 0x79, 0xa4, 0x79, 0xa4, 0x79, 0xa3, 0x79, 0xa4, 0x79, 0xa3, 0x79,
    0xa4, 0x79, 0xc4, 0x79, 0xc4, 0x79, 0xa4, 0x79, 0xc4, 0x79, 0xc4, 0x79,
    0xc4, 0x81, 0xc4, 0x79, 0xc4, 0x81, 0xc4, 0x79, 0xc4, 0x79, 0xa4, 0x79,
    0xc3, 0x79, 0xc4, 0x79, 0xe4, 0x81, 0xc4, 0x81, 0xc4, 0x79, 0xc4, 0x81,
    0xc4, 0x79, 0xe4, 0x81, 0x25, 0x8a, 0xe4, 0x81, 0xe5, 0x81, 0x25, 0x8a,
    0x05, 0x8a, 0x25, 0x8a, 0xc4, 0x81, 0x05, 0x82, 0xe4, 0x81, 0xa4, 0x79,
    0xe5, 0x81, 0xc4, 0x79, 0xe4, 0x81, 0x05, 0x82, 0x05, 0x82, 0xe4, 0x81,
    0xe4, 0x81, 0xe4, 0x81, 0xc4, 0x79, 0xc4, 0x79, 0xc4, 0x79, 0xc4, 0x79,
    0xe4, 0x81, 0xc4, 0x79, 0xa4, 0x79, 0xa3, 0x71, 0x43, 0x69, 0x22, 0x61,
    0x42, 0x61, 0xa4, 0x79, 0xa4, 0x79, 0x83, 0x71, 0x83, 0x71, 0x04, 0x82,
    0xc7, 0xaa, 0x08, 0xb3, 0xe8, 0xaa, 0x46, 0x92, 0x25, 0x8a, 0x05, 0x82,
    0x25, 0x8a, 0x25, 0x92, 0x46, 0x92, 0x46, 0x92, 0x66, 0x9a, 0x66, 0x9a,
    0x25, 0x8a, 0x86, 0x9a, 0x46, 0x92, 0x46, 0x92, 0x46, 0x92, 0x66, 0x9a,
    0x61, 0x10, 0x61, 0x10, 0x61, 0x08, 0x81, 0x10, 0x60, 0x10, 0x81, 0x10,
    0x81, 0x10, 0x61, 0x10, 0x81, 0x10, 0x82, 0x10, 0x81, 0x18, 0x81, 0x18,
    0xa1, 0x18, 0x8a, 0xc3, 0xeb, 0xdb, 0x0c, 0xdc, 0x2c, 0xe4, 0x0c, 0xdc,
    0x2c, 0xe4, 0xeb, 0xe3, 0xeb, 0xdb, 0x0b, 0xe4, 0x4d, 0xec, 0x8e, 0xf4,
    0x6d, 0xec, 0x4d, 0xec, 0x2c, 0xe4, 0x0c, 0xdc, 0xeb, 0xdb, 0x69, 0xcb,
    0x69, 0xc3, 0x29, 0xbb, 0xe8, 0xb2, 0xc7, 0xaa, 0x66, 0x9a, 0x25, 0x92,
    0x25, 0x92, 0xe4, 0x81, 0x83, 0x79, 0x62, 0x71, 0x62, 0x71, 0x83, 0x79,
    0xc4, 0x79, 0xa3, 0x79, 0xa3, 0x79, 0x25, 0x92, 0xe8, 0xaa, 0x8a, 0xcb,
    0xaa, 0xd3, 0x49, 0xc3, 0x08, 0xb3, 0xc7, 0xaa, 0xa7, 0xa2, 0xa7, 0xaa,
    0xc7, 0xaa, 0xc7, 0xaa, 0xa7, 0xa2, 0x25, 0x92, 0xa4, 0x81, 0x83, 0x71,
    0xa3, 0x79, 0x21, 0x61, 0x60, 0x38, 0x02, 0x51, 0x86, 0xa2, 0x49, 0xbb,
    0xc7, 0xaa, 0x63, 0x69, 0x41, 0x30, 0x40, 0x30, 0x00, 0x18, 0x61, 0x30,
    0xa5, 0x71, 0x0a, 0xa3, 0xad, 0xbb, 0x2f, 0xcc, 0x91, 0xd4, 0xf3, 0xdc,
    0x34, 0xe5, 0x95, 0xe5, 0xb6, 0xed, 0x58, 0xf6, 0x79, 0xf6, 0x58, 0xf6,
    0x38, 0xf6, 0x79, 0xf6, 0x58, 0xf6, 0xba, 0xfe, 0xba, 0xfe, 0x79, 0xf6,
    0x99, 0xf6, 0xba, 0xfe, 0x9a, 0xf6, 0x99, 0xf6, 0x79, 0xf6, 0x9a, 0xf6,
    0x79, 0xf6, 0x79, 0xf6, 0x38, 0xf6, 0x4d, 0xdc, 0x48, 0xbb, 0xc6, 0xa2,
    0xa6, 0x9a, 0xc6, 0xa2, 0x07, 0xb3, 0x28, 0xb3, 0x07, 0xab, 0x08, 0xab,
    0x48, 0xb3, 0x28, 0xb3, 0x48, 0xb3, 0x28, 0xb3, 0x69, 0xc3, 0x68, 0xbb,
    0x27, 0xb3, 0x07, 0xb3, 0x07, 0xab, 0xc6, 0xa2, 0xc7, 0xa2, 0xc6, 0xa2,
    0xe7, 0xaa, 0xe7, 0xaa, 0xc7, 0xaa, 0xa6, 0xa2, 0xe7, 0xaa, 0x08, 0xb3,
    0x07, 0xab, 0x07, 0xb3, 0x48, 0xbb, 0x07, 0xb3, 0x69, 0xc3, 0x08, 0xb3,
    0x0c, 0xdc, 0x87, 0xa2, 0xe4, 0x89, 0xe4, 0x81, 0xe4, 0x81, 0xe4, 0x81,
    0xa4, 0x79, 0xa3, 0x79, 0xa3, 0x79, 0x83, 0x71, 0xa4, 0x79, 0xc4, 0x79,
    0xa3, 0x71, 0xc4, 0x79, 0xa3, 0x79, 0xc4, 0x79, 0xc4, 0x79, 0xc4, 0x79,
    0xa4, 0x79, 0xe4, 0x81, 0xc4, 0x79, 0xc4, 0x79, 0xc4, 0x81, 0xe4, 0x81,
    0x05, 0x82, 0xe4, 0x81, 0xe5, 0x89, 0x05, 0x8a, 0x05, 0x82, 0xe4, 0x81,
    0xe4, 0x81, 0xc4, 0x81, 0xa3, 0x71, 0xa4, 0x79, 0x83, 0x71, 0xa3, 0x79,
    0xa3, 0x79, 0xa4, 0x79, 0xa3, 0x79, 0xa3, 0x79, 0xc4, 0x79, 0xc4, 0x81,
    0xa4, 0x79, 0xc4, 0x79, 0xa4, 0x79, 0xa3, 0x79, 0xa4, 0x79, 0xc4, 0x79,
    0xc4, 0x79, 0xc4, 0x79, 0xa4, 0x79, 0xc4, 0x81, 0xc4, 0x79, 0xc4, 0x79,
    0xc4, 0x79, 0xe5, 0x81, 0x05, 0x82, 0x05, 0x8a, 0xe4, 0x81, 0x05, 0x8a,
    0x05, 0x8a, 0x05, 0x8a, 0xe4, 0x81, 0xe5, 0x81, 0xe4, 0x81, 0xc4, 0x79,
    0xe4, 0x81, 0xc3, 0x79, 0xc4, 0x81, 0xc4, 0x81, 0xe5, 0x81, 0x05, 0x82,
    0xe5, 0x81, 0x05, 0x8a, 0xc4, 0x79, 0xc4, 0x79, 0xc4, 0x81, 0xe4, 0x81,
    0xc4, 0x79, 0xe4, 0x81, 0xc4, 0x79, 0xa4, 0x71, 0xa3, 0x71, 0x63, 0x69,
    0x43, 0x61, 0x22, 0x61, 0x83, 0x69, 0x63, 0x69, 0x62, 0x69, 0xa3, 0x71,
    0x25, 0x8a, 0xa7, 0xa2, 0x08, 0xb3, 0x28, 0xb3, 0x66, 0x92, 0x46, 0x92,
    0x25, 0x8a, 0x25, 0x8a, 0x25, 0x8a, 0x25, 0x8a, 0x46, 0x92, 0x66, 0x9a,
    0x45, 0x92, 0x66, 0x92, 0x45, 0x92, 0x87, 0x9a, 0x66, 0x9a, 0x65, 0x92,
    0x61, 0x10, 0x61, 0x10, 0x60, 0x10, 0x81, 0x10, 0x61, 0x10, 0x81, 0x10,
    0x61, 0x10, 0x81, 0x10, 0x81, 0x10, 0x81, 0x10, 0x81, 0x10, 0xa2, 0x18,
    0x81, 0x18, 0x6a, 0xb3, 0xec, 0xdb, 0x0c, 0xe4, 0x2c, 0xe4, 0x0b, 0xdc,
    0xec, 0xdb, 0xeb, 0xdb, 0x0b, 0xe4, 0x0c, 0xe4, 0x2c, 0xe4, 0x6e, 0xec,
    0x8e, 0xec, 0x6d, 0xec, 0x2c, 0xe4, 0xeb, 0xdb, 0xcb, 0xd3, 0xaa, 0xd3,
    0x8a, 0xcb, 0x49, 0xc3, 0x69, 0xc3, 0x48, 0xc3, 0x28, 0xbb, 0xe8, 0xb2,
    0xc7, 0xaa, 0xa7, 0xa2, 0x86, 0xa2, 0xa7, 0xa2, 0x86, 0xa2, 0x87, 0xa2,
    0xc7, 0xaa, 0x29, 0xbb, 0x6a, 0xc3, 0x8a, 0xcb, 0x8a, 0xcb, 0x49, 0xbb,
    0x28, 0xbb, 0xa7, 0xa2, 0x87, 0xa2, 0x86, 0x9a, 0xa7, 0xa2, 0x86, 0xa2,
    0xa7, 0xa2, 0x08, 0xb3, 0xa7, 0xa2, 0x86, 0x9a, 0x05, 0x8a, 0xa3, 0x79,
    0xa3, 0x79, 0xe5, 0x81, 0x46, 0x92, 0xe8, 0xb2, 0x08, 0xb3, 0x08, 0xbb,
    0xa7, 0xa2, 0x25, 0x8a, 0xc1, 0x48, 0x81, 0x38, 0x00, 0x18, 0x20, 0x20,
    0x02, 0x51, 0x88, 0x92, 0x6c, 0xb3, 0x0f, 0xcc, 0x71, 0xd4, 0xd3, 0xdc,
    0x55, 0xe5, 0x75, 0xe5, 0xf7, 0xed, 0x59, 0xf6, 0x59, 0xf6, 0x59, 0xf6,
    0x58, 0xf6, 0x99, 0xf6, 0x59, 0xf6, 0x9a, 0xf6, 0x99, 0xf6, 0x99, 0xf6,
    0xba, 0xfe, 0xba, 0xfe, 0xba, 0xfe, 0x38, 0xf6, 0x59, 0xf6, 0x58, 0xf6,
    0x79, 0xf6, 0x58, 0xf6, 0x58, 0xf6, 0xec, 0xd3, 0x48, 0xb3, 0xc6, 0xa2,
    0xa6, 0x9a, 0xc6, 0xa2, 0xe7, 0xaa, 0x28, 0xb3, 0x07, 0xab, 0x28, 0xb3,
    0x48, 0xbb, 0x48, 0xb3, 0x68, 0xbb, 0x28, 0xbb, 0x68, 0xbb, 0x28, 0xb3,
    0x48, 0xbb, 0x07, 0xb3, 0x08, 0xb3, 0xe7, 0xaa, 0xc6, 0xa2, 0xe7, 0xaa,
    0xe7, 0xaa, 0xa6, 0xa2, 0xc6, 0xa2, 0xc6, 0xa2, 0x28, 0xb3, 0xe7, 0xaa,
    0xe7, 0xaa, 0x28, 0xbb, 0x69, 0xbb, 0x28, 0xbb, 0x68, 0xbb, 0x48, 0xbb,
    0x0c, 0xdc, 0xa7, 0xaa, 0x25, 0x8a, 0x04, 0x8a, 0x04, 0x8a, 0xc4, 0x81,
    0xc4, 0x81, 0xa4, 0x79, 0xc4, 0x79, 0xa3, 0x79, 0xc4, 0x79, 0xa4, 0x79,
    0xa3, 0x79, 0xc4, 0x79, 0xa3, 0x79, 0xa3, 0x71, 0xc4, 0x81, 0xc4, 0x79,
    0xa4, 0x79, 0xa4, 0x79, 0x83, 0x71, 0xc4, 0x81, 0xe4, 0x81, 0xc4, 0x81,
    0xe4, 0x81, 0xe5, 0x81, 0x05, 0x8a, 0xe4, 0x81, 0xe4, 0x81, 0xe5, 0x81,
    0x05, 0x8a, 0xe4, 0x81, 0xc4, 0x81, 0xa4, 0x79, 0xa3, 0x71, 0xa4, 0x79,
    0x83, 0x71, 0xa4, 0x79, 0xa3, 0x79, 0xa3, 0x79, 0x83, 0x71, 0xa3, 0x71,
    0xa3, 0x79, 0xc4, 0x79, 0xa4, 0x79, 0xc4, 0x79, 0xc4, 0x79, 0xa4, 0x79,
    0xc4, 0x79, 0xa3, 0x79, 0xa4, 0x79, 0xc4, 0x79, 0xa4, 0x79, 0xa3, 0x71,
    0xc4, 0x79, 0xe4, 0x81, 0xc4, 0x81, 0x05, 0x82, 0xe4, 0x81, 0xe5, 0x81,
    0xe4, 0x81, 0x05, 0x82, 0xe4, 0x81, 0x05, 0x82, 0xe4, 0x81, 0xc4, 0x81,
    0xa3, 0x79, 0xe4, 0x79, 0xe4, 0x81, 0xe4, 0x81, 0xe4, 0x81, 0xe4, 0x81,
    0x05, 0x82, 0xc4, 0x79, 0xc4, 0x81, 0xe5, 0x81, 0xc4, 0x79, 0xc4, 0x79,
    0xc4, 0x79, 0xc4, 0x79, 0xe5, 0x81, 0xc4, 0x79, 0xa4, 0x79, 0xa4, 0x71,
    0x63, 0x69, 0x22, 0x61, 0x22, 0x59, 0x63, 0x69, 0x42, 0x61, 0x22, 0x61,
    0xa4, 0x71, 0x25, 0x8a, 0x86, 0x9a, 0x08, 0xb3, 0x08, 0xb3, 0xc8, 0xaa,
    0x66, 0x9a, 0x25, 0x8a, 0x25, 0x8a, 0x25, 0x8a, 0x46, 0x92, 0x66, 0x92,
    0x86, 0x9a, 0x46, 0x92, 0x66, 0x92, 0x66, 0x9a, 0x66, 0x92, 0x86, 0x9a,
    0x61, 0x08, 0x61, 0x10, 0x61, 0x10, 0x81, 0x10, 0x61, 0x10, 0x61, 0x10,
    0x81, 0x10, 0x61, 0x10, 0x81, 0x10, 0x81, 0x10, 0xa2, 0x10, 0x81, 0x18,
    0x81, 0x18, 0x09, 0xa3, 0xeb, 0xdb, 0xec, 0xdb, 0xeb, 0xdb, 0x0c, 0xe4,
    0x0b, 0xe4, 0x0c, 0xe4, 0xcb, 0xdb, 0x0c, 0xdc, 0x0c, 0xe4, 0x4c, 0xe4,
    0x6d, 0xec, 0x6d, 0xec, 0x2d, 0xec, 0x0c, 0xdc, 0xca, 0xdb, 0xaa, 0xd3,
    0xaa, 0xd3, 0x8a, 0xcb, 0x69, 0xcb, 0x69, 0xc3, 0x6a, 0xcb, 0x49, 0xc3,
    0x69, 0xc3, 0x29, 0xc3, 0x28, 0xbb, 0x49, 0xc3, 0x69, 0xc3, 0x49, 0xc3,
    0x8a, 0xcb, 0x89, 0xcb, 0x69, 0xc3, 0x69, 0xcb, 0xe8, 0xb2, 0x86, 0xa2,
    0x46, 0x92, 0x46, 0x92, 0x45, 0x92, 0x66, 0x9a, 0x87, 0xa2, 0x87, 0xa2,
    0xa7, 0xa2, 0xc8, 0xaa, 0xa7, 0xa2, 0x87, 0xa2, 0x66, 0x9a, 0x05, 0x8a,
    0x87, 0xa2, 0xa7, 0xa2, 0x66, 0x9a, 0x46, 0x9a, 0x86, 0xa2, 0x66, 0x9a,
    0x26, 0x92, 0xe5, 0x89, 0xa3, 0x79, 0xe1, 0x50, 0x20, 0x20, 0x00, 0x10,
    0xa1, 0x40, 0xc6, 0x79, 0xea, 0xa2, 0xae, 0xbb, 0x50, 0xcc, 0xd2, 0xd4,
    0x55, 0xe5, 0x95, 0xe5, 0xd6, 0xe5, 0x17, 0xee, 0x59, 0xf6, 0x38, 0xf6,
    0x17, 0xf6, 0x79, 0xf6, 0xba, 0xfe, 0x9a, 0xf6, 0xba, 0xfe, 0x99, 0xf6,
    0x9a, 0xf6, 0x9a, 0xf6, 0x99, 0xf6, 0x38, 0xee, 0x38, 0xf6, 0x38, 0xf6,
    0x79, 0xf6, 0x58, 0xf6, 0xd6, 0xed, 0xeb, 0xd3, 0x28, 0xb3, 0xc7, 0xa2,
    0xa6, 0x9a, 0xe7, 0xaa, 0x08, 0xab, 0x08, 0xb3, 0x07, 0xab, 0xc6, 0xa2,
    0x28, 0xb3, 0x28, 0xb3, 0x07, 0xb3, 0x27, 0xb3, 0x28, 0xb3, 0x28, 0xb3,
    0x07, 0xb3, 0x07, 0xab, 0xc6, 0xa2, 0xc7, 0xa2, 0x85, 0x9a, 0xe7, 0xaa,
    0xc7, 0xa2, 0xe7, 0xaa, 0xe7, 0xaa, 0xe7, 0xaa, 0x07, 0xab, 0xe7, 0xaa,
    0x07, 0xab, 0x28, 0xbb, 0x48, 0xbb, 0x69, 0xc3, 0x68, 0xc3, 0x89, 0xcb,
    0xeb, 0xd3, 0x66, 0x9a, 0x25, 0x92, 0xe4, 0x81, 0xe4, 0x89, 0xe4, 0x81,
    0x05, 0x8a, 0xc4, 0x81, 0xc4, 0x81, 0xc4, 0x79, 0xa4, 0x79, 0xa3, 0x79,
    0xc4, 0x79, 0xa4, 0x79, 0xa3, 0x79, 0xa3, 0x79, 0xc4, 0x79, 0xe4, 0x81,
    0xc3, 0x79, 0xc4, 0x79, 0xa3, 0x79, 0xc4, 0x79, 0xc4, 0x79, 0xe4, 0x81,
    0xe5, 0x81, 0xe4, 0x81, 0xe4, 0x81, 0xe4, 0x81, 0xe4, 0x81, 0xe5, 0x89,
    0x05, 0x8a, 0xe4, 0x81, 0xe4, 0x81, 0xa3, 0x79, 0xa4, 0x79, 0xa3, 0x71,
    0x83, 0x71, 0xa3, 0x79, 0xa3, 0x79, 0xa4, 0x79, 0x83, 0x71, 0xa3, 0x71,
    0xa3, 0x79, 0xa3, 0x71, 0xc4, 0x79, 0xa3, 0x79, 0xc4, 0x79, 0xa4, 0x79,
    0x83, 0x71, 0xa4, 0x79, 0xa4, 0x79, 0xa3, 0x71, 0xa4, 0x71, 0xa4, 0x79,
    0xa3, 0x79, 0xc4, 0x79, 0xa4, 0x79, 0xc4, 0x79, 0xe4, 0x81, 0x04, 0x82,
    0x05, 0x82, 0xe4, 0x81, 0xc4, 0x79, 0xc4, 0x79, 0xe4, 0x79, 0xe4, 0x81,
    0xc4, 0x79, 0xc4, 0x79, 0xa4, 0x79, 0x05, 0x82, 0xc4, 0x79, 0xe4, 0x81,
    0xe5, 0x81, 0xe5, 0x81, 0xe4, 0x81, 0xe4, 0x81, 0xe4, 0x81, 0xc4, 0x79,
    0xc4, 0x79, 0xc4, 0x79, 0xc4, 0x79, 0xc4, 0x79, 0xe4, 0x81, 0xc4, 0x79,
    0xa4, 0x79, 0x83, 0x71, 0x22, 0x59, 0x22, 0x59, 0x42, 0x61, 0x22, 0x61,
    0x42, 0x61, 0xc4, 0x79, 0x05, 0x82, 0x66, 0x9a, 0xc7, 0xaa, 0x08, 0xb3,
    0xc7, 0xa2, 0xa7, 0xa2, 0x45, 0x92, 0x04, 0x82, 0x45, 0x92, 0x66, 0x92,
    0x66, 0x92, 0x66, 0x9a, 0x46, 0x92, 0x66, 0x92, 0x86, 0x9a, 0x66, 0x9a,
    0x61, 0x10, 0x81, 0x10, 0x81, 0x10, 0x61, 0x10, 0x61, 0x08, 0x61, 0x08,
    0x81, 0x10, 0x81, 0x10, 0x81, 0x10, 0x81, 0x10, 0x81, 0x10, 0x81, 0x18,
    0x81, 0x18, 0xa8, 0x92, 0xeb, 0xdb, 0xeb, 0xdb, 0x0c, 0xe4, 0x0c, 0xe4,
    0x0c, 0xdc, 0x0c, 0xe4, 0xeb, 0xdb, 0x0b, 0xe4, 0x0c, 0xe4, 0x2c, 0xe4,
    0x6d, 0xec, 0x6d, 0xec, 0x2c, 0xe4, 0x2c, 0xe4, 0xaa, 0xd3, 0xcb, 0xdb,
    0x89, 0xcb, 0x69, 0xc3, 0x69, 0xc3, 0x6a, 0xcb, 0x28, 0xbb, 0x49, 0xc3,
    0x89, 0xcb, 0x8a, 0xcb, 0x8a, 0xcb, 0x69, 0xc3, 0x6a, 0xcb, 0x69, 0xc3,
    0x28, 0xbb, 0xe8, 0xb2, 0xe7, 0xb2, 0xa7, 0xa2, 0x66, 0x9a, 0x05, 0x8a,
    0x05, 0x8a, 0xe4, 0x81, 0x46, 0x92, 0x46, 0x92, 0x66, 0x9a, 0x66, 0x9a,
    0x86, 0x9a, 0x86, 0xa2, 0xa7, 0xa2, 0x86, 0x9a, 0x86, 0x9a, 0x66, 0x9a,
    0x46, 0x92, 0x25, 0x8a, 0x04, 0x8a, 0x04, 0x8a, 0x05, 0x8a, 0xe4, 0x81,
    0xe4, 0x81, 0xc4, 0x79, 0x83, 0x71, 0xa3, 0x71, 0xe2, 0x48, 0x00, 0x18,
    0x41, 0x30, 0x43, 0x59, 0x68, 0x82, 0x2c, 0xa3, 0xee, 0xbb, 0x91, 0xcc,
    0x14, 0xdd, 0x54, 0xdd, 0x54, 0xdd, 0x75, 0xe5, 0xf7, 0xed, 0x17, 0xee,
    0x38, 0xf6, 0x59, 0xf6, 0x9a, 0xfe, 0xba, 0xfe, 0x99, 0xf6, 0x79, 0xf6,
    0x79, 0xf6, 0x79, 0xf6, 0x59, 0xf6, 0x38, 0xf6, 0x38, 0xf6, 0x38, 0xee,
    0x18, 0xee, 0x18, 0xee, 0x95, 0xed, 0xaa, 0xcb, 0x28, 0xb3, 0xc6, 0xa2,
    0xa6, 0xa2, 0xc7, 0xa2, 0xc7, 0xa2, 0x27, 0xab, 0x07, 0xab, 0xe7, 0xaa,
    0x07, 0xab, 0x07, 0xab, 0x28, 0xb3, 0x69, 0xbb, 0x48, 0xbb, 0x48, 0xbb,
    0x28, 0xb3, 0x08, 0xab, 0xe7, 0xaa, 0xa6, 0xa2, 0xc7, 0xa2, 0x08, 0xab,
    0x07, 0xab, 0xe7, 0xaa, 0xe7, 0xaa, 0xe7, 0xa2, 0xe7, 0xaa, 0xe7, 0xaa,
    0x07, 0xab, 0x07, 0xb3, 0x48, 0xbb, 0x89, 0xc3, 0x89, 0xc3, 0x69, 0xcb,
    0xaa, 0xd3, 0x45, 0x9a, 0x05, 0x8a, 0xe4, 0x89, 0xe4, 0x81, 0xc3, 0x81,
    0xe4, 0x81, 0xe4, 0x81, 0xe4, 0x81, 0xe4, 0x81, 0xe4, 0x81, 0xa3, 0x79,
    0xe4, 0x81, 0xc4, 0x81, 0xa4, 0x79, 0xa3, 0x79, 0xc4, 0x79, 0xc4, 0x79,
    0xc4, 0x79, 0xa4, 0x79, 0xa3, 0x79, 0xc4, 0x79, 0xe4, 0x81, 0xc4, 0x79,
    0xc4, 0x81, 0xc4, 0x79, 0xc4, 0x79, 0xc4, 0x79, 0x05, 0x82, 0xe4, 0x81,
    0xe4, 0x81, 0x05, 0x8a, 0xe5, 0x81, 0xc4, 0x81, 0xc4, 0x81, 0xa3, 0x79,
    0x83, 0x79, 0xa4, 0x79, 0xa3, 0x79, 0xa4, 0x79, 0xa3, 0x79, 0xa4, 0x79,
    0xc4, 0x79, 0xa3, 0x71, 0xa4, 0x79, 0xa3, 0x79, 0xa4, 0x79, 0xa4, 0x79,
    0xa3, 0x71, 0xa4, 0x79, 0xc4, 0x79, 0xa3, 0x71, 0xa3, 0x71, 0x83, 0x71,
    0xa3, 0x71, 0xa4, 0x79, 0xc4, 0x79, 0xc4, 0x79, 0xc4, 0x79, 0xc4, 0x79,
    0xe4, 0x81, 0x05, 0x82, 0xc4, 0x79, 0xc3, 0x79, 0xc4, 0x79, 0xe5, 0x81,
    0xc4, 0x79, 0xc4, 0x79, 0xe5, 0x81, 0xe4, 0x81, 0xc4, 0x79, 0xa3, 0x79,
    0xe5, 0x81, 0xe4, 0x81, 0xc4, 0x79, 0xe4, 0x81, 0xe4, 0x81, 0xc4, 0x79,
    0xc4, 0x79, 0xe4, 0x81, 0xc4, 0x79, 0xc3, 0x79, 0xe4, 0x79, 0xe4, 0x81,
    0xe4, 0x79, 0xa4, 0x79, 0x83, 0x69, 0x42, 0x61, 0x02, 0x59, 0x22, 0x59,
    0x42, 0x61, 0x63, 0x69, 0xc4, 0x79, 0x05, 0x8a, 0x66, 0x92, 0x08, 0xab,
    0xe7, 0xaa, 0xc7, 0xa2, 0xc7, 0xa2, 0x45, 0x92, 0x46, 0x92, 0x66, 0x92,
    0x66, 0x9a, 0x86, 0x9a, 0x46, 0x92, 0x66, 0x92, 0x66, 0x92, 0x86, 0x9a,
    0x61, 0x10, 0x61, 0x08, 0x61, 0x10, 0x61, 0x10, 0x61, 0x10, 0x61, 0x10,
    0x81, 0x10, 0x81, 0x10, 0x81, 0x10, 0x81, 0x10, 0x81, 0x10, 0x81, 0x18,
    0xa1, 0x18, 0x26, 0x72, 0xcb, 0xd3, 0xeb, 0xdb, 0x2c, 0xe4, 0x2c, 0xe4,
    0x0c, 0xdc, 0xeb, 0xdb, 0xeb, 0xdb, 0xcb, 0xdb, 0x0c, 0xdc, 0x2c, 0xec,
    0x4d, 0xec, 0x4d, 0xec, 0x2c, 0xe4, 0x2c, 0xe4, 0xcb, 0xd3, 0x8a, 0xcb,
    0x49, 0xc3, 0x49, 0xc3, 0x29, 0xc3, 0x28, 0xbb, 0x49, 0xbb, 0x28, 0xbb,
    0x69, 0xc3, 0x69, 0xc3, 0x49, 0xc3, 0x49, 0xc3, 0xe8, 0xb2, 0xc7, 0xaa,
    0x86, 0xa2, 0x25, 0x92, 0x46, 0x92, 0x05, 0x8a, 0xc4, 0x79, 0xe4, 0x81,
    0xc4, 0x81, 0x05, 0x8a, 0x25, 0x8a, 0x25, 0x8a, 0x25, 0x92, 0x25, 0x8a,
    0x45, 0x92, 0x46, 0x92, 0x66, 0x9a, 0x46, 0x92, 0x46, 0x9a, 0x25, 0x8a,
    0xe5, 0x89, 0xe4, 0x81, 0xc4, 0x81, 0xa4, 0x79, 0xc4, 0x79, 0xa3, 0x79,
    0x83, 0x71, 0xa4, 0x71, 0x63, 0x71, 0x62, 0x69, 0x83, 0x71, 0x83, 0x69,
    0x41, 0x28, 0xa1, 0x40, 0xa5, 0x69, 0xc9, 0x92, 0x8d, 0xab, 0xef, 0xbb,
    0x50, 0xc4, 0x50, 0xc4, 0xd2, 0xd4, 0x13, 0xdd, 0x95, 0xe5, 0xd7, 0xed,
    0xd6, 0xed, 0x17, 0xf6, 0x58, 0xf6, 0x79, 0xf6, 0x79, 0xf6, 0x99, 0xfe,
    0x58, 0xf6, 0x79, 0xf6, 0xf7, 0xed, 0x18, 0xf6, 0x38, 0xf6, 0xd7, 0xed,
    0xf7, 0xed, 0x18, 0xee, 0x53, 0xe5, 0x69, 0xc3, 0x28, 0xb3, 0xa6, 0x9a,
    0xa6, 0x9a, 0xa6, 0x9a, 0xe7, 0xaa, 0x07, 0xab, 0xe7, 0xaa, 0xc7, 0xa2,
    0xe7, 0xaa, 0x07, 0xab, 0x07, 0xb3, 0x28, 0xb3, 0x28, 0xb3, 0x27, 0xb3,
    0x28, 0xb3, 0xc6, 0xa2, 0xa6, 0x9a, 0xa6, 0x9a, 0xc6, 0xa2, 0xa6, 0xa2,
    0xe7, 0xa2, 0xa6, 0x9a, 0xe6, 0xaa, 0xe6, 0xa2, 0xc6, 0xa2, 0xe7, 0xaa,
    0xe7, 0xaa, 0xc7, 0xaa, 0x48, 0xbb, 0x69, 0xc3, 0x89, 0xc3, 0xca, 0xd3,
    0x28, 0xbb, 0x25, 0x8a, 0xe4, 0x89, 0x05, 0x8a, 0xe4, 0x81, 0xa3, 0x79,
    0xc4, 0x81, 0xc3, 0x79, 0xc4, 0x81, 0xe4, 0x81, 0xe4, 0x81, 0xc4, 0x81,
    0xc4, 0x81, 0xe4, 0x81, 0xc4, 0x81, 0xc4, 0x81, 0xc4, 0x81, 0xc4, 0x79,
    0xc4, 0x79, 0xe4, 0x81, 0xc4, 0x79, 0xc4, 0x81, 0xe4, 0x81, 0xc4, 0x79,
    0xe4, 0x81, 0xc4, 0x81, 0xc4, 0x79, 0xc4, 0x79, 0xc4, 0x81, 0xe4, 0x81,
    0xc4, 0x79, 0xe4, 0x81, 0xe4, 0x81, 0xc4, 0x79, 0xe4, 0x81, 0xc4, 0x79,
    0xa4, 0x79, 0xc4, 0x79, 0xa3, 0x71, 0xc4, 0x79, 0xc4, 0x79, 0xa3, 0x71,
    0x83, 0x71, 0xa4, 0x79, 0xa4, 0x71, 0xa4, 0x71, 0x83, 0x71, 0xc4, 0x79,
    0xa3, 0x71, 0xc4, 0x79, 0xa3, 0x71, 0xc4, 0x79, 0xa4, 0x79, 0xa3, 0x71,
    0xa3, 0x71, 0x83, 0x71, 0xa3, 0x71, 0xc4, 0x79, 0x83, 0x71, 0xc4, 0x79,
    0xa4, 0x79, 0xe4, 0x81, 0xe4, 0x81, 0xa4, 0x79, 0xa3, 0x79, 0x05, 0x82,
    0xa4, 0x79, 0xc4, 0x79, 0xe4, 0x81, 0xc4, 0x79, 0xe4, 0x81, 0xc4, 0x79,
    0xe4, 0x81, 0xe4, 0x81, 0xc4, 0x79, 0xe5, 0x81, 0xe5, 0x81, 0xe5, 0x81,
    0xe4, 0x81, 0xc4, 0x79, 0xe4, 0x79, 0xa3, 0x79, 0xc4, 0x79, 0xc4, 0x79,
    0xc4, 0x79, 0xc4, 0x79, 0xc4, 0x79, 0xc4, 0x71, 0x43, 0x61, 0x43, 0x61,
    0x22, 0x61, 0x42, 0x61, 0x83, 0x69, 0xa4, 0x79, 0x05, 0x82, 0x86, 0x9a,
    0xc7, 0xaa, 0xe8, 0xaa, 0xc7, 0xa2, 0x87, 0xa2, 0x86, 0x9a, 0x66, 0x9a,
    0x86, 0x9a, 0xa7, 0xa2, 0x66, 0x9a, 0x45, 0x92, 0x66, 0x92, 0x66, 0x9a,
    0x61, 0x08, 0x61, 0x10, 0x60, 0x08, 0x61, 0x10, 0x61, 0x10, 0x81, 0x10,
    0x81, 0x10, 0x81, 0x10, 0x61, 0x10, 0x81, 0x10, 0x81, 0x10, 0xa2, 0x18,
    0xa1, 0x18, 0xa5, 0x59, 0xeb, 0xd3, 0x0c, 0xdc, 0x0c, 0xdc, 0x2c, 0xe4,
    0x0c, 0xe4, 0xeb, 0xdb, 0x0c, 0xe4, 0xeb, 0xdb, 0xeb, 0xdb, 0x2c, 0xe4,
    0x4d, 0xec, 0x6d, 0xec, 0x2c, 0xe4, 0x0c, 0xe4, 0xaa, 0xd3, 0xaa, 0xd3,
    0x8a, 0xcb, 0x48, 0xc3, 0x08, 0xbb, 0xe7, 0xb2, 0x08, 0xb3, 0xe8, 0xb2,
    0xe8, 0xb2, 0x08, 0xb3, 0xa7, 0xaa, 0x86, 0xa2, 0x66, 0x9a, 0x46, 0x92,
    0xe4, 0x81, 0xe4, 0x81, 0xc4, 0x79, 0xa3, 0x71, 0x83, 0x71, 0xa3, 0x79,
    0xa4, 0x79, 0xe4, 0x81, 0xe4, 0x81, 0x05, 0x8a, 0x05, 0x8a, 0xe4, 0x81,
    0x25, 0x8a, 0x25, 0x8a, 0x25, 0x8a, 0x05, 0x8a, 0xc4, 0x81, 0xe4, 0x81,
    0xc4, 0x79, 0xe4, 0x81, 0x83, 0x71, 0x63, 0x69, 0x63, 0x69, 0x63, 0x69,
    0x63, 0x69, 0x42, 0x61, 0x42, 0x61, 0x63, 0x69, 0x43, 0x61, 0x42, 0x61,
    0x83, 0x71, 0xe2, 0x48, 0x02, 0x49, 0xe6, 0x71, 0xa9, 0x8a, 0x0b, 0x9b,
    0x2b, 0x9b, 0xce, 0xb3, 0x30, 0xc4, 0xb2, 0xd4, 0x55, 0xe5, 0xb6, 0xed,
    0xd6, 0xed, 0xf7, 0xed, 0x38, 0xf6, 0x17, 0xee, 0x79, 0xf6, 0x58, 0xf6,
    0x58, 0xf6, 0x17, 0xf6, 0xf7, 0xed, 0x58, 0xf6, 0xf7, 0xed, 0x18, 0xf6,
    0x18, 0xee, 0x58, 0xf6, 0x74, 0xe5, 0x28, 0xb3, 0xa6, 0x9a, 0xa6, 0x9a,
    0x65, 0x92, 0xa6, 0x9a, 0xe7, 0xaa, 0xe7, 0xaa, 0xc6, 0xa2, 0xc6, 0xa2,
    0xc7, 0xaa, 0xc6, 0xa2, 0xe7, 0xaa, 0x07, 0xab, 0xc6, 0xa2, 0xc7, 0xa2,
    0xe7, 0xaa, 0x85, 0x9a, 0x65, 0x92, 0x66, 0x92, 0x85, 0x9a, 0xa6, 0xa2,
    0xc7, 0xa2, 0xe7, 0xaa, 0xc6, 0xa2, 0xc7, 0xa2, 0xa6, 0xa2, 0xa6, 0xa2,
    0xc6, 0xa2, 0x27, 0xb3, 0x48, 0xbb, 0x48, 0xbb, 0x69, 0xc3, 0xeb, 0xd3,
    0xe7, 0xb2, 0x25, 0x8a, 0x05, 0x8a, 0xe4, 0x89, 0xc4, 0x81, 0xa3, 0x79,
    0xc3, 0x81, 0xc4, 0x81, 0xe4, 0x81, 0xe4, 0x89, 0xe4, 0x81, 0xc4, 0x81,
    0xe4, 0x81, 0xc4, 0x81, 0xe4, 0x81, 0xc3, 0x81, 0xc4, 0x81, 0xe4, 0x81,
    0xc4, 0x81, 0xc4, 0x79, 0xc4, 0x79, 0xa4, 0x79, 0xc4, 0x79, 0xc4, 0x79,
    0xe4, 0x81, 0xc4, 0x79, 0xa3, 0x79, 0xc4, 0x79, 0xa3, 0x79, 0xa4, 0x79,
    0xc4, 0x79, 0xc4, 0x79, 0xe4, 0x81, 0xe4, 0x81, 0xc4, 0x79, 0xc4, 0x79,
    0xc4, 0x79, 0xc4, 0x79, 0xa4, 0x79, 0xc4, 0x79, 0xa4, 0x79, 0xa4, 0x79,
    0x83, 0x71, 0x84, 0x71, 0x83, 0x71, 0x83, 0x69, 0x83, 0x71, 0x63, 0x69,
    0xa4, 0x71, 0x83, 0x71, 0x83, 0x71, 0xa4, 0x79, 0xa4, 0x71, 0x83, 0x71,
    0x83, 0x71, 0xc4, 0x79, 0x84, 0x71, 0x84, 0x71, 0xa4, 0x79, 0xa3, 0x71,
    0xc4, 0x79, 0xc4, 0x79, 0xe4, 0x79, 0xa4, 0x79, 0xa4, 0x79, 0xc4, 0x79,
    0xc4, 0x79, 0xa4, 0x79, 0xa4, 0x79, 0xc4, 0x79, 0xe4, 0x81, 0xc4, 0x79,
    0xe4, 0x79, 0xe4, 0x81, 0xc4, 0x79, 0xc4, 0x79, 0xe4, 0x79, 0xe4, 0x81,
    0x05, 0x82, 0xe4, 0x79, 0xc4, 0x79, 0xa3, 0x79, 0xc4, 0x79, 0xe4, 0x79,
    0xe4, 0x81, 0xe4, 0x81, 0xe4, 0x81, 0xe5, 0x81, 0xa4, 0x71, 0x42, 0x61,
    0x42, 0x61, 0x63, 0x69, 0x42, 0x61, 0x83, 0x69, 0xc4, 0x79, 0x05, 0x82,
    0x46, 0x92, 0xc7, 0xaa, 0xc7, 0xaa, 0xc7, 0xaa, 0xc7, 0xa2, 0x87, 0x9a,
    0x86, 0x9a, 0x66, 0x9a, 0x87, 0x9a, 0x45, 0x92, 0x25, 0x92, 0x25, 0x8a,
    0x61, 0x10, 0x61, 0x10, 0x60, 0x10, 0x61, 0x08, 0x61, 0x10, 0x61, 0x10,
    0x61, 0x10, 0x61, 0x10, 0x81, 0x10, 0x81, 0x10, 0x82, 0x10, 0x81, 0x18,
    0xa1, 0x18, 0xe2, 0x30, 0xcb, 0xd3, 0xeb, 0xdb, 0xeb, 0xdb, 0x0b, 0xdc,
    0x0c, 0xe4, 0x0c, 0xe4, 0xeb, 0xdb, 0x0c, 0xdc, 0x0b, 0xe4, 0x2c, 0xe4,
    0x4d, 0xe4, 0x4d, 0xec, 0x2c, 0xe4, 0x2c, 0xe4, 0xca, 0xd3, 0x8a, 0xcb,
    0x69, 0xc3, 0x08, 0xb3, 0x28, 0xbb, 0x08, 0xbb, 0xe8, 0xb2, 0xa7, 0xa2,
    0x86, 0xa2, 0x66, 0x9a, 0x46, 0x92, 0x25, 0x92, 0xc4, 0x81, 0xc3, 0x79,
    0x62, 0x69, 0x83, 0x71, 0x42, 0x69, 0x42, 0x69, 0x42, 0x61, 0x63, 0x69,
    0xa3, 0x71, 0x83, 0x71, 0x83, 0x71, 0xa4, 0x79, 0xa3, 0x79, 0xa4, 0x79,
    0xa3, 0x79, 0xe4, 0x81, 0xa4, 0x79, 0x63, 0x69, 0x62, 0x69, 0xa4, 0x71,
    0x63, 0x69, 0x42, 0x61, 0x42, 0x61, 0x42, 0x61, 0x42, 0x61, 0x22, 0x59,
    0x01, 0x59, 0x42, 0x61, 0x43, 0x61, 0x22, 0x59, 0x01, 0x59, 0x01, 0x59,
    0x42, 0x61, 0x63, 0x69, 0xe2, 0x48, 0x03, 0x49, 0x85, 0x61, 0x07, 0x7a,
    0x68, 0x82, 0x0b, 0x9b, 0xad, 0xb3, 0x50, 0xcc, 0x13, 0xdd, 0x75, 0xe5,
    0xb6, 0xed, 0xf7, 0xed, 0x38, 0xf6, 0x17, 0xf6, 0x79, 0xf6, 0x17, 0xf6,
    0xf7, 0xed, 0xd6, 0xed, 0xf7, 0xed, 0x58, 0xf6, 0x38, 0xf6, 0x18, 0xee,
    0x59, 0xf6, 0x17, 0xee, 0x54, 0xe5, 0xe7, 0xaa, 0x65, 0x92, 0x65, 0x92,
    0x65, 0x92, 0x85, 0x9a, 0xa5, 0x9a, 0xc6, 0xa2, 0xa6, 0x9a, 0xc6, 0xa2,
    0xa6, 0xa2, 0xc6, 0xa2, 0xe7, 0xaa, 0xe7, 0xaa, 0xc7, 0xa2, 0xa6, 0x9a,
    0xc7, 0xa2, 0x65, 0x92, 0x65, 0x92, 0xa6, 0x9a, 0x86, 0x9a, 0xa6, 0x9a,
    0xa6, 0x9a, 0x65, 0x9a, 0x86, 0x9a, 0x86, 0x9a, 0x86, 0x9a, 0x85, 0x9a,
    0xc6, 0xa2, 0xe7, 0xaa, 0x48, 0xbb, 0x69, 0xc3, 0x89, 0xcb, 0xeb, 0xd3,
    0xa6, 0xaa, 0xe4, 0x89, 0xe4, 0x81, 0xa3, 0x79, 0xa3, 0x79, 0xa3, 0x79,
    0xa3, 0x79, 0xa3, 0x79, 0xc4, 0x81, 0xc4, 0x81, 0xc4, 0x81, 0xe4, 0x81,
    0xc4, 0x81, 0xa3, 0x79, 0xc4, 0x81, 0xc3, 0x79, 0xe4, 0x81, 0xc4, 0x81,
    0xe4, 0x81, 0xc4, 0x81, 0xe4, 0x81, 0xc4, 0x79, 0xa3, 0x71, 0xa4, 0x79,
    0xc4, 0x79, 0xc4, 0x79, 0xc3, 0x79, 0xa3, 0x79, 0xa3, 0x79, 0xc4, 0x79,
    0xc4, 0x79, 0xc4, 0x79, 0xa3, 0x79, 0xc4, 0x79, 0xc4, 0x81, 0xe4, 0x81,
    0xe4, 0x81, 0xe4, 0x81, 0xc4, 0x79, 0xa3, 0x79, 0xc4, 0x79, 0xc4, 0x79,
    0xa4, 0x79, 0x83, 0x71, 0xa3, 0x71, 0x83, 0x71, 0xa3, 0x71, 0x83, 0x71,
    0xa4, 0x71, 0x83, 0x71, 0xa4, 0x71, 0xa4, 0x79, 0xa4, 0x71, 0xa3, 0x71,
    0x63, 0x71, 0xa4, 0x71, 0x83, 0x71, 0x83, 0x71, 0xa4, 0x71, 0xa3, 0x71,
    0xa4, 0x79, 0xc4, 0x79, 0xc4, 0x79, 0xa4, 0x79, 0xa3, 0x71, 0xa3, 0x71,
    0xa3, 0x79, 0xc3, 0x79, 0xc4, 0x79, 0xc4, 0x79, 0xa4, 0x79, 0xc4, 0x79,
    0xa3, 0x71, 0x05, 0x82, 0xc4, 0x79, 0xa3, 0x71, 0xc4, 0x79, 0xe5, 0x81,
    0xc4, 0x79, 0xe4, 0x81, 0xc4, 0x79, 0xc3, 0x79, 0xa3, 0x79, 0xc4, 0x79,
    0xe4, 0x81, 0xe4, 0x79, 0xe4, 0x81, 0x25, 0x82, 0xc4, 0x79, 0xa4, 0x71,
    0x83, 0x69, 0x63, 0x69, 0x83, 0x69, 0x43, 0x61, 0x83, 0x71, 0xc4, 0x79,
    0x25, 0x8a, 0x45, 0x92, 0x86, 0x9a, 0xc7, 0xa2, 0xa7, 0xa2, 0xa7, 0xa2,
    0x87, 0x9a, 0x86, 0x9a, 0x86, 0x9a, 0x66, 0x92, 0x45, 0x92, 0x25, 0x8a,
    0x61, 0x10, 0x61, 0x10, 0x61, 0x10, 0x61, 0x10, 0x81, 0x10, 0x81, 0x10,
    0x81, 0x10, 0x81, 0x10, 0x82, 0x10, 0x82, 0x10, 0x81, 0x10, 0xa1, 0x18,
    0x81, 0x18, 0xa1, 0x20, 0x8a, 0xc3, 0xeb, 0xdb, 0x0c, 0xdc, 0x2c, 0xe4,
    0x2c, 0xe4, 0x2c, 0xe4, 0xeb, 0xdb, 0xeb, 0xdb, 0xcb, 0xdb, 0x0c, 0xe4,
    0x2c, 0xe4, 0x4d, 0xec, 0x2c, 0xe4, 0x0c, 0xe4, 0xaa, 0xd3, 0x69, 0xcb,
    0x49, 0xc3, 0x08, 0xbb, 0x29, 0xbb, 0x08, 0xb3, 0xa7, 0xa2, 0xa7, 0xa2,
    0x46, 0x9a, 0x25, 0x92, 0x05, 0x8a, 0x83, 0x71, 0x83, 0x71, 0x42, 0x69,
    0x22, 0x59, 0x43, 0x61, 0x02, 0x59, 0x01, 0x59, 0x42, 0x61, 0x22, 0x59,
    0x42, 0x61, 0x63, 0x69, 0x63, 0x69, 0x63, 0x69, 0x83, 0x71, 0x63, 0x71,
    0x83, 0x71, 0x83, 0x71, 0x42, 0x69, 0x01, 0x59, 0x22, 0x61, 0x42, 0x61,
    0x22, 0x61, 0x02, 0x59, 0x22, 0x59, 0x01, 0x59, 0x01, 0x59, 0xe1, 0x50,
    0x01, 0x51, 0x01, 0x59, 0x02, 0x59, 0x02, 0x51, 0xe1, 0x50, 0xe1, 0x50,
    0x01, 0x59, 0x01, 0x59, 0x42, 0x61, 0xa1, 0x38, 0xc2, 0x40, 0x44, 0x59,
    0x85, 0x61, 0x48, 0x7a, 0xeb, 0x9a, 0xce, 0xb3, 0xb2, 0xd4, 0x54, 0xe5,
    0xb6, 0xed, 0xf7, 0xed, 0xd6, 0xed, 0x38, 0xf6, 0x58, 0xf6, 0xf7, 0xed,
    0xd6, 0xed, 0x95, 0xed, 0x18, 0xf6, 0x58, 0xf6, 0x38, 0xf6, 0xd6, 0xe5,
    0xd7, 0xed, 0x17, 0xee, 0x12, 0xdd, 0xe7, 0xa2, 0x65, 0x92, 0x24, 0x8a,
    0x65, 0x92, 0xa5, 0x9a, 0x85, 0x9a, 0xa6, 0xa2, 0xa6, 0xa2, 0xa6, 0x9a,
    0x66, 0x9a, 0xa6, 0x9a, 0xa7, 0xa2, 0x66, 0x9a, 0x86, 0x9a, 0x85, 0x9a,
    0x65, 0x92, 0x45, 0x92, 0x44, 0x92, 0xa6, 0x9a, 0x45, 0x92, 0x65, 0x92,
    0x86, 0x9a, 0x65, 0x92, 0x65, 0x9a, 0x86, 0x9a, 0x65, 0x9a, 0x85, 0x9a,
    0xa6, 0xa2, 0xe7, 0xaa, 0x69, 0xc3, 0x69, 0xbb, 0x69, 0xc3, 0xca, 0xcb,
    0xa7, 0xa2, 0xc3, 0x81, 0xc4, 0x81, 0x83, 0x71, 0x83, 0x71, 0x83, 0x71,
    0x83, 0x71, 0xa3, 0x79, 0xa3, 0x79, 0xc4, 0x79, 0xc4, 0x79, 0xc4, 0x81,
    0xa4, 0x79, 0xc4, 0x79, 0xc4, 0x81, 0xe4, 0x81, 0xe4, 0x81, 0xe4, 0x81,
    0xe4, 0x81, 0xa4, 0x79, 0xc4, 0x81, 0xc4, 0x79, 0xc4, 0x79, 0xc4, 0x79,
    0xa3, 0x79, 0xc3, 0x79, 0xa3, 0x79, 0xc4, 0x79, 0xc4, 0x79, 0xc4, 0x79,
    0xc4, 0x79, 0xc4, 0x79, 0xa3, 0x79, 0xc4, 0x79, 0xe4, 0x81, 0x05, 0x82,
    0xc4, 0x81, 0xc4, 0x81, 0xe5, 0x81, 0xc4, 0x79, 0xc4, 0x79, 0xa4, 0x79,
    0xc4, 0x79, 0xc4, 0x79, 0xe4, 0x81, 0xa4, 0x79, 0xa4, 0x71, 0xa4, 0x71,
    0xa3, 0x79, 0xa4, 0x79, 0xa4, 0x79, 0xa3, 0x71, 0xa4, 0x79, 0x83, 0x71,
    0x83, 0x71, 0xa4, 0x71, 0x83, 0x71, 0x83, 0x71, 0xa3, 0x71, 0xa4, 0x79,
    0x83, 0x71, 0xa3, 0x71, 0xc4, 0x79, 0xa3, 0x71, 0xc4, 0x79, 0xc4, 0x79,
    0xa3, 0x71, 0xa3, 0x71, 0xc4, 0x79, 0xa4, 0x79, 0xa3, 0x71, 0xa4, 0x71,
    0xc4, 0x79, 0xc4, 0x79, 0xc4, 0x79, 0xc4, 0x79, 0xc4, 0x79, 0xe4, 0x79,
    0xc4, 0x79, 0x04, 0x82, 0xa3, 0x71, 0xc4, 0x79, 0xa3, 0x71, 0xc4, 0x79,
    0xe4, 0x79, 0xc4, 0x79, 0xe5, 0x81, 0xe4, 0x81, 0xe5, 0x81, 0xc4, 0x79,
    0xc4, 0x79, 0xa4, 0x71, 0xa4, 0x71, 0x83, 0x69, 0x63, 0x69, 0x83, 0x71,
    0xc4, 0x79, 0x46, 0x92, 0x25, 0x8a, 0x66, 0x92, 0xa7, 0xa2, 0xa7, 0xa2,
    0xa7, 0xa2, 0xa7, 0x9a, 0x66, 0x9a, 0x66, 0x9a, 0x46, 0x92, 0x46, 0x92,
    0x60, 0x08, 0x61, 0x08, 0x61, 0x10, 0x61, 0x10, 0x61, 0x08, 0x61, 0x10,
    0x81, 0x10, 0x81, 0x10, 0x81, 0x10, 0x81, 0x10, 0x81, 0x10, 0x81, 0x18,
    0x81, 0x18, 0xa1, 0x18, 0x29, 0xab, 0xec, 0xdb, 0xeb, 0xdb, 0x2c, 0xe4,
    0x2c, 0xe4, 0xec, 0xdb, 0xcb, 0xd3, 0xca, 0xd3, 0xaa, 0xd3, 0x0b, 0xe4,
    0x2c, 0xe4, 0x4d, 0xec, 0x6d, 0xec, 0xeb, 0xdb, 0xcb, 0xd3, 0x69, 0xcb,
    0x29, 0xc3, 0x08, 0xb3, 0x08, 0xb3, 0xc7, 0xaa, 0x86, 0xa2, 0x46, 0x9a,
    0x05, 0x8a, 0xc3, 0x79, 0xa3, 0x79, 0x83, 0x69, 0x22, 0x61, 0x01, 0x59,
    0x01, 0x51, 0xe1, 0x50, 0xe1, 0x50, 0xe1, 0x50, 0xe1, 0x50, 0xe1, 0x50,
    0x01, 0x59, 0x22, 0x61, 0x42, 0x61, 0x01, 0x59, 0x22, 0x59, 0x22, 0x61,
    0x22, 0x59, 0x42, 0x61, 0x02, 0x59, 0xe1, 0x50, 0x02, 0x59, 0x01, 0x59,
    0xe1, 0x50, 0x01, 0x59, 0x01, 0x51, 0x01, 0x51, 0x01, 0x51, 0xe1, 0x50,
    0xe1, 0x50, 0xe1, 0x50, 0xc1, 0x50, 0xe1, 0x50, 0xc1, 0x48, 0xc1, 0x48,
    0xe1, 0x50, 0xe1, 0x50, 0x02, 0x59, 0x02, 0x59, 0x40, 0x28, 0xa1, 0x38,
    0x03, 0x49, 0x85, 0x61, 0x89, 0x8a, 0x8d, 0xb3, 0x71, 0xcc, 0x33, 0xdd,
    0xb6, 0xed, 0x95, 0xe5, 0xb5, 0xed, 0x38, 0xf6, 0x58, 0xf6, 0xd6, 0xed,
    0x75, 0xe5, 0x75, 0xe5, 0x38, 0xf6, 0x79, 0xf6, 0x38, 0xee, 0xf7, 0xed,
    0x17, 0xee, 0xf7, 0xed, 0xf1, 0xdc, 0xe8, 0xa2, 0x45, 0x8a, 0x04, 0x8a,
    0x24, 0x8a, 0x65, 0x92, 0x86, 0x9a, 0x86, 0x92, 0x66, 0x9a, 0x66, 0x92,
    0x66, 0x92, 0x86, 0x9a, 0xa6, 0x9a, 0x85, 0x9a, 0x65, 0x92, 0x23, 0x8a,
    0x24, 0x8a, 0x44, 0x8a, 0x65, 0x92, 0x65, 0x92, 0x45, 0x8a, 0x45, 0x92,
    0x25, 0x8a, 0x65, 0x92, 0x65, 0x9a, 0x45, 0x92, 0x65, 0x92, 0xa6, 0x9a,
    0xc7, 0xa2, 0xe7, 0xaa, 0x48, 0xbb, 0x89, 0xc3, 0x68, 0xc3, 0xaa, 0xcb,
    0x86, 0xa2, 0xa3, 0x79, 0x83, 0x71, 0x62, 0x69, 0x63, 0x69, 0x62, 0x69,
    0x83, 0x71, 0x83, 0x71, 0xa3, 0x71, 0x83, 0x71, 0x83, 0x71, 0xa4, 0x79,
    0xc3, 0x79, 0xa3, 0x79, 0xc3, 0x79, 0xc3, 0x79, 0xe4, 0x81, 0xc4, 0x79,
    0xc4, 0x79, 0xc4, 0x81, 0xc4, 0x79, 0xc4, 0x79, 0xe4, 0x81, 0xc4, 0x79,
    0xc4, 0x79, 0xc4, 0x81, 0xc4, 0x81, 0xc4, 0x79, 0xc4, 0x79, 0xc4, 0x81,
    0xa3, 0x79, 0xc4, 0x79, 0xe4, 0x81, 0xc4, 0x79, 0xe4, 0x79, 0xe4, 0x81,
    0xe4, 0x81, 0xe4, 0x81, 0xe4, 0x81, 0x05, 0x8a, 0xc4, 0x79, 0xc4, 0x79,
    0xc4, 0x81, 0xc4, 0x79, 0xc4, 0x79, 0xc4, 0x79, 0xa4, 0x79, 0xa3, 0x79,
    0xc4, 0x79, 0xc4, 0x79, 0xa3, 0x79, 0xa3, 0x71, 0xa3, 0x71, 0x84, 0x71,
    0xa3, 0x71, 0xa4, 0x71, 0xa4, 0x71, 0x84, 0x71, 0xa4, 0x71, 0x83, 0x71,
    0xa4, 0x79, 0xa4, 0x79, 0xa3, 0x79, 0xa4, 0x79, 0xa4, 0x79, 0xc4, 0x79,
    0xa4, 0x71, 0xa4, 0x71, 0xa3, 0x71, 0xc4, 0x79, 0x83, 0x71, 0xa3, 0x71,
    0xc4, 0x79, 0xc4, 0x79, 0xa3, 0x79, 0xa3, 0x79, 0xc4, 0x79, 0xe4, 0x81,
    0xc4, 0x79, 0xe4, 0x81, 0xa3, 0x71, 0xa4, 0x71, 0xc4, 0x79, 0xa3, 0x79,
    0xc4, 0x79, 0xc4, 0x79, 0xc4, 0x79, 0xc4, 0x79, 0x05, 0x82, 0xe4, 0x81,
    0xa4, 0x71, 0xc4, 0x79, 0xc4, 0x79, 0xa4, 0x71, 0x83, 0x69, 0x83, 0x71,
    0xa3, 0x71, 0xc4, 0x79, 0x25, 0x8a, 0x25, 0x92, 0x46, 0x92, 0x86, 0x9a,
    0x86, 0x9a, 0x86, 0x9a, 0x66, 0x9a, 0x66, 0x9a, 0x66, 0x92, 0x25, 0x8a,
    0x61, 0x10, 0x60, 0x10, 0x61, 0x10, 0x61, 0x08, 0x61, 0x10, 0x61, 0x10,
    0x61, 0x10, 0x81, 0x10, 0x81, 0x10, 0x81, 0x10, 0x81, 0x10, 0xa2, 0x18,
    0x81, 0x18, 0xa2, 0x18, 0xc8, 0x9a, 0xeb, 0xdb, 0x0c, 0xdc, 0x0c, 0xdc,
    0x2c, 0xe4, 0xeb, 0xdb, 0xeb, 0xdb, 0xeb, 0xdb, 0xeb, 0xdb, 0x0c, 0xe4,
    0x2c, 0xe4, 0x4d, 0xec, 0x4c, 0xe4, 0x0b, 0xdc, 0xaa, 0xd3, 0x69, 0xc3,
    0x49, 0xc3, 0x29, 0xbb, 0x28, 0xbb, 0xa6, 0xa2, 0x86, 0xa2, 0x25, 0x92,
    0xe4, 0x81, 0xa3, 0x79, 0x42, 0x61, 0x22, 0x59, 0x02, 0x59, 0x02, 0x51,
    0xe1, 0x48, 0xc1, 0x48, 0xe1, 0x48, 0xc1, 0x48, 0x02, 0x51, 0xc1, 0x48,
    0xe1, 0x50, 0x01, 0x51, 0xe1, 0x50, 0x01, 0x51, 0xe1, 0x50, 0x01, 0x51,
    0xe1, 0x50, 0xe1, 0x50, 0xe1, 0x50, 0xc1, 0x48, 0xc1, 0x48, 0xc0, 0x48,
    0xe1, 0x50, 0x01, 0x51, 0xe2, 0x50, 0xe1, 0x50, 0xe2, 0x50, 0xe1, 0x50,
    0xe1, 0x50, 0xe1, 0x50, 0xe1, 0x50, 0x01, 0x51, 0xe1, 0x50, 0xe1, 0x50,
    0x01, 0x51, 0xe1, 0x50, 0xe1, 0x50, 0x02, 0x59, 0xc1, 0x48, 0x20, 0x28,
    0x81, 0x38, 0x03, 0x49, 0x27, 0x7a, 0x6c, 0xab, 0x30, 0xc4, 0x13, 0xdd,
    0x95, 0xe5, 0x54, 0xdd, 0xd6, 0xe5, 0x17, 0xee, 0x17, 0xee, 0x95, 0xe5,
    0x74, 0xe5, 0xf6, 0xed, 0x38, 0xee, 0x59, 0xf6, 0xd6, 0xe5, 0x95, 0xe5,
    0xf7, 0xe5, 0xb5, 0xe5, 0xb1, 0xdc, 0xe8, 0xa2, 0xe4, 0x81, 0xe4, 0x79,
    0x04, 0x82, 0x66, 0x92, 0x66, 0x92, 0x66, 0x92, 0x86, 0x9a, 0x45, 0x8a,
    0x45, 0x92, 0x66, 0x9a, 0x65, 0x92, 0x44, 0x8a, 0x45, 0x8a, 0x23, 0x82,
    0x03, 0x82, 0x24, 0x8a, 0x45, 0x92, 0x45, 0x8a, 0x45, 0x8a, 0x25, 0x92,
    0xe4, 0x81, 0x65, 0x92, 0x45, 0x92, 0x45, 0x8a, 0x65, 0x92, 0xc7, 0xaa,
    0x07, 0xab, 0x08, 0xb3, 0x48, 0xbb, 0x8a, 0xc3, 0x49, 0xc3, 0xaa, 0xcb,
    0x66, 0x9a, 0xa3, 0x71, 0x62, 0x71, 0x62, 0x69, 0x42, 0x69, 0x63, 0x69,
    0x63, 0x69, 0x63, 0x69, 0x83, 0x71, 0x83, 0x71, 0x83, 0x71, 0x83, 0x71,
    0xa3, 0x71, 0xa3, 0x71, 0xa4, 0x79, 0xa3, 0x79, 0xc4, 0x79, 0xc4, 0x79,
    0xe4, 0x81, 0xc4, 0x79, 0xc4, 0x79, 0xe4, 0x81, 0xc4, 0x81, 0xa4, 0x79,
    0xc4, 0x79, 0xe4, 0x81, 0xa3, 0x79, 0xc4, 0x79, 0xc4, 0x79, 0xa4, 0x79,
    0xa3, 0x79, 0xc4, 0x79, 0xc4, 0x81, 0xc4, 0x79, 0xc4, 0x79, 0xc4, 0x81,
    0xc4, 0x79, 0xe4, 0x81, 0xc4, 0x81, 0xe5, 0x81, 0xe5, 0x81, 0xc4, 0x79,
    0xc4, 0x81, 0xc4, 0x79, 0xc4, 0x79, 0xc4, 0x79, 0xe4, 0x81, 0xa3, 0x79,
    0xc4, 0x79, 0xc4, 0x79, 0xa3, 0x71, 0xc4, 0x79, 0xa4, 0x79, 0x83, 0x71,
    0xa4, 0x79, 0xa3, 0x71, 0xa4, 0x71, 0xa4, 0x71, 0x83, 0x71, 0xa3, 0x71,
    0xa4, 0x71, 0xa3, 0x71, 0xa4, 0x79, 0xa3, 0x71, 0xa3, 0x71, 0xa4, 0x79,
    0xa4, 0x79, 0xa3, 0x71, 0xa4, 0x71, 0xa3, 0x71, 0xa4, 0x79, 0xa4, 0x71,
    0xa4, 0x71, 0xc4, 0x79, 0xe4, 0x79, 0xa4, 0x71, 0xa4, 0x79, 0xe4, 0x79,
    0xe4, 0x79, 0xe5, 0x81, 0xa3, 0x71, 0xa4, 0x71, 0xc4, 0x79, 0xa4, 0x79,
    0xc4, 0x79, 0xe4, 0x79, 0xc4, 0x79, 0xe5, 0x81, 0xc4, 0x79, 0xc4, 0x79,
    0xc4, 0x79, 0xa3, 0x71, 0xa3, 0x71, 0xc4, 0x79, 0xc4, 0x79, 0xa3, 0x71,
    0x83, 0x71, 0xa3, 0x71, 0xe4, 0x81, 0x25, 0x8a, 0x04, 0x82, 0x66, 0x9a,
    0x86, 0x9a, 0x86, 0x9a, 0x66, 0x9a, 0x66, 0x9a, 0x66, 0x92, 0x46, 0x92,
    0x61, 0x10, 0x61, 0x10, 0x60, 0x08, 0x61, 0x10, 0x60, 0x10, 0x81, 0x10,
    0x81, 0x10, 0x81, 0x10, 0x61, 0x10, 0x82, 0x10, 0x81, 0x10, 0xa2, 0x10,
    0x81, 0x18, 0xa1, 0x18, 0x67, 0x7a, 0xec, 0xdb, 0x0c, 0xe4, 0x0c, 0xdc,
    0x0c, 0xe4, 0x0c, 0xe4, 0xcb, 0xdb, 0xeb, 0xdb, 0xeb, 0xdb, 0x0c, 0xe4,
    0x2c, 0xe4, 0x4c, 0xec, 0x4c, 0xec, 0xeb, 0xdb, 0xaa, 0xd3, 0x69, 0xcb,
    0x29, 0xbb, 0x28, 0xbb, 0x08, 0xb3, 0xa7, 0xa2, 0x45, 0x92, 0xa4, 0x79,
    0xa3, 0x79, 0x42, 0x61, 0x42, 0x61, 0x22, 0x59, 0xe1, 0x50, 0xe1, 0x48,
    0xc1, 0x48, 0xe1, 0x48, 0xc1, 0x48, 0xe1, 0x48, 0xe1, 0x50, 0xe1, 0x50,
    0x01, 0x59, 0xe1, 0x50, 0xe1, 0x50, 0xe1, 0x50, 0xe1, 0x50, 0xc0, 0x48,
    0xc1, 0x48, 0xc1, 0x48, 0xc0, 0x48, 0xc1, 0x48, 0xc1, 0x50, 0xe1, 0x50,
    0xe1, 0x50, 0xe1, 0x50, 0xe1, 0x58, 0xe1, 0x50, 0x02, 0x59, 0x02, 0x59,
    0x01, 0x59, 0x22, 0x59, 0x01, 0x59, 0x01, 0x59, 0x22, 0x61, 0x22, 0x59,
    0x42, 0x61, 0x63, 0x69, 0x42, 0x61, 0x42, 0x61, 0x22, 0x59, 0x60, 0x30,
    0x20, 0x20, 0xc2, 0x40, 0xc6, 0x69, 0xea, 0x92, 0xce, 0xb3, 0xd2, 0xcc,
    0x33, 0xd5, 0x54, 0xdd, 0x75, 0xe5, 0xd6, 0xe5, 0xf6, 0xed, 0x95, 0xe5,
    0xb6, 0xe5, 0x17, 0xee, 0x38, 0xee, 0xf7, 0xed, 0x95, 0xe5, 0xd6, 0xe5,
    0xb6, 0xe5, 0xb5, 0xe5, 0x12, 0xdd, 0xc7, 0xa2, 0xe3, 0x79, 0xa3, 0x71,
    0x05, 0x82, 0x45, 0x8a, 0x25, 0x8a, 0x45, 0x8a, 0x66, 0x92, 0x25, 0x8a,
    0x86, 0x9a, 0x66, 0x92, 0x24, 0x82, 0x24, 0x8a, 0x04, 0x82, 0x04, 0x82,
    0x24, 0x8a, 0x45, 0x8a, 0x45, 0x92, 0x24, 0x8a, 0x25, 0x8a, 0x05, 0x82,
    0x25, 0x8a, 0x65, 0x8a, 0x04, 0x82, 0x45, 0x92, 0x86, 0x9a, 0xa6, 0xa2,
    0xc7, 0xaa, 0x28, 0xb3, 0x69, 0xbb, 0x89, 0xc3, 0x69, 0xc3, 0xaa, 0xcb,
    0x86, 0xa2, 0x63, 0x69, 0x62, 0x69, 0x43, 0x69, 0x22, 0x61, 0x42, 0x61,
    0x22, 0x61, 0x42, 0x69, 0x42, 0x69, 0x83, 0x69, 0x63, 0x69, 0x63, 0x69,
    0x83, 0x71, 0x63, 0x69, 0x83, 0x71, 0x83, 0x71, 0xa3, 0x71, 0xa3, 0x79,
    0xa4, 0x79, 0xc4, 0x79, 0xc4, 0x79, 0xc4, 0x79, 0xc4, 0x79, 0xc4, 0x79,
    0xc3, 0x79, 0xc4, 0x79, 0xa3, 0x79, 0xc4, 0x79, 0xc4, 0x79, 0xc4, 0x79,
    0xc4, 0x79, 0xa3, 0x79, 0xa3, 0x79, 0xc4, 0x79, 0xc4, 0x79, 0xa4, 0x79,
    0xc4, 0x79, 0xe4, 0x81, 0xc4, 0x81, 0xc4, 0x79, 0xe4, 0x81, 0xe5, 0x81,
    0xc4, 0x81, 0xe4, 0x81, 0xe4, 0x81, 0xe4, 0x81, 0xe4, 0x79, 0xa4, 0x79,
    0xc4, 0x79, 0xc4, 0x79, 0xa4, 0x79, 0xa4, 0x79, 0xa4, 0x79, 0xa4, 0x79,
    0xe5, 0x81, 0xa4, 0x79, 0x83, 0x71, 0xa3, 0x71, 0xa3, 0x79, 0xa4, 0x79,
    0xa4, 0x71, 0x83, 0x71, 0xa3, 0x71, 0xa3, 0x71, 0x83, 0x71, 0xa3, 0x71,
    0xc4, 0x79, 0x83, 0x71, 0x83, 0x71, 0xa4, 0x71, 0xc4, 0x79, 0xa4, 0x71,
    0x83, 0x71, 0x83, 0x71, 0xc4, 0x79, 0xc4, 0x79, 0xc4, 0x79, 0xe4, 0x79,
    0xe4, 0x81, 0x05, 0x82, 0xc4, 0x79, 0xa4, 0x79, 0xa3, 0x71, 0x83, 0x71,
    0xc4, 0x79, 0xc4, 0x79, 0xc4, 0x79, 0xc4, 0x79, 0xc4, 0x79, 0xe4, 0x81,
    0xe4, 0x79, 0xe4, 0x79, 0xa4, 0x71, 0xc4, 0x79, 0xc4, 0x79, 0xe4, 0x79,
    0xa3, 0x71, 0xa3, 0x71, 0xc4, 0x79, 0x05, 0x82, 0xc4, 0x79, 0x25, 0x8a,
    0x25, 0x8a, 0x66, 0x9a, 0x45, 0x92, 0x66, 0x92, 0x46, 0x92, 0x45, 0x92,
    0x61, 0x08, 0x61, 0x08, 0x61, 0x10, 0x61, 0x10, 0x61, 0x08, 0x61, 0x10,
    0x81, 0x10, 0x81, 0x10, 0x81, 0x10, 0x81, 0x10, 0x81, 0x10, 0x82, 0x18,
    0xa1, 0x18, 0xa1, 0x18, 0xc5, 0x59, 0x0c, 0xdc, 0x0c, 0xe4, 0xeb, 0xdb,
    0x0b, 0xdc, 0x0b, 0xdc, 0xcb, 0xdb, 0xeb, 0xdb, 0xca, 0xdb, 0xeb, 0xdb,
    0x2c, 0xec, 0x0b, 0xe4, 0x0c, 0xe4, 0xcb, 0xdb, 0xaa, 0xd3, 0x8a, 0xcb,
    0x29, 0xbb, 0x08, 0xbb, 0xa7, 0xaa, 0x45, 0x92, 0xe4, 0x81, 0x83, 0x71,
    0x42, 0x61, 0x22, 0x61, 0x02, 0x59, 0x01, 0x51, 0xe1, 0x50, 0xc1, 0x48,
    0x01, 0x51, 0xe1, 0x50, 0x02, 0x59, 0x02, 0x59, 0x01, 0x59, 0xe1, 0x50,
    0x01, 0x59, 0xe1, 0x58, 0x22, 0x59, 0x01, 0x59, 0xe1, 0x58, 0xe1, 0x50,
    0xc1, 0x50, 0xe1, 0x50, 0xe1, 0x50, 0x01, 0x59, 0x42, 0x61, 0x01, 0x59,
    0xe1, 0x50, 0x02, 0x59, 0x01, 0x59, 0x22, 0x59, 0x22, 0x61, 0x01, 0x59,
    0x22, 0x61, 0x22, 0x61, 0x42, 0x61, 0x63, 0x69, 0xa4, 0x79, 0xe5, 0x81,
    0x04, 0x82, 0xe5, 0x81, 0xa4, 0x79, 0x63, 0x69, 0x21, 0x59, 0x01, 0x59,
    0x00, 0x18, 0x61, 0x28, 0x23, 0x49, 0x68, 0x7a, 0x8c, 0xa3, 0x2f, 0xbc,
    0x70, 0xbc, 0xf2, 0xd4, 0x54, 0xdd, 0xb5, 0xe5, 0xb6, 0xe5, 0xb5, 0xe5,
    0xb6, 0xe5, 0x17, 0xee, 0xf6, 0xed, 0x95, 0xdd, 0xb6, 0xe5, 0xd6, 0xdd,
    0x74, 0xd5, 0xd6, 0xe5, 0x53, 0xdd, 0xa6, 0x9a, 0xa3, 0x71, 0x82, 0x69,
    0xa3, 0x71, 0xe4, 0x81, 0x04, 0x8a, 0x25, 0x8a, 0x46, 0x8a, 0x25, 0x8a,
    0x25, 0x8a, 0x45, 0x8a, 0xe4, 0x79, 0x05, 0x82, 0xc4, 0x79, 0x04, 0x82,
    0x04, 0x82, 0x24, 0x82, 0x24, 0x8a, 0x24, 0x8a, 0xc3, 0x79, 0x04, 0x82,
    0x04, 0x82, 0x45, 0x8a, 0x05, 0x82, 0x25, 0x8a, 0x65, 0x92, 0xc7, 0xa2,
    0xc7, 0xa2, 0x28, 0xb3, 0x69, 0xbb, 0x48, 0xbb, 0x28, 0xbb, 0x8a, 0xcb,
    0x45, 0x92, 0x63, 0x69, 0x63, 0x69, 0x62, 0x69, 0x42, 0x61, 0x22, 0x61,
    0x42, 0x61, 0x42, 0x61, 0x42, 0x61, 0x43, 0x69, 0x42, 0x61, 0x43, 0x69,
    0x63, 0x69, 0x63, 0x69, 0x62, 0x69, 0x83, 0x69, 0x63, 0x69, 0x83, 0x71,
    0x83, 0x71, 0x83, 0x71, 0xa3, 0x79, 0x83, 0x71, 0xc4, 0x79, 0xa3, 0x79,
    0xa3, 0x79, 0xc4, 0x79, 0xa3, 0x79, 0xa4, 0x79, 0xa3, 0x71, 0xa3, 0x79,
    0xa4, 0x79, 0xc4, 0x79, 0xa3, 0x71, 0xa4, 0x79, 0xa4, 0x79, 0xa4, 0x79,
    0xc4, 0x79, 0xc4, 0x79, 0xc4, 0x81, 0xc4, 0x79, 0xc4, 0x79, 0xc4, 0x81,
    0xe4, 0x81, 0xe4, 0x81, 0xe4, 0x81, 0xe5, 0x81, 0xc4, 0x79, 0xc4, 0x79,
    0xc4, 0x79, 0xc4, 0x79, 0xe4, 0x81, 0xc4, 0x79, 0xc4, 0x79, 0xa3, 0x71,
    0xa4, 0x71, 0x83, 0x71, 0xc4, 0x79, 0xa3, 0x71, 0xa3, 0x71, 0x84, 0x71,
    0xa3, 0x71, 0xa4, 0x79, 0xa4, 0x79, 0xa3, 0x71, 0x83, 0x71, 0x83, 0x71,
    0xa4, 0x71, 0xa4, 0x71, 0xa4, 0x79, 0xc4, 0x79, 0xc4, 0x79, 0xa4, 0x79,
    0xa4, 0x79, 0xa3, 0x71, 0xa4, 0x71, 0xa4, 0x71, 0xc4, 0x79, 0xa4, 0x79,
    0xa4, 0x79, 0xc4, 0x79, 0xc4, 0x79, 0xc4, 0x79, 0xa3, 0x79, 0xc4, 0x79,
    0xc4, 0x79, 0xe5, 0x81, 0xa4, 0x71, 0xe4, 0x79, 0xe4, 0x79, 0xe4, 0x79,
    0xc4, 0x79, 0xc4, 0x79, 0xe4, 0x79, 0xc4, 0x79, 0xc4, 0x79, 0xe4, 0x79,
    0xc4, 0x79, 0xa4, 0x71, 0xc4, 0x79, 0xc4, 0x79, 0x05, 0x82, 0xe4, 0x81,
    0xe4, 0x81, 0x05, 0x8a, 0x46, 0x92, 0x45, 0x92, 0x66, 0x9a, 0x66, 0x9a,
    0x61, 0x10, 0x61, 0x10, 0x60, 0x10, 0x61, 0x10, 0x61, 0x10, 0x81, 0x10,
    0x61, 0x10, 0x61, 0x10, 0x61, 0x10, 0x81, 0x10, 0x81, 0x10, 0x82, 0x10,
    0xa2, 0x18, 0xa2, 0x18, 0xe3, 0x28, 0xeb, 0xd3, 0x0c, 0xdc, 0xcb, 0xdb,
    0x2c, 0xe4, 0x0c, 0xdc, 0xeb, 0xdb, 0xca, 0xdb, 0xeb, 0xdb, 0x0b, 0xe4,
    0x2c, 0xe4, 0x2c, 0xe4, 0x2c, 0xe4, 0xeb, 0xdb, 0xaa, 0xcb, 0x69, 0xc3,
    0x08, 0xbb, 0xe8, 0xb2, 0x66, 0xa2, 0xe4, 0x81, 0xc4, 0x79, 0x43, 0x69,
    0x22, 0x61, 0x22, 0x59, 0x02, 0x59, 0x02, 0x59, 0x22, 0x59, 0x22, 0x61,
    0x42, 0x61, 0x63, 0x69, 0x42, 0x69, 0x62, 0x69, 0x42, 0x61, 0x63, 0x69,
    0x43, 0x69, 0x63, 0x69, 0x62, 0x69, 0x22, 0x61, 0x63, 0x69, 0x42, 0x61,
    0x22, 0x61, 0x42, 0x61, 0x63, 0x69, 0x63, 0x69, 0x42, 0x61, 0x42, 0x61,
    0x22, 0x61, 0x42, 0x69, 0x42, 0x69, 0x42, 0x69, 0x42, 0x69, 0x63, 0x69,
    0x83, 0x71, 0xc4, 0x79, 0xe4, 0x81, 0x25, 0x92, 0xc7, 0xaa, 0xc7, 0xaa,
    0xa7, 0xaa, 0x45, 0x92, 0xc4, 0x81, 0x42, 0x61, 0x22, 0x59, 0xe1, 0x50,
    0x00, 0x10, 0x00, 0x18, 0x81, 0x30, 0xa5, 0x59, 0xc9, 0x82, 0x6c, 0x9b,
    0xce, 0xab, 0x70, 0xbc, 0x13, 0xd5, 0x33, 0xd5, 0x95, 0xe5, 0xb5, 0xe5,
    0xb6, 0xe5, 0xd6, 0xe5, 0x54, 0xd5, 0x95, 0xdd, 0xd6, 0xdd, 0x95, 0xd5,
    0x95, 0xd5, 0xd6, 0xdd, 0x53, 0xdd, 0xa6, 0x9a, 0x42, 0x61, 0x42, 0x61,
    0x82, 0x69, 0xe4, 0x79, 0x24, 0x8a, 0x25, 0x8a, 0x45, 0x8a, 0x25, 0x8a,
    0x04, 0x82, 0x25, 0x82, 0xe4, 0x81, 0xe4, 0x81, 0xe4, 0x81, 0xe4, 0x81,
    0xa3, 0x79, 0x04, 0x82, 0x25, 0x8a, 0xe4, 0x81, 0xc3, 0x71, 0x05, 0x82,
    0x04, 0x82, 0x25, 0x8a, 0x66, 0x92, 0x65, 0x92, 0x45, 0x92, 0xa6, 0x9a,
    0xe7, 0xaa, 0x07, 0xb3, 0x69, 0xc3, 0x69, 0xbb, 0x28, 0xbb, 0xaa, 0xcb,
    0x66, 0x9a, 0x63, 0x71, 0x42, 0x69, 0x63, 0x61, 0x42, 0x61, 0x22, 0x61,
    0x42, 0x61, 0x22, 0x61, 0x42, 0x61, 0x22, 0x61, 0x42, 0x61, 0x43, 0x61,
    0x22, 0x61, 0x42, 0x61, 0x42, 0x61, 0x42, 0x69, 0x63, 0x69, 0x62, 0x69,
    0x63, 0x69, 0x63, 0x69, 0x83, 0x71, 0x83, 0x71, 0xa3, 0x71, 0xa3, 0x71,
    0xa3, 0x71, 0xa3, 0x71, 0x83, 0x71, 0xc4, 0x79, 0xa4, 0x71, 0xa3, 0x79,
    0xa3, 0x71, 0xa4, 0x79, 0xa3, 0x71, 0xa4, 0x79, 0xc4, 0x79, 0xa3, 0x79,
    0xa4, 0x71, 0xc4, 0x79, 0xc4, 0x79, 0xa4, 0x79, 0xa3, 0x79, 0xa3, 0x79,
    0xc4, 0x79, 0xe4, 0x79, 0xe4, 0x81, 0xc4, 0x79, 0xe4, 0x81, 0xe4, 0x81,
    0xc4, 0x79, 0xe4, 0x81, 0xc4, 0x81, 0xc4, 0x79, 0xe4, 0x79, 0xc4, 0x79,
    0xc4, 0x79, 0xa4, 0x79, 0xa3, 0x71, 0xa4, 0x71, 0x83, 0x71, 0x83, 0x71,
    0xc4, 0x79, 0xa3, 0x71, 0x83, 0x71, 0xa4, 0x71, 0xc4, 0x79, 0xa4, 0x71,
    0xa4, 0x71, 0x83, 0x71, 0xa3, 0x71, 0xa4, 0x79, 0xc4, 0x79, 0xc4, 0x79,
    0xc4, 0x79, 0xa3, 0x71, 0xa4, 0x71, 0xa3, 0x79, 0xc4, 0x79, 0xc4, 0x79,
    0xa4, 0x71, 0xc4, 0x79, 0xa4, 0x71, 0xe4, 0x79, 0xc4, 0x79, 0xc4, 0x79,
    0xc4, 0x79, 0xc4, 0x79, 0xc4, 0x79, 0xe5, 0x79, 0xe4, 0x79, 0xe4, 0x81,
    0xc4, 0x79, 0xe5, 0x81, 0xc4, 0x81, 0xe4, 0x81, 0xc4, 0x79, 0xe4, 0x81,
    0xc4, 0x79, 0xc4, 0x79, 0xc3, 0x79, 0xa4, 0x79, 0x05, 0x82, 0xe4, 0x81,
    0xe4, 0x81, 0xe4, 0x79, 0x04, 0x82, 0x66, 0x92, 0x66, 0x92, 0x45, 0x92,
    0x61, 0x10, 0x61, 0x08, 0x81, 0x10, 0x81, 0x10, 0x81, 0x10, 0x61, 0x10,
    0x61, 0x10, 0x81, 0x10, 0x81, 0x10, 0x81, 0x10, 0x81, 0x10, 0x81, 0x18,
    0xa1, 0x18, 0xa1, 0x18, 0xa1, 0x18, 0x8a, 0xc3, 0xec, 0xdb, 0xeb, 0xdb,
    0x2c, 0xe4, 0xec, 0xdb, 0x2c, 0xe4, 0xeb, 0xdb, 0xeb, 0xdb, 0x0b, 0xe4,
    0x0b, 0xe4, 0x2c, 0xe4, 0x2c, 0xe4, 0xeb, 0xdb, 0xaa, 0xd3, 0x69, 0xcb,
    0x08, 0xbb, 0xc8, 0xaa, 0x66, 0x9a, 0xe4, 0x81, 0x83, 0x71, 0x63, 0x69,
    0x42, 0x69, 0x22, 0x61, 0x63, 0x69, 0x63, 0x69, 0x83, 0x71, 0x83, 0x71,
    0xc4, 0x81, 0xe5, 0x81, 0xe5, 0x81, 0xe4, 0x81, 0xc4, 0x79, 0xe4, 0x81,
    0xe4, 0x81, 0xc4, 0x81, 0xc4, 0x79, 0xc4, 0x79, 0xa3, 0x79, 0xa3, 0x71,
    0x82, 0x71, 0xc4, 0x79, 0xc4, 0x81, 0xc4, 0x81, 0xa3, 0x79, 0x83, 0x71,
    0x83, 0x71, 0xa3, 0x79, 0xa4, 0x79, 0xa4, 0x79, 0xc4, 0x79, 0x25, 0x8a,
    0x25, 0x92, 0x66, 0x9a, 0xa7, 0xa2, 0x28, 0xbb, 0x69, 0xc3, 0x08, 0xb3,
    0x87, 0xa2, 0xe4, 0x81, 0x42, 0x61, 0xe1, 0x50, 0xc1, 0x48, 0x40, 0x30,
    0x00, 0x10, 0x00, 0x10, 0x20, 0x18, 0xa1, 0x30, 0xe6, 0x61, 0x88, 0x7a,
    0x6c, 0x9b, 0x2f, 0xb4, 0xb1, 0xc4, 0xf2, 0xcc, 0x74, 0xdd, 0xb5, 0xdd,
    0xb5, 0xdd, 0xd5, 0xe5, 0xb5, 0xdd, 0xb5, 0xdd, 0xb5, 0xdd, 0xd6, 0xdd,
    0xb5, 0xd5, 0xd6, 0xdd, 0x53, 0xd5, 0xa7, 0x9a, 0x62, 0x61, 0x22, 0x59,
    0x62, 0x69, 0xc4, 0x79, 0xe4, 0x79, 0x04, 0x82, 0x04, 0x82, 0x04, 0x82,
    0xc3, 0x79, 0x04, 0x82, 0xe4, 0x81, 0x04, 0x82, 0xe3, 0x79, 0xe4, 0x81,
    0xc3, 0x79, 0xc3, 0x71, 0xe4, 0x79, 0xa3, 0x71, 0xc3, 0x79, 0x05, 0x82,
    0x04, 0x82, 0x25, 0x8a, 0x86, 0x92, 0x45, 0x8a, 0x25, 0x8a, 0xa6, 0xa2,
    0xa6, 0xa2, 0x28, 0xb3, 0x69, 0xc3, 0x48, 0xbb, 0x28, 0xbb, 0xaa, 0xcb,
    0x45, 0x92, 0x63, 0x69, 0x42, 0x61, 0x22, 0x61, 0x22, 0x59, 0x02, 0x59,
    0x22, 0x59, 0x22, 0x59, 0x22, 0x59, 0x22, 0x61, 0x63, 0x61, 0x42, 0x59,
    0x22, 0x59, 0x22, 0x59, 0x22, 0x61, 0x22, 0x61, 0x42, 0x61, 0x42, 0x61,
    0x42, 0x61, 0x42, 0x61, 0x42, 0x61, 0x83, 0x69, 0x63, 0x69, 0x63, 0x69,
    0x63, 0x69, 0x83, 0x71, 0xc4, 0x79, 0xa4, 0x71, 0xa4, 0x71, 0xa3, 0x71,
    0xa3, 0x71, 0xa4, 0x79, 0xa3, 0x71, 0x83, 0x71, 0xa3, 0x71, 0xc4, 0x79,
    0x83, 0x71, 0xa4, 0x79, 0xc4, 0x79, 0xc4, 0x79, 0xa3, 0x71, 0xc4, 0x79,
    0xa4, 0x79, 0xc4, 0x79, 0xe4, 0x81, 0xc4, 0x79, 0xe4, 0x81, 0xe4, 0x81,
    0xc4, 0x79, 0xc4, 0x79, 0xc4, 0x79, 0xc4, 0x79, 0xc4, 0x79, 0xe4, 0x81,
    0xc4, 0x79, 0xc4, 0x79, 0xc4, 0x79, 0xa3, 0x79, 0xa4, 0x79, 0xc4, 0x79,
    0xa4, 0x79, 0xa3, 0x71, 0xa3, 0x71, 0xa4, 0x79, 0xc4, 0x79, 0xa3, 0x71,
    0xc4, 0x79, 0xc4, 0x79, 0xa3, 0x71, 0xa4, 0x71, 0xc4, 0x79, 0xc4, 0x79,
    0xa3, 0x71, 0xa4, 0x79, 0xc4, 0x79, 0xc4, 0x79, 0xa3, 0x71, 0xc4, 0x79,
    0xc4, 0x79, 0xa4, 0x71, 0x05, 0x82, 0x83, 0x71, 0xa3, 0x71, 0xc4, 0x79,
    0xc4, 0x71, 0xa4, 0x79, 0xc4, 0x79, 0xa4, 0x71, 0xc4, 0x79, 0xe4, 0x81,
    0xc3, 0x79, 0xc4, 0x79, 0x05, 0x82, 0xe5, 0x81, 0xe5, 0x81, 0xe4, 0x81,
    0xc3, 0x79, 0xe5, 0x81, 0xe4, 0x79, 0xc4, 0x79, 0xe4, 0x81, 0x05, 0x82,
    0x05, 0x82, 0xe4, 0x81, 0xe4, 0x81, 0x05, 0x82, 0x04, 0x82, 0x45, 0x92,
    0x61, 0x10, 0x61, 0x10, 0x61, 0x08, 0x61, 0x10, 0x61, 0x10, 0x81, 0x10,
    0x61, 0x10, 0x61, 0x10, 0x81, 0x10, 0x81, 0x10, 0x81, 0x10, 0xa2, 0x10,
    0xa1, 0x18, 0xa1, 0x18, 0xa2, 0x18, 0x29, 0xab, 0xeb, 0xdb, 0x0c, 0xdc,
    0x2c, 0xe4, 0xec, 0xdb, 0xeb, 0xdb, 0xcb, 0xdb, 0xcb, 0xdb, 0x2c, 0xe4,
    0x2c, 0xe4, 0x0b, 0xe4, 0x2b, 0xe4, 0xca, 0xd3, 0xaa, 0xd3, 0x69, 0xc3,
    0x08, 0xb3, 0xe8, 0xaa, 0x66, 0x9a, 0xc4, 0x81, 0xa3, 0x79, 0x83, 0x69,
    0x83, 0x71, 0xa4, 0x79, 0xe5, 0x81, 0xe4, 0x81, 0x25, 0x8a, 0x05, 0x8a,
    0x87, 0x9a, 0x87, 0xa2, 0x66, 0x9a, 0x66, 0x92, 0x66, 0x9a, 0x66, 0x9a,
    0x25, 0x8a, 0x46, 0x92, 0x25, 0x92, 0x25, 0x92, 0xe4, 0x81, 0xe4, 0x89,
    0xe4, 0x89, 0x25, 0x92, 0x05, 0x8a, 0x04, 0x8a, 0xe4, 0x81, 0xa3, 0x79,
    0xe5, 0x81, 0x25, 0x92, 0x25, 0x8a, 0x46, 0x92, 0xa7, 0xa2, 0xc7, 0xaa,
    0xc7, 0xaa, 0x49, 0xc3, 0x8a, 0xcb, 0x6a, 0xcb, 0x08, 0xbb, 0x66, 0x9a,
    0xc4, 0x79, 0x43, 0x61, 0xc1, 0x48, 0x40, 0x30, 0x20, 0x30, 0x81, 0x38,
    0xc1, 0x40, 0xc1, 0x48, 0xa1, 0x38, 0x40, 0x28, 0xc2, 0x38, 0xe6, 0x61,
    0x0a, 0x8b, 0xac, 0xa3, 0x4f, 0xbc, 0xf2, 0xcc, 0x12, 0xcd, 0x74, 0xd5,
    0x95, 0xdd, 0xb5, 0xdd, 0xb5, 0xdd, 0xb5, 0xdd, 0xd6, 0xdd, 0x95, 0xcd,
    0x74, 0xd5, 0x74, 0xd5, 0x12, 0xd5, 0xc8, 0xa2, 0x42, 0x61, 0x01, 0x51,
    0x22, 0x59, 0x82, 0x69, 0xc3, 0x79, 0xe3, 0x79, 0xe4, 0x81, 0xa3, 0x71,
    0x82, 0x69, 0xc4, 0x79, 0xa3, 0x71, 0xe4, 0x79, 0xe4, 0x79, 0xc3, 0x71,
    0x82, 0x69, 0x82, 0x71, 0x83, 0x71, 0xa3, 0x71, 0xe4, 0x79, 0xe4, 0x79,
    0x04, 0x82, 0x25, 0x8a, 0x25, 0x82, 0x25, 0x8a, 0x24, 0x8a, 0x86, 0x9a,
    0xe7, 0xaa, 0x28, 0xb3, 0x48, 0xbb, 0x69, 0xc3, 0xe7, 0xaa, 0xaa, 0xcb,
    0x05, 0x8a, 0x42, 0x61, 0x22, 0x61, 0x22, 0x61, 0x22, 0x59, 0x22, 0x59,
    0x02, 0x59, 0x02, 0x59, 0x22, 0x59, 0x01, 0x51, 0x22, 0x59, 0x02, 0x59,
    0x01, 0x59, 0x22, 0x59, 0x22, 0x51, 0x22, 0x59, 0x02, 0x59, 0x22, 0x59,
    0x42, 0x61, 0x21, 0x59, 0x63, 0x69, 0x43, 0x61, 0x63, 0x69, 0x42, 0x69,
    0x63, 0x69, 0x83, 0x69, 0x63, 0x69, 0x83, 0x71, 0x63, 0x69, 0xa4, 0x79,
    0xa4, 0x71, 0x83, 0x71, 0xa4, 0x71, 0xa4, 0x71, 0xa4, 0x79, 0x83, 0x71,
    0x83, 0x71, 0x83, 0x71, 0xa3, 0x71, 0x83, 0x71, 0xa3, 0x71, 0xc4, 0x79,
    0xa3, 0x71, 0xa4, 0x79, 0xc4, 0x79, 0xc4, 0x79, 0xc4, 0x79, 0xc4, 0x79,
    0xc4, 0x79, 0xe4, 0x81, 0x05, 0x82, 0xe5, 0x81, 0xc4, 0x79, 0xe4, 0x81,
    0x05, 0x82, 0xc4, 0x79, 0xc4, 0x79, 0xc4, 0x79, 0xa4, 0x79, 0xc4, 0x79,
    0xc4, 0x79, 0xc4, 0x79, 0xa4, 0x79, 0xc4, 0x79, 0xa3, 0x71, 0xc4, 0x79,
    0x83, 0x71, 0xc4, 0x79, 0xc4, 0x79, 0xc4, 0x79, 0xa4, 0x71, 0xa4, 0x79,
    0xa4, 0x71, 0xc4, 0x79, 0xc4, 0x79, 0xc4, 0x79, 0xc4, 0x79, 0xc4, 0x71,
    0xa4, 0x71, 0xc4, 0x79, 0xc4, 0x79, 0xa3, 0x71, 0xc4, 0x79, 0xc4, 0x79,
    0xc4, 0x71, 0xc4, 0x79, 0xa4, 0x71, 0xa4, 0x79, 0xc4, 0x79, 0xc4, 0x79,
    0xa4, 0x79, 0xe4, 0x79, 0xc4, 0x79, 0xe4, 0x81, 0xe4, 0x81, 0xe4, 0x79,
    0xc4, 0x79, 0xc4, 0x79, 0xe4, 0x79, 0xa3, 0x79, 0xe4, 0x81, 0x05, 0x82,
    0x05, 0x82, 0xe4, 0x81, 0x05, 0x82, 0xe4, 0x81, 0x05, 0x82, 0x05, 0x82,
    0x61, 0x10, 0x61, 0x10, 0x61, 0x10, 0x61, 0x10, 0x81, 0x10, 0x61, 0x10,
    0x81, 0x10, 0x61, 0x10, 0x61, 0x10, 0x81, 0x10, 0x81, 0x10, 0x81, 0x10,
    0xa2, 0x18, 0xa2, 0x18, 0xc1, 0x20, 0xc8, 0x92, 0xec, 0xd3, 0xec, 0xdb,
    0x0c, 0xe4, 0x0c, 0xdc, 0xcb, 0xdb, 0xeb, 0xdb, 0xca, 0xd3, 0x4c, 0xec,
    0x2c, 0xe4, 0x2c, 0xe4, 0xeb, 0xdb, 0xca, 0xd3, 0x8a, 0xcb, 0x49, 0xc3,
    0x28, 0xbb, 0xe7, 0xaa, 0x66, 0x9a, 0xe4, 0x81, 0xc4, 0x81, 0xc4, 0x79,
    0xe4, 0x81, 0x66, 0x9a, 0x66, 0x9a, 0x66, 0x9a, 0x87, 0xa2, 0x08, 0xb3,
    0xe8, 0xb2, 0xa7, 0xaa, 0xc7, 0xaa, 0xc7, 0xaa, 0xa7, 0xaa, 0xc8, 0xaa,
    0x86, 0x9a, 0x66, 0x9a, 0x46, 0x9a, 0x66, 0x9a, 0x25, 0x8a, 0x25, 0x92,
    0x66, 0x9a, 0x86, 0x9a, 0x45, 0x92, 0x45, 0x92, 0x05, 0x8a, 0x46, 0x9a,
    0xa7, 0xaa, 0xc7, 0xaa, 0xc7, 0xaa, 0x08, 0xbb, 0x49, 0xc3, 0x6a, 0xcb,
    0xaa, 0xd3, 0xaa, 0xd3, 0x49, 0xc3, 0x87, 0xa2, 0x05, 0x8a, 0x63, 0x69,
    0xe1, 0x50, 0x80, 0x38, 0x20, 0x28, 0x20, 0x28, 0x81, 0x38, 0xc1, 0x40,
    0xe2, 0x50, 0x02, 0x51, 0xe2, 0x50, 0xe1, 0x48, 0x81, 0x30, 0xa2, 0x38,
    0xc5, 0x59, 0x0a, 0x83, 0x2e, 0xac, 0xf2, 0xcc, 0x12, 0xcd, 0x53, 0xd5,
    0x54, 0xd5, 0x95, 0xd5, 0x74, 0xd5, 0x95, 0xd5, 0x75, 0xd5, 0x54, 0xcd,
    0x13, 0xc5, 0xd2, 0xc4, 0xb0, 0xc4, 0x08, 0xa3, 0x42, 0x59, 0xc1, 0x48,
    0x01, 0x51, 0x42, 0x61, 0x82, 0x69, 0x82, 0x69, 0xa3, 0x71, 0x62, 0x69,
    0x82, 0x69, 0xa3, 0x71, 0x83, 0x69, 0xa3, 0x71, 0x63, 0x69, 0x82, 0x69,
    0x83, 0x69, 0x82, 0x69, 0x62, 0x69, 0xc3, 0x79, 0xe4, 0x79, 0xa3, 0x71,
    0x04, 0x82, 0x04, 0x82, 0xc4, 0x79, 0xe4, 0x79, 0x25, 0x8a, 0x65, 0x92,
    0x85, 0x92, 0xe7, 0xaa, 0x28, 0xb3, 0x69, 0xbb, 0x28, 0xb3, 0xaa, 0xcb,
    0xc4, 0x79, 0x22, 0x61, 0x22, 0x59, 0x22, 0x59, 0x22, 0x59, 0x02, 0x59,
    0x22, 0x51, 0x22, 0x59, 0x02, 0x59, 0x02, 0x51, 0x22, 0x59, 0x22, 0x59,
    0x01, 0x51, 0x22, 0x59, 0x01, 0x51, 0x01, 0x51, 0x01, 0x51, 0x22, 0x59,
    0x22, 0x59, 0x01, 0x59, 0x22, 0x59, 0x22, 0x61, 0x22, 0x59, 0x63, 0x61,
    0x42, 0x61, 0x43, 0x61, 0x42, 0x61, 0x63, 0x69, 0x63, 0x69, 0xa4, 0x71,
    0x83, 0x71, 0x63, 0x69, 0xa3, 0x71, 0x83, 0x71, 0x83, 0x71, 0x83, 0x69,
    0x83, 0x69, 0x83, 0x71, 0x84, 0x71, 0x63, 0x69, 0xa4, 0x79, 0xa3, 0x71,
    0x83, 0x71, 0xa4, 0x79, 0xa4, 0x79, 0xc4, 0x79, 0xa4, 0x79, 0xa4, 0x79,
    0xc4, 0x79, 0xe4, 0x79, 0xe5, 0x81, 0xe4, 0x81, 0xc4, 0x79, 0xc4, 0x79,
    0xe4, 0x81, 0xe4, 0x81, 0x05, 0x82, 0xc4, 0x79, 0xe4, 0x81, 0xc4, 0x79,
    0xc4, 0x79, 0xc4, 0x79, 0xe4, 0x79, 0xc4, 0x79, 0xc4, 0x79, 0xc4, 0x71,
    0xc4, 0x79, 0xa4, 0x71, 0xc4, 0x79, 0xa3, 0x79, 0xa3, 0x71, 0xa3, 0x71,
    0xc4, 0x79, 0xc4, 0x79, 0xc4, 0x79, 0xc4, 0x79, 0xc4, 0x79, 0xc4, 0x79,
    0xa4, 0x71, 0xc4, 0x79, 0xe5, 0x81, 0xa3, 0x71, 0xc4, 0x79, 0xa4, 0x71,
    0xa3, 0x71, 0xc4, 0x79, 0xa3, 0x71, 0xa3, 0x71, 0xe4, 0x81, 0xc4, 0x71,
    0xc4, 0x79, 0xe4, 0x79, 0xe4, 0x79, 0xe4, 0x79, 0x05, 0x82, 0xe5, 0x81,
    0xc4, 0x79, 0xe5, 0x81, 0x04, 0x82, 0xc4, 0x79, 0xc4, 0x79, 0x05, 0x82,
    0xe4, 0x81, 0xc4, 0x79, 0xe4, 0x81, 0xe4, 0x81, 0xe4, 0x81, 0xe5, 0x81,
    0x61, 0x10, 0x61, 0x10, 0x61, 0x08, 0x81, 0x10, 0x81, 0x10, 0x61, 0x08,
    0x81, 0x10, 0x81, 0x10, 0x81, 0x10, 0x81, 0x10, 0x81, 0x10, 0x81, 0x10,
    0xa1, 0x18, 0xa2, 0x18, 0xa1, 0x18, 0x46, 0x7a, 0xcb, 0xdb, 0xeb, 0xdb,
    0xeb, 0xdb, 0xeb, 0xdb, 0xcb, 0xd3, 0xca, 0xdb, 0xcb, 0xdb, 0xeb, 0xdb,
    0x0b, 0xe4, 0x2c, 0xe4, 0x0b, 0xe4, 0xaa, 0xd3, 0x89, 0xcb, 0x49, 0xcb,
    0x08, 0xbb, 0xe8, 0xb2, 0x66, 0x9a, 0x05, 0x8a, 0x04, 0x82, 0x45, 0x92,
    0x87, 0xa2, 0xe8, 0xb2, 0xe8, 0xaa, 0xe8, 0xb2, 0x08, 0xb3, 0x49, 0xc3,
    0x08, 0xb3, 0x08, 0xb3, 0x09, 0xb3, 0x08, 0xb3, 0x29, 0xb3, 0xc7, 0xaa,
    0xa7, 0xaa, 0xa7, 0xa2, 0x87, 0xa2, 0x46, 0x92, 0x25, 0x92, 0x46, 0x9a,
    0x86, 0xa2, 0x66, 0x9a, 0x86, 0xa2, 0x87, 0xa2, 0x86, 0xa2, 0xe8, 0xb2,
    0x49, 0xc3, 0x29, 0xc3, 0x6a, 0xcb, 0xaa, 0xd3, 0xaa, 0xd3, 0xab, 0xd3,
    0x6a, 0xcb, 0xc7, 0xaa, 0x25, 0x92, 0x83, 0x71, 0x22, 0x59, 0xa1, 0x40,
    0x60, 0x30, 0x20, 0x28, 0x40, 0x28, 0x61, 0x30, 0xc1, 0x40, 0xe1, 0x48,
    0xe2, 0x50, 0xc1, 0x48, 0xc1, 0x40, 0xc1, 0x48, 0xa1, 0x38, 0x40, 0x30,
    0x60, 0x28, 0xe6, 0x61, 0x4b, 0x93, 0x2f, 0xb4, 0x4f, 0xb4, 0x90, 0xbc,
    0x90, 0xbc, 0xd2, 0xc4, 0xf2, 0xc4, 0x12, 0xc5, 0xf2, 0xc4, 0xb1, 0xbc,
    0x50, 0xb4, 0xee, 0xab, 0xac, 0xb3, 0x29, 0xab, 0x22, 0x51, 0xa0, 0x40,
    0xc1, 0x40, 0x01, 0x51, 0x22, 0x59, 0x41, 0x59, 0x63, 0x61, 0x62, 0x61,
    0x21, 0x59, 0x62, 0x61, 0x62, 0x69, 0x62, 0x61, 0x41, 0x61, 0x83, 0x69,
    0x63, 0x69, 0x83, 0x69, 0x82, 0x69, 0xc3, 0x79, 0xe4, 0x81, 0xc3, 0x79,
    0x04, 0x82, 0xc3, 0x79, 0xc3, 0x71, 0xc3, 0x79, 0xe3, 0x79, 0x45, 0x8a,
    0x65, 0x92, 0xe7, 0xa2, 0x28, 0xb3, 0x69, 0xc3, 0x28, 0xbb, 0xaa, 0xcb,
    0xa3, 0x79, 0x22, 0x61, 0x22, 0x59, 0x02, 0x51, 0x01, 0x51, 0x01, 0x51,
    0x01, 0x51, 0xe1, 0x50, 0x02, 0x51, 0x22, 0x51, 0xe1, 0x50, 0x02, 0x51,
    0x01, 0x51, 0x02, 0x51, 0x02, 0x59, 0x01, 0x51, 0x01, 0x51, 0x01, 0x51,
    0x01, 0x51, 0xe1, 0x50, 0x01, 0x51, 0x21, 0x59, 0x02, 0x59, 0x22, 0x59,
    0x42, 0x61, 0x22, 0x59, 0x42, 0x61, 0x42, 0x61, 0x42, 0x61, 0x83, 0x69,
    0x43, 0x61, 0x42, 0x61, 0x83, 0x69, 0x83, 0x71, 0x83, 0x69, 0x63, 0x69,
    0x83, 0x69, 0x83, 0x71, 0x83, 0x71, 0x63, 0x69, 0x83, 0x69, 0xa4, 0x71,
    0xa3, 0x71, 0xa3, 0x71, 0xc4, 0x79, 0xa4, 0x71, 0xa3, 0x71, 0xe4, 0x79,
    0xe4, 0x81, 0xa4, 0x79, 0xe4, 0x81, 0xc4, 0x79, 0xc4, 0x79, 0xe5, 0x81,
    0xe4, 0x81, 0xe4, 0x81, 0xe5, 0x81, 0xc4, 0x79, 0xe4, 0x81, 0xc4, 0x79,
    0xc4, 0x79, 0xc4, 0x79, 0xc4, 0x79, 0xc4, 0x79, 0xc4, 0x79, 0xc4, 0x79,
    0xc4, 0x79, 0xc4, 0x79, 0xc4, 0x79, 0xe4, 0x79, 0xa4, 0x71, 0xc4, 0x79,
    0xa3, 0x71, 0xc4, 0x79, 0xc4, 0x79, 0xc4, 0x79, 0xc4, 0x79, 0xa4, 0x71,
    0xc4, 0x79, 0xc4, 0x79, 0xc4, 0x79, 0xc4, 0x79, 0xe4, 0x79, 0xc4, 0x79,
    0xc4, 0x79, 0xc4, 0x79, 0xa4, 0x71, 0x83, 0x71, 0xc4, 0x79, 0xa4, 0x71,
    0xe4, 0x81, 0xe4, 0x81, 0xe5, 0x81, 0xe4, 0x79, 0xe5, 0x81, 0xe5, 0x81,
    0xc4, 0x79, 0xc4, 0x79, 0x05, 0x82, 0xc4, 0x79, 0xe4, 0x79, 0xe4, 0x79,
    0xe4, 0x81, 0xe4, 0x81, 0xe4, 0x81, 0xe4, 0x79, 0xe4, 0x81, 0xe4, 0x81,
    0x61, 0x10, 0x61, 0x10, 0x81, 0x10, 0x61, 0x10, 0x61, 0x10, 0x81, 0x10,
    0x61, 0x10, 0x61, 0x10, 0x81, 0x10, 0x81, 0x10, 0x81, 0x10, 0x82, 0x10,
    0xa2, 0x18, 0xa2, 0x18, 0xa1, 0x18, 0x64, 0x49, 0xab, 0xd3, 0xeb, 0xdb,
    0xeb, 0xdb, 0xcb, 0xd3, 0x0c, 0xe4, 0xeb, 0xdb, 0xeb, 0xdb, 0x0c, 0xe4,
    0x0b, 0xe4, 0x0b, 0xe4, 0x0c, 0xe4, 0xaa, 0xd3, 0x69, 0xcb, 0x69, 0xcb,
    0x49, 0xc3, 0xe7, 0xb2, 0x66, 0x9a, 0x46, 0x92, 0x45, 0x92, 0xc7, 0xaa,
    0x08, 0xbb, 0x29, 0xbb, 0x28, 0xbb, 0x29, 0xbb, 0x49, 0xc3, 0x28, 0xbb,
    0x28, 0xbb, 0x08, 0xb3, 0x29, 0xbb, 0x29, 0xbb, 0x08, 0xbb, 0xe8, 0xb2,
    0xe8, 0xaa, 0xa7, 0xaa, 0x86, 0xa2, 0x45, 0x92, 0x66, 0x9a, 0x87, 0xa2,
    0xa7, 0xa2, 0x66, 0xa2, 0xe8, 0xb2, 0x08, 0xbb, 0x49, 0xc3, 0x69, 0xcb,
    0x8a, 0xcb, 0xcb, 0xdb, 0xcb, 0xd3, 0xaa, 0xd3, 0x8a, 0xcb, 0xc7, 0xb2,
    0x45, 0x92, 0xa4, 0x71, 0x42, 0x61, 0xc1, 0x48, 0x61, 0x30, 0x00, 0x18,
    0x00, 0x20, 0x40, 0x28, 0x81, 0x30, 0xa1, 0x40, 0xc1, 0x48, 0xc1, 0x48,
    0xc1, 0x40, 0xa0, 0x40, 0x81, 0x38, 0x60, 0x38, 0x60, 0x30, 0x02, 0x49,
    0x84, 0x69, 0xa4, 0x69, 0xe1, 0x48, 0x05, 0x7a, 0xe5, 0x79, 0xa5, 0x69,
    0x27, 0x72, 0xa9, 0x82, 0x4b, 0x93, 0x8c, 0xa3, 0x8c, 0x9b, 0x6c, 0x9b,
    0x2b, 0x93, 0xc9, 0x82, 0x67, 0x8a, 0x49, 0xab, 0x02, 0x51, 0x80, 0x38,
    0xa0, 0x38, 0xc1, 0x40, 0xc1, 0x40, 0x01, 0x51, 0x01, 0x51, 0x22, 0x59,
    0x22, 0x59, 0x42, 0x61, 0x21, 0x59, 0x42, 0x59, 0x01, 0x51, 0x21, 0x59,
    0x42, 0x59, 0x42, 0x61, 0x62, 0x69, 0x82, 0x69, 0x82, 0x69, 0x82, 0x69,
    0x82, 0x69, 0x83, 0x71, 0xc3, 0x71, 0x82, 0x69, 0xa3, 0x71, 0x04, 0x82,
    0x45, 0x92, 0xc7, 0xa2, 0x28, 0xb3, 0x48, 0xbb, 0x48, 0xbb, 0xaa, 0xcb,
    0xa4, 0x71, 0x22, 0x59, 0x22, 0x59, 0x02, 0x51, 0xe1, 0x50, 0x02, 0x51,
    0xe1, 0x50, 0xe1, 0x50, 0x01, 0x51, 0xe1, 0x48, 0xe1, 0x50, 0xe1, 0x48,
    0xe1, 0x50, 0x02, 0x51, 0x02, 0x49, 0xc1, 0x48, 0xe2, 0x50, 0xe1, 0x48,
    0xe1, 0x48, 0xc1, 0x48, 0xe1, 0x48, 0x22, 0x51, 0x01, 0x51, 0xe1, 0x50,
    0x22, 0x59, 0x42, 0x59, 0x22, 0x59, 0x22, 0x59, 0x42, 0x59, 0x22, 0x59,
    0x22, 0x59, 0x42, 0x61, 0x43, 0x61, 0x63, 0x69, 0x42, 0x61, 0x83, 0x69,
    0x42, 0x61, 0x83, 0x69, 0x63, 0x69, 0x42, 0x61, 0x63, 0x69, 0x83, 0x69,
    0x83, 0x69, 0x83, 0x69, 0x83, 0x71, 0x83, 0x71, 0x83, 0x71, 0xa3, 0x71,
    0xc4, 0x79, 0xc4, 0x79, 0xa3, 0x71, 0xe4, 0x79, 0xc4, 0x79, 0xc4, 0x79,
    0xc4, 0x79, 0xe4, 0x79, 0xc4, 0x79, 0xe4, 0x81, 0xc4, 0x79, 0x05, 0x82,
    0xe5, 0x81, 0x25, 0x82, 0xc4, 0x79, 0xc4, 0x79, 0xc4, 0x79, 0xc4, 0x79,
    0xc4, 0x79, 0xe5, 0x79, 0xa4, 0x79, 0xc4, 0x79, 0x05, 0x82, 0xc4, 0x79,
    0xc4, 0x79, 0xa4, 0x71, 0xe5, 0x79, 0xc4, 0x79, 0xa4, 0x71, 0xc4, 0x79,
    0xc4, 0x79, 0xc4, 0x79, 0xa4, 0x71, 0xa4, 0x71, 0xe5, 0x79, 0xc4, 0x79,
    0xc4, 0x79, 0xc4, 0x79, 0xc4, 0x79, 0xc3, 0x71, 0xc4, 0x79, 0xa3, 0x71,
    0xc4, 0x79, 0xc4, 0x79, 0xe4, 0x81, 0xe5, 0x81, 0xe4, 0x79, 0xe4, 0x79,
    0xe4, 0x79, 0xc4, 0x79, 0xc4, 0x79, 0x05, 0x82, 0xe4, 0x81, 0xe4, 0x81,
    0xe4, 0x81, 0x05, 0x82, 0xe5, 0x81, 0xc4, 0x79, 0xe4, 0x79, 0xc4, 0x79,
    0x61, 0x10, 0x60, 0x08, 0x60, 0x10, 0x61, 0x10, 0x81, 0x10, 0x81, 0x10,
    0x81, 0x10, 0x81, 0x10, 0x81, 0x10, 0x81, 0x10, 0x82, 0x10, 0x82, 0x10,
    0x82, 0x18, 0xa1, 0x18, 0xa1, 0x18, 0xa1, 0x20, 0x8a, 0xc3, 0xeb, 0xdb,
    0xec, 0xdb, 0xcb, 0xdb, 0xeb, 0xdb, 0xeb, 0xdb, 0xeb, 0xdb, 0xeb, 0xdb,
    0xeb, 0xdb, 0xeb, 0xdb, 0xeb, 0xdb, 0xaa, 0xd3, 0x8a, 0xcb, 0x89, 0xcb,
    0x69, 0xc3, 0x08, 0xb3, 0x86, 0xa2, 0xa7, 0xaa, 0xe8, 0xb2, 0x29, 0xbb,
    0x49, 0xbb, 0x49, 0xc3, 0x49, 0xc3, 0x69, 0xcb, 0x49, 0xc3, 0x49, 0xc3,
    0x28, 0xbb, 0x49, 0xc3, 0x29, 0xbb, 0x28, 0xbb, 0xe8, 0xb2, 0xe8, 0xaa,
    0xc7, 0xaa, 0x87, 0xa2, 0x66, 0x9a, 0x25, 0x92, 0xa7, 0xa2, 0xc7, 0xaa,
    0xe7, 0xb2, 0x29, 0xbb, 0x49, 0xc3, 0x8a, 0xd3, 0xab, 0xd3, 0xcb, 0xdb,
    0xcb, 0xdb, 0xaa, 0xd3, 0x8a, 0xcb, 0x29, 0xbb, 0x66, 0x9a, 0xe5, 0x81,
    0x42, 0x61, 0xe1, 0x50, 0x81, 0x38, 0x20, 0x28, 0x20, 0x20, 0x20, 0x20,
    0x20, 0x20, 0x60, 0x30, 0x81, 0x38, 0xa1, 0x40, 0xc1, 0x40, 0xa1, 0x40,
    0x80, 0x38, 0xa1, 0x40, 0x43, 0x59, 0x26, 0x82, 0x46, 0x92, 0x46, 0x92,
    0xa4, 0x71, 0x02, 0x59, 0x23, 0x51, 0xa7, 0x9a, 0xa4, 0x71, 0x63, 0x69,
    0x21, 0x59, 0xa1, 0x40, 0xa1, 0x40, 0xe2, 0x48, 0x44, 0x51, 0x43, 0x49,
    0x43, 0x49, 0x02, 0x49, 0xe2, 0x48, 0xe7, 0x9a, 0x01, 0x51, 0x80, 0x38,
    0x80, 0x38, 0xa0, 0x38, 0xc1, 0x40, 0xc0, 0x48, 0xe1, 0x48, 0xe0, 0x48,
    0xe0, 0x48, 0xe1, 0x48, 0xe0, 0x48, 0xa0, 0x40, 0xa0, 0x40, 0xa0, 0x40,
    0xe0, 0x48, 0xe1, 0x50, 0x41, 0x61, 0x62, 0x69, 0x82, 0x71, 0xa3, 0x71,
    0x82, 0x71, 0x82, 0x69, 0x83, 0x69, 0xa3, 0x69, 0xa3, 0x69, 0x04, 0x82,
    0x24, 0x8a, 0x66, 0x92, 0xe7, 0xa2, 0x28, 0xb3, 0x28, 0xb3, 0xaa, 0xcb,
    0x84, 0x71, 0x63, 0x69, 0x01, 0x51, 0x02, 0x51, 0x01, 0x51, 0x01, 0x51,
    0xe1, 0x48, 0xe1, 0x48, 0xe1, 0x48, 0xe1, 0x48, 0xe1, 0x48, 0xe1, 0x48,
    0xe1, 0x48, 0xe1, 0x48, 0xc1, 0x48, 0xe1, 0x48, 0xc1, 0x40, 0xc1, 0x40,
    0xc1, 0x40, 0xc1, 0x48, 0xe1, 0x48, 0xc1, 0x48, 0xe1, 0x48, 0x02, 0x51,
    0xe1, 0x48, 0x22, 0x51, 0x02, 0x51, 0x02, 0x51, 0x02, 0x51, 0x22, 0x59,
    0x02, 0x59, 0x21, 0x51, 0x42, 0x59, 0x22, 0x59, 0x43, 0x61, 0x42, 0x61,
    0x63, 0x61, 0x43, 0x61, 0x83, 0x69, 0x63, 0x61, 0x63, 0x61, 0x42, 0x61,
    0x43, 0x61, 0x63, 0x69, 0x84, 0x69, 0xa4, 0x69, 0x63, 0x69, 0x63, 0x69,
    0x84, 0x71, 0xa4, 0x71, 0xa4, 0x71, 0xc4, 0x79, 0xc4, 0x79, 0x83, 0x71,
    0xa4, 0x71, 0xc4, 0x79, 0xc4, 0x79, 0xe5, 0x79, 0xc4, 0x79, 0xa4, 0x71,
    0xc4, 0x79, 0xe5, 0x81, 0xe4, 0x79, 0xe4, 0x79, 0xc4, 0x79, 0xc4, 0x79,
    0xc4, 0x79, 0xc4, 0x79, 0xa4, 0x71, 0xc4, 0x79, 0xe4, 0x81, 0xa3, 0x71,
    0xe5, 0x79, 0xa4, 0x71, 0xe4, 0x79, 0xa4, 0x79, 0xa4, 0x71, 0xc4, 0x79,
    0xc4, 0x79, 0xc4, 0x79, 0xc4, 0x71, 0xc4, 0x79, 0xe5, 0x79, 0xc4, 0x79,
    0xe5, 0x79, 0xc4, 0x79, 0x05, 0x82, 0xc4, 0x79, 0xc4, 0x79, 0xc4, 0x79,
    0xe4, 0x79, 0xc4, 0x79, 0xe4, 0x79, 0xe5, 0x79, 0xe5, 0x81, 0xe4, 0x79,
    0xe5, 0x81, 0xe4, 0x81, 0x05, 0x82, 0xe4, 0x81, 0x05, 0x82, 0xe4, 0x79,
    0xe4, 0x79, 0x05, 0x82, 0xe4, 0x81, 0xc4, 0x79, 0xe5, 0x81, 0x05, 0x82,
    0x61, 0x10, 0x61, 0x10, 0x81, 0x08, 0x61, 0x10, 0x61, 0x10, 0x61, 0x10,
    0x61, 0x08, 0x81, 0x10, 0x81, 0x10, 0x61, 0x10, 0x81, 0x10, 0xa1, 0x18,
    0xa1, 0x10, 0xa2, 0x18, 0xa2, 0x18, 0xa1, 0x20, 0x29, 0xab, 0xeb, 0xdb,
    0x0c, 0xdc, 0xcb, 0xdb, 0x0c, 0xdc, 0xec, 0xdb, 0xca, 0xd3, 0xeb, 0xdb,
    0xca, 0xdb, 0xaa, 0xd3, 0xeb, 0xdb, 0xaa, 0xd3, 0xaa, 0xd3, 0x8a, 0xcb,
    0x8a, 0xcb, 0x08, 0xb3, 0xc7, 0xaa, 0x28, 0xbb, 0x49, 0xc3, 0x49, 0xc3,
    0x69, 0xc3, 0x89, 0xcb, 0x69, 0xcb, 0x49, 0xc3, 0x28, 0xbb, 0x49, 0xc3,
    0x49, 0xc3, 0x49, 0xc3, 0xe8, 0xb2, 0xc7, 0xaa, 0xc7, 0xaa, 0xa7, 0xaa,
    0x86, 0x9a, 0x45, 0x92, 0x46, 0x92, 0x86, 0xa2, 0xe8, 0xb2, 0x28, 0xbb,
    0x8a, 0xcb, 0xaa, 0xd3, 0xab, 0xdb, 0xaa, 0xd3, 0xaa, 0xd3, 0xab, 0xd3,
    0x69, 0xcb, 0x49, 0xc3, 0xe8, 0xb2, 0x25, 0x92, 0x83, 0x71, 0x02, 0x59,
    0xa1, 0x40, 0x20, 0x28, 0x20, 0x20, 0x00, 0x20, 0x20, 0x20, 0x20, 0x28,
    0x60, 0x30, 0x81, 0x38, 0x81, 0x38, 0xa0, 0x38, 0xc1, 0x40, 0x43, 0x59,
    0x46, 0x8a, 0xc8, 0xa2, 0xc7, 0xa2, 0x46, 0x92, 0xa3, 0x79, 0x63, 0x69,
    0x01, 0x59, 0x40, 0x30, 0xc7, 0x9a, 0x05, 0x8a, 0x63, 0x69, 0x63, 0x69,
    0x42, 0x61, 0x22, 0x59, 0x22, 0x59, 0x02, 0x51, 0xa1, 0x40, 0x60, 0x30,
    0x00, 0x18, 0x00, 0x10, 0x00, 0x08, 0xc4, 0x69, 0x21, 0x51, 0x80, 0x30,
    0x40, 0x30, 0x60, 0x30, 0x80, 0x38, 0x80, 0x38, 0x60, 0x30, 0x60, 0x30,
    0x80, 0x38, 0x80, 0x38, 0xa0, 0x40, 0x80, 0x38, 0xc1, 0x40, 0xc1, 0x48,
    0x01, 0x51, 0x21, 0x51, 0x62, 0x61, 0xa2, 0x71, 0xc3, 0x79, 0xc3, 0x79,
    0xe4, 0x79, 0xa3, 0x71, 0x83, 0x69, 0xc4, 0x79, 0x83, 0x69, 0xe4, 0x79,
    0xe3, 0x79, 0x45, 0x8a, 0x86, 0x9a, 0xc6, 0xa2, 0xc7, 0xa2, 0x49, 0xbb,
    0x83, 0x71, 0x22, 0x59, 0x02, 0x51, 0x01, 0x51, 0xe1, 0x50, 0x01, 0x51,
    0xc1, 0x48, 0xc1, 0x48, 0xc1, 0x48, 0xe1, 0x48, 0xc1, 0x40, 0xc1, 0x40,
    0xc1, 0x48, 0xc1, 0x48, 0xc1, 0x40, 0xc1, 0x40, 0xc1, 0x48, 0xa1, 0x40,
    0xa1, 0x40, 0xc1, 0x40, 0xc1, 0x40, 0xc1, 0x40, 0xc1, 0x40, 0xe1, 0x48,
    0xc1, 0x48, 0xe1, 0x48, 0x01, 0x49, 0xe1, 0x48, 0xe1, 0x48, 0xe1, 0x48,
    0x01, 0x51, 0x02, 0x51, 0x02, 0x51, 0x22, 0x51, 0x22, 0x51, 0x22, 0x59,
    0x22, 0x59, 0x43, 0x61, 0x42, 0x61, 0x43, 0x61, 0x42, 0x61, 0x42, 0x61,
    0x43, 0x61, 0x63, 0x61, 0x43, 0x61, 0x43, 0x61, 0x83, 0x69, 0x42, 0x61,
    0x84, 0x69, 0x83, 0x69, 0x83, 0x69, 0x83, 0x69, 0xc4, 0x79, 0x83, 0x69,
    0xa3, 0x71, 0xa4, 0x71, 0x83, 0x71, 0xc4, 0x71, 0xa4, 0x71, 0xa3, 0x71,
    0xc4, 0x79, 0xc3, 0x79, 0xc4, 0x79, 0xc4, 0x79, 0xe5, 0x81, 0xe4, 0x79,
    0xc4, 0x79, 0xa3, 0x71, 0xc4, 0x79, 0xc4, 0x79, 0xa4, 0x71, 0xa4, 0x71,
    0x05, 0x82, 0xa3, 0x71, 0xc4, 0x79, 0xc4, 0x79, 0xc4, 0x79, 0xc4, 0x79,
    0xc4, 0x79, 0xc4, 0x79, 0xa4, 0x71, 0xc4, 0x79, 0xc4, 0x79, 0xa4, 0x71,
    0xc4, 0x79, 0xc4, 0x71, 0xc4, 0x79, 0xa4, 0x79, 0xc4, 0x71, 0xe4, 0x79,
    0xe5, 0x81, 0xc4, 0x79, 0xe4, 0x79, 0xc4, 0x79, 0xe5, 0x81, 0xa4, 0x79,
    0x05, 0x82, 0xe4, 0x79, 0xe5, 0x79, 0xc4, 0x79, 0xe4, 0x79, 0xe4, 0x79,
    0xe5, 0x81, 0xe5, 0x81, 0xe4, 0x81, 0xc4, 0x79, 0x05, 0x82, 0x05, 0x82,
    0x61, 0x10, 0x61, 0x10, 0x61, 0x10, 0x81, 0x10, 0x60, 0x08, 0x81, 0x10,
    0x81, 0x10, 0x81, 0x10, 0x81, 0x10, 0x82, 0x10, 0x82, 0x10, 0xa2, 0x18,
    0x82, 0x18, 0xa2, 0x10, 0xa1, 0x18, 0xa1, 0x18, 0xa7, 0x8a, 0xcb, 0xd3,
    0xcb, 0xd3, 0xeb, 0xdb, 0xcb, 0xdb, 0xeb, 0xdb, 0x0c, 0xe4, 0xeb, 0xdb,
    0xaa, 0xd3, 0xaa, 0xd3, 0xca, 0xdb, 0xaa, 0xd3, 0xaa, 0xd3, 0xaa, 0xd3,
    0x29, 0xc3, 0x08, 0xb3, 0x28, 0xbb, 0x49, 0xbb, 0x69, 0xc3, 0x49, 0xc3,
    0x89, 0xcb, 0x69, 0xcb, 0x49, 0xc3, 0x49, 0xc3, 0x08, 0xbb, 0x28, 0xbb,
    0x49, 0xc3, 0x28, 0xbb, 0xa7, 0xaa, 0x86, 0x9a, 0x86, 0xa2, 0xa7, 0xa2,
    0x45, 0x92, 0x45, 0x92, 0x87, 0xa2, 0x08, 0xbb, 0x49, 0xc3, 0x8a, 0xd3,
    0xab, 0xd3, 0xab, 0xd3, 0xaa, 0xd3, 0xaa, 0xd3, 0x8a, 0xd3, 0x49, 0xc3,
    0x08, 0xb3, 0x87, 0x9a, 0xc4, 0x79, 0x42, 0x61, 0xe1, 0x50, 0x60, 0x30,
    0x00, 0x20, 0x00, 0x20, 0x20, 0x20, 0x20, 0x20, 0x61, 0x30, 0x61, 0x30,
    0xa1, 0x38, 0x03, 0x51, 0x84, 0x69, 0x26, 0x8a, 0xc8, 0xaa, 0xe8, 0xb2,
    0xa7, 0xa2, 0x46, 0x92, 0xe4, 0x81, 0x63, 0x71, 0x42, 0x61, 0x22, 0x59,
    0x40, 0x30, 0x26, 0x7a, 0xa7, 0xa2, 0xc4, 0x79, 0x62, 0x69, 0x22, 0x61,
    0x01, 0x59, 0x01, 0x51, 0x02, 0x51, 0xe1, 0x48, 0xc1, 0x48, 0xa1, 0x38,
    0x81, 0x38, 0x40, 0x28, 0x00, 0x10, 0x41, 0x18, 0x02, 0x49, 0x40, 0x30,
    0x20, 0x18, 0x00, 0x10, 0x00, 0x10, 0x00, 0x08, 0x00, 0x00, 0x20, 0x18,
    0x00, 0x10, 0x00, 0x08, 0x00, 0x08, 0x00, 0x08, 0x20, 0x18, 0x80, 0x30,
    0xc1, 0x40, 0x01, 0x49, 0x21, 0x59, 0x41, 0x61, 0xa3, 0x71, 0x04, 0x82,
    0xc3, 0x79, 0xc3, 0x71, 0xa3, 0x71, 0xc3, 0x79, 0xc3, 0x71, 0x83, 0x71,
    0xa3, 0x71, 0x04, 0x82, 0x25, 0x8a, 0x86, 0x9a, 0x66, 0x9a, 0x49, 0xbb,
    0x83, 0x69, 0x22, 0x59, 0x01, 0x51, 0xe1, 0x50, 0xe2, 0x48, 0xe2, 0x48,
    0xe1, 0x48, 0xc1, 0x40, 0xc1, 0x40, 0xc1, 0x48, 0xc1, 0x40, 0xc1, 0x48,
    0xc1, 0x48, 0xc1, 0x40, 0xa1, 0x40, 0xa1, 0x40, 0xc1, 0x40, 0xa1, 0x40,
    0xa1, 0x40, 0xa1, 0x40, 0xa1, 0x40, 0xa1, 0x40, 0xc1, 0x40, 0xa1, 0x38,
    0xc1, 0x48, 0xe1, 0x48, 0xe2, 0x48, 0xe1, 0x48, 0xc1, 0x40, 0xc1, 0x48,
    0xe1, 0x48, 0xe1, 0x48, 0xc1, 0x48, 0xe1, 0x50, 0xc1, 0x48, 0xe1, 0x48,
    0xe1, 0x48, 0x02, 0x51, 0x02, 0x51, 0x22, 0x51, 0x02, 0x51, 0x22, 0x59,
    0x22, 0x59, 0x22, 0x59, 0x42, 0x61, 0x02, 0x51, 0x22, 0x59, 0x22, 0x59,
    0x42, 0x59, 0x63, 0x61, 0x43, 0x61, 0xc4, 0x71, 0x63, 0x69, 0x63, 0x61,
    0xa4, 0x71, 0xa3, 0x71, 0x83, 0x71, 0xc4, 0x79, 0x83, 0x71, 0xa3, 0x71,
    0xa3, 0x71, 0xc4, 0x79, 0xa3, 0x71, 0xa4, 0x71, 0xc4, 0x79, 0xe5, 0x81,
    0xc4, 0x79, 0xc4, 0x79, 0xc4, 0x79, 0xa4, 0x71, 0xa4, 0x71, 0xe4, 0x79,
    0x05, 0x82, 0x83, 0x71, 0xa3, 0x71, 0xc4, 0x79, 0xc4, 0x79, 0xa4, 0x71,
    0xe4, 0x79, 0xc4, 0x79, 0xa4, 0x71, 0xc4, 0x79, 0xc4, 0x79, 0xa4, 0x71,
    0xc4, 0x79, 0xc4, 0x79, 0xc4, 0x79, 0xc4, 0x79, 0xc4, 0x71, 0xc4, 0x79,
    0xe5, 0x81, 0xe4, 0x79, 0xe5, 0x81, 0xc4, 0x79, 0xe5, 0x79, 0xc4, 0x79,
    0xa4, 0x71, 0xc4, 0x79, 0xc4, 0x79, 0xe4, 0x79, 0xa4, 0x79, 0xc4, 0x79,
    0xe5, 0x81, 0xe4, 0x81, 0x05, 0x82, 0xe4, 0x79, 0xc4, 0x79, 0xc4, 0x79,
    0x61, 0x10, 0x61, 0x10, 0x61, 0x10, 0x81, 0x10, 0x81, 0x10, 0x61, 0x10,
    0x81, 0x10, 0x81, 0x10, 0x81, 0x10, 0x81, 0x10, 0x81, 0x10, 0xa2, 0x18,
    0xa1, 0x10, 0xa1, 0x18, 0xa2, 0x18, 0xa1, 0x18, 0xe6, 0x69, 0xaa, 0xd3,
    0xcb, 0xd3, 0xcb, 0xdb, 0xeb, 0xdb, 0xeb, 0xdb, 0xcb, 0xdb, 0xca, 0xd3,
    0xcb, 0xd3, 0xca, 0xd3, 0xca, 0xdb, 0x8a, 0xcb, 0x8a, 0xcb, 0x89, 0xcb,
    0x49, 0xc3, 0x69, 0xc3, 0x29, 0xbb, 0x49, 0xc3, 0x69, 0xcb, 0x49, 0xc3,
    0x6a, 0xcb, 0x8a, 0xcb, 0x28, 0xbb, 0x29, 0xc3, 0xe8, 0xb2, 0x49, 0xc3,
    0x28, 0xbb, 0xc7, 0xaa, 0x86, 0x9a, 0x66, 0x9a, 0x87, 0xa2, 0x86, 0xa2,
    0x66, 0x9a, 0xe7, 0xb2, 0x08, 0xbb, 0x69, 0xcb, 0xcb, 0xdb, 0xaa, 0xd3,
    0x8a, 0xd3, 0x8a, 0xcb, 0xaa, 0xd3, 0x69, 0xcb, 0x29, 0xbb, 0xa7, 0xa2,
    0x05, 0x8a, 0xe5, 0x79, 0x22, 0x59, 0xe1, 0x50, 0x40, 0x28, 0x00, 0x18,
    0x00, 0x18, 0x40, 0x28, 0x61, 0x30, 0xc2, 0x40, 0x43, 0x59, 0xe5, 0x79,
    0x87, 0x9a, 0xc8, 0xaa, 0xe8, 0xb2, 0xe8, 0xaa, 0xc8, 0xaa, 0x66, 0x9a,
    0xe4, 0x81, 0x83, 0x71, 0x63, 0x69, 0x42, 0x61, 0x02, 0x59, 0x60, 0x30,
    0x84, 0x61, 0x08, 0xb3, 0x05, 0x82, 0x83, 0x69, 0x42, 0x61, 0x02, 0x59,
    0x02, 0x51, 0xe1, 0x50, 0xc1, 0x48, 0xa1, 0x40, 0xc1, 0x40, 0xa0, 0x38,
    0x81, 0x38, 0x20, 0x20, 0x00, 0x08, 0x20, 0x18, 0x02, 0x51, 0x02, 0x51,
    0xa1, 0x38, 0x41, 0x28, 0x20, 0x18, 0x00, 0x08, 0x81, 0x28, 0x61, 0x28,
    0x20, 0x18, 0x00, 0x08, 0x00, 0x00, 0x00, 0x00, 0x00, 0x08, 0xa1, 0x38,
    0x80, 0x30, 0x00, 0x18, 0x00, 0x10, 0x40, 0x20, 0xa1, 0x38, 0x01, 0x51,
    0x62, 0x61, 0xa3, 0x71, 0xc3, 0x79, 0xa3, 0x71, 0xc3, 0x71, 0x62, 0x61,
    0x62, 0x69, 0x83, 0x69, 0xc3, 0x71, 0xe3, 0x79, 0x24, 0x8a, 0x29, 0xb3,
    0xc4, 0x79, 0x01, 0x51, 0xe1, 0x48, 0x02, 0x51, 0xc1, 0x48, 0xc1, 0x40,
    0xc1, 0x40, 0xc1, 0x40, 0xc1, 0x40, 0xa1, 0x40, 0xc1, 0x48, 0xa1, 0x40,
    0xc1, 0x40, 0xc1, 0x40, 0xa1, 0x40, 0xc1, 0x40, 0xa0, 0x40, 0xa1, 0x38,
    0xa1, 0x40, 0xa1, 0x40, 0xa1, 0x40, 0xa0, 0x38, 0xc1, 0x40, 0xa1, 0x40,
    0xa1, 0x40, 0xa1, 0x40, 0xa1, 0x40, 0xc1, 0x48, 0xc1, 0x40, 0xa1, 0x40,
    0xe1, 0x48, 0xc1, 0x40, 0xe1, 0x48, 0xc1, 0x40, 0xc1, 0x48, 0xc1, 0x40,
    0xc1, 0x40, 0xc1, 0x48, 0xc1, 0x40, 0x01, 0x51, 0xe1, 0x48, 0x01, 0x51,
    0x02, 0x51, 0x02, 0x51, 0x01, 0x51, 0x22, 0x51, 0x22, 0x51, 0x01, 0x51,
    0x02, 0x51, 0x01, 0x51, 0x22, 0x59, 0x22, 0x59, 0x42, 0x61, 0x43, 0x61,
    0x42, 0x61, 0x63, 0x61, 0x63, 0x61, 0xa4, 0x71, 0x83, 0x69, 0x83, 0x69,
    0x83, 0x69, 0xa4, 0x71, 0xc4, 0x79, 0xa3, 0x71, 0xa4, 0x71, 0xc4, 0x79,
    0xe5, 0x79, 0xc4, 0x79, 0xc4, 0x79, 0xc4, 0x79, 0xa4, 0x79, 0xc4, 0x79,
    0xc4, 0x79, 0xa4, 0x71, 0xa4, 0x71, 0xa4, 0x71, 0xc4, 0x79, 0xc4, 0x79,
    0xc4, 0x79, 0x83, 0x71, 0xa4, 0x71, 0xc4, 0x71, 0xa4, 0x71, 0xc4, 0x79,
    0xa4, 0x79, 0x05, 0x82, 0xa4, 0x71, 0xc4, 0x71, 0xc4, 0x79, 0xc4, 0x79,
    0xc4, 0x79, 0xe5, 0x79, 0xe4, 0x79, 0xe4, 0x79, 0xe5, 0x81, 0xe4, 0x79,
    0xc4, 0x79, 0x05, 0x82, 0xa4, 0x71, 0xe4, 0x79, 0x05, 0x82, 0xa4, 0x79,
    0xc4, 0x79, 0x04, 0x82, 0xe4, 0x79, 0xc4, 0x79, 0x04, 0x82, 0xe4, 0x81,
    0x61, 0x10, 0x61, 0x08, 0x61, 0x10, 0x81, 0x10, 0x61, 0x10, 0x61, 0x10,
    0x81, 0x10, 0x81, 0x10, 0x81, 0x10, 0x81, 0x10, 0x82, 0x18, 0x81, 0x10,
    0xa1, 0x10, 0xa2, 0x18, 0xa2, 0x18, 0xa1, 0x18, 0x23, 0x39, 0xaa, 0xcb,
    0xeb, 0xdb, 0xcb, 0xd3, 0xeb, 0xdb, 0xeb, 0xdb, 0xeb, 0xdb, 0xcb, 0xdb,
    0xeb, 0xdb, 0xeb, 0xdb, 0xaa, 0xd3, 0xaa, 0xd3, 0x8a, 0xcb, 0x6a, 0xcb,
    0x69, 0xcb, 0x29, 0xbb, 0x29, 0xc3, 0x8a, 0xcb, 0x89, 0xc3, 0x8a, 0xcb,
    0x69, 0xc3, 0x49, 0xc3, 0x28, 0xbb, 0xe7, 0xb2, 0xe7, 0xb2, 0x08, 0xb3,
    0x08, 0xb3, 0xa7, 0xa2, 0x86, 0xa2, 0x87, 0xa2, 0xa7, 0xaa, 0x66, 0x9a,
    0xe8, 0xb2, 0xaa, 0xd3, 0xaa, 0xdb, 0xaa, 0xd3, 0xab, 0xd3, 0x8a, 0xd3,
    0x49, 0xc3, 0x69, 0xc3, 0x49, 0xc3, 0xe8, 0xb2, 0x87, 0xa2, 0xc4, 0x81,
    0x43, 0x61, 0x01, 0x59, 0xc1, 0x48, 0x20, 0x28, 0x00, 0x18, 0x40, 0x20,
    0x81, 0x30, 0x02, 0x51, 0xc5, 0x71, 0x46, 0x92, 0xc7, 0xaa, 0xe8, 0xb2,
    0xe8, 0xaa, 0xc7, 0xaa, 0x87, 0xa2, 0x66, 0x9a, 0x04, 0x8a, 0xc4, 0x79,
    0x63, 0x69, 0x63, 0x69, 0x63, 0x69, 0xe1, 0x50, 0x60, 0x38, 0x02, 0x49,
    0x08, 0xb3, 0x46, 0x92, 0x63, 0x69, 0x63, 0x69, 0x22, 0x61, 0x01, 0x51,
    0xe1, 0x48, 0xe1, 0x48, 0xe1, 0x48, 0xa0, 0x40, 0x81, 0x38, 0x60, 0x30,
    0x20, 0x20, 0x00, 0x10, 0x81, 0x30, 0x84, 0x69, 0x63, 0x69, 0x22, 0x59,
    0xc1, 0x40, 0x81, 0x30, 0x40, 0x20, 0xa1, 0x30, 0x02, 0x51, 0x61, 0x28,
    0x20, 0x20, 0x20, 0x10, 0x00, 0x00, 0x00, 0x00, 0x81, 0x30, 0xe2, 0x48,
    0xa1, 0x38, 0x20, 0x20, 0x00, 0x08, 0x00, 0x00, 0x00, 0x00, 0x00, 0x00,
    0x00, 0x08, 0x60, 0x28, 0xa1, 0x38, 0xc1, 0x40, 0x02, 0x51, 0x22, 0x51,
    0x21, 0x59, 0x42, 0x59, 0x62, 0x61, 0x62, 0x69, 0xa3, 0x71, 0x08, 0xab,
    0xe4, 0x81, 0xe1, 0x50, 0xe1, 0x48, 0x02, 0x49, 0xe1, 0x48, 0xa1, 0x40,
    0xc1, 0x48, 0xa1, 0x40, 0xa1, 0x40, 0xc1, 0x40, 0xe1, 0x48, 0xc1, 0x40,
    0xa0, 0x40, 0xc1, 0x40, 0xa1, 0x40, 0xe2, 0x48, 0xa1, 0x38, 0xa1, 0x40,
    0xa0, 0x38, 0xc1, 0x40, 0xa0, 0x38, 0xa1, 0x40, 0xa1, 0x40, 0x80, 0x38,
    0xa1, 0x38, 0xa1, 0x38, 0xc1, 0x40, 0xa1, 0x38, 0xa1, 0x38, 0xa0, 0x38,
    0xa1, 0x40, 0xa1, 0x38, 0xc1, 0x40, 0xc1, 0x40, 0xa1, 0x40, 0xc1, 0x40,
    0xa1, 0x40, 0xa1, 0x40, 0xa0, 0x38, 0xa0, 0x40, 0xe1, 0x48, 0xe1, 0x48,
    0xe1, 0x48, 0xe1, 0x48, 0xe1, 0x48, 0xe1, 0x48, 0x01, 0x51, 0xc1, 0x48,
    0x01, 0x51, 0xe1, 0x50, 0x01, 0x51, 0x22, 0x51, 0x22, 0x51, 0x22, 0x59,
    0x22, 0x59, 0x02, 0x59, 0x22, 0x59, 0x63, 0x61, 0x42, 0x61, 0x63, 0x69,
    0x84, 0x69, 0x83, 0x69, 0x84, 0x71, 0x83, 0x69, 0x63, 0x69, 0xa3, 0x71,
    0xc4, 0x71, 0xa4, 0x71, 0xa4, 0x71, 0xc4, 0x79, 0xa4, 0x79, 0xc4, 0x79,
    0xc4, 0x71, 0xe4, 0x79, 0x83, 0x71, 0xc4, 0x71, 0xc4, 0x79, 0xc4, 0x79,
    0xc4, 0x79, 0xe4, 0x79, 0xc4, 0x79, 0xc4, 0x79, 0xa4, 0x71, 0xe5, 0x79,
    0xa4, 0x71, 0xc4, 0x71, 0xc4, 0x79, 0xe4, 0x79, 0xa3, 0x71, 0xc4, 0x79,
    0xc4, 0x79, 0xc4, 0x79, 0xe5, 0x81, 0xe5, 0x81, 0x05, 0x82, 0xe4, 0x79,
    0xe4, 0x81, 0xe5, 0x79, 0x05, 0x82, 0xc4, 0x79, 0xe4, 0x79, 0xc4, 0x79,
    0xc4, 0x79, 0xe4, 0x79, 0xc4, 0x79, 0xe5, 0x79, 0xe4, 0x79, 0xc4, 0x79,
    0x61, 0x10, 0x60, 0x10, 0x81, 0x10, 0x61, 0x10, 0x81, 0x10, 0x61, 0x08,
    0x61, 0x10, 0x81, 0x10, 0x81, 0x10, 0x81, 0x10, 0xa2, 0x18, 0xa1, 0x18,
    0xa2, 0x18, 0xa2, 0x18, 0xa2, 0x18, 0xa1, 0x18, 0xa2, 0x20, 0x6a, 0xb3,
    0xcb, 0xd3, 0xeb, 0xdb, 0xeb, 0xdb, 0x0c, 0xdc, 0xcb, 0xdb, 0xcb, 0xdb,
    0xca, 0xdb, 0xaa, 0xd3, 0x8a, 0xd3, 0xeb, 0xdb, 0x69, 0xcb, 0xaa, 0xd3,
    0x49, 0xc3, 0x69, 0xc3, 0x28, 0xbb, 0x69, 0xc3, 0x8a, 0xcb, 0x6a, 0xcb,
    0x49, 0xc3, 0x49, 0xc3, 0x28, 0xbb, 0x08, 0xb3, 0xe8, 0xb2, 0xc7, 0xaa,
    0xc7, 0xaa, 0xa7, 0xa2, 0xa7, 0xaa, 0xc8, 0xaa, 0xe8, 0xb2, 0x49, 0xc3,
    0xaa, 0xdb, 0xaa, 0xdb, 0xcb, 0xdb, 0xcb, 0xdb, 0x6a, 0xcb, 0x49, 0xc3,
    0x28, 0xbb, 0xe7, 0xb2, 0xc7, 0xaa, 0x46, 0x9a, 0x83, 0x71, 0x22, 0x61,
    0x01, 0x59, 0xc1, 0x48, 0x20, 0x28, 0x20, 0x18, 0x61, 0x30, 0x02, 0x51,
    0xa3, 0x71, 0x25, 0x8a, 0xc8, 0xaa, 0x08, 0xb3, 0x08, 0xb3, 0xc8, 0xaa,
    0x86, 0x9a, 0x66, 0x9a, 0x04, 0x8a, 0x04, 0x82, 0x83, 0x71, 0x63, 0x69,
    0x42, 0x61, 0x63, 0x69, 0x02, 0x59, 0x81, 0x38, 0x02, 0x51, 0xe8, 0xaa,
    0x87, 0x9a, 0x83, 0x71, 0x63, 0x69, 0x42, 0x61, 0x22, 0x59, 0x01, 0x59,
    0x01, 0x51, 0xe1, 0x48, 0xe2, 0x50, 0xa1, 0x40, 0x40, 0x30, 0x00, 0x20,
    0x00, 0x20, 0xe2, 0x40, 0xe4, 0x79, 0x83, 0x71, 0x42, 0x61, 0x02, 0x51,
    0xa1, 0x40, 0x80, 0x38, 0x61, 0x20, 0x84, 0x69, 0xe2, 0x48, 0x61, 0x30,
    0x40, 0x28, 0x00, 0x08, 0x00, 0x00, 0x21, 0x18, 0x02, 0x51, 0x22, 0x51,
    0xa1, 0x40, 0x41, 0x28, 0x00, 0x10, 0x00, 0x08, 0x20, 0x00, 0x00, 0x00,
    0x20, 0x10, 0xa1, 0x38, 0xa1, 0x38, 0x40, 0x28, 0x00, 0x08, 0x00, 0x00,
    0x20, 0x08, 0x40, 0x20, 0xa1, 0x38, 0xe1, 0x48, 0x21, 0x59, 0xa7, 0x9a,
    0x05, 0x8a, 0x02, 0x51, 0xe1, 0x48, 0xc1, 0x48, 0xe2, 0x48, 0xc1, 0x40,
    0xc1, 0x40, 0xa1, 0x40, 0xc1, 0x40, 0xc1, 0x48, 0xc1, 0x40, 0xc0, 0x40,
    0xe1, 0x48, 0xc1, 0x48, 0xa1, 0x40, 0xc1, 0x40, 0xc1, 0x40, 0xa1, 0x40,
    0xa0, 0x40, 0xa1, 0x40, 0xa1, 0x40, 0xa0, 0x38, 0xa1, 0x38, 0xa1, 0x38,
    0xa0, 0x38, 0x80, 0x38, 0xa0, 0x38, 0xc1, 0x40, 0xa1, 0x40, 0x80, 0x38,
    0xa1, 0x38, 0xa1, 0x38, 0xa1, 0x40, 0xc1, 0x40, 0xa0, 0x38, 0xa1, 0x38,
    0xc1, 0x40, 0xa1, 0x38, 0xa1, 0x38, 0xc1, 0x40, 0xa1, 0x40, 0xc1, 0x40,
    0xc1, 0x40, 0xe1, 0x48, 0xc1, 0x40, 0xc1, 0x48, 0xe1, 0x48, 0xc1, 0x40,
    0xe2, 0x48, 0x02, 0x51, 0xe1, 0x48, 0xe1, 0x48, 0x02, 0x51, 0x02, 0x51,
    0x01, 0x49, 0xe1, 0x50, 0x02, 0x51, 0x22, 0x51, 0x01, 0x51, 0x42, 0x59,
    0x02, 0x59, 0x62, 0x61, 0x63, 0x69, 0x63, 0x61, 0x83, 0x69, 0x63, 0x69,
    0xa4, 0x71, 0x83, 0x69, 0x83, 0x69, 0xc4, 0x71, 0xa3, 0x71, 0xa3, 0x71,
    0xa4, 0x71, 0xc4, 0x79, 0xa3, 0x71, 0x83, 0x69, 0xa4, 0x71, 0xa3, 0x71,
    0xc4, 0x71, 0xa3, 0x71, 0xc5, 0x79, 0xc4, 0x79, 0xa3, 0x71, 0xa3, 0x71,
    0xa4, 0x71, 0xa4, 0x71, 0xc4, 0x79, 0xc4, 0x79, 0xc4, 0x79, 0xc4, 0x79,
    0xe4, 0x79, 0xc4, 0x79, 0xe5, 0x81, 0x25, 0x82, 0x25, 0x82, 0x05, 0x82,
    0xe4, 0x79, 0xc4, 0x79, 0xe4, 0x79, 0xe4, 0x81, 0xc4, 0x79, 0x05, 0x82,
    0xe5, 0x79, 0xc4, 0x79, 0xc4, 0x79, 0xe5, 0x81, 0xc4, 0x71, 0xc4, 0x79,
    0x61, 0x10, 0x61, 0x10, 0x81, 0x10, 0x81, 0x10, 0x61, 0x10, 0x81, 0x10,
    0x61, 0x10, 0x81, 0x10, 0x81, 0x10, 0x81, 0x10, 0x81, 0x10, 0x81, 0x18,
    0xa2, 0x10, 0xa2, 0x10, 0xa1, 0x18, 0xa1, 0x18, 0xa1, 0x18, 0xe8, 0xa2,
    0xcb, 0xd3, 0x0c, 0xdc, 0xeb, 0xdb, 0x0c, 0xdc, 0xcb, 0xd3, 0xcb, 0xdb,
    0xca, 0xd3, 0x8a, 0xcb, 0xaa, 0xd3, 0x8a, 0xd3, 0xaa, 0xd3, 0x8a, 0xcb,
    0x8a, 0xcb, 0x49, 0xc3, 0x49, 0xc3, 0x8a, 0xcb, 0x49, 0xc3, 0x69, 0xcb,
    0x69, 0xc3, 0x29, 0xbb, 0xe8, 0xb2, 0xe8, 0xb2, 0xe7, 0xaa, 0xa7, 0xa2,
    0xc7, 0xaa, 0xc7, 0xaa, 0x08, 0xb3, 0x28, 0xbb, 0x89, 0xcb, 0xaa, 0xd3,
    0x8a, 0xd3, 0xca, 0xd3, 0xca, 0xd3, 0x49, 0xc3, 0xe7, 0xb2, 0x08, 0xb3,
    0xe8, 0xb2, 0x86, 0xa2, 0x25, 0x8a, 0x83, 0x71, 0x63, 0x69, 0x22, 0x61,
    0xe1, 0x48, 0x20, 0x20, 0x20, 0x20, 0xc1, 0x40, 0x63, 0x61, 0x05, 0x8a,
    0x87, 0xa2, 0xc7, 0xaa, 0xe8, 0xb2, 0xe8, 0xaa, 0x87, 0xa2, 0x86, 0x9a,
    0x05, 0x8a, 0xe4, 0x81, 0xa3, 0x71, 0x63, 0x69, 0x42, 0x61, 0x42, 0x61,
    0x63, 0x69, 0xc1, 0x50, 0x80, 0x38, 0x43, 0x59, 0xe8, 0xaa, 0xa7, 0xa2,
    0xc4, 0x79, 0x42, 0x69, 0x62, 0x69, 0x42, 0x61, 0x42, 0x61, 0x02, 0x51,
    0xe1, 0x50, 0xe1, 0x48, 0xa1, 0x40, 0x20, 0x28, 0x20, 0x20, 0x61, 0x30,
    0x42, 0x59, 0xc4, 0x79, 0xc4, 0x79, 0x42, 0x61, 0x01, 0x51, 0xc1, 0x48,
    0xc1, 0x40, 0x40, 0x28, 0x63, 0x61, 0x43, 0x61, 0xc1, 0x40, 0xa1, 0x38,
    0x40, 0x28, 0x00, 0x08, 0x00, 0x08, 0xc1, 0x40, 0x63, 0x61, 0x02, 0x51,
    0xa1, 0x40, 0x20, 0x20, 0x00, 0x10, 0x20, 0x10, 0x00, 0x08, 0x00, 0x00,
    0x20, 0x20, 0x02, 0x49, 0x02, 0x49, 0x40, 0x28, 0x00, 0x08, 0x00, 0x00,
    0x00, 0x00, 0x00, 0x08, 0x00, 0x08, 0x00, 0x10, 0x20, 0x18, 0x05, 0x7a,
    0x05, 0x82, 0xe1, 0x50, 0xc1, 0x48, 0xe1, 0x48, 0xc1, 0x48, 0xa1, 0x40,
    0xc1, 0x40, 0xc1, 0x40, 0xa0, 0x40, 0xe1, 0x48, 0xc1, 0x40, 0xe1, 0x48,
    0xe1, 0x48, 0xc1, 0x40, 0xc1, 0x40, 0xe1, 0x48, 0xc1, 0x40, 0xc1, 0x40,
    0xc1, 0x40, 0xc1, 0x40, 0xc1, 0x40, 0xc1, 0x40, 0xc1, 0x40, 0xc1, 0x40,
    0xa1, 0x40, 0x80, 0x38, 0xa1, 0x40, 0xc1, 0x40, 0xc1, 0x40, 0xa1, 0x40,
    0x80, 0x38, 0xa1, 0x38, 0x80, 0x38, 0xa1, 0x38, 0x81, 0x38, 0x80, 0x38,
    0xc1, 0x38, 0xa1, 0x38, 0xa1, 0x38, 0xa1, 0x40, 0xc1, 0x40, 0xa1, 0x38,
    0xa1, 0x38, 0xe1, 0x48, 0xc1, 0x40, 0xc1, 0x40, 0xc1, 0x40, 0xc1, 0x40,
    0xc1, 0x40, 0xc1, 0x40, 0xc1, 0x40, 0xc1, 0x40, 0xe2, 0x48, 0xc1, 0x48,
    0xe1, 0x48, 0x01, 0x49, 0x01, 0x49, 0xe1, 0x48, 0x01, 0x51, 0x02, 0x51,
    0x02, 0x51, 0x02, 0x51, 0x42, 0x59, 0x42, 0x59, 0x43, 0x61, 0x63, 0x61,
    0x63, 0x69, 0x63, 0x69, 0x83, 0x69, 0x63, 0x69, 0x83, 0x69, 0x63, 0x69,
    0xc4, 0x71, 0xa4, 0x71, 0x83, 0x71, 0x83, 0x69, 0xa4, 0x71, 0x83, 0x71,
    0xc4, 0x79, 0xa4, 0x71, 0xa4, 0x71, 0xc4, 0x79, 0xa4, 0x71, 0xa4, 0x71,
    0xc4, 0x79, 0xa3, 0x71, 0xc4, 0x79, 0xa4, 0x71, 0xc4, 0x71, 0xc4, 0x79,
    0xe4, 0x79, 0xe4, 0x79, 0xe5, 0x79, 0x05, 0x82, 0x05, 0x82, 0x05, 0x82,
    0xc4, 0x79, 0xc4, 0x79, 0x05, 0x82, 0xc4, 0x79, 0xe4, 0x79, 0xe4, 0x79,
    0xe4, 0x81, 0xc4, 0x79, 0xe5, 0x79, 0xe4, 0x79, 0xc4, 0x71, 0xc4, 0x79,
    0x81, 0x10, 0x61, 0x08, 0x61, 0x10, 0x61, 0x10, 0x81, 0x10, 0x81, 0x10,
    0x81, 0x10, 0x81, 0x10, 0x81, 0x10, 0x81, 0x10, 0xa2, 0x10, 0x81, 0x10,
    0xa1, 0x18, 0xa2, 0x18, 0xa2, 0x18, 0xa2, 0x18, 0xa2, 0x18, 0x67, 0x82,
    0xcb, 0xd3, 0xeb, 0xdb, 0xcb, 0xd3, 0xcb, 0xdb, 0xeb, 0xdb, 0x0c, 0xdc,
    0xaa, 0xd3, 0xaa, 0xd3, 0xcb, 0xd3, 0x8a, 0xd3, 0x8a, 0xcb, 0x69, 0xcb,
    0x49, 0xc3, 0x69, 0xc3, 0x69, 0xc3, 0x49, 0xc3, 0x49, 0xc3, 0x8a, 0xcb,
    0x48, 0xbb, 0x08, 0xb3, 0x08, 0xbb, 0xc7, 0xaa, 0x08, 0xb3, 0xe7, 0xaa,
    0xa7, 0xaa, 0x08, 0xb3, 0x69, 0xc3, 0xca, 0xdb, 0xaa, 0xdb, 0xaa, 0xdb,
    0xcb, 0xdb, 0x69, 0xcb, 0x08, 0xbb, 0x87, 0xa2, 0x86, 0xa2, 0xa7, 0xa2,
    0x86, 0x9a, 0x05, 0x8a, 0x83, 0x71, 0x43, 0x61, 0x22, 0x61, 0xe1, 0x48,
    0x20, 0x28, 0x20, 0x20, 0x02, 0x51, 0xc4, 0x79, 0x66, 0x9a, 0xa7, 0xaa,
    0xe8, 0xaa, 0xe8, 0xaa, 0x08, 0xb3, 0x66, 0x9a, 0x45, 0x92, 0xc4, 0x79,
    0xa4, 0x71, 0x63, 0x69, 0x63, 0x69, 0x63, 0x69, 0x22, 0x61, 0x42, 0x61,
    0xc1, 0x48, 0x80, 0x38, 0x63, 0x61, 0xc7, 0xaa, 0xc7, 0xaa, 0xe4, 0x81,
    0x63, 0x71, 0x63, 0x69, 0x42, 0x69, 0x43, 0x61, 0x43, 0x61, 0x02, 0x59,
    0xc1, 0x48, 0xa1, 0x40, 0x40, 0x30, 0x40, 0x28, 0xc1, 0x40, 0x83, 0x69,
    0xa3, 0x79, 0xa4, 0x79, 0x63, 0x69, 0x02, 0x59, 0x01, 0x51, 0xe1, 0x50,
    0x81, 0x38, 0x22, 0x51, 0xa4, 0x71, 0x02, 0x51, 0xe1, 0x48, 0xa1, 0x40,
    0x20, 0x20, 0x00, 0x08, 0x81, 0x28, 0x43, 0x59, 0x63, 0x69, 0x22, 0x59,
    0xa1, 0x38, 0x40, 0x28, 0x41, 0x20, 0x20, 0x18, 0x20, 0x18, 0x00, 0x08,
    0x61, 0x30, 0x23, 0x51, 0xe2, 0x48, 0x20, 0x20, 0x00, 0x08, 0x00, 0x08,
    0x00, 0x00, 0x00, 0x08, 0x20, 0x10, 0x00, 0x10, 0x00, 0x18, 0x83, 0x69,
    0xe4, 0x81, 0xe1, 0x50, 0xe1, 0x48, 0xe1, 0x48, 0xa1, 0x40, 0xa1, 0x38,
    0xa0, 0x40, 0xa0, 0x38, 0xc1, 0x40, 0xc1, 0x40, 0xc1, 0x40, 0xc1, 0x48,
    0xe1, 0x48, 0xc1, 0x40, 0xc1, 0x40, 0xc0, 0x40, 0xc1, 0x40, 0xe1, 0x48,
    0xc1, 0x40, 0xc1, 0x40, 0xc1, 0x48, 0xc1, 0x40, 0xc1, 0x48, 0xe1, 0x48,
    0xc1, 0x40, 0xc1, 0x40, 0xc1, 0x40, 0xc1, 0x40, 0xc1, 0x40, 0xc1, 0x40,
    0xa1, 0x38, 0xc1, 0x40, 0xa1, 0x40, 0xa1, 0x40, 0xa1, 0x38, 0x80, 0x38,
    0xa1, 0x40, 0xa0, 0x40, 0xa1, 0x38, 0xa0, 0x38, 0xa1, 0x40, 0xa1, 0x38,
    0xa1, 0x40, 0xa0, 0x38, 0xa1, 0x40, 0xc1, 0x40, 0xc1, 0x40, 0xc1, 0x40,
    0xa1, 0x40, 0xc1, 0x40, 0xe1, 0x48, 0xc1, 0x40, 0xe1, 0x48, 0xe1, 0x48,
    0xc1, 0x40, 0xc1, 0x40, 0xe1, 0x48, 0xe1, 0x48, 0xe1, 0x48, 0xc1, 0x48,
    0xe1, 0x48, 0xe1, 0x48, 0x02, 0x51, 0x02, 0x51, 0x22, 0x59, 0x22, 0x59,
    0x43, 0x61, 0x42, 0x61, 0x42, 0x61, 0x63, 0x61, 0x63, 0x69, 0x83, 0x69,
    0x83, 0x69, 0x83, 0x69, 0x83, 0x69, 0x83, 0x69, 0x84, 0x69, 0xa3, 0x71,
    0xa4, 0x71, 0x83, 0x69, 0xa4, 0x71, 0xa4, 0x71, 0xa4, 0x71, 0xa3, 0x71,
    0xe4, 0x79, 0xc4, 0x79, 0xa3, 0x71, 0xa3, 0x71, 0xa4, 0x71, 0xc4, 0x71,
    0xc4, 0x79, 0xc4, 0x71, 0xe5, 0x79, 0xe4, 0x79, 0x05, 0x8a, 0xe5, 0x81,
    0xe4, 0x79, 0xe5, 0x81, 0xe4, 0x79, 0xe5, 0x81, 0xe5, 0x81, 0xe4, 0x79,
    0xe4, 0x79, 0xe4, 0x79, 0xc4, 0x71, 0xc4, 0x79, 0xc4, 0x79, 0xe5, 0x79,
    0x61, 0x10, 0x61, 0x10, 0x61, 0x08, 0x81, 0x10, 0x61, 0x10, 0x81, 0x10,
    0x61, 0x10, 0x81, 0x10, 0x81, 0x10, 0x81, 0x18, 0x81, 0x10, 0x82, 0x10,
    0xa1, 0x18, 0xa2, 0x18, 0xa1, 0x18, 0xa1, 0x18, 0xa1, 0x18, 0x84, 0x51,
    0xaa, 0xcb, 0xeb, 0xdb, 0xeb, 0xd3, 0xcb, 0xd3, 0xeb, 0xdb, 0xeb, 0xdb,
    0xaa, 0xd3, 0xaa, 0xd3, 0xaa, 0xd3, 0x8a, 0xcb, 0x69, 0xcb, 0x8a, 0xcb,
    0x6a, 0xcb, 0x69, 0xcb, 0x28, 0xc3, 0x29, 0xbb, 0x8a, 0xc3, 0x48, 0xc3,
    0x08, 0xbb, 0x08, 0xbb, 0x08, 0xb3, 0x29, 0xbb, 0x28, 0xbb, 0x08, 0xb3,
    0x28, 0xbb, 0x6a, 0xcb, 0xaa, 0xd3, 0xcb, 0xdb, 0xcb, 0xdb, 0xaa, 0xd3,
    0x28, 0xc3, 0xa7, 0xaa, 0x46, 0x92, 0x25, 0x8a, 0x86, 0xa2, 0x45, 0x92,
    0x04, 0x8a, 0x63, 0x69, 0x42, 0x61, 0x22, 0x61, 0xe1, 0x50, 0x40, 0x28,
    0x40, 0x28, 0x43, 0x61, 0x25, 0x8a, 0xa7, 0xa2, 0xc7, 0xaa, 0xe8, 0xaa,
    0xc8, 0xaa, 0xc8, 0xaa, 0x66, 0x92, 0x04, 0x8a, 0xa3, 0x79, 0x63, 0x69,
    0x63, 0x69, 0x22, 0x61, 0x83, 0x69, 0x63, 0x69, 0x01, 0x59, 0xc1, 0x48,
    0x81, 0x38, 0x83, 0x69, 0xa7, 0xa2, 0xc7, 0xaa, 0xe4, 0x81, 0xa4, 0x71,
    0x63, 0x69, 0x62, 0x69, 0x42, 0x61, 0x42, 0x61, 0x02, 0x59, 0xc1, 0x48,
    0x60, 0x38, 0x40, 0x30, 0x81, 0x38, 0x22, 0x59, 0x83, 0x69, 0xc4, 0x79,
    0x83, 0x71, 0x63, 0x69, 0x42, 0x61, 0x02, 0x59, 0x01, 0x51, 0xc1, 0x40,
    0x81, 0x30, 0xa4, 0x69, 0x63, 0x69, 0x02, 0x51, 0xe1, 0x48, 0xa1, 0x40,
    0x20, 0x18, 0x40, 0x20, 0x02, 0x51, 0x83, 0x69, 0x43, 0x61, 0x02, 0x51,
    0xc1, 0x40, 0x80, 0x38, 0x81, 0x38, 0x61, 0x30, 0x20, 0x18, 0x00, 0x10,
    0xa1, 0x40, 0x43, 0x61, 0xe2, 0x48, 0x40, 0x28, 0x20, 0x10, 0x20, 0x10,
    0x00, 0x08, 0x00, 0x10, 0x21, 0x18, 0x40, 0x20, 0x40, 0x28, 0xa1, 0x38,
    0x83, 0x69, 0x02, 0x51, 0xc1, 0x48, 0xa1, 0x38, 0x81, 0x38, 0xa1, 0x38,
    0x80, 0x38, 0x80, 0x38, 0xa1, 0x40, 0xc1, 0x40, 0xa1, 0x40, 0xc1, 0x40,
    0xc1, 0x40, 0xc1, 0x40, 0xc1, 0x40, 0xc1, 0x40, 0xc1, 0x48, 0xc1, 0x48,
    0xc1, 0x40, 0xe1, 0x48, 0xe1, 0x48, 0xc1, 0x48, 0xe1, 0x48, 0xc1, 0x40,
    0xc1, 0x40, 0xc1, 0x48, 0xc1, 0x40, 0xc1, 0x40, 0xc1, 0x40, 0xc1, 0x48,
    0xc1, 0x40, 0xc1, 0x40, 0xe1, 0x48, 0xc1, 0x40, 0xc1, 0x40, 0xc1, 0x40,
    0xc1, 0x40, 0xc1, 0x40, 0xa1, 0x40, 0xc1, 0x40, 0xc1, 0x40, 0xa0, 0x40,
    0xc0, 0x40, 0xa1, 0x40, 0xc0, 0x40, 0xc1, 0x40, 0xa0, 0x40, 0xc1, 0x40,
    0xc1, 0x40, 0xc1, 0x40, 0xa1, 0x40, 0xc1, 0x40, 0xe1, 0x40, 0xe1, 0x48,
    0xc1, 0x48, 0xc1, 0x40, 0xe1, 0x48, 0xc1, 0x48, 0xe2, 0x48, 0xc1, 0x48,
    0xc1, 0x48, 0x01, 0x49, 0xe1, 0x48, 0xe1, 0x48, 0x01, 0x49, 0x02, 0x51,
    0x22, 0x51, 0x22, 0x59, 0x42, 0x59, 0x22, 0x59, 0x42, 0x59, 0x62, 0x61,
    0x63, 0x61, 0x63, 0x69, 0x63, 0x61, 0x63, 0x61, 0x63, 0x69, 0x83, 0x69,
    0x83, 0x69, 0x83, 0x69, 0x83, 0x69, 0xa4, 0x71, 0x83, 0x69, 0xa3, 0x71,
    0xc4, 0x71, 0x83, 0x69, 0xa3, 0x71, 0xc4, 0x79, 0xa4, 0x71, 0xa4, 0x71,
    0xa4, 0x71, 0xc4, 0x79, 0xe4, 0x79, 0xe5, 0x81, 0xe4, 0x79, 0xe5, 0x81,
    0xe4, 0x79, 0xe5, 0x81, 0xe4, 0x79, 0xc4, 0x79, 0xe5, 0x79, 0xc4, 0x79,
    0xe5, 0x79, 0xc4, 0x79, 0xc4, 0x79, 0xc4, 0x71, 0xa4, 0x71, 0xe5, 0x79
};
